ISO-10303-21;
HEADER;
FILE_DESCRIPTION(('FreeCAD Model'),'2;1');
FILE_NAME('Open CASCADE Shape Model','2026-05-18T18:01:29',(''),(''),
  'Open CASCADE STEP processor 7.8','FreeCAD','Unknown');
FILE_SCHEMA(('AUTOMOTIVE_DESIGN { 1 0 10303 214 1 1 1 1 }'));
ENDSEC;
DATA;
#1 = APPLICATION_PROTOCOL_DEFINITION('international standard',
  'automotive_design',2000,#2);
#2 = APPLICATION_CONTEXT(
  'core data for automotive mechanical design processes');
#3 = SHAPE_DEFINITION_REPRESENTATION(#4,#10);
#4 = PRODUCT_DEFINITION_SHAPE('','',#5);
#5 = PRODUCT_DEFINITION('design','',#6,#9);
#6 = PRODUCT_DEFINITION_FORMATION('','',#7);
#7 = PRODUCT('OmniWheel','OmniWheel','',(#8));
#8 = PRODUCT_CONTEXT('',#2,'mechanical');
#9 = PRODUCT_DEFINITION_CONTEXT('part definition',#2,'design');
#10 = SHAPE_REPRESENTATION('',(#11,#15,#19,#23,#27,#31,#35,#39,#43,#47,
    #51,#55,#59,#63,#67,#71,#75,#79,#83,#87,#91,#95,#99,#103,#107,#111,
    #115,#119),#123);
#11 = AXIS2_PLACEMENT_3D('',#12,#13,#14);
#12 = CARTESIAN_POINT('',(0.,0.,0.));
#13 = DIRECTION('',(0.,0.,1.));
#14 = DIRECTION('',(1.,0.,-0.));
#15 = AXIS2_PLACEMENT_3D('',#16,#17,#18);
#16 = CARTESIAN_POINT('',(0.,0.,0.));
#17 = DIRECTION('',(0.,0.,1.));
#18 = DIRECTION('',(1.,0.,0.));
#19 = AXIS2_PLACEMENT_3D('',#20,#21,#22);
#20 = CARTESIAN_POINT('',(0.,0.,0.));
#21 = DIRECTION('',(0.,-1.224646799147E-16,-1.));
#22 = DIRECTION('',(1.,0.,0.));
#23 = AXIS2_PLACEMENT_3D('',#24,#25,#26);
#24 = CARTESIAN_POINT('',(-24.50854796083,-1.35,-9.E-16));
#25 = DIRECTION('',(0.,0.,1.));
#26 = DIRECTION('',(-1.,1.224646799147E-16,0.));
#27 = AXIS2_PLACEMENT_3D('',#28,#29,#30);
#28 = CARTESIAN_POINT('',(-23.32403372932,-7.647278845563,-3.E-16));
#29 = DIRECTION('',(-7.764571353076E-17,5.897777478867E-16,1.));
#30 = DIRECTION('',(-0.965925826289,-0.258819045103,7.764571353076E-17)
  );
#31 = AXIS2_PLACEMENT_3D('',#32,#33,#34);
#32 = CARTESIAN_POINT('',(-20.55002514395,-13.42340827552,-2.E-16));
#33 = DIRECTION('',(-1.5E-16,5.598076211353E-16,1.));
#34 = DIRECTION('',(-0.866025403784,-0.5,1.5E-16));
#35 = AXIS2_PLACEMENT_3D('',#36,#37,#38);
#36 = CARTESIAN_POINT('',(-16.37556630554,-18.28475461474,-1.E-16));
#37 = DIRECTION('',(-2.12132034356E-16,5.12132034356E-16,1.));
#38 = DIRECTION('',(-0.707106781187,-0.707106781187,2.12132034356E-16));
#39 = AXIS2_PLACEMENT_3D('',#40,#41,#42);
#40 = CARTESIAN_POINT('',(-11.0851396853,-21.90002514395,2.E-16));
#41 = DIRECTION('',(-2.598076211353E-16,4.5E-16,1.));
#42 = DIRECTION('',(-0.5,-0.866025403784,2.598076211353E-16));
#43 = AXIS2_PLACEMENT_3D('',#44,#45,#46);
#44 = CARTESIAN_POINT('',(-5.039279114582,-24.0228451511,-3.E-16));
#45 = DIRECTION('',(-5.708308787886E-16,-3.801393886622E-17,1.));
#46 = DIRECTION('',(-0.258819045103,-0.965925826289,-1.844605482729E-16)
  );
#47 = AXIS2_PLACEMENT_3D('',#48,#49,#50);
#48 = CARTESIAN_POINT('',(1.35,-24.50854796083,1.E-16));
#49 = DIRECTION('',(-6.E-16,1.33226762955E-31,1.));
#50 = DIRECTION('',(-2.22044604925E-16,-1.,0.));
#51 = AXIS2_PLACEMENT_3D('',#52,#53,#54);
#52 = CARTESIAN_POINT('',(7.647278845563,-23.32403372932,-2.E-16));
#53 = DIRECTION('',(-0.,0.,1.));
#54 = DIRECTION('',(0.258819045103,-0.965925826289,0.));
#55 = AXIS2_PLACEMENT_3D('',#56,#57,#58);
#56 = CARTESIAN_POINT('',(13.423408275527,-20.55002514395,2.E-16));
#57 = DIRECTION('',(-2.5E-16,-4.330127018922E-16,1.));
#58 = DIRECTION('',(0.5,-0.866025403784,-2.5E-16));
#59 = AXIS2_PLACEMENT_3D('',#60,#61,#62);
#60 = CARTESIAN_POINT('',(18.284754614744,-16.37556630554,1.E-16));
#61 = DIRECTION('',(-0.,0.,1.));
#62 = DIRECTION('',(0.707106781187,-0.707106781187,0.));
#63 = AXIS2_PLACEMENT_3D('',#64,#65,#66);
#64 = CARTESIAN_POINT('',(21.900025143953,-11.0851396853,0.));
#65 = DIRECTION('',(-0.,0.,1.));
#66 = DIRECTION('',(0.866025403784,-0.5,0.));
#67 = AXIS2_PLACEMENT_3D('',#68,#69,#70);
#68 = CARTESIAN_POINT('',(24.022845151104,-5.039279114582,0.));
#69 = DIRECTION('',(-0.,0.,1.));
#70 = DIRECTION('',(0.965925826289,-0.258819045103,0.));
#71 = AXIS2_PLACEMENT_3D('',#72,#73,#74);
#72 = CARTESIAN_POINT('',(24.508547960835,1.35,-1.E-16));
#73 = DIRECTION('',(0.,0.,1.));
#74 = DIRECTION('',(1.,0.,0.));
#75 = AXIS2_PLACEMENT_3D('',#76,#77,#78);
#76 = CARTESIAN_POINT('',(23.324033729327,7.647278845563,-4.E-16));
#77 = DIRECTION('',(0.,-0.,1.));
#78 = DIRECTION('',(0.965925826289,0.258819045103,0.));
#79 = AXIS2_PLACEMENT_3D('',#80,#81,#82);
#80 = CARTESIAN_POINT('',(20.550025143953,13.423408275527,-4.E-16));
#81 = DIRECTION('',(0.,-0.,1.));
#82 = DIRECTION('',(0.866025403784,0.5,0.));
#83 = AXIS2_PLACEMENT_3D('',#84,#85,#86);
#84 = CARTESIAN_POINT('',(16.375566305541,18.284754614744,-8.E-16));
#85 = DIRECTION('',(0.,-0.,1.));
#86 = DIRECTION('',(0.707106781187,0.707106781187,0.));
#87 = AXIS2_PLACEMENT_3D('',#88,#89,#90);
#88 = CARTESIAN_POINT('',(11.085139685309,21.900025143953,-1.4E-15));
#89 = DIRECTION('',(0.,-0.,1.));
#90 = DIRECTION('',(0.5,0.866025403784,0.));
#91 = AXIS2_PLACEMENT_3D('',#92,#93,#94);
#92 = CARTESIAN_POINT('',(5.039279114582,24.022845151104,-1.2E-15));
#93 = DIRECTION('',(3.863703305156E-16,2.96472381959E-16,1.));
#94 = DIRECTION('',(0.258819045103,0.965925826289,-3.863703305156E-16));
#95 = AXIS2_PLACEMENT_3D('',#96,#97,#98);
#96 = CARTESIAN_POINT('',(-1.35,24.508547960835,-1.2E-15));
#97 = DIRECTION('',(3.E-16,3.E-16,1.));
#98 = DIRECTION('',(2.22044604925E-16,1.,-3.E-16));
#99 = AXIS2_PLACEMENT_3D('',#100,#101,#102);
#100 = CARTESIAN_POINT('',(-7.647278845563,23.324033729327,-1.1E-15));
#101 = DIRECTION('',(0.,0.,1.));
#102 = DIRECTION('',(-0.258819045103,0.965925826289,0.));
#103 = AXIS2_PLACEMENT_3D('',#104,#105,#106);
#104 = CARTESIAN_POINT('',(-13.42340827552,20.550025143953,-9.E-16));
#105 = DIRECTION('',(0.,0.,1.));
#106 = DIRECTION('',(-0.5,0.866025403784,0.));
#107 = AXIS2_PLACEMENT_3D('',#108,#109,#110);
#108 = CARTESIAN_POINT('',(-18.28475461474,16.375566305541,-1.E-15));
#109 = DIRECTION('',(0.,0.,1.));
#110 = DIRECTION('',(-0.707106781187,0.707106781187,0.));
#111 = AXIS2_PLACEMENT_3D('',#112,#113,#114);
#112 = CARTESIAN_POINT('',(-21.90002514395,11.085139685309,-1.E-15));
#113 = DIRECTION('',(1.5E-16,5.598076211353E-16,1.));
#114 = DIRECTION('',(-0.866025403784,0.5,-1.5E-16));
#115 = AXIS2_PLACEMENT_3D('',#116,#117,#118);
#116 = CARTESIAN_POINT('',(-24.0228451511,5.039279114582,-8.E-16));
#117 = DIRECTION('',(7.764571353076E-17,5.897777478867E-16,1.));
#118 = DIRECTION('',(-0.965925826289,0.258819045103,-7.764571353076E-17)
  );
#119 = AXIS2_PLACEMENT_3D('',#120,#121,#122);
#120 = CARTESIAN_POINT('',(0.,0.,3.5));
#121 = DIRECTION('',(0.,-0.,1.));
#122 = DIRECTION('',(0.707106781187,0.707106781187,0.));
#123 = ( GEOMETRIC_REPRESENTATION_CONTEXT(3) 
GLOBAL_UNCERTAINTY_ASSIGNED_CONTEXT((#127)) GLOBAL_UNIT_ASSIGNED_CONTEXT
((#124,#125,#126)) REPRESENTATION_CONTEXT('Context #1',
  '3D Context with UNIT and UNCERTAINTY') );
#124 = ( LENGTH_UNIT() NAMED_UNIT(*) SI_UNIT(.MILLI.,.METRE.) );
#125 = ( NAMED_UNIT(*) PLANE_ANGLE_UNIT() SI_UNIT($,.RADIAN.) );
#126 = ( NAMED_UNIT(*) SI_UNIT($,.STERADIAN.) SOLID_ANGLE_UNIT() );
#127 = UNCERTAINTY_MEASURE_WITH_UNIT(LENGTH_MEASURE(2.E-05),#124,
  'distance_accuracy_value','confusion accuracy');
#128 = PRODUCT_RELATED_PRODUCT_CATEGORY('part',$,(#7));
#129 = SHAPE_DEFINITION_REPRESENTATION(#130,#136);
#130 = PRODUCT_DEFINITION_SHAPE('','',#131);
#131 = PRODUCT_DEFINITION('design','',#132,#135);
#132 = PRODUCT_DEFINITION_FORMATION('','',#133);
#133 = PRODUCT('WheelBase','WheelBase','',(#134));
#134 = PRODUCT_CONTEXT('',#2,'mechanical');
#135 = PRODUCT_DEFINITION_CONTEXT('part definition',#2,'design');
#136 = SHAPE_REPRESENTATION('',(#11,#137),#141);
#137 = AXIS2_PLACEMENT_3D('',#138,#139,#140);
#138 = CARTESIAN_POINT('',(0.,0.,0.));
#139 = DIRECTION('',(0.,0.,1.));
#140 = DIRECTION('',(1.,0.,0.));
#141 = ( GEOMETRIC_REPRESENTATION_CONTEXT(3) 
GLOBAL_UNCERTAINTY_ASSIGNED_CONTEXT((#145)) GLOBAL_UNIT_ASSIGNED_CONTEXT
((#142,#143,#144)) REPRESENTATION_CONTEXT('Context #1',
  '3D Context with UNIT and UNCERTAINTY') );
#142 = ( LENGTH_UNIT() NAMED_UNIT(*) SI_UNIT(.MILLI.,.METRE.) );
#143 = ( NAMED_UNIT(*) PLANE_ANGLE_UNIT() SI_UNIT($,.RADIAN.) );
#144 = ( NAMED_UNIT(*) SI_UNIT($,.STERADIAN.) SOLID_ANGLE_UNIT() );
#145 = UNCERTAINTY_MEASURE_WITH_UNIT(LENGTH_MEASURE(2.E-05),#142,
  'distance_accuracy_value','confusion accuracy');
#146 = CONTEXT_DEPENDENT_SHAPE_REPRESENTATION(#147,#149);
#147 = ( REPRESENTATION_RELATIONSHIP('','',#136,#10) 
REPRESENTATION_RELATIONSHIP_WITH_TRANSFORMATION(#148) 
SHAPE_REPRESENTATION_RELATIONSHIP() );
#148 = ITEM_DEFINED_TRANSFORMATION('','',#11,#15);
#149 = PRODUCT_DEFINITION_SHAPE('Placement','Placement of an item',#150
  );
#150 = NEXT_ASSEMBLY_USAGE_OCCURRENCE('2','WheelBase001','',#5,#131,$);
#151 = PRODUCT_RELATED_PRODUCT_CATEGORY('part',$,(#133));
#152 = SHAPE_DEFINITION_REPRESENTATION(#153,#159);
#153 = PRODUCT_DEFINITION_SHAPE('','',#154);
#154 = PRODUCT_DEFINITION('design','',#155,#158);
#155 = PRODUCT_DEFINITION_FORMATION('','',#156);
#156 = PRODUCT('Body','Body','',(#157));
#157 = PRODUCT_CONTEXT('',#2,'mechanical');
#158 = PRODUCT_DEFINITION_CONTEXT('part definition',#2,'design');
#159 = ADVANCED_BREP_SHAPE_REPRESENTATION('',(#11,#160),#8525);
#160 = MANIFOLD_SOLID_BREP('',#161);
#161 = CLOSED_SHELL('',(#162,#204,#309,#334,#432,#450,#483,#1336,#1348,
    #2151,#2168,#2259,#2333,#2424,#2464,#2538,#2555,#2595,#2686,#2703,
    #2777,#2868,#2908,#2982,#2999,#3039,#3130,#3147,#3221,#3312,#3352,
    #3426,#3443,#3483,#3574,#3591,#3665,#3756,#3796,#3870,#3887,#3927,
    #4018,#4035,#4109,#4200,#4240,#4314,#4331,#4371,#4462,#4479,#4553,
    #4644,#4684,#4758,#4775,#4815,#4906,#4923,#4997,#5088,#5128,#5202,
    #5219,#5259,#5350,#5367,#5441,#5532,#5572,#5646,#5663,#5703,#5794,
    #5811,#5885,#5976,#6016,#6090,#6107,#6147,#6238,#6255,#6329,#6420,
    #6460,#6534,#6551,#6591,#6682,#6699,#6773,#6864,#6904,#6978,#6995,
    #7035,#7126,#7143,#7217,#7252,#7276,#7300,#7324,#7348,#7372,#7390,
    #7408,#7426,#7444,#7462,#7480,#7498,#7516,#7534,#7552,#7570,#7588,
    #7606,#7624,#7642,#7660,#7678,#7696,#7714,#7732,#7750,#7768,#7786,
    #7811,#7829,#7841,#7859,#7871,#7889,#7901,#7919,#7931,#7949,#7961,
    #7979,#7991,#8009,#8021,#8039,#8051,#8069,#8081,#8099,#8111,#8129,
    #8141,#8159,#8171,#8189,#8201,#8219,#8231,#8249,#8261,#8279,#8291,
    #8309,#8321,#8339,#8351,#8369,#8381,#8399,#8411,#8429,#8441,#8459,
    #8471,#8489,#8501));
#162 = ADVANCED_FACE('',(#163),#199,.T.);
#163 = FACE_BOUND('',#164,.F.);
#164 = EDGE_LOOP('',(#165,#175,#184,#192));
#165 = ORIENTED_EDGE('',*,*,#166,.F.);
#166 = EDGE_CURVE('',#167,#169,#171,.T.);
#167 = VERTEX_POINT('',#168);
#168 = CARTESIAN_POINT('',(26.705055701121,1.55,2.5));
#169 = VERTEX_POINT('',#170);
#170 = CARTESIAN_POINT('',(26.705055701121,1.55,0.));
#171 = LINE('',#172,#173);
#172 = CARTESIAN_POINT('',(26.705055701121,1.55,0.));
#173 = VECTOR('',#174,1.);
#174 = DIRECTION('',(-0.,-0.,-1.));
#175 = ORIENTED_EDGE('',*,*,#176,.T.);
#176 = EDGE_CURVE('',#167,#177,#179,.T.);
#177 = VERTEX_POINT('',#178);
#178 = CARTESIAN_POINT('',(26.19627251411,5.414591985226,2.5));
#179 = CIRCLE('',#180,26.75);
#180 = AXIS2_PLACEMENT_3D('',#181,#182,#183);
#181 = CARTESIAN_POINT('',(0.,0.,2.5));
#182 = DIRECTION('',(0.,0.,1.));
#183 = DIRECTION('',(1.,0.,0.));
#184 = ORIENTED_EDGE('',*,*,#185,.T.);
#185 = EDGE_CURVE('',#177,#186,#188,.T.);
#186 = VERTEX_POINT('',#187);
#187 = CARTESIAN_POINT('',(26.19627251411,5.414591985226,0.));
#188 = LINE('',#189,#190);
#189 = CARTESIAN_POINT('',(26.19627251411,5.414591985226,-5.E-17));
#190 = VECTOR('',#191,1.);
#191 = DIRECTION('',(-0.,-0.,-1.));
#192 = ORIENTED_EDGE('',*,*,#193,.F.);
#193 = EDGE_CURVE('',#169,#186,#194,.T.);
#194 = CIRCLE('',#195,26.75);
#195 = AXIS2_PLACEMENT_3D('',#196,#197,#198);
#196 = CARTESIAN_POINT('',(0.,0.,0.));
#197 = DIRECTION('',(0.,0.,1.));
#198 = DIRECTION('',(1.,0.,0.));
#199 = CYLINDRICAL_SURFACE('',#200,26.75);
#200 = AXIS2_PLACEMENT_3D('',#201,#202,#203);
#201 = CARTESIAN_POINT('',(0.,0.,0.));
#202 = DIRECTION('',(-0.,-0.,-1.));
#203 = DIRECTION('',(1.,0.,0.));
#204 = ADVANCED_FACE('',(#205),#304,.F.);
#205 = FACE_BOUND('',#206,.F.);
#206 = EDGE_LOOP('',(#207,#217,#225,#232,#233,#241,#298));
#207 = ORIENTED_EDGE('',*,*,#208,.F.);
#208 = EDGE_CURVE('',#209,#211,#213,.T.);
#209 = VERTEX_POINT('',#210);
#210 = CARTESIAN_POINT('',(21.008547960835,1.55,4.5));
#211 = VERTEX_POINT('',#212);
#212 = CARTESIAN_POINT('',(21.008547960835,1.55,0.));
#213 = LINE('',#214,#215);
#214 = CARTESIAN_POINT('',(21.008547960835,1.55,0.));
#215 = VECTOR('',#216,1.);
#216 = DIRECTION('',(-0.,-0.,-1.));
#217 = ORIENTED_EDGE('',*,*,#218,.T.);
#218 = EDGE_CURVE('',#209,#219,#221,.T.);
#219 = VERTEX_POINT('',#220);
#220 = CARTESIAN_POINT('',(24.701416963405,1.55,4.5));
#221 = LINE('',#222,#223);
#222 = CARTESIAN_POINT('',(10.504273980418,1.55,4.5));
#223 = VECTOR('',#224,1.);
#224 = DIRECTION('',(1.,0.,0.));
#225 = ORIENTED_EDGE('',*,*,#226,.F.);
#226 = EDGE_CURVE('',#167,#219,#227,.T.);
#227 = HYPERBOLA('',#228,1.55,1.55);
#228 = AXIS2_PLACEMENT_3D('',#229,#230,#231);
#229 = CARTESIAN_POINT('',(0.,1.55,29.25));
#230 = DIRECTION('',(0.,1.,0.));
#231 = DIRECTION('',(0.,0.,-1.));
#232 = ORIENTED_EDGE('',*,*,#166,.T.);
#233 = ORIENTED_EDGE('',*,*,#234,.T.);
#234 = EDGE_CURVE('',#169,#235,#237,.T.);
#235 = VERTEX_POINT('',#236);
#236 = CARTESIAN_POINT('',(25.052095720718,1.55,0.));
#237 = LINE('',#238,#239);
#238 = CARTESIAN_POINT('',(12.491773980418,1.55,0.));
#239 = VECTOR('',#240,1.);
#240 = DIRECTION('',(-1.,0.,0.));
#241 = ORIENTED_EDGE('',*,*,#242,.T.);
#242 = EDGE_CURVE('',#235,#243,#245,.T.);
#243 = VERTEX_POINT('',#244);
#244 = CARTESIAN_POINT('',(23.849685532518,1.55,0.));
#245 = B_SPLINE_CURVE_WITH_KNOTS('',6,(#246,#247,#248,#249,#250,#251,
    #252,#253,#254,#255,#256,#257,#258,#259,#260,#261,#262,#263,#264,
    #265,#266,#267,#268,#269,#270,#271,#272,#273,#274,#275,#276,#277,
    #278,#279,#280,#281,#282,#283,#284,#285,#286,#287,#288,#289,#290,
    #291,#292,#293,#294,#295,#296,#297),.UNSPECIFIED.,.F.,.F.,(7,5,5,5,5
    ,5,5,5,5,5,7),(0.,0.202545733258,0.268699382788,0.399449676041,
    0.531775068219,0.59635331143,0.786881485118,0.953369086217,
    0.976992982058,0.988017747482,1.),.UNSPECIFIED.);
#246 = CARTESIAN_POINT('',(25.052095720718,1.55,-3.3E-16));
#247 = CARTESIAN_POINT('',(25.052095720718,1.55,8.082487540027E-02));
#248 = CARTESIAN_POINT('',(25.039005217086,1.55,0.1616733207));
#249 = CARTESIAN_POINT('',(25.012811532024,1.55,0.239847188852));
#250 = CARTESIAN_POINT('',(24.974267686991,1.55,0.312742492187));
#251 = CARTESIAN_POINT('',(24.924744831772,1.55,0.378022754234));
#252 = CARTESIAN_POINT('',(24.847085949249,1.55,0.452070172418));
#253 = CARTESIAN_POINT('',(24.82700253054,1.55,0.469293030443));
#254 = CARTESIAN_POINT('',(24.80602245456,1.55,0.485444528964));
#255 = CARTESIAN_POINT('',(24.784217642756,1.55,0.500467427793));
#256 = CARTESIAN_POINT('',(24.761664753429,1.55,0.514311027897));
#257 = CARTESIAN_POINT('',(24.692552538932,1.55,0.551874428133));
#258 = CARTESIAN_POINT('',(24.644052547347,1.55,0.572039925721));
#259 = CARTESIAN_POINT('',(24.59357407336,1.55,0.587086627637));
#260 = CARTESIAN_POINT('',(24.541797733519,1.55,0.59678736477));
#261 = CARTESIAN_POINT('',(24.489432829903,1.55,0.601034169056));
#262 = CARTESIAN_POINT('',(24.384326443254,1.55,0.598638702932));
#263 = CARTESIAN_POINT('',(24.331582889859,1.55,0.591864515308));
#264 = CARTESIAN_POINT('',(24.279704837049,1.55,0.579537655526));
#265 = CARTESIAN_POINT('',(24.229421610526,1.55,0.561805006973));
#266 = CARTESIAN_POINT('',(24.181426452954,1.55,0.538936867382));
#267 = CARTESIAN_POINT('',(24.114354977664,1.55,0.497842383832));
#268 = CARTESIAN_POINT('',(24.09305260811,1.55,0.483233278421));
#269 = CARTESIAN_POINT('',(24.072518705024,1.55,0.467537698992));
#270 = CARTESIAN_POINT('',(24.052822171567,1.55,0.450806294373));
#271 = CARTESIAN_POINT('',(24.034027327334,1.55,0.433095438069));
#272 = CARTESIAN_POINT('',(23.963579148634,1.55,0.359507560475));
#273 = CARTESIAN_POINT('',(23.91931968285,1.55,0.296548788312));
#274 = CARTESIAN_POINT('',(23.884972877132,1.55,0.227199147206));
#275 = CARTESIAN_POINT('',(23.861623034729,1.55,0.153428989986));
#276 = CARTESIAN_POINT('',(23.849862361828,1.55,7.740913305522E-02));
#277 = CARTESIAN_POINT('',(23.849533995398,1.55,-6.505584763115E-02));
#278 = CARTESIAN_POINT('',(23.858226984362,1.55,-0.131520862846));
#279 = CARTESIAN_POINT('',(23.875773593933,1.55,-0.196526962274));
#280 = CARTESIAN_POINT('',(23.901838316106,1.55,-0.258618792309));
#281 = CARTESIAN_POINT('',(23.935789182739,1.55,-0.316443701968));
#282 = CARTESIAN_POINT('',(23.982511444092,1.55,-0.376267585998));
#283 = CARTESIAN_POINT('',(23.988457667793,1.55,-0.383592217532));
#284 = CARTESIAN_POINT('',(23.994541661735,1.55,-0.390804261637));
#285 = CARTESIAN_POINT('',(24.000760738667,1.55,-0.397900503175));
#286 = CARTESIAN_POINT('',(24.007112111759,1.55,-0.404877813224));
#287 = CARTESIAN_POINT('',(24.016617336935,1.55,-0.414932387266));
#288 = CARTESIAN_POINT('',(24.019669977923,1.55,-0.418105076339));
#289 = CARTESIAN_POINT('',(24.022750524914,1.55,-0.421250906801));
#290 = CARTESIAN_POINT('',(24.025858680803,1.55,-0.424369573533));
#291 = CARTESIAN_POINT('',(24.028994144035,1.55,-0.427460775795));
#292 = CARTESIAN_POINT('',(24.035593729268,1.55,-0.433853714711));
#293 = CARTESIAN_POINT('',(24.039063612362,1.55,-0.437151177156));
#294 = CARTESIAN_POINT('',(24.042564181573,1.55,-0.440414753279));
#295 = CARTESIAN_POINT('',(24.046094595152,1.55,-0.443643681738));
#296 = CARTESIAN_POINT('',(24.049655245914,1.55,-0.446838291132));
#297 = CARTESIAN_POINT('',(24.053247761242,1.55,-0.45));
#298 = ORIENTED_EDGE('',*,*,#299,.T.);
#299 = EDGE_CURVE('',#243,#211,#300,.T.);
#300 = LINE('',#301,#302);
#301 = CARTESIAN_POINT('',(12.491773980418,1.55,0.));
#302 = VECTOR('',#303,1.);
#303 = DIRECTION('',(-1.,0.,0.));
#304 = PLANE('',#305);
#305 = AXIS2_PLACEMENT_3D('',#306,#307,#308);
#306 = CARTESIAN_POINT('',(24.983547960835,1.55,0.));
#307 = DIRECTION('',(0.,1.,0.));
#308 = DIRECTION('',(0.,0.,1.));
#309 = ADVANCED_FACE('',(#310),#329,.F.);
#310 = FACE_BOUND('',#311,.F.);
#311 = EDGE_LOOP('',(#312,#313,#314,#322));
#312 = ORIENTED_EDGE('',*,*,#234,.F.);
#313 = ORIENTED_EDGE('',*,*,#193,.T.);
#314 = ORIENTED_EDGE('',*,*,#315,.F.);
#315 = EDGE_CURVE('',#316,#186,#318,.T.);
#316 = VERTEX_POINT('',#317);
#317 = CARTESIAN_POINT('',(24.599635779216,4.986774461505,-1.E-15));
#318 = LINE('',#319,#320);
#319 = CARTESIAN_POINT('',(12.46729662376,1.7359239825,0.));
#320 = VECTOR('',#321,1.);
#321 = DIRECTION('',(0.965925826289,0.258819045103,0.));
#322 = ORIENTED_EDGE('',*,*,#323,.F.);
#323 = EDGE_CURVE('',#235,#316,#324,.T.);
#324 = CIRCLE('',#325,25.1);
#325 = AXIS2_PLACEMENT_3D('',#326,#327,#328);
#326 = CARTESIAN_POINT('',(0.,0.,0.));
#327 = DIRECTION('',(-0.,2.2E-16,1.));
#328 = DIRECTION('',(1.,0.,0.));
#329 = PLANE('',#330);
#330 = AXIS2_PLACEMENT_3D('',#331,#332,#333);
#331 = CARTESIAN_POINT('',(-1.64E-15,2.18E-15,0.));
#332 = DIRECTION('',(0.,0.,1.));
#333 = DIRECTION('',(1.,0.,0.));
#334 = ADVANCED_FACE('',(#335),#427,.F.);
#335 = FACE_BOUND('',#336,.F.);
#336 = EDGE_LOOP('',(#337,#347,#355,#363,#418,#419,#420));
#337 = ORIENTED_EDGE('',*,*,#338,.F.);
#338 = EDGE_CURVE('',#339,#341,#343,.T.);
#339 = VERTEX_POINT('',#340);
#340 = CARTESIAN_POINT('',(20.693868568112,3.940227291466,4.5));
#341 = VERTEX_POINT('',#342);
#342 = CARTESIAN_POINT('',(24.260906110797,4.896012120401,4.5));
#343 = LINE('',#344,#345);
#344 = CARTESIAN_POINT('',(10.547519044011,1.221521130359,4.5));
#345 = VECTOR('',#346,1.);
#346 = DIRECTION('',(0.965925826289,0.258819045103,0.));
#347 = ORIENTED_EDGE('',*,*,#348,.F.);
#348 = EDGE_CURVE('',#349,#339,#351,.T.);
#349 = VERTEX_POINT('',#350);
#350 = CARTESIAN_POINT('',(20.693868568112,3.940227291466,0.));
#351 = LINE('',#352,#353);
#352 = CARTESIAN_POINT('',(20.693868568112,3.940227291466,0.));
#353 = VECTOR('',#354,1.);
#354 = DIRECTION('',(0.,0.,1.));
#355 = ORIENTED_EDGE('',*,*,#356,.T.);
#356 = EDGE_CURVE('',#349,#357,#359,.T.);
#357 = VERTEX_POINT('',#358);
#358 = CARTESIAN_POINT('',(23.438196724641,4.675567804774,0.));
#359 = LINE('',#360,#361);
#360 = CARTESIAN_POINT('',(12.46729662376,1.7359239825,0.));
#361 = VECTOR('',#362,1.);
#362 = DIRECTION('',(0.965925826289,0.258819045103,0.));
#363 = ORIENTED_EDGE('',*,*,#364,.F.);
#364 = EDGE_CURVE('',#316,#357,#365,.T.);
#365 = B_SPLINE_CURVE_WITH_KNOTS('',6,(#366,#367,#368,#369,#370,#371,
    #372,#373,#374,#375,#376,#377,#378,#379,#380,#381,#382,#383,#384,
    #385,#386,#387,#388,#389,#390,#391,#392,#393,#394,#395,#396,#397,
    #398,#399,#400,#401,#402,#403,#404,#405,#406,#407,#408,#409,#410,
    #411,#412,#413,#414,#415,#416,#417),.UNSPECIFIED.,.F.,.F.,(7,5,5,5,5
    ,5,5,5,5,5,7),(0.,0.202545733258,0.268699382789,0.399449676041,
    0.531775068219,0.59635331143,0.786881485118,0.95336908619,
    0.976992982031,0.988017747455,1.),.UNSPECIFIED.);
#366 = CARTESIAN_POINT('',(24.599635779216,4.986774461505,-1.12E-15));
#367 = CARTESIAN_POINT('',(24.599635779216,4.986774461505,
    8.08248754003E-02));
#368 = CARTESIAN_POINT('',(24.586991323679,4.983386389855,0.1616733207)
  );
#369 = CARTESIAN_POINT('',(24.561690166792,4.9766069653,0.239847188852)
  );
#370 = CARTESIAN_POINT('',(24.524459671431,4.966631084134,0.312742492187
    ));
#371 = CARTESIAN_POINT('',(24.476624266582,4.953813626035,0.378022754234
    ));
#372 = CARTESIAN_POINT('',(24.401611546312,4.933714028217,0.452070172418
    ));
#373 = CARTESIAN_POINT('',(24.382212453501,4.928516056964,0.469293030443
    ));
#374 = CARTESIAN_POINT('',(24.361947256275,4.923086013733,0.485444528964
    ));
#375 = CARTESIAN_POINT('',(24.340885425416,4.917442513163,0.500467427793
    ));
#376 = CARTESIAN_POINT('',(24.319101007158,4.911605395883,0.514311027897
    ));
#377 = CARTESIAN_POINT('',(24.252343734263,4.893717838522,0.551874428133
    ));
#378 = CARTESIAN_POINT('',(24.205496339816,4.881165117013,0.572039925721
    ));
#379 = CARTESIAN_POINT('',(24.156737878121,4.868100326577,0.587086627637
    ));
#380 = CARTESIAN_POINT('',(24.106725774277,4.854699623741,0.59678736477)
  );
#381 = CARTESIAN_POINT('',(24.056145161483,4.84114658939,0.601034169056)
  );
#382 = CARTESIAN_POINT('',(23.954620188111,4.813943054763,0.598638702932
    ));
#383 = CARTESIAN_POINT('',(23.903673827717,4.800292018638,0.591864515307
    ));
#384 = CARTESIAN_POINT('',(23.85356347669,4.786864990548,0.579537655526)
  );
#385 = CARTESIAN_POINT('',(23.804993609563,4.773850733875,0.561805006973
    ));
#386 = CARTESIAN_POINT('',(23.758633847327,4.761428673022,0.538936867382
    ));
#387 = CARTESIAN_POINT('',(23.693847777136,4.744069297834,0.497842383832
    ));
#388 = CARTESIAN_POINT('',(23.673271268224,4.738555838888,0.483233278421
    ));
#389 = CARTESIAN_POINT('',(23.653437040918,4.733241273699,0.467537698992
    ));
#390 = CARTESIAN_POINT('',(23.634411650563,4.728143435718,0.450806294373
    ));
#391 = CARTESIAN_POINT('',(23.616257225118,4.72327897208,0.433095438069)
  );
#392 = CARTESIAN_POINT('',(23.548209509897,4.70504564174,0.359507560475)
  );
#393 = CARTESIAN_POINT('',(23.505458148838,4.693590449069,0.296548788312
    ));
#394 = CARTESIAN_POINT('',(23.472281682145,4.684700841611,0.227199147206
    ));
#395 = CARTESIAN_POINT('',(23.449727466327,4.678657457697,0.153428989986
    ));
#396 = CARTESIAN_POINT('',(23.438367528638,4.675613571567,
    7.740913305517E-02));
#397 = CARTESIAN_POINT('',(23.438050351023,4.675528584081,
    -6.505584762056E-02));
#398 = CARTESIAN_POINT('',(23.446447133569,4.677778495183,
    -0.131520862825));
#399 = CARTESIAN_POINT('',(23.463395856911,4.682319891916,
    -0.196526962242));
#400 = CARTESIAN_POINT('',(23.488572445205,4.689065938417,-0.25861879227
    ));
#401 = CARTESIAN_POINT('',(23.521366464101,4.697853069297,
    -0.316443701922));
#402 = CARTESIAN_POINT('',(23.566496702991,4.709945680362,
    -0.376267585948));
#403 = CARTESIAN_POINT('',(23.572240314032,4.711484676302,
    -0.383592217483));
#404 = CARTESIAN_POINT('',(23.578117000907,4.713059329804,
    -0.390804261589));
#405 = CARTESIAN_POINT('',(23.584124167931,4.714668945357,
    -0.397900503127));
#406 = CARTESIAN_POINT('',(23.590259123232,4.716312801675,
    -0.404877813177));
#407 = CARTESIAN_POINT('',(23.599440465713,4.718772934979,
    -0.414932387219));
#408 = CARTESIAN_POINT('',(23.602389090482,4.719563016604,
    -0.418105076293));
#409 = CARTESIAN_POINT('',(23.60536467038,4.720360320835,-0.421250906756
    ));
#410 = CARTESIAN_POINT('',(23.608366918424,4.721164770774,
    -0.424369573488));
#411 = CARTESIAN_POINT('',(23.611395543337,4.721976288373,-0.42746077575
    ));
#412 = CARTESIAN_POINT('',(23.617770253163,4.723684386723,
    -0.433853714674));
#413 = CARTESIAN_POINT('',(23.621121902865,4.724582458554,
    -0.437151177127));
#414 = CARTESIAN_POINT('',(23.62450319308,4.725488472537,-0.440414753257
    ));
#415 = CARTESIAN_POINT('',(23.627913310741,4.72640221081,-0.443643681724
    ));
#416 = CARTESIAN_POINT('',(23.631352635278,4.727323775042,
    -0.446838291125));
#417 = CARTESIAN_POINT('',(23.634822738622,4.728253586431,-0.45));
#418 = ORIENTED_EDGE('',*,*,#315,.T.);
#419 = ORIENTED_EDGE('',*,*,#185,.F.);
#420 = ORIENTED_EDGE('',*,*,#421,.F.);
#421 = EDGE_CURVE('',#341,#177,#422,.T.);
#422 = HYPERBOLA('',#423,1.55,1.55);
#423 = AXIS2_PLACEMENT_3D('',#424,#425,#426);
#424 = CARTESIAN_POINT('',(0.401169519909,-1.497185030748,29.25));
#425 = DIRECTION('',(0.258819045103,-0.965925826289,-3.E-17));
#426 = DIRECTION('',(-9.594698371998E-18,2.848739373191E-17,-1.));
#427 = PLANE('',#428);
#428 = AXIS2_PLACEMENT_3D('',#429,#430,#431);
#429 = CARTESIAN_POINT('',(24.533423727611,4.969032995748,0.));
#430 = DIRECTION('',(0.258819045103,-0.965925826289,0.));
#431 = DIRECTION('',(0.,0.,-1.));
#432 = ADVANCED_FACE('',(#433),#445,.T.);
#433 = FACE_BOUND('',#434,.T.);
#434 = EDGE_LOOP('',(#435,#436,#437,#438));
#435 = ORIENTED_EDGE('',*,*,#226,.F.);
#436 = ORIENTED_EDGE('',*,*,#176,.T.);
#437 = ORIENTED_EDGE('',*,*,#421,.F.);
#438 = ORIENTED_EDGE('',*,*,#439,.F.);
#439 = EDGE_CURVE('',#219,#341,#440,.T.);
#440 = CIRCLE('',#441,24.75);
#441 = AXIS2_PLACEMENT_3D('',#442,#443,#444);
#442 = CARTESIAN_POINT('',(0.,0.,4.5));
#443 = DIRECTION('',(0.,0.,1.));
#444 = DIRECTION('',(1.,0.,0.));
#445 = CONICAL_SURFACE('',#446,26.75,0.785398163397);
#446 = AXIS2_PLACEMENT_3D('',#447,#448,#449);
#447 = CARTESIAN_POINT('',(0.,0.,2.5));
#448 = DIRECTION('',(-0.,-0.,-1.));
#449 = DIRECTION('',(1.,0.,0.));
#450 = ADVANCED_FACE('',(#451),#478,.F.);
#451 = FACE_BOUND('',#452,.T.);
#452 = EDGE_LOOP('',(#453,#462,#470,#477));
#453 = ORIENTED_EDGE('',*,*,#454,.F.);
#454 = EDGE_CURVE('',#455,#209,#457,.T.);
#455 = VERTEX_POINT('',#456);
#456 = CARTESIAN_POINT('',(21.008547960835,-1.55,4.5));
#457 = CIRCLE('',#458,1.55);
#458 = AXIS2_PLACEMENT_3D('',#459,#460,#461);
#459 = CARTESIAN_POINT('',(21.008547960835,0.,4.5));
#460 = DIRECTION('',(0.,0.,-1.));
#461 = DIRECTION('',(1.,0.,0.));
#462 = ORIENTED_EDGE('',*,*,#463,.F.);
#463 = EDGE_CURVE('',#464,#455,#466,.T.);
#464 = VERTEX_POINT('',#465);
#465 = CARTESIAN_POINT('',(21.008547960835,-1.55,0.));
#466 = LINE('',#467,#468);
#467 = CARTESIAN_POINT('',(21.008547960835,-1.55,0.));
#468 = VECTOR('',#469,1.);
#469 = DIRECTION('',(0.,0.,1.));
#470 = ORIENTED_EDGE('',*,*,#471,.T.);
#471 = EDGE_CURVE('',#464,#211,#472,.T.);
#472 = CIRCLE('',#473,1.55);
#473 = AXIS2_PLACEMENT_3D('',#474,#475,#476);
#474 = CARTESIAN_POINT('',(21.008547960835,0.,0.));
#475 = DIRECTION('',(0.,0.,-1.));
#476 = DIRECTION('',(1.,0.,0.));
#477 = ORIENTED_EDGE('',*,*,#208,.F.);
#478 = CYLINDRICAL_SURFACE('',#479,1.55);
#479 = AXIS2_PLACEMENT_3D('',#480,#481,#482);
#480 = CARTESIAN_POINT('',(21.008547960835,0.,0.));
#481 = DIRECTION('',(-0.,-0.,-1.));
#482 = DIRECTION('',(1.,0.,0.));
#483 = ADVANCED_FACE('',(#484,#1276,#1287,#1298,#1309,#1320),#1331,.F.);
#484 = FACE_BOUND('',#485,.F.);
#485 = EDGE_LOOP('',(#486,#487,#494,#495,#504,#512,#521,#529,#538,#546,
    #555,#563,#572,#580,#589,#597,#606,#614,#623,#631,#640,#648,#657,
    #665,#674,#682,#691,#699,#708,#716,#725,#733,#742,#750,#759,#767,
    #776,#784,#793,#801,#810,#818,#827,#835,#844,#852,#861,#869,#878,
    #886,#895,#903,#912,#920,#929,#937,#946,#954,#963,#971,#980,#988,
    #997,#1005,#1014,#1022,#1031,#1039,#1048,#1056,#1065,#1073,#1082,
    #1090,#1099,#1107,#1116,#1124,#1133,#1141,#1150,#1158,#1167,#1175,
    #1184,#1192,#1201,#1209,#1218,#1226,#1235,#1243,#1252,#1260,#1269,
    #1275));
#486 = ORIENTED_EDGE('',*,*,#299,.F.);
#487 = ORIENTED_EDGE('',*,*,#488,.T.);
#488 = EDGE_CURVE('',#243,#357,#489,.T.);
#489 = CIRCLE('',#490,23.9);
#490 = AXIS2_PLACEMENT_3D('',#491,#492,#493);
#491 = CARTESIAN_POINT('',(0.,0.,0.));
#492 = DIRECTION('',(-0.,2.2E-16,1.));
#493 = DIRECTION('',(1.,0.,0.));
#494 = ORIENTED_EDGE('',*,*,#356,.F.);
#495 = ORIENTED_EDGE('',*,*,#496,.T.);
#496 = EDGE_CURVE('',#349,#497,#499,.T.);
#497 = VERTEX_POINT('',#498);
#498 = CARTESIAN_POINT('',(19.891529528294,6.934597352962,0.));
#499 = CIRCLE('',#500,1.55);
#500 = AXIS2_PLACEMENT_3D('',#501,#502,#503);
#501 = CARTESIAN_POINT('',(20.292699048203,5.437412322214,0.));
#502 = DIRECTION('',(-3.E-17,2.E-17,-1.));
#503 = DIRECTION('',(0.965925826289,0.258819045103,-2.380139388662E-17)
  );
#504 = ORIENTED_EDGE('',*,*,#505,.F.);
#505 = EDGE_CURVE('',#506,#497,#508,.T.);
#506 = VERTEX_POINT('',#507);
#507 = CARTESIAN_POINT('',(22.635857684823,7.66993786627,0.));
#508 = LINE('',#509,#510);
#509 = CARTESIAN_POINT('',(11.664957583942,4.730294043996,0.));
#510 = VECTOR('',#511,1.);
#511 = DIRECTION('',(-0.965925826289,-0.258819045103,0.));
#512 = ORIENTED_EDGE('',*,*,#513,.T.);
#513 = EDGE_CURVE('',#506,#514,#516,.T.);
#514 = VERTEX_POINT('',#515);
#515 = CARTESIAN_POINT('',(21.429433543431,10.582503390393,0.));
#516 = CIRCLE('',#517,23.9);
#517 = AXIS2_PLACEMENT_3D('',#518,#519,#520);
#518 = CARTESIAN_POINT('',(0.,0.,0.));
#519 = DIRECTION('',(-0.,2.2E-16,1.));
#520 = DIRECTION('',(1.,0.,0.));
#521 = ORIENTED_EDGE('',*,*,#522,.F.);
#522 = EDGE_CURVE('',#523,#514,#525,.T.);
#523 = VERTEX_POINT('',#524);
#524 = CARTESIAN_POINT('',(18.968936230707,9.161934604552,0.));
#525 = LINE('',#526,#527);
#526 = CARTESIAN_POINT('',(11.593193605375,4.903547614343,0.));
#527 = VECTOR('',#528,1.);
#528 = DIRECTION('',(0.866025403784,0.5,0.));
#529 = ORIENTED_EDGE('',*,*,#530,.T.);
#530 = EDGE_CURVE('',#523,#531,#533,.T.);
#531 = VERTEX_POINT('',#532);
#532 = CARTESIAN_POINT('',(17.418936230707,11.846613356284,0.));
#533 = CIRCLE('',#534,1.55);
#534 = AXIS2_PLACEMENT_3D('',#535,#536,#537);
#535 = CARTESIAN_POINT('',(18.193936230707,10.504273980418,0.));
#536 = DIRECTION('',(-7.E-17,4.E-17,-1.));
#537 = DIRECTION('',(0.866025403784,0.5,-4.062177826491E-17));
#538 = ORIENTED_EDGE('',*,*,#539,.F.);
#539 = EDGE_CURVE('',#540,#531,#542,.T.);
#540 = VERTEX_POINT('',#541);
#541 = CARTESIAN_POINT('',(19.879433543431,13.267182142125,0.));
#542 = LINE('',#543,#544);
#543 = CARTESIAN_POINT('',(10.043193605375,7.588226366075,0.));
#544 = VECTOR('',#545,1.);
#545 = DIRECTION('',(-0.866025403784,-0.5,0.));
#546 = ORIENTED_EDGE('',*,*,#547,.T.);
#547 = EDGE_CURVE('',#540,#548,#550,.T.);
#548 = VERTEX_POINT('',#549);
#549 = CARTESIAN_POINT('',(17.960289880049,15.768258858371,0.));
#550 = CIRCLE('',#551,23.9);
#551 = AXIS2_PLACEMENT_3D('',#552,#553,#554);
#552 = CARTESIAN_POINT('',(0.,0.,0.));
#553 = DIRECTION('',(-0.,2.2E-16,1.));
#554 = DIRECTION('',(1.,0.,0.));
#555 = ORIENTED_EDGE('',*,*,#556,.F.);
#556 = EDGE_CURVE('',#557,#548,#559,.T.);
#557 = VERTEX_POINT('',#558);
#558 = CARTESIAN_POINT('',(15.951302236829,13.75927121515,0.));
#559 = LINE('',#560,#561);
#560 = CARTESIAN_POINT('',(9.929033601442,7.737002579764,0.));
#561 = VECTOR('',#562,1.);
#562 = DIRECTION('',(0.707106781187,0.707106781187,0.));
#563 = ORIENTED_EDGE('',*,*,#564,.T.);
#564 = EDGE_CURVE('',#557,#565,#567,.T.);
#565 = VERTEX_POINT('',#566);
#566 = CARTESIAN_POINT('',(13.75927121515,15.951302236829,0.));
#567 = CIRCLE('',#568,1.55);
#568 = AXIS2_PLACEMENT_3D('',#569,#570,#571);
#569 = CARTESIAN_POINT('',(14.855286725989,14.855286725989,0.));
#570 = DIRECTION('',(-1.1E-16,5.E-17,-1.));
#571 = DIRECTION('',(0.707106781187,0.707106781187,-4.242640687119E-17)
  );
#572 = ORIENTED_EDGE('',*,*,#573,.F.);
#573 = EDGE_CURVE('',#574,#565,#576,.T.);
#574 = VERTEX_POINT('',#575);
#575 = CARTESIAN_POINT('',(15.768258858371,17.960289880049,0.));
#576 = LINE('',#577,#578);
#577 = CARTESIAN_POINT('',(7.737002579764,9.929033601442,0.));
#578 = VECTOR('',#579,1.);
#579 = DIRECTION('',(-0.707106781187,-0.707106781187,0.));
#580 = ORIENTED_EDGE('',*,*,#581,.T.);
#581 = EDGE_CURVE('',#574,#582,#584,.T.);
#582 = VERTEX_POINT('',#583);
#583 = CARTESIAN_POINT('',(13.267182142125,19.879433543431,0.));
#584 = CIRCLE('',#585,23.9);
#585 = AXIS2_PLACEMENT_3D('',#586,#587,#588);
#586 = CARTESIAN_POINT('',(0.,0.,0.));
#587 = DIRECTION('',(-0.,2.2E-16,1.));
#588 = DIRECTION('',(1.,0.,0.));
#589 = ORIENTED_EDGE('',*,*,#590,.F.);
#590 = EDGE_CURVE('',#591,#582,#593,.T.);
#591 = VERTEX_POINT('',#592);
#592 = CARTESIAN_POINT('',(11.846613356284,17.418936230707,0.));
#593 = LINE('',#594,#595);
#594 = CARTESIAN_POINT('',(7.588226366075,10.043193605375,0.));
#595 = VECTOR('',#596,1.);
#596 = DIRECTION('',(0.5,0.866025403784,0.));
#597 = ORIENTED_EDGE('',*,*,#598,.T.);
#598 = EDGE_CURVE('',#591,#599,#601,.T.);
#599 = VERTEX_POINT('',#600);
#600 = CARTESIAN_POINT('',(9.161934604552,18.968936230707,0.));
#601 = CIRCLE('',#602,1.55);
#602 = AXIS2_PLACEMENT_3D('',#603,#604,#605);
#603 = CARTESIAN_POINT('',(10.504273980418,18.193936230707,0.));
#604 = DIRECTION('',(-1.5E-16,4.E-17,-1.));
#605 = DIRECTION('',(0.5,0.866025403784,-4.035898384862E-17));
#606 = ORIENTED_EDGE('',*,*,#607,.F.);
#607 = EDGE_CURVE('',#608,#599,#610,.T.);
#608 = VERTEX_POINT('',#609);
#609 = CARTESIAN_POINT('',(10.582503390393,21.429433543431,0.));
#610 = LINE('',#611,#612);
#611 = CARTESIAN_POINT('',(4.903547614343,11.593193605375,0.));
#612 = VECTOR('',#613,1.);
#613 = DIRECTION('',(-0.5,-0.866025403784,0.));
#614 = ORIENTED_EDGE('',*,*,#615,.T.);
#615 = EDGE_CURVE('',#608,#616,#618,.T.);
#616 = VERTEX_POINT('',#617);
#617 = CARTESIAN_POINT('',(7.66993786627,22.635857684823,0.));
#618 = CIRCLE('',#619,23.9);
#619 = AXIS2_PLACEMENT_3D('',#620,#621,#622);
#620 = CARTESIAN_POINT('',(0.,0.,0.));
#621 = DIRECTION('',(-0.,2.2E-16,1.));
#622 = DIRECTION('',(1.,0.,0.));
#623 = ORIENTED_EDGE('',*,*,#624,.F.);
#624 = EDGE_CURVE('',#625,#616,#627,.T.);
#625 = VERTEX_POINT('',#626);
#626 = CARTESIAN_POINT('',(6.934597352962,19.891529528294,0.));
#627 = LINE('',#628,#629);
#628 = CARTESIAN_POINT('',(4.730294043996,11.664957583942,0.));
#629 = VECTOR('',#630,1.);
#630 = DIRECTION('',(0.258819045103,0.965925826289,0.));
#631 = ORIENTED_EDGE('',*,*,#632,.T.);
#632 = EDGE_CURVE('',#625,#633,#635,.T.);
#633 = VERTEX_POINT('',#634);
#634 = CARTESIAN_POINT('',(3.940227291466,20.693868568112,0.));
#635 = CIRCLE('',#636,1.55);
#636 = AXIS2_PLACEMENT_3D('',#637,#638,#639);
#637 = CARTESIAN_POINT('',(5.437412322214,20.292699048203,0.));
#638 = DIRECTION('',(-1.9E-16,2.E-17,-1.));
#639 = DIRECTION('',(0.258819045103,0.965925826289,-2.98571020437E-17));
#640 = ORIENTED_EDGE('',*,*,#641,.F.);
#641 = EDGE_CURVE('',#642,#633,#644,.T.);
#642 = VERTEX_POINT('',#643);
#643 = CARTESIAN_POINT('',(4.675567804774,23.438196724641,0.));
#644 = LINE('',#645,#646);
#645 = CARTESIAN_POINT('',(1.7359239825,12.46729662376,0.));
#646 = VECTOR('',#647,1.);
#647 = DIRECTION('',(-0.258819045103,-0.965925826289,0.));
#648 = ORIENTED_EDGE('',*,*,#649,.T.);
#649 = EDGE_CURVE('',#642,#650,#652,.T.);
#650 = VERTEX_POINT('',#651);
#651 = CARTESIAN_POINT('',(1.55,23.849685532518,0.));
#652 = CIRCLE('',#653,23.9);
#653 = AXIS2_PLACEMENT_3D('',#654,#655,#656);
#654 = CARTESIAN_POINT('',(0.,0.,0.));
#655 = DIRECTION('',(-0.,2.2E-16,1.));
#656 = DIRECTION('',(1.,0.,0.));
#657 = ORIENTED_EDGE('',*,*,#658,.F.);
#658 = EDGE_CURVE('',#659,#650,#661,.T.);
#659 = VERTEX_POINT('',#660);
#660 = CARTESIAN_POINT('',(1.55,21.008547960835,0.));
#661 = LINE('',#662,#663);
#662 = CARTESIAN_POINT('',(1.55,12.491773980418,0.));
#663 = VECTOR('',#664,1.);
#664 = DIRECTION('',(1.1E-16,1.,0.));
#665 = ORIENTED_EDGE('',*,*,#666,.T.);
#666 = EDGE_CURVE('',#659,#667,#669,.T.);
#667 = VERTEX_POINT('',#668);
#668 = CARTESIAN_POINT('',(-1.55,21.008547960835,0.));
#669 = CIRCLE('',#670,1.55);
#670 = AXIS2_PLACEMENT_3D('',#671,#672,#673);
#671 = CARTESIAN_POINT('',(2.33E-15,21.008547960835,0.));
#672 = DIRECTION('',(-2.2E-16,0.,-1.));
#673 = DIRECTION('',(1.1E-16,1.,-2.42E-32));
#674 = ORIENTED_EDGE('',*,*,#675,.F.);
#675 = EDGE_CURVE('',#676,#667,#678,.T.);
#676 = VERTEX_POINT('',#677);
#677 = CARTESIAN_POINT('',(-1.55,23.849685532518,0.));
#678 = LINE('',#679,#680);
#679 = CARTESIAN_POINT('',(-1.55,12.491773980418,0.));
#680 = VECTOR('',#681,1.);
#681 = DIRECTION('',(-1.1E-16,-1.,0.));
#682 = ORIENTED_EDGE('',*,*,#683,.T.);
#683 = EDGE_CURVE('',#676,#684,#686,.T.);
#684 = VERTEX_POINT('',#685);
#685 = CARTESIAN_POINT('',(-4.675567804774,23.438196724641,0.));
#686 = CIRCLE('',#687,23.9);
#687 = AXIS2_PLACEMENT_3D('',#688,#689,#690);
#688 = CARTESIAN_POINT('',(0.,0.,0.));
#689 = DIRECTION('',(-0.,2.2E-16,1.));
#690 = DIRECTION('',(1.,0.,0.));
#691 = ORIENTED_EDGE('',*,*,#692,.F.);
#692 = EDGE_CURVE('',#693,#684,#695,.T.);
#693 = VERTEX_POINT('',#694);
#694 = CARTESIAN_POINT('',(-3.940227291466,20.693868568112,0.));
#695 = LINE('',#696,#697);
#696 = CARTESIAN_POINT('',(-1.7359239825,12.46729662376,0.));
#697 = VECTOR('',#698,1.);
#698 = DIRECTION('',(-0.258819045103,0.965925826289,0.));
#699 = ORIENTED_EDGE('',*,*,#700,.T.);
#700 = EDGE_CURVE('',#693,#701,#703,.T.);
#701 = VERTEX_POINT('',#702);
#702 = CARTESIAN_POINT('',(-6.934597352962,19.891529528294,0.));
#703 = CIRCLE('',#704,1.55);
#704 = AXIS2_PLACEMENT_3D('',#705,#706,#707);
#705 = CARTESIAN_POINT('',(-5.437412322214,20.292699048203,0.));
#706 = DIRECTION('',(-2.5E-16,-3.E-17,-1.));
#707 = DIRECTION('',(-0.258819045103,0.965925826289,3.572698648696E-17)
  );
#708 = ORIENTED_EDGE('',*,*,#709,.F.);
#709 = EDGE_CURVE('',#710,#701,#712,.T.);
#710 = VERTEX_POINT('',#711);
#711 = CARTESIAN_POINT('',(-7.66993786627,22.635857684823,0.));
#712 = LINE('',#713,#714);
#713 = CARTESIAN_POINT('',(-4.730294043996,11.664957583942,0.));
#714 = VECTOR('',#715,1.);
#715 = DIRECTION('',(0.258819045103,-0.965925826289,0.));
#716 = ORIENTED_EDGE('',*,*,#717,.T.);
#717 = EDGE_CURVE('',#710,#718,#720,.T.);
#718 = VERTEX_POINT('',#719);
#719 = CARTESIAN_POINT('',(-10.58250339039,21.429433543431,0.));
#720 = CIRCLE('',#721,23.9);
#721 = AXIS2_PLACEMENT_3D('',#722,#723,#724);
#722 = CARTESIAN_POINT('',(0.,0.,0.));
#723 = DIRECTION('',(-0.,2.2E-16,1.));
#724 = DIRECTION('',(1.,0.,0.));
#725 = ORIENTED_EDGE('',*,*,#726,.F.);
#726 = EDGE_CURVE('',#727,#718,#729,.T.);
#727 = VERTEX_POINT('',#728);
#728 = CARTESIAN_POINT('',(-9.161934604552,18.968936230707,0.));
#729 = LINE('',#730,#731);
#730 = CARTESIAN_POINT('',(-4.903547614343,11.593193605375,0.));
#731 = VECTOR('',#732,1.);
#732 = DIRECTION('',(-0.5,0.866025403784,0.));
#733 = ORIENTED_EDGE('',*,*,#734,.T.);
#734 = EDGE_CURVE('',#727,#735,#737,.T.);
#735 = VERTEX_POINT('',#736);
#736 = CARTESIAN_POINT('',(-11.84661335628,17.418936230707,0.));
#737 = CIRCLE('',#738,1.55);
#738 = AXIS2_PLACEMENT_3D('',#739,#740,#741);
#739 = CARTESIAN_POINT('',(-10.50427398041,18.193936230707,0.));
#740 = DIRECTION('',(-2.6E-16,-7.E-17,-1.));
#741 = DIRECTION('',(-0.5,0.866025403784,6.937822173509E-17));
#742 = ORIENTED_EDGE('',*,*,#743,.F.);
#743 = EDGE_CURVE('',#744,#735,#746,.T.);
#744 = VERTEX_POINT('',#745);
#745 = CARTESIAN_POINT('',(-13.26718214212,19.879433543431,0.));
#746 = LINE('',#747,#748);
#747 = CARTESIAN_POINT('',(-7.588226366075,10.043193605375,0.));
#748 = VECTOR('',#749,1.);
#749 = DIRECTION('',(0.5,-0.866025403784,0.));
#750 = ORIENTED_EDGE('',*,*,#751,.T.);
#751 = EDGE_CURVE('',#744,#752,#754,.T.);
#752 = VERTEX_POINT('',#753);
#753 = CARTESIAN_POINT('',(-15.76825885837,17.960289880049,0.));
#754 = CIRCLE('',#755,23.9);
#755 = AXIS2_PLACEMENT_3D('',#756,#757,#758);
#756 = CARTESIAN_POINT('',(0.,0.,0.));
#757 = DIRECTION('',(-0.,2.2E-16,1.));
#758 = DIRECTION('',(1.,0.,0.));
#759 = ORIENTED_EDGE('',*,*,#760,.F.);
#760 = EDGE_CURVE('',#761,#752,#763,.T.);
#761 = VERTEX_POINT('',#762);
#762 = CARTESIAN_POINT('',(-13.75927121515,15.951302236829,0.));
#763 = LINE('',#764,#765);
#764 = CARTESIAN_POINT('',(-7.737002579764,9.929033601442,0.));
#765 = VECTOR('',#766,1.);
#766 = DIRECTION('',(-0.707106781187,0.707106781187,0.));
#767 = ORIENTED_EDGE('',*,*,#768,.T.);
#768 = EDGE_CURVE('',#761,#769,#771,.T.);
#769 = VERTEX_POINT('',#770);
#770 = CARTESIAN_POINT('',(-15.95130223682,13.75927121515,0.));
#771 = CIRCLE('',#772,1.55);
#772 = AXIS2_PLACEMENT_3D('',#773,#774,#775);
#773 = CARTESIAN_POINT('',(-14.85528672598,14.855286725989,0.));
#774 = DIRECTION('',(-2.7E-16,-1.1E-16,-1.));
#775 = DIRECTION('',(-0.707106781187,0.707106781187,1.131370849898E-16)
  );
#776 = ORIENTED_EDGE('',*,*,#777,.F.);
#777 = EDGE_CURVE('',#778,#769,#780,.T.);
#778 = VERTEX_POINT('',#779);
#779 = CARTESIAN_POINT('',(-17.96028988004,15.768258858371,0.));
#780 = LINE('',#781,#782);
#781 = CARTESIAN_POINT('',(-9.929033601442,7.737002579764,0.));
#782 = VECTOR('',#783,1.);
#783 = DIRECTION('',(0.707106781187,-0.707106781187,0.));
#784 = ORIENTED_EDGE('',*,*,#785,.T.);
#785 = EDGE_CURVE('',#778,#786,#788,.T.);
#786 = VERTEX_POINT('',#787);
#787 = CARTESIAN_POINT('',(-19.87943354343,13.267182142125,0.));
#788 = CIRCLE('',#789,23.9);
#789 = AXIS2_PLACEMENT_3D('',#790,#791,#792);
#790 = CARTESIAN_POINT('',(0.,0.,0.));
#791 = DIRECTION('',(-0.,2.2E-16,1.));
#792 = DIRECTION('',(1.,0.,0.));
#793 = ORIENTED_EDGE('',*,*,#794,.F.);
#794 = EDGE_CURVE('',#795,#786,#797,.T.);
#795 = VERTEX_POINT('',#796);
#796 = CARTESIAN_POINT('',(-17.4189362307,11.846613356284,0.));
#797 = LINE('',#798,#799);
#798 = CARTESIAN_POINT('',(-10.04319360537,7.588226366075,0.));
#799 = VECTOR('',#800,1.);
#800 = DIRECTION('',(-0.866025403784,0.5,0.));
#801 = ORIENTED_EDGE('',*,*,#802,.T.);
#802 = EDGE_CURVE('',#795,#803,#805,.T.);
#803 = VERTEX_POINT('',#804);
#804 = CARTESIAN_POINT('',(-18.9689362307,9.161934604552,0.));
#805 = CIRCLE('',#806,1.55);
#806 = AXIS2_PLACEMENT_3D('',#807,#808,#809);
#807 = CARTESIAN_POINT('',(-18.1939362307,10.504273980418,0.));
#808 = DIRECTION('',(-2.6E-16,-1.5E-16,-1.));
#809 = DIRECTION('',(-0.866025403784,0.5,1.50166604984E-16));
#810 = ORIENTED_EDGE('',*,*,#811,.F.);
#811 = EDGE_CURVE('',#812,#803,#814,.T.);
#812 = VERTEX_POINT('',#813);
#813 = CARTESIAN_POINT('',(-21.42943354343,10.582503390393,0.));
#814 = LINE('',#815,#816);
#815 = CARTESIAN_POINT('',(-11.59319360537,4.903547614343,0.));
#816 = VECTOR('',#817,1.);
#817 = DIRECTION('',(0.866025403784,-0.5,0.));
#818 = ORIENTED_EDGE('',*,*,#819,.T.);
#819 = EDGE_CURVE('',#812,#820,#822,.T.);
#820 = VERTEX_POINT('',#821);
#821 = CARTESIAN_POINT('',(-22.63585768482,7.66993786627,0.));
#822 = CIRCLE('',#823,23.9);
#823 = AXIS2_PLACEMENT_3D('',#824,#825,#826);
#824 = CARTESIAN_POINT('',(0.,0.,0.));
#825 = DIRECTION('',(-0.,2.2E-16,1.));
#826 = DIRECTION('',(1.,0.,0.));
#827 = ORIENTED_EDGE('',*,*,#828,.F.);
#828 = EDGE_CURVE('',#829,#820,#831,.T.);
#829 = VERTEX_POINT('',#830);
#830 = CARTESIAN_POINT('',(-19.89152952829,6.934597352962,0.));
#831 = LINE('',#832,#833);
#832 = CARTESIAN_POINT('',(-11.66495758394,4.730294043996,0.));
#833 = VECTOR('',#834,1.);
#834 = DIRECTION('',(-0.965925826289,0.258819045103,0.));
#835 = ORIENTED_EDGE('',*,*,#836,.T.);
#836 = EDGE_CURVE('',#829,#837,#839,.T.);
#837 = VERTEX_POINT('',#838);
#838 = CARTESIAN_POINT('',(-20.69386856811,3.940227291466,0.));
#839 = CIRCLE('',#840,1.55);
#840 = AXIS2_PLACEMENT_3D('',#841,#842,#843);
#841 = CARTESIAN_POINT('',(-20.2926990482,5.437412322214,0.));
#842 = DIRECTION('',(-2.5E-16,-1.9E-16,-1.));
#843 = DIRECTION('',(-0.965925826289,0.258819045103,1.923058380028E-16)
  );
#844 = ORIENTED_EDGE('',*,*,#845,.F.);
#845 = EDGE_CURVE('',#846,#837,#848,.T.);
#846 = VERTEX_POINT('',#847);
#847 = CARTESIAN_POINT('',(-23.43819672464,4.675567804774,0.));
#848 = LINE('',#849,#850);
#849 = CARTESIAN_POINT('',(-12.46729662376,1.7359239825,0.));
#850 = VECTOR('',#851,1.);
#851 = DIRECTION('',(0.965925826289,-0.258819045103,0.));
#852 = ORIENTED_EDGE('',*,*,#853,.T.);
#853 = EDGE_CURVE('',#846,#854,#856,.T.);
#854 = VERTEX_POINT('',#855);
#855 = CARTESIAN_POINT('',(-23.84968553251,1.55,0.));
#856 = CIRCLE('',#857,23.9);
#857 = AXIS2_PLACEMENT_3D('',#858,#859,#860);
#858 = CARTESIAN_POINT('',(0.,0.,0.));
#859 = DIRECTION('',(-0.,2.2E-16,1.));
#860 = DIRECTION('',(1.,0.,0.));
#861 = ORIENTED_EDGE('',*,*,#862,.F.);
#862 = EDGE_CURVE('',#863,#854,#865,.T.);
#863 = VERTEX_POINT('',#864);
#864 = CARTESIAN_POINT('',(-21.00854796083,1.55,0.));
#865 = LINE('',#866,#867);
#866 = CARTESIAN_POINT('',(-12.49177398041,1.55,0.));
#867 = VECTOR('',#868,1.);
#868 = DIRECTION('',(-1.,1.2E-16,0.));
#869 = ORIENTED_EDGE('',*,*,#870,.T.);
#870 = EDGE_CURVE('',#863,#871,#873,.T.);
#871 = VERTEX_POINT('',#872);
#872 = CARTESIAN_POINT('',(-21.00854796083,-1.55,0.));
#873 = CIRCLE('',#874,1.55);
#874 = AXIS2_PLACEMENT_3D('',#875,#876,#877);
#875 = CARTESIAN_POINT('',(-21.00854796083,2.57E-15,0.));
#876 = DIRECTION('',(-2.2E-16,-2.2E-16,-1.));
#877 = DIRECTION('',(-1.,1.2E-16,2.2E-16));
#878 = ORIENTED_EDGE('',*,*,#879,.F.);
#879 = EDGE_CURVE('',#880,#871,#882,.T.);
#880 = VERTEX_POINT('',#881);
#881 = CARTESIAN_POINT('',(-23.84968553251,-1.55,0.));
#882 = LINE('',#883,#884);
#883 = CARTESIAN_POINT('',(-12.49177398041,-1.55,0.));
#884 = VECTOR('',#885,1.);
#885 = DIRECTION('',(1.,-1.2E-16,0.));
#886 = ORIENTED_EDGE('',*,*,#887,.T.);
#887 = EDGE_CURVE('',#880,#888,#890,.T.);
#888 = VERTEX_POINT('',#889);
#889 = CARTESIAN_POINT('',(-23.43819672464,-4.675567804774,0.));
#890 = CIRCLE('',#891,23.9);
#891 = AXIS2_PLACEMENT_3D('',#892,#893,#894);
#892 = CARTESIAN_POINT('',(0.,0.,0.));
#893 = DIRECTION('',(-0.,2.2E-16,1.));
#894 = DIRECTION('',(1.,0.,0.));
#895 = ORIENTED_EDGE('',*,*,#896,.F.);
#896 = EDGE_CURVE('',#897,#888,#899,.T.);
#897 = VERTEX_POINT('',#898);
#898 = CARTESIAN_POINT('',(-20.69386856811,-3.940227291466,-0.));
#899 = LINE('',#900,#901);
#900 = CARTESIAN_POINT('',(-12.46729662376,-1.7359239825,0.));
#901 = VECTOR('',#902,1.);
#902 = DIRECTION('',(-0.965925826289,-0.258819045103,0.));
#903 = ORIENTED_EDGE('',*,*,#904,.T.);
#904 = EDGE_CURVE('',#897,#905,#907,.T.);
#905 = VERTEX_POINT('',#906);
#906 = CARTESIAN_POINT('',(-19.89152952829,-6.934597352962,-0.));
#907 = CIRCLE('',#908,1.55);
#908 = AXIS2_PLACEMENT_3D('',#909,#910,#911);
#909 = CARTESIAN_POINT('',(-20.2926990482,-5.437412322214,0.));
#910 = DIRECTION('',(-1.9E-16,-2.5E-16,-1.));
#911 = DIRECTION('',(-0.965925826289,-0.258819045103,2.482306682706E-16)
  );
#912 = ORIENTED_EDGE('',*,*,#913,.F.);
#913 = EDGE_CURVE('',#914,#905,#916,.T.);
#914 = VERTEX_POINT('',#915);
#915 = CARTESIAN_POINT('',(-22.63585768482,-7.66993786627,0.));
#916 = LINE('',#917,#918);
#917 = CARTESIAN_POINT('',(-11.66495758394,-4.730294043996,0.));
#918 = VECTOR('',#919,1.);
#919 = DIRECTION('',(0.965925826289,0.258819045103,0.));
#920 = ORIENTED_EDGE('',*,*,#921,.T.);
#921 = EDGE_CURVE('',#914,#922,#924,.T.);
#922 = VERTEX_POINT('',#923);
#923 = CARTESIAN_POINT('',(-21.42943354343,-10.58250339039,0.));
#924 = CIRCLE('',#925,23.9);
#925 = AXIS2_PLACEMENT_3D('',#926,#927,#928);
#926 = CARTESIAN_POINT('',(0.,0.,0.));
#927 = DIRECTION('',(-0.,2.2E-16,1.));
#928 = DIRECTION('',(1.,0.,0.));
#929 = ORIENTED_EDGE('',*,*,#930,.F.);
#930 = EDGE_CURVE('',#931,#922,#933,.T.);
#931 = VERTEX_POINT('',#932);
#932 = CARTESIAN_POINT('',(-18.9689362307,-9.161934604552,0.));
#933 = LINE('',#934,#935);
#934 = CARTESIAN_POINT('',(-11.59319360537,-4.903547614343,0.));
#935 = VECTOR('',#936,1.);
#936 = DIRECTION('',(-0.866025403784,-0.5,0.));
#937 = ORIENTED_EDGE('',*,*,#938,.T.);
#938 = EDGE_CURVE('',#931,#939,#941,.T.);
#939 = VERTEX_POINT('',#940);
#940 = CARTESIAN_POINT('',(-17.4189362307,-11.84661335628,0.));
#941 = CIRCLE('',#942,1.55);
#942 = AXIS2_PLACEMENT_3D('',#943,#944,#945);
#943 = CARTESIAN_POINT('',(-18.1939362307,-10.50427398041,0.));
#944 = DIRECTION('',(-1.5E-16,-2.6E-16,-1.));
#945 = DIRECTION('',(-0.866025403784,-0.5,2.599038105677E-16));
#946 = ORIENTED_EDGE('',*,*,#947,.F.);
#947 = EDGE_CURVE('',#948,#939,#950,.T.);
#948 = VERTEX_POINT('',#949);
#949 = CARTESIAN_POINT('',(-19.87943354343,-13.26718214212,0.));
#950 = LINE('',#951,#952);
#951 = CARTESIAN_POINT('',(-10.04319360537,-7.588226366075,0.));
#952 = VECTOR('',#953,1.);
#953 = DIRECTION('',(0.866025403784,0.5,0.));
#954 = ORIENTED_EDGE('',*,*,#955,.T.);
#955 = EDGE_CURVE('',#948,#956,#958,.T.);
#956 = VERTEX_POINT('',#957);
#957 = CARTESIAN_POINT('',(-17.96028988004,-15.76825885837,0.));
#958 = CIRCLE('',#959,23.9);
#959 = AXIS2_PLACEMENT_3D('',#960,#961,#962);
#960 = CARTESIAN_POINT('',(0.,0.,0.));
#961 = DIRECTION('',(-0.,2.2E-16,1.));
#962 = DIRECTION('',(1.,0.,0.));
#963 = ORIENTED_EDGE('',*,*,#964,.F.);
#964 = EDGE_CURVE('',#965,#956,#967,.T.);
#965 = VERTEX_POINT('',#966);
#966 = CARTESIAN_POINT('',(-15.95130223682,-13.75927121515,-0.));
#967 = LINE('',#968,#969);
#968 = CARTESIAN_POINT('',(-9.929033601442,-7.737002579764,0.));
#969 = VECTOR('',#970,1.);
#970 = DIRECTION('',(-0.707106781187,-0.707106781187,0.));
#971 = ORIENTED_EDGE('',*,*,#972,.T.);
#972 = EDGE_CURVE('',#965,#973,#975,.T.);
#973 = VERTEX_POINT('',#974);
#974 = CARTESIAN_POINT('',(-13.75927121515,-15.95130223682,0.));
#975 = CIRCLE('',#976,1.55);
#976 = AXIS2_PLACEMENT_3D('',#977,#978,#979);
#977 = CARTESIAN_POINT('',(-14.85528672598,-14.85528672598,0.));
#978 = DIRECTION('',(-1.1E-16,-2.7E-16,-1.));
#979 = DIRECTION('',(-0.707106781187,-0.707106781187,2.687005768509E-16)
  );
#980 = ORIENTED_EDGE('',*,*,#981,.F.);
#981 = EDGE_CURVE('',#982,#973,#984,.T.);
#982 = VERTEX_POINT('',#983);
#983 = CARTESIAN_POINT('',(-15.76825885837,-17.96028988004,0.));
#984 = LINE('',#985,#986);
#985 = CARTESIAN_POINT('',(-7.737002579764,-9.929033601442,0.));
#986 = VECTOR('',#987,1.);
#987 = DIRECTION('',(0.707106781187,0.707106781187,0.));
#988 = ORIENTED_EDGE('',*,*,#989,.T.);
#989 = EDGE_CURVE('',#982,#990,#992,.T.);
#990 = VERTEX_POINT('',#991);
#991 = CARTESIAN_POINT('',(-13.26718214212,-19.87943354343,0.));
#992 = CIRCLE('',#993,23.9);
#993 = AXIS2_PLACEMENT_3D('',#994,#995,#996);
#994 = CARTESIAN_POINT('',(0.,0.,0.));
#995 = DIRECTION('',(-0.,2.2E-16,1.));
#996 = DIRECTION('',(1.,0.,0.));
#997 = ORIENTED_EDGE('',*,*,#998,.F.);
#998 = EDGE_CURVE('',#999,#990,#1001,.T.);
#999 = VERTEX_POINT('',#1000);
#1000 = CARTESIAN_POINT('',(-11.84661335628,-17.4189362307,-0.));
#1001 = LINE('',#1002,#1003);
#1002 = CARTESIAN_POINT('',(-7.588226366075,-10.04319360537,0.));
#1003 = VECTOR('',#1004,1.);
#1004 = DIRECTION('',(-0.5,-0.866025403784,0.));
#1005 = ORIENTED_EDGE('',*,*,#1006,.T.);
#1006 = EDGE_CURVE('',#999,#1007,#1009,.T.);
#1007 = VERTEX_POINT('',#1008);
#1008 = CARTESIAN_POINT('',(-9.161934604552,-18.9689362307,0.));
#1009 = CIRCLE('',#1010,1.55);
#1010 = AXIS2_PLACEMENT_3D('',#1011,#1012,#1013);
#1011 = CARTESIAN_POINT('',(-10.50427398041,-18.1939362307,0.));
#1012 = DIRECTION('',(-7.E-17,-2.6E-16,-1.));
#1013 = DIRECTION('',(-0.5,-0.866025403784,2.60166604984E-16));
#1014 = ORIENTED_EDGE('',*,*,#1015,.F.);
#1015 = EDGE_CURVE('',#1016,#1007,#1018,.T.);
#1016 = VERTEX_POINT('',#1017);
#1017 = CARTESIAN_POINT('',(-10.58250339039,-21.42943354343,0.));
#1018 = LINE('',#1019,#1020);
#1019 = CARTESIAN_POINT('',(-4.903547614343,-11.59319360537,0.));
#1020 = VECTOR('',#1021,1.);
#1021 = DIRECTION('',(0.5,0.866025403784,0.));
#1022 = ORIENTED_EDGE('',*,*,#1023,.T.);
#1023 = EDGE_CURVE('',#1016,#1024,#1026,.T.);
#1024 = VERTEX_POINT('',#1025);
#1025 = CARTESIAN_POINT('',(-7.66993786627,-22.63585768482,0.));
#1026 = CIRCLE('',#1027,23.9);
#1027 = AXIS2_PLACEMENT_3D('',#1028,#1029,#1030);
#1028 = CARTESIAN_POINT('',(0.,0.,0.));
#1029 = DIRECTION('',(-0.,2.2E-16,1.));
#1030 = DIRECTION('',(1.,0.,0.));
#1031 = ORIENTED_EDGE('',*,*,#1032,.F.);
#1032 = EDGE_CURVE('',#1033,#1024,#1035,.T.);
#1033 = VERTEX_POINT('',#1034);
#1034 = CARTESIAN_POINT('',(-6.934597352962,-19.89152952829,0.));
#1035 = LINE('',#1036,#1037);
#1036 = CARTESIAN_POINT('',(-4.730294043996,-11.66495758394,0.));
#1037 = VECTOR('',#1038,1.);
#1038 = DIRECTION('',(-0.258819045103,-0.965925826289,0.));
#1039 = ORIENTED_EDGE('',*,*,#1040,.T.);
#1040 = EDGE_CURVE('',#1033,#1041,#1043,.T.);
#1041 = VERTEX_POINT('',#1042);
#1042 = CARTESIAN_POINT('',(-3.940227291466,-20.69386856811,0.));
#1043 = CIRCLE('',#1044,1.55);
#1044 = AXIS2_PLACEMENT_3D('',#1045,#1046,#1047);
#1045 = CARTESIAN_POINT('',(-5.437412322214,-20.2926990482,0.));
#1046 = DIRECTION('',(-3.E-17,-2.5E-16,-1.));
#1047 = DIRECTION('',(-0.258819045103,-0.965925826289,2.492460279253E-16
    ));
#1048 = ORIENTED_EDGE('',*,*,#1049,.F.);
#1049 = EDGE_CURVE('',#1050,#1041,#1052,.T.);
#1050 = VERTEX_POINT('',#1051);
#1051 = CARTESIAN_POINT('',(-4.675567804774,-23.43819672464,0.));
#1052 = LINE('',#1053,#1054);
#1053 = CARTESIAN_POINT('',(-1.7359239825,-12.46729662376,0.));
#1054 = VECTOR('',#1055,1.);
#1055 = DIRECTION('',(0.258819045103,0.965925826289,0.));
#1056 = ORIENTED_EDGE('',*,*,#1057,.T.);
#1057 = EDGE_CURVE('',#1050,#1058,#1060,.T.);
#1058 = VERTEX_POINT('',#1059);
#1059 = CARTESIAN_POINT('',(-1.55,-23.84968553251,0.));
#1060 = CIRCLE('',#1061,23.9);
#1061 = AXIS2_PLACEMENT_3D('',#1062,#1063,#1064);
#1062 = CARTESIAN_POINT('',(0.,0.,0.));
#1063 = DIRECTION('',(-0.,2.2E-16,1.));
#1064 = DIRECTION('',(1.,0.,0.));
#1065 = ORIENTED_EDGE('',*,*,#1066,.F.);
#1066 = EDGE_CURVE('',#1067,#1058,#1069,.T.);
#1067 = VERTEX_POINT('',#1068);
#1068 = CARTESIAN_POINT('',(-1.55,-21.00854796083,0.));
#1069 = LINE('',#1070,#1071);
#1070 = CARTESIAN_POINT('',(-1.55,-12.49177398041,0.));
#1071 = VECTOR('',#1072,1.);
#1072 = DIRECTION('',(-2.2E-16,-1.,0.));
#1073 = ORIENTED_EDGE('',*,*,#1074,.T.);
#1074 = EDGE_CURVE('',#1067,#1075,#1077,.T.);
#1075 = VERTEX_POINT('',#1076);
#1076 = CARTESIAN_POINT('',(1.55,-21.00854796083,0.));
#1077 = CIRCLE('',#1078,1.55);
#1078 = AXIS2_PLACEMENT_3D('',#1079,#1080,#1081);
#1079 = CARTESIAN_POINT('',(-4.66E-15,-21.00854796083,0.));
#1080 = DIRECTION('',(0.,-2.2E-16,-1.));
#1081 = DIRECTION('',(-2.2E-16,-1.,2.2E-16));
#1082 = ORIENTED_EDGE('',*,*,#1083,.F.);
#1083 = EDGE_CURVE('',#1084,#1075,#1086,.T.);
#1084 = VERTEX_POINT('',#1085);
#1085 = CARTESIAN_POINT('',(1.55,-23.84968553251,0.));
#1086 = LINE('',#1087,#1088);
#1087 = CARTESIAN_POINT('',(1.55,-12.49177398041,0.));
#1088 = VECTOR('',#1089,1.);
#1089 = DIRECTION('',(2.2E-16,1.,0.));
#1090 = ORIENTED_EDGE('',*,*,#1091,.T.);
#1091 = EDGE_CURVE('',#1084,#1092,#1094,.T.);
#1092 = VERTEX_POINT('',#1093);
#1093 = CARTESIAN_POINT('',(4.675567804774,-23.43819672464,0.));
#1094 = CIRCLE('',#1095,23.9);
#1095 = AXIS2_PLACEMENT_3D('',#1096,#1097,#1098);
#1096 = CARTESIAN_POINT('',(0.,0.,0.));
#1097 = DIRECTION('',(-0.,2.2E-16,1.));
#1098 = DIRECTION('',(1.,0.,0.));
#1099 = ORIENTED_EDGE('',*,*,#1100,.F.);
#1100 = EDGE_CURVE('',#1101,#1092,#1103,.T.);
#1101 = VERTEX_POINT('',#1102);
#1102 = CARTESIAN_POINT('',(3.940227291466,-20.69386856811,0.));
#1103 = LINE('',#1104,#1105);
#1104 = CARTESIAN_POINT('',(1.7359239825,-12.46729662376,0.));
#1105 = VECTOR('',#1106,1.);
#1106 = DIRECTION('',(0.258819045103,-0.965925826289,0.));
#1107 = ORIENTED_EDGE('',*,*,#1108,.T.);
#1108 = EDGE_CURVE('',#1101,#1109,#1111,.T.);
#1109 = VERTEX_POINT('',#1110);
#1110 = CARTESIAN_POINT('',(6.934597352962,-19.89152952829,0.));
#1111 = CIRCLE('',#1112,1.55);
#1112 = AXIS2_PLACEMENT_3D('',#1113,#1114,#1115);
#1113 = CARTESIAN_POINT('',(5.437412322214,-20.2926990482,0.));
#1114 = DIRECTION('',(2.E-17,-1.9E-16,-1.));
#1115 = DIRECTION('',(0.258819045103,-0.965925826289,1.88702287897E-16)
  );
#1116 = ORIENTED_EDGE('',*,*,#1117,.F.);
#1117 = EDGE_CURVE('',#1118,#1109,#1120,.T.);
#1118 = VERTEX_POINT('',#1119);
#1119 = CARTESIAN_POINT('',(7.66993786627,-22.63585768482,0.));
#1120 = LINE('',#1121,#1122);
#1121 = CARTESIAN_POINT('',(4.730294043996,-11.66495758394,0.));
#1122 = VECTOR('',#1123,1.);
#1123 = DIRECTION('',(-0.258819045103,0.965925826289,0.));
#1124 = ORIENTED_EDGE('',*,*,#1125,.T.);
#1125 = EDGE_CURVE('',#1118,#1126,#1128,.T.);
#1126 = VERTEX_POINT('',#1127);
#1127 = CARTESIAN_POINT('',(10.582503390393,-21.42943354343,0.));
#1128 = CIRCLE('',#1129,23.9);
#1129 = AXIS2_PLACEMENT_3D('',#1130,#1131,#1132);
#1130 = CARTESIAN_POINT('',(0.,0.,0.));
#1131 = DIRECTION('',(-0.,2.2E-16,1.));
#1132 = DIRECTION('',(1.,0.,0.));
#1133 = ORIENTED_EDGE('',*,*,#1134,.F.);
#1134 = EDGE_CURVE('',#1135,#1126,#1137,.T.);
#1135 = VERTEX_POINT('',#1136);
#1136 = CARTESIAN_POINT('',(9.161934604552,-18.9689362307,0.));
#1137 = LINE('',#1138,#1139);
#1138 = CARTESIAN_POINT('',(4.903547614343,-11.59319360537,0.));
#1139 = VECTOR('',#1140,1.);
#1140 = DIRECTION('',(0.5,-0.866025403784,0.));
#1141 = ORIENTED_EDGE('',*,*,#1142,.T.);
#1142 = EDGE_CURVE('',#1135,#1143,#1145,.T.);
#1143 = VERTEX_POINT('',#1144);
#1144 = CARTESIAN_POINT('',(11.846613356284,-17.4189362307,0.));
#1145 = CIRCLE('',#1146,1.55);
#1146 = AXIS2_PLACEMENT_3D('',#1147,#1148,#1149);
#1147 = CARTESIAN_POINT('',(10.504273980418,-18.1939362307,0.));
#1148 = DIRECTION('',(4.E-17,-1.5E-16,-1.));
#1149 = DIRECTION('',(0.5,-0.866025403784,1.499038105677E-16));
#1150 = ORIENTED_EDGE('',*,*,#1151,.F.);
#1151 = EDGE_CURVE('',#1152,#1143,#1154,.T.);
#1152 = VERTEX_POINT('',#1153);
#1153 = CARTESIAN_POINT('',(13.267182142125,-19.87943354343,0.));
#1154 = LINE('',#1155,#1156);
#1155 = CARTESIAN_POINT('',(7.588226366075,-10.04319360537,0.));
#1156 = VECTOR('',#1157,1.);
#1157 = DIRECTION('',(-0.5,0.866025403784,0.));
#1158 = ORIENTED_EDGE('',*,*,#1159,.T.);
#1159 = EDGE_CURVE('',#1152,#1160,#1162,.T.);
#1160 = VERTEX_POINT('',#1161);
#1161 = CARTESIAN_POINT('',(15.768258858371,-17.96028988004,0.));
#1162 = CIRCLE('',#1163,23.9);
#1163 = AXIS2_PLACEMENT_3D('',#1164,#1165,#1166);
#1164 = CARTESIAN_POINT('',(0.,0.,0.));
#1165 = DIRECTION('',(-0.,2.2E-16,1.));
#1166 = DIRECTION('',(1.,0.,0.));
#1167 = ORIENTED_EDGE('',*,*,#1168,.F.);
#1168 = EDGE_CURVE('',#1169,#1160,#1171,.T.);
#1169 = VERTEX_POINT('',#1170);
#1170 = CARTESIAN_POINT('',(13.75927121515,-15.95130223682,0.));
#1171 = LINE('',#1172,#1173);
#1172 = CARTESIAN_POINT('',(7.737002579764,-9.929033601442,0.));
#1173 = VECTOR('',#1174,1.);
#1174 = DIRECTION('',(0.707106781187,-0.707106781187,0.));
#1175 = ORIENTED_EDGE('',*,*,#1176,.T.);
#1176 = EDGE_CURVE('',#1169,#1177,#1179,.T.);
#1177 = VERTEX_POINT('',#1178);
#1178 = CARTESIAN_POINT('',(15.951302236829,-13.75927121515,0.));
#1179 = CIRCLE('',#1180,1.55);
#1180 = AXIS2_PLACEMENT_3D('',#1181,#1182,#1183);
#1181 = CARTESIAN_POINT('',(14.855286725989,-14.85528672598,0.));
#1182 = DIRECTION('',(5.E-17,-1.1E-16,-1.));
#1183 = DIRECTION('',(0.707106781187,-0.707106781187,1.131370849898E-16)
  );
#1184 = ORIENTED_EDGE('',*,*,#1185,.F.);
#1185 = EDGE_CURVE('',#1186,#1177,#1188,.T.);
#1186 = VERTEX_POINT('',#1187);
#1187 = CARTESIAN_POINT('',(17.960289880049,-15.76825885837,0.));
#1188 = LINE('',#1189,#1190);
#1189 = CARTESIAN_POINT('',(9.929033601442,-7.737002579764,0.));
#1190 = VECTOR('',#1191,1.);
#1191 = DIRECTION('',(-0.707106781187,0.707106781187,0.));
#1192 = ORIENTED_EDGE('',*,*,#1193,.T.);
#1193 = EDGE_CURVE('',#1186,#1194,#1196,.T.);
#1194 = VERTEX_POINT('',#1195);
#1195 = CARTESIAN_POINT('',(19.879433543431,-13.26718214212,0.));
#1196 = CIRCLE('',#1197,23.9);
#1197 = AXIS2_PLACEMENT_3D('',#1198,#1199,#1200);
#1198 = CARTESIAN_POINT('',(0.,0.,0.));
#1199 = DIRECTION('',(-0.,2.2E-16,1.));
#1200 = DIRECTION('',(1.,0.,0.));
#1201 = ORIENTED_EDGE('',*,*,#1202,.F.);
#1202 = EDGE_CURVE('',#1203,#1194,#1205,.T.);
#1203 = VERTEX_POINT('',#1204);
#1204 = CARTESIAN_POINT('',(17.418936230707,-11.84661335628,0.));
#1205 = LINE('',#1206,#1207);
#1206 = CARTESIAN_POINT('',(10.043193605375,-7.588226366075,0.));
#1207 = VECTOR('',#1208,1.);
#1208 = DIRECTION('',(0.866025403784,-0.5,0.));
#1209 = ORIENTED_EDGE('',*,*,#1210,.T.);
#1210 = EDGE_CURVE('',#1203,#1211,#1213,.T.);
#1211 = VERTEX_POINT('',#1212);
#1212 = CARTESIAN_POINT('',(18.968936230707,-9.161934604552,0.));
#1213 = CIRCLE('',#1214,1.55);
#1214 = AXIS2_PLACEMENT_3D('',#1215,#1216,#1217);
#1215 = CARTESIAN_POINT('',(18.193936230707,-10.50427398041,0.));
#1216 = DIRECTION('',(4.E-17,-7.E-17,-1.));
#1217 = DIRECTION('',(0.866025403784,-0.5,6.964101615138E-17));
#1218 = ORIENTED_EDGE('',*,*,#1219,.F.);
#1219 = EDGE_CURVE('',#1220,#1211,#1222,.T.);
#1220 = VERTEX_POINT('',#1221);
#1221 = CARTESIAN_POINT('',(21.429433543431,-10.58250339039,0.));
#1222 = LINE('',#1223,#1224);
#1223 = CARTESIAN_POINT('',(11.593193605375,-4.903547614343,0.));
#1224 = VECTOR('',#1225,1.);
#1225 = DIRECTION('',(-0.866025403784,0.5,0.));
#1226 = ORIENTED_EDGE('',*,*,#1227,.T.);
#1227 = EDGE_CURVE('',#1220,#1228,#1230,.T.);
#1228 = VERTEX_POINT('',#1229);
#1229 = CARTESIAN_POINT('',(22.635857684823,-7.66993786627,0.));
#1230 = CIRCLE('',#1231,23.9);
#1231 = AXIS2_PLACEMENT_3D('',#1232,#1233,#1234);
#1232 = CARTESIAN_POINT('',(0.,0.,0.));
#1233 = DIRECTION('',(-0.,2.2E-16,1.));
#1234 = DIRECTION('',(1.,0.,0.));
#1235 = ORIENTED_EDGE('',*,*,#1236,.F.);
#1236 = EDGE_CURVE('',#1237,#1228,#1239,.T.);
#1237 = VERTEX_POINT('',#1238);
#1238 = CARTESIAN_POINT('',(19.891529528294,-6.934597352962,0.));
#1239 = LINE('',#1240,#1241);
#1240 = CARTESIAN_POINT('',(11.664957583942,-4.730294043996,0.));
#1241 = VECTOR('',#1242,1.);
#1242 = DIRECTION('',(0.965925826289,-0.258819045103,0.));
#1243 = ORIENTED_EDGE('',*,*,#1244,.T.);
#1244 = EDGE_CURVE('',#1237,#1245,#1247,.T.);
#1245 = VERTEX_POINT('',#1246);
#1246 = CARTESIAN_POINT('',(20.693868568112,-3.940227291466,0.));
#1247 = CIRCLE('',#1248,1.55);
#1248 = AXIS2_PLACEMENT_3D('',#1249,#1250,#1251);
#1249 = CARTESIAN_POINT('',(20.292699048203,-5.437412322214,0.));
#1250 = DIRECTION('',(2.E-17,-3.E-17,-1.));
#1251 = DIRECTION('',(0.965925826289,-0.258819045103,2.708308787886E-17)
  );
#1252 = ORIENTED_EDGE('',*,*,#1253,.F.);
#1253 = EDGE_CURVE('',#1254,#1245,#1256,.T.);
#1254 = VERTEX_POINT('',#1255);
#1255 = CARTESIAN_POINT('',(23.438196724641,-4.675567804774,0.));
#1256 = LINE('',#1257,#1258);
#1257 = CARTESIAN_POINT('',(12.46729662376,-1.7359239825,0.));
#1258 = VECTOR('',#1259,1.);
#1259 = DIRECTION('',(-0.965925826289,0.258819045103,0.));
#1260 = ORIENTED_EDGE('',*,*,#1261,.T.);
#1261 = EDGE_CURVE('',#1254,#1262,#1264,.T.);
#1262 = VERTEX_POINT('',#1263);
#1263 = CARTESIAN_POINT('',(23.849685532518,-1.55,0.));
#1264 = CIRCLE('',#1265,23.9);
#1265 = AXIS2_PLACEMENT_3D('',#1266,#1267,#1268);
#1266 = CARTESIAN_POINT('',(0.,0.,0.));
#1267 = DIRECTION('',(-0.,2.2E-16,1.));
#1268 = DIRECTION('',(1.,0.,0.));
#1269 = ORIENTED_EDGE('',*,*,#1270,.F.);
#1270 = EDGE_CURVE('',#464,#1262,#1271,.T.);
#1271 = LINE('',#1272,#1273);
#1272 = CARTESIAN_POINT('',(12.491773980418,-1.55,0.));
#1273 = VECTOR('',#1274,1.);
#1274 = DIRECTION('',(1.,0.,0.));
#1275 = ORIENTED_EDGE('',*,*,#471,.T.);
#1276 = FACE_BOUND('',#1277,.F.);
#1277 = EDGE_LOOP('',(#1278));
#1278 = ORIENTED_EDGE('',*,*,#1279,.F.);
#1279 = EDGE_CURVE('',#1280,#1280,#1282,.T.);
#1280 = VERTEX_POINT('',#1281);
#1281 = CARTESIAN_POINT('',(1.6,-6.4,0.));
#1282 = CIRCLE('',#1283,1.6);
#1283 = AXIS2_PLACEMENT_3D('',#1284,#1285,#1286);
#1284 = CARTESIAN_POINT('',(0.,-6.4,0.));
#1285 = DIRECTION('',(0.,0.,1.));
#1286 = DIRECTION('',(1.,0.,-0.));
#1287 = FACE_BOUND('',#1288,.F.);
#1288 = EDGE_LOOP('',(#1289));
#1289 = ORIENTED_EDGE('',*,*,#1290,.F.);
#1290 = EDGE_CURVE('',#1291,#1291,#1293,.T.);
#1291 = VERTEX_POINT('',#1292);
#1292 = CARTESIAN_POINT('',(-4.8,0.,0.));
#1293 = CIRCLE('',#1294,1.6);
#1294 = AXIS2_PLACEMENT_3D('',#1295,#1296,#1297);
#1295 = CARTESIAN_POINT('',(-6.4,0.,0.));
#1296 = DIRECTION('',(0.,0.,1.));
#1297 = DIRECTION('',(1.,0.,-0.));
#1298 = FACE_BOUND('',#1299,.F.);
#1299 = EDGE_LOOP('',(#1300));
#1300 = ORIENTED_EDGE('',*,*,#1301,.F.);
#1301 = EDGE_CURVE('',#1302,#1302,#1304,.T.);
#1302 = VERTEX_POINT('',#1303);
#1303 = CARTESIAN_POINT('',(2.25,0.,0.));
#1304 = CIRCLE('',#1305,2.25);
#1305 = AXIS2_PLACEMENT_3D('',#1306,#1307,#1308);
#1306 = CARTESIAN_POINT('',(0.,0.,0.));
#1307 = DIRECTION('',(0.,0.,1.));
#1308 = DIRECTION('',(1.,0.,-0.));
#1309 = FACE_BOUND('',#1310,.F.);
#1310 = EDGE_LOOP('',(#1311));
#1311 = ORIENTED_EDGE('',*,*,#1312,.F.);
#1312 = EDGE_CURVE('',#1313,#1313,#1315,.T.);
#1313 = VERTEX_POINT('',#1314);
#1314 = CARTESIAN_POINT('',(8.,0.,0.));
#1315 = CIRCLE('',#1316,1.6);
#1316 = AXIS2_PLACEMENT_3D('',#1317,#1318,#1319);
#1317 = CARTESIAN_POINT('',(6.4,0.,0.));
#1318 = DIRECTION('',(0.,0.,1.));
#1319 = DIRECTION('',(1.,0.,-0.));
#1320 = FACE_BOUND('',#1321,.F.);
#1321 = EDGE_LOOP('',(#1322));
#1322 = ORIENTED_EDGE('',*,*,#1323,.F.);
#1323 = EDGE_CURVE('',#1324,#1324,#1326,.T.);
#1324 = VERTEX_POINT('',#1325);
#1325 = CARTESIAN_POINT('',(1.6,6.4,0.));
#1326 = CIRCLE('',#1327,1.6);
#1327 = AXIS2_PLACEMENT_3D('',#1328,#1329,#1330);
#1328 = CARTESIAN_POINT('',(0.,6.4,0.));
#1329 = DIRECTION('',(0.,0.,1.));
#1330 = DIRECTION('',(1.,0.,-0.));
#1331 = PLANE('',#1332);
#1332 = AXIS2_PLACEMENT_3D('',#1333,#1334,#1335);
#1333 = CARTESIAN_POINT('',(-1.64E-15,2.18E-15,0.));
#1334 = DIRECTION('',(0.,0.,1.));
#1335 = DIRECTION('',(1.,0.,0.));
#1336 = ADVANCED_FACE('',(#1337),#1343,.F.);
#1337 = FACE_BOUND('',#1338,.F.);
#1338 = EDGE_LOOP('',(#1339,#1340,#1341,#1342));
#1339 = ORIENTED_EDGE('',*,*,#242,.F.);
#1340 = ORIENTED_EDGE('',*,*,#323,.T.);
#1341 = ORIENTED_EDGE('',*,*,#364,.T.);
#1342 = ORIENTED_EDGE('',*,*,#488,.F.);
#1343 = TOROIDAL_SURFACE('',#1344,24.5,0.6);
#1344 = AXIS2_PLACEMENT_3D('',#1345,#1346,#1347);
#1345 = CARTESIAN_POINT('',(0.,0.,0.));
#1346 = DIRECTION('',(0.,2.2E-16,1.));
#1347 = DIRECTION('',(1.,0.,0.));
#1348 = ADVANCED_FACE('',(#1349,#2135),#2146,.T.);
#1349 = FACE_BOUND('',#1350,.T.);
#1350 = EDGE_LOOP('',(#1351,#1352,#1353,#1354,#1355,#1364,#1372,#1381,
    #1389,#1398,#1406,#1415,#1423,#1432,#1440,#1449,#1457,#1466,#1474,
    #1483,#1491,#1500,#1508,#1517,#1525,#1534,#1542,#1551,#1559,#1568,
    #1576,#1585,#1593,#1602,#1610,#1619,#1627,#1636,#1644,#1653,#1661,
    #1670,#1678,#1687,#1695,#1704,#1712,#1721,#1729,#1738,#1746,#1755,
    #1763,#1772,#1780,#1789,#1797,#1806,#1814,#1823,#1831,#1840,#1848,
    #1857,#1865,#1874,#1882,#1891,#1899,#1908,#1916,#1925,#1933,#1942,
    #1950,#1959,#1967,#1976,#1984,#1993,#2001,#2010,#2018,#2027,#2035,
    #2044,#2052,#2061,#2069,#2078,#2086,#2095,#2103,#2112,#2120,#2129));
#1351 = ORIENTED_EDGE('',*,*,#454,.T.);
#1352 = ORIENTED_EDGE('',*,*,#218,.T.);
#1353 = ORIENTED_EDGE('',*,*,#439,.T.);
#1354 = ORIENTED_EDGE('',*,*,#338,.F.);
#1355 = ORIENTED_EDGE('',*,*,#1356,.T.);
#1356 = EDGE_CURVE('',#339,#1357,#1359,.T.);
#1357 = VERTEX_POINT('',#1358);
#1358 = CARTESIAN_POINT('',(19.891529528294,6.934597352962,4.5));
#1359 = CIRCLE('',#1360,1.55);
#1360 = AXIS2_PLACEMENT_3D('',#1361,#1362,#1363);
#1361 = CARTESIAN_POINT('',(20.292699048203,5.437412322214,4.5));
#1362 = DIRECTION('',(0.,0.,-1.));
#1363 = DIRECTION('',(0.965925826289,0.258819045103,0.));
#1364 = ORIENTED_EDGE('',*,*,#1365,.T.);
#1365 = EDGE_CURVE('',#1357,#1366,#1368,.T.);
#1366 = VERTEX_POINT('',#1367);
#1367 = CARTESIAN_POINT('',(23.458567070979,7.890382181896,4.5));
#1368 = LINE('',#1369,#1370);
#1369 = CARTESIAN_POINT('',(9.745180004193,4.215891191855,4.5));
#1370 = VECTOR('',#1371,1.);
#1371 = DIRECTION('',(0.965925826289,0.258819045103,0.));
#1372 = ORIENTED_EDGE('',*,*,#1373,.T.);
#1373 = EDGE_CURVE('',#1366,#1374,#1376,.T.);
#1374 = VERTEX_POINT('',#1375);
#1375 = CARTESIAN_POINT('',(22.167054599781,11.008369105836,4.5));
#1376 = CIRCLE('',#1377,24.75);
#1377 = AXIS2_PLACEMENT_3D('',#1378,#1379,#1380);
#1378 = CARTESIAN_POINT('',(0.,0.,4.5));
#1379 = DIRECTION('',(0.,0.,1.));
#1380 = DIRECTION('',(1.,0.,0.));
#1381 = ORIENTED_EDGE('',*,*,#1382,.F.);
#1382 = EDGE_CURVE('',#1383,#1374,#1385,.T.);
#1383 = VERTEX_POINT('',#1384);
#1384 = CARTESIAN_POINT('',(18.968936230707,9.161934604552,4.5));
#1385 = LINE('',#1386,#1387);
#1386 = CARTESIAN_POINT('',(9.871968115354,3.909797614343,4.5));
#1387 = VECTOR('',#1388,1.);
#1388 = DIRECTION('',(0.866025403784,0.5,0.));
#1389 = ORIENTED_EDGE('',*,*,#1390,.T.);
#1390 = EDGE_CURVE('',#1383,#1391,#1393,.T.);
#1391 = VERTEX_POINT('',#1392);
#1392 = CARTESIAN_POINT('',(17.418936230707,11.846613356284,4.5));
#1393 = CIRCLE('',#1394,1.55);
#1394 = AXIS2_PLACEMENT_3D('',#1395,#1396,#1397);
#1395 = CARTESIAN_POINT('',(18.193936230707,10.504273980418,4.5));
#1396 = DIRECTION('',(0.,0.,-1.));
#1397 = DIRECTION('',(0.866025403784,0.5,0.));
#1398 = ORIENTED_EDGE('',*,*,#1399,.T.);
#1399 = EDGE_CURVE('',#1391,#1400,#1402,.T.);
#1400 = VERTEX_POINT('',#1401);
#1401 = CARTESIAN_POINT('',(20.617054599781,13.693047857569,4.5));
#1402 = LINE('',#1403,#1404);
#1403 = CARTESIAN_POINT('',(8.321968115354,6.594476366075,4.5));
#1404 = VECTOR('',#1405,1.);
#1405 = DIRECTION('',(0.866025403784,0.5,0.));
#1406 = ORIENTED_EDGE('',*,*,#1407,.T.);
#1407 = EDGE_CURVE('',#1400,#1408,#1410,.T.);
#1408 = VERTEX_POINT('',#1409);
#1409 = CARTESIAN_POINT('',(18.562554950579,16.370523928902,4.5));
#1410 = CIRCLE('',#1411,24.75);
#1411 = AXIS2_PLACEMENT_3D('',#1412,#1413,#1414);
#1412 = CARTESIAN_POINT('',(0.,0.,4.5));
#1413 = DIRECTION('',(0.,0.,1.));
#1414 = DIRECTION('',(1.,0.,0.));
#1415 = ORIENTED_EDGE('',*,*,#1416,.F.);
#1416 = EDGE_CURVE('',#1417,#1408,#1419,.T.);
#1417 = VERTEX_POINT('',#1418);
#1418 = CARTESIAN_POINT('',(15.951302236829,13.75927121515,4.5));
#1419 = LINE('',#1420,#1421);
#1420 = CARTESIAN_POINT('',(8.523658873834,6.331627852156,4.5));
#1421 = VECTOR('',#1422,1.);
#1422 = DIRECTION('',(0.707106781187,0.707106781187,0.));
#1423 = ORIENTED_EDGE('',*,*,#1424,.T.);
#1424 = EDGE_CURVE('',#1417,#1425,#1427,.T.);
#1425 = VERTEX_POINT('',#1426);
#1426 = CARTESIAN_POINT('',(13.75927121515,15.951302236829,4.5));
#1427 = CIRCLE('',#1428,1.55);
#1428 = AXIS2_PLACEMENT_3D('',#1429,#1430,#1431);
#1429 = CARTESIAN_POINT('',(14.855286725989,14.855286725989,4.5));
#1430 = DIRECTION('',(0.,0.,-1.));
#1431 = DIRECTION('',(0.707106781187,0.707106781187,0.));
#1432 = ORIENTED_EDGE('',*,*,#1433,.T.);
#1433 = EDGE_CURVE('',#1425,#1434,#1436,.T.);
#1434 = VERTEX_POINT('',#1435);
#1435 = CARTESIAN_POINT('',(16.370523928902,18.562554950579,4.5));
#1436 = LINE('',#1437,#1438);
#1437 = CARTESIAN_POINT('',(6.331627852156,8.523658873834,4.5));
#1438 = VECTOR('',#1439,1.);
#1439 = DIRECTION('',(0.707106781187,0.707106781187,0.));
#1440 = ORIENTED_EDGE('',*,*,#1441,.T.);
#1441 = EDGE_CURVE('',#1434,#1442,#1444,.T.);
#1442 = VERTEX_POINT('',#1443);
#1443 = CARTESIAN_POINT('',(13.693047857569,20.617054599781,4.5));
#1444 = CIRCLE('',#1445,24.75);
#1445 = AXIS2_PLACEMENT_3D('',#1446,#1447,#1448);
#1446 = CARTESIAN_POINT('',(0.,0.,4.5));
#1447 = DIRECTION('',(0.,0.,1.));
#1448 = DIRECTION('',(1.,0.,0.));
#1449 = ORIENTED_EDGE('',*,*,#1450,.F.);
#1450 = EDGE_CURVE('',#1451,#1442,#1453,.T.);
#1451 = VERTEX_POINT('',#1452);
#1452 = CARTESIAN_POINT('',(11.846613356284,17.418936230707,4.5));
#1453 = LINE('',#1454,#1455);
#1454 = CARTESIAN_POINT('',(6.594476366075,8.321968115354,4.5));
#1455 = VECTOR('',#1456,1.);
#1456 = DIRECTION('',(0.5,0.866025403784,0.));
#1457 = ORIENTED_EDGE('',*,*,#1458,.T.);
#1458 = EDGE_CURVE('',#1451,#1459,#1461,.T.);
#1459 = VERTEX_POINT('',#1460);
#1460 = CARTESIAN_POINT('',(9.161934604552,18.968936230707,4.5));
#1461 = CIRCLE('',#1462,1.55);
#1462 = AXIS2_PLACEMENT_3D('',#1463,#1464,#1465);
#1463 = CARTESIAN_POINT('',(10.504273980418,18.193936230707,4.5));
#1464 = DIRECTION('',(0.,0.,-1.));
#1465 = DIRECTION('',(0.5,0.866025403784,0.));
#1466 = ORIENTED_EDGE('',*,*,#1467,.T.);
#1467 = EDGE_CURVE('',#1459,#1468,#1470,.T.);
#1468 = VERTEX_POINT('',#1469);
#1469 = CARTESIAN_POINT('',(11.008369105837,22.16705459978,4.5));
#1470 = LINE('',#1471,#1472);
#1471 = CARTESIAN_POINT('',(3.909797614343,9.871968115354,4.5));
#1472 = VECTOR('',#1473,1.);
#1473 = DIRECTION('',(0.5,0.866025403784,0.));
#1474 = ORIENTED_EDGE('',*,*,#1475,.T.);
#1475 = EDGE_CURVE('',#1468,#1476,#1478,.T.);
#1476 = VERTEX_POINT('',#1477);
#1477 = CARTESIAN_POINT('',(7.890382181896,23.458567070979,4.5));
#1478 = CIRCLE('',#1479,24.75);
#1479 = AXIS2_PLACEMENT_3D('',#1480,#1481,#1482);
#1480 = CARTESIAN_POINT('',(0.,0.,4.5));
#1481 = DIRECTION('',(0.,0.,1.));
#1482 = DIRECTION('',(1.,0.,0.));
#1483 = ORIENTED_EDGE('',*,*,#1484,.F.);
#1484 = EDGE_CURVE('',#1485,#1476,#1487,.T.);
#1485 = VERTEX_POINT('',#1486);
#1486 = CARTESIAN_POINT('',(6.934597352962,19.891529528294,4.5));
#1487 = LINE('',#1488,#1489);
#1488 = CARTESIAN_POINT('',(4.215891191855,9.745180004193,4.5));
#1489 = VECTOR('',#1490,1.);
#1490 = DIRECTION('',(0.258819045103,0.965925826289,0.));
#1491 = ORIENTED_EDGE('',*,*,#1492,.T.);
#1492 = EDGE_CURVE('',#1485,#1493,#1495,.T.);
#1493 = VERTEX_POINT('',#1494);
#1494 = CARTESIAN_POINT('',(3.940227291466,20.693868568112,4.5));
#1495 = CIRCLE('',#1496,1.55);
#1496 = AXIS2_PLACEMENT_3D('',#1497,#1498,#1499);
#1497 = CARTESIAN_POINT('',(5.437412322214,20.292699048203,4.5));
#1498 = DIRECTION('',(0.,0.,-1.));
#1499 = DIRECTION('',(0.258819045103,0.965925826289,0.));
#1500 = ORIENTED_EDGE('',*,*,#1501,.T.);
#1501 = EDGE_CURVE('',#1493,#1502,#1504,.T.);
#1502 = VERTEX_POINT('',#1503);
#1503 = CARTESIAN_POINT('',(4.8960121204,24.260906110797,4.5));
#1504 = LINE('',#1505,#1506);
#1505 = CARTESIAN_POINT('',(1.221521130359,10.547519044011,4.5));
#1506 = VECTOR('',#1507,1.);
#1507 = DIRECTION('',(0.258819045103,0.965925826289,0.));
#1508 = ORIENTED_EDGE('',*,*,#1509,.T.);
#1509 = EDGE_CURVE('',#1502,#1510,#1512,.T.);
#1510 = VERTEX_POINT('',#1511);
#1511 = CARTESIAN_POINT('',(1.55,24.701416963405,4.5));
#1512 = CIRCLE('',#1513,24.75);
#1513 = AXIS2_PLACEMENT_3D('',#1514,#1515,#1516);
#1514 = CARTESIAN_POINT('',(0.,0.,4.5));
#1515 = DIRECTION('',(0.,0.,1.));
#1516 = DIRECTION('',(1.,0.,0.));
#1517 = ORIENTED_EDGE('',*,*,#1518,.F.);
#1518 = EDGE_CURVE('',#1519,#1510,#1521,.T.);
#1519 = VERTEX_POINT('',#1520);
#1520 = CARTESIAN_POINT('',(1.55,21.008547960835,4.5));
#1521 = LINE('',#1522,#1523);
#1522 = CARTESIAN_POINT('',(1.55,10.504273980418,4.5));
#1523 = VECTOR('',#1524,1.);
#1524 = DIRECTION('',(0.,1.,0.));
#1525 = ORIENTED_EDGE('',*,*,#1526,.T.);
#1526 = EDGE_CURVE('',#1519,#1527,#1529,.T.);
#1527 = VERTEX_POINT('',#1528);
#1528 = CARTESIAN_POINT('',(-1.55,21.008547960835,4.5));
#1529 = CIRCLE('',#1530,1.55);
#1530 = AXIS2_PLACEMENT_3D('',#1531,#1532,#1533);
#1531 = CARTESIAN_POINT('',(0.,21.008547960835,4.5));
#1532 = DIRECTION('',(0.,0.,-1.));
#1533 = DIRECTION('',(0.,1.,0.));
#1534 = ORIENTED_EDGE('',*,*,#1535,.T.);
#1535 = EDGE_CURVE('',#1527,#1536,#1538,.T.);
#1536 = VERTEX_POINT('',#1537);
#1537 = CARTESIAN_POINT('',(-1.55,24.701416963405,4.5));
#1538 = LINE('',#1539,#1540);
#1539 = CARTESIAN_POINT('',(-1.55,10.504273980418,4.5));
#1540 = VECTOR('',#1541,1.);
#1541 = DIRECTION('',(0.,1.,0.));
#1542 = ORIENTED_EDGE('',*,*,#1543,.T.);
#1543 = EDGE_CURVE('',#1536,#1544,#1546,.T.);
#1544 = VERTEX_POINT('',#1545);
#1545 = CARTESIAN_POINT('',(-4.8960121204,24.260906110797,4.5));
#1546 = CIRCLE('',#1547,24.75);
#1547 = AXIS2_PLACEMENT_3D('',#1548,#1549,#1550);
#1548 = CARTESIAN_POINT('',(0.,0.,4.5));
#1549 = DIRECTION('',(0.,0.,1.));
#1550 = DIRECTION('',(1.,0.,0.));
#1551 = ORIENTED_EDGE('',*,*,#1552,.F.);
#1552 = EDGE_CURVE('',#1553,#1544,#1555,.T.);
#1553 = VERTEX_POINT('',#1554);
#1554 = CARTESIAN_POINT('',(-3.940227291466,20.693868568112,4.5));
#1555 = LINE('',#1556,#1557);
#1556 = CARTESIAN_POINT('',(-1.221521130359,10.547519044011,4.5));
#1557 = VECTOR('',#1558,1.);
#1558 = DIRECTION('',(-0.258819045103,0.965925826289,0.));
#1559 = ORIENTED_EDGE('',*,*,#1560,.T.);
#1560 = EDGE_CURVE('',#1553,#1561,#1563,.T.);
#1561 = VERTEX_POINT('',#1562);
#1562 = CARTESIAN_POINT('',(-6.934597352962,19.891529528294,4.5));
#1563 = CIRCLE('',#1564,1.55);
#1564 = AXIS2_PLACEMENT_3D('',#1565,#1566,#1567);
#1565 = CARTESIAN_POINT('',(-5.437412322214,20.292699048203,4.5));
#1566 = DIRECTION('',(0.,0.,-1.));
#1567 = DIRECTION('',(-0.258819045103,0.965925826289,0.));
#1568 = ORIENTED_EDGE('',*,*,#1569,.T.);
#1569 = EDGE_CURVE('',#1561,#1570,#1572,.T.);
#1570 = VERTEX_POINT('',#1571);
#1571 = CARTESIAN_POINT('',(-7.890382181896,23.458567070979,4.5));
#1572 = LINE('',#1573,#1574);
#1573 = CARTESIAN_POINT('',(-4.215891191855,9.745180004193,4.5));
#1574 = VECTOR('',#1575,1.);
#1575 = DIRECTION('',(-0.258819045103,0.965925826289,0.));
#1576 = ORIENTED_EDGE('',*,*,#1577,.T.);
#1577 = EDGE_CURVE('',#1570,#1578,#1580,.T.);
#1578 = VERTEX_POINT('',#1579);
#1579 = CARTESIAN_POINT('',(-11.00836910583,22.16705459978,4.5));
#1580 = CIRCLE('',#1581,24.75);
#1581 = AXIS2_PLACEMENT_3D('',#1582,#1583,#1584);
#1582 = CARTESIAN_POINT('',(0.,0.,4.5));
#1583 = DIRECTION('',(0.,0.,1.));
#1584 = DIRECTION('',(1.,0.,0.));
#1585 = ORIENTED_EDGE('',*,*,#1586,.F.);
#1586 = EDGE_CURVE('',#1587,#1578,#1589,.T.);
#1587 = VERTEX_POINT('',#1588);
#1588 = CARTESIAN_POINT('',(-9.161934604552,18.968936230707,4.5));
#1589 = LINE('',#1590,#1591);
#1590 = CARTESIAN_POINT('',(-3.909797614343,9.871968115354,4.5));
#1591 = VECTOR('',#1592,1.);
#1592 = DIRECTION('',(-0.5,0.866025403784,0.));
#1593 = ORIENTED_EDGE('',*,*,#1594,.T.);
#1594 = EDGE_CURVE('',#1587,#1595,#1597,.T.);
#1595 = VERTEX_POINT('',#1596);
#1596 = CARTESIAN_POINT('',(-11.84661335628,17.418936230707,4.5));
#1597 = CIRCLE('',#1598,1.55);
#1598 = AXIS2_PLACEMENT_3D('',#1599,#1600,#1601);
#1599 = CARTESIAN_POINT('',(-10.50427398041,18.193936230707,4.5));
#1600 = DIRECTION('',(0.,0.,-1.));
#1601 = DIRECTION('',(-0.5,0.866025403784,0.));
#1602 = ORIENTED_EDGE('',*,*,#1603,.T.);
#1603 = EDGE_CURVE('',#1595,#1604,#1606,.T.);
#1604 = VERTEX_POINT('',#1605);
#1605 = CARTESIAN_POINT('',(-13.69304785756,20.617054599781,4.5));
#1606 = LINE('',#1607,#1608);
#1607 = CARTESIAN_POINT('',(-6.594476366075,8.321968115354,4.5));
#1608 = VECTOR('',#1609,1.);
#1609 = DIRECTION('',(-0.5,0.866025403784,0.));
#1610 = ORIENTED_EDGE('',*,*,#1611,.T.);
#1611 = EDGE_CURVE('',#1604,#1612,#1614,.T.);
#1612 = VERTEX_POINT('',#1613);
#1613 = CARTESIAN_POINT('',(-16.3705239289,18.562554950579,4.5));
#1614 = CIRCLE('',#1615,24.75);
#1615 = AXIS2_PLACEMENT_3D('',#1616,#1617,#1618);
#1616 = CARTESIAN_POINT('',(0.,0.,4.5));
#1617 = DIRECTION('',(0.,0.,1.));
#1618 = DIRECTION('',(1.,0.,0.));
#1619 = ORIENTED_EDGE('',*,*,#1620,.F.);
#1620 = EDGE_CURVE('',#1621,#1612,#1623,.T.);
#1621 = VERTEX_POINT('',#1622);
#1622 = CARTESIAN_POINT('',(-13.75927121515,15.951302236829,4.5));
#1623 = LINE('',#1624,#1625);
#1624 = CARTESIAN_POINT('',(-6.331627852156,8.523658873834,4.5));
#1625 = VECTOR('',#1626,1.);
#1626 = DIRECTION('',(-0.707106781187,0.707106781187,0.));
#1627 = ORIENTED_EDGE('',*,*,#1628,.T.);
#1628 = EDGE_CURVE('',#1621,#1629,#1631,.T.);
#1629 = VERTEX_POINT('',#1630);
#1630 = CARTESIAN_POINT('',(-15.95130223682,13.75927121515,4.5));
#1631 = CIRCLE('',#1632,1.55);
#1632 = AXIS2_PLACEMENT_3D('',#1633,#1634,#1635);
#1633 = CARTESIAN_POINT('',(-14.85528672598,14.855286725989,4.5));
#1634 = DIRECTION('',(0.,0.,-1.));
#1635 = DIRECTION('',(-0.707106781187,0.707106781187,0.));
#1636 = ORIENTED_EDGE('',*,*,#1637,.T.);
#1637 = EDGE_CURVE('',#1629,#1638,#1640,.T.);
#1638 = VERTEX_POINT('',#1639);
#1639 = CARTESIAN_POINT('',(-18.56255495057,16.370523928902,4.5));
#1640 = LINE('',#1641,#1642);
#1641 = CARTESIAN_POINT('',(-8.523658873834,6.331627852156,4.5));
#1642 = VECTOR('',#1643,1.);
#1643 = DIRECTION('',(-0.707106781187,0.707106781187,0.));
#1644 = ORIENTED_EDGE('',*,*,#1645,.T.);
#1645 = EDGE_CURVE('',#1638,#1646,#1648,.T.);
#1646 = VERTEX_POINT('',#1647);
#1647 = CARTESIAN_POINT('',(-20.61705459978,13.693047857569,4.5));
#1648 = CIRCLE('',#1649,24.75);
#1649 = AXIS2_PLACEMENT_3D('',#1650,#1651,#1652);
#1650 = CARTESIAN_POINT('',(0.,0.,4.5));
#1651 = DIRECTION('',(0.,0.,1.));
#1652 = DIRECTION('',(1.,0.,0.));
#1653 = ORIENTED_EDGE('',*,*,#1654,.F.);
#1654 = EDGE_CURVE('',#1655,#1646,#1657,.T.);
#1655 = VERTEX_POINT('',#1656);
#1656 = CARTESIAN_POINT('',(-17.4189362307,11.846613356284,4.5));
#1657 = LINE('',#1658,#1659);
#1658 = CARTESIAN_POINT('',(-8.321968115354,6.594476366075,4.5));
#1659 = VECTOR('',#1660,1.);
#1660 = DIRECTION('',(-0.866025403784,0.5,0.));
#1661 = ORIENTED_EDGE('',*,*,#1662,.T.);
#1662 = EDGE_CURVE('',#1655,#1663,#1665,.T.);
#1663 = VERTEX_POINT('',#1664);
#1664 = CARTESIAN_POINT('',(-18.9689362307,9.161934604552,4.5));
#1665 = CIRCLE('',#1666,1.55);
#1666 = AXIS2_PLACEMENT_3D('',#1667,#1668,#1669);
#1667 = CARTESIAN_POINT('',(-18.1939362307,10.504273980418,4.5));
#1668 = DIRECTION('',(0.,0.,-1.));
#1669 = DIRECTION('',(-0.866025403784,0.5,0.));
#1670 = ORIENTED_EDGE('',*,*,#1671,.T.);
#1671 = EDGE_CURVE('',#1663,#1672,#1674,.T.);
#1672 = VERTEX_POINT('',#1673);
#1673 = CARTESIAN_POINT('',(-22.16705459978,11.008369105837,4.5));
#1674 = LINE('',#1675,#1676);
#1675 = CARTESIAN_POINT('',(-9.871968115354,3.909797614343,4.5));
#1676 = VECTOR('',#1677,1.);
#1677 = DIRECTION('',(-0.866025403784,0.5,0.));
#1678 = ORIENTED_EDGE('',*,*,#1679,.T.);
#1679 = EDGE_CURVE('',#1672,#1680,#1682,.T.);
#1680 = VERTEX_POINT('',#1681);
#1681 = CARTESIAN_POINT('',(-23.45856707097,7.890382181896,4.5));
#1682 = CIRCLE('',#1683,24.75);
#1683 = AXIS2_PLACEMENT_3D('',#1684,#1685,#1686);
#1684 = CARTESIAN_POINT('',(0.,0.,4.5));
#1685 = DIRECTION('',(0.,0.,1.));
#1686 = DIRECTION('',(1.,0.,0.));
#1687 = ORIENTED_EDGE('',*,*,#1688,.F.);
#1688 = EDGE_CURVE('',#1689,#1680,#1691,.T.);
#1689 = VERTEX_POINT('',#1690);
#1690 = CARTESIAN_POINT('',(-19.89152952829,6.934597352962,4.5));
#1691 = LINE('',#1692,#1693);
#1692 = CARTESIAN_POINT('',(-9.745180004193,4.215891191855,4.5));
#1693 = VECTOR('',#1694,1.);
#1694 = DIRECTION('',(-0.965925826289,0.258819045103,0.));
#1695 = ORIENTED_EDGE('',*,*,#1696,.T.);
#1696 = EDGE_CURVE('',#1689,#1697,#1699,.T.);
#1697 = VERTEX_POINT('',#1698);
#1698 = CARTESIAN_POINT('',(-20.69386856811,3.940227291466,4.5));
#1699 = CIRCLE('',#1700,1.55);
#1700 = AXIS2_PLACEMENT_3D('',#1701,#1702,#1703);
#1701 = CARTESIAN_POINT('',(-20.2926990482,5.437412322214,4.5));
#1702 = DIRECTION('',(0.,0.,-1.));
#1703 = DIRECTION('',(-0.965925826289,0.258819045103,0.));
#1704 = ORIENTED_EDGE('',*,*,#1705,.T.);
#1705 = EDGE_CURVE('',#1697,#1706,#1708,.T.);
#1706 = VERTEX_POINT('',#1707);
#1707 = CARTESIAN_POINT('',(-24.26090611079,4.8960121204,4.5));
#1708 = LINE('',#1709,#1710);
#1709 = CARTESIAN_POINT('',(-10.54751904401,1.221521130359,4.5));
#1710 = VECTOR('',#1711,1.);
#1711 = DIRECTION('',(-0.965925826289,0.258819045103,0.));
#1712 = ORIENTED_EDGE('',*,*,#1713,.T.);
#1713 = EDGE_CURVE('',#1706,#1714,#1716,.T.);
#1714 = VERTEX_POINT('',#1715);
#1715 = CARTESIAN_POINT('',(-24.7014169634,1.55,4.5));
#1716 = CIRCLE('',#1717,24.75);
#1717 = AXIS2_PLACEMENT_3D('',#1718,#1719,#1720);
#1718 = CARTESIAN_POINT('',(0.,0.,4.5));
#1719 = DIRECTION('',(0.,0.,1.));
#1720 = DIRECTION('',(1.,0.,0.));
#1721 = ORIENTED_EDGE('',*,*,#1722,.F.);
#1722 = EDGE_CURVE('',#1723,#1714,#1725,.T.);
#1723 = VERTEX_POINT('',#1724);
#1724 = CARTESIAN_POINT('',(-21.00854796083,1.55,4.5));
#1725 = LINE('',#1726,#1727);
#1726 = CARTESIAN_POINT('',(-10.50427398041,1.55,4.5));
#1727 = VECTOR('',#1728,1.);
#1728 = DIRECTION('',(-1.,0.,0.));
#1729 = ORIENTED_EDGE('',*,*,#1730,.T.);
#1730 = EDGE_CURVE('',#1723,#1731,#1733,.T.);
#1731 = VERTEX_POINT('',#1732);
#1732 = CARTESIAN_POINT('',(-21.00854796083,-1.55,4.5));
#1733 = CIRCLE('',#1734,1.55);
#1734 = AXIS2_PLACEMENT_3D('',#1735,#1736,#1737);
#1735 = CARTESIAN_POINT('',(-21.00854796083,0.,4.5));
#1736 = DIRECTION('',(0.,0.,-1.));
#1737 = DIRECTION('',(-1.,0.,0.));
#1738 = ORIENTED_EDGE('',*,*,#1739,.T.);
#1739 = EDGE_CURVE('',#1731,#1740,#1742,.T.);
#1740 = VERTEX_POINT('',#1741);
#1741 = CARTESIAN_POINT('',(-24.7014169634,-1.55,4.5));
#1742 = LINE('',#1743,#1744);
#1743 = CARTESIAN_POINT('',(-10.50427398041,-1.55,4.5));
#1744 = VECTOR('',#1745,1.);
#1745 = DIRECTION('',(-1.,0.,0.));
#1746 = ORIENTED_EDGE('',*,*,#1747,.T.);
#1747 = EDGE_CURVE('',#1740,#1748,#1750,.T.);
#1748 = VERTEX_POINT('',#1749);
#1749 = CARTESIAN_POINT('',(-24.26090611079,-4.8960121204,4.5));
#1750 = CIRCLE('',#1751,24.75);
#1751 = AXIS2_PLACEMENT_3D('',#1752,#1753,#1754);
#1752 = CARTESIAN_POINT('',(0.,0.,4.5));
#1753 = DIRECTION('',(0.,0.,1.));
#1754 = DIRECTION('',(1.,0.,0.));
#1755 = ORIENTED_EDGE('',*,*,#1756,.F.);
#1756 = EDGE_CURVE('',#1757,#1748,#1759,.T.);
#1757 = VERTEX_POINT('',#1758);
#1758 = CARTESIAN_POINT('',(-20.69386856811,-3.940227291466,4.5));
#1759 = LINE('',#1760,#1761);
#1760 = CARTESIAN_POINT('',(-10.54751904401,-1.221521130359,4.5));
#1761 = VECTOR('',#1762,1.);
#1762 = DIRECTION('',(-0.965925826289,-0.258819045103,0.));
#1763 = ORIENTED_EDGE('',*,*,#1764,.T.);
#1764 = EDGE_CURVE('',#1757,#1765,#1767,.T.);
#1765 = VERTEX_POINT('',#1766);
#1766 = CARTESIAN_POINT('',(-19.89152952829,-6.934597352962,4.5));
#1767 = CIRCLE('',#1768,1.55);
#1768 = AXIS2_PLACEMENT_3D('',#1769,#1770,#1771);
#1769 = CARTESIAN_POINT('',(-20.2926990482,-5.437412322214,4.5));
#1770 = DIRECTION('',(-0.,0.,-1.));
#1771 = DIRECTION('',(-0.965925826289,-0.258819045103,0.));
#1772 = ORIENTED_EDGE('',*,*,#1773,.T.);
#1773 = EDGE_CURVE('',#1765,#1774,#1776,.T.);
#1774 = VERTEX_POINT('',#1775);
#1775 = CARTESIAN_POINT('',(-23.45856707097,-7.890382181896,4.5));
#1776 = LINE('',#1777,#1778);
#1777 = CARTESIAN_POINT('',(-9.745180004193,-4.215891191855,4.5));
#1778 = VECTOR('',#1779,1.);
#1779 = DIRECTION('',(-0.965925826289,-0.258819045103,0.));
#1780 = ORIENTED_EDGE('',*,*,#1781,.T.);
#1781 = EDGE_CURVE('',#1774,#1782,#1784,.T.);
#1782 = VERTEX_POINT('',#1783);
#1783 = CARTESIAN_POINT('',(-22.16705459978,-11.00836910583,4.5));
#1784 = CIRCLE('',#1785,24.75);
#1785 = AXIS2_PLACEMENT_3D('',#1786,#1787,#1788);
#1786 = CARTESIAN_POINT('',(0.,0.,4.5));
#1787 = DIRECTION('',(0.,0.,1.));
#1788 = DIRECTION('',(1.,0.,0.));
#1789 = ORIENTED_EDGE('',*,*,#1790,.F.);
#1790 = EDGE_CURVE('',#1791,#1782,#1793,.T.);
#1791 = VERTEX_POINT('',#1792);
#1792 = CARTESIAN_POINT('',(-18.9689362307,-9.161934604552,4.5));
#1793 = LINE('',#1794,#1795);
#1794 = CARTESIAN_POINT('',(-9.871968115354,-3.909797614343,4.5));
#1795 = VECTOR('',#1796,1.);
#1796 = DIRECTION('',(-0.866025403784,-0.5,0.));
#1797 = ORIENTED_EDGE('',*,*,#1798,.T.);
#1798 = EDGE_CURVE('',#1791,#1799,#1801,.T.);
#1799 = VERTEX_POINT('',#1800);
#1800 = CARTESIAN_POINT('',(-17.4189362307,-11.84661335628,4.5));
#1801 = CIRCLE('',#1802,1.55);
#1802 = AXIS2_PLACEMENT_3D('',#1803,#1804,#1805);
#1803 = CARTESIAN_POINT('',(-18.1939362307,-10.50427398041,4.5));
#1804 = DIRECTION('',(-0.,0.,-1.));
#1805 = DIRECTION('',(-0.866025403784,-0.5,0.));
#1806 = ORIENTED_EDGE('',*,*,#1807,.T.);
#1807 = EDGE_CURVE('',#1799,#1808,#1810,.T.);
#1808 = VERTEX_POINT('',#1809);
#1809 = CARTESIAN_POINT('',(-20.61705459978,-13.69304785756,4.5));
#1810 = LINE('',#1811,#1812);
#1811 = CARTESIAN_POINT('',(-8.321968115354,-6.594476366075,4.5));
#1812 = VECTOR('',#1813,1.);
#1813 = DIRECTION('',(-0.866025403784,-0.5,0.));
#1814 = ORIENTED_EDGE('',*,*,#1815,.T.);
#1815 = EDGE_CURVE('',#1808,#1816,#1818,.T.);
#1816 = VERTEX_POINT('',#1817);
#1817 = CARTESIAN_POINT('',(-18.56255495057,-16.3705239289,4.5));
#1818 = CIRCLE('',#1819,24.75);
#1819 = AXIS2_PLACEMENT_3D('',#1820,#1821,#1822);
#1820 = CARTESIAN_POINT('',(0.,0.,4.5));
#1821 = DIRECTION('',(0.,0.,1.));
#1822 = DIRECTION('',(1.,0.,0.));
#1823 = ORIENTED_EDGE('',*,*,#1824,.F.);
#1824 = EDGE_CURVE('',#1825,#1816,#1827,.T.);
#1825 = VERTEX_POINT('',#1826);
#1826 = CARTESIAN_POINT('',(-15.95130223682,-13.75927121515,4.5));
#1827 = LINE('',#1828,#1829);
#1828 = CARTESIAN_POINT('',(-8.523658873834,-6.331627852156,4.5));
#1829 = VECTOR('',#1830,1.);
#1830 = DIRECTION('',(-0.707106781187,-0.707106781187,0.));
#1831 = ORIENTED_EDGE('',*,*,#1832,.T.);
#1832 = EDGE_CURVE('',#1825,#1833,#1835,.T.);
#1833 = VERTEX_POINT('',#1834);
#1834 = CARTESIAN_POINT('',(-13.75927121515,-15.95130223682,4.5));
#1835 = CIRCLE('',#1836,1.55);
#1836 = AXIS2_PLACEMENT_3D('',#1837,#1838,#1839);
#1837 = CARTESIAN_POINT('',(-14.85528672598,-14.85528672598,4.5));
#1838 = DIRECTION('',(-0.,0.,-1.));
#1839 = DIRECTION('',(-0.707106781187,-0.707106781187,0.));
#1840 = ORIENTED_EDGE('',*,*,#1841,.T.);
#1841 = EDGE_CURVE('',#1833,#1842,#1844,.T.);
#1842 = VERTEX_POINT('',#1843);
#1843 = CARTESIAN_POINT('',(-16.3705239289,-18.56255495057,4.5));
#1844 = LINE('',#1845,#1846);
#1845 = CARTESIAN_POINT('',(-6.331627852156,-8.523658873834,4.5));
#1846 = VECTOR('',#1847,1.);
#1847 = DIRECTION('',(-0.707106781187,-0.707106781187,0.));
#1848 = ORIENTED_EDGE('',*,*,#1849,.T.);
#1849 = EDGE_CURVE('',#1842,#1850,#1852,.T.);
#1850 = VERTEX_POINT('',#1851);
#1851 = CARTESIAN_POINT('',(-13.69304785756,-20.61705459978,4.5));
#1852 = CIRCLE('',#1853,24.75);
#1853 = AXIS2_PLACEMENT_3D('',#1854,#1855,#1856);
#1854 = CARTESIAN_POINT('',(0.,0.,4.5));
#1855 = DIRECTION('',(0.,0.,1.));
#1856 = DIRECTION('',(1.,0.,0.));
#1857 = ORIENTED_EDGE('',*,*,#1858,.F.);
#1858 = EDGE_CURVE('',#1859,#1850,#1861,.T.);
#1859 = VERTEX_POINT('',#1860);
#1860 = CARTESIAN_POINT('',(-11.84661335628,-17.4189362307,4.5));
#1861 = LINE('',#1862,#1863);
#1862 = CARTESIAN_POINT('',(-6.594476366075,-8.321968115354,4.5));
#1863 = VECTOR('',#1864,1.);
#1864 = DIRECTION('',(-0.5,-0.866025403784,0.));
#1865 = ORIENTED_EDGE('',*,*,#1866,.T.);
#1866 = EDGE_CURVE('',#1859,#1867,#1869,.T.);
#1867 = VERTEX_POINT('',#1868);
#1868 = CARTESIAN_POINT('',(-9.161934604552,-18.9689362307,4.5));
#1869 = CIRCLE('',#1870,1.55);
#1870 = AXIS2_PLACEMENT_3D('',#1871,#1872,#1873);
#1871 = CARTESIAN_POINT('',(-10.50427398041,-18.1939362307,4.5));
#1872 = DIRECTION('',(-0.,0.,-1.));
#1873 = DIRECTION('',(-0.5,-0.866025403784,0.));
#1874 = ORIENTED_EDGE('',*,*,#1875,.T.);
#1875 = EDGE_CURVE('',#1867,#1876,#1878,.T.);
#1876 = VERTEX_POINT('',#1877);
#1877 = CARTESIAN_POINT('',(-11.00836910583,-22.16705459978,4.5));
#1878 = LINE('',#1879,#1880);
#1879 = CARTESIAN_POINT('',(-3.909797614343,-9.871968115354,4.5));
#1880 = VECTOR('',#1881,1.);
#1881 = DIRECTION('',(-0.5,-0.866025403784,0.));
#1882 = ORIENTED_EDGE('',*,*,#1883,.T.);
#1883 = EDGE_CURVE('',#1876,#1884,#1886,.T.);
#1884 = VERTEX_POINT('',#1885);
#1885 = CARTESIAN_POINT('',(-7.890382181896,-23.45856707097,4.5));
#1886 = CIRCLE('',#1887,24.75);
#1887 = AXIS2_PLACEMENT_3D('',#1888,#1889,#1890);
#1888 = CARTESIAN_POINT('',(0.,0.,4.5));
#1889 = DIRECTION('',(0.,0.,1.));
#1890 = DIRECTION('',(1.,0.,0.));
#1891 = ORIENTED_EDGE('',*,*,#1892,.F.);
#1892 = EDGE_CURVE('',#1893,#1884,#1895,.T.);
#1893 = VERTEX_POINT('',#1894);
#1894 = CARTESIAN_POINT('',(-6.934597352962,-19.89152952829,4.5));
#1895 = LINE('',#1896,#1897);
#1896 = CARTESIAN_POINT('',(-4.215891191855,-9.745180004193,4.5));
#1897 = VECTOR('',#1898,1.);
#1898 = DIRECTION('',(-0.258819045103,-0.965925826289,0.));
#1899 = ORIENTED_EDGE('',*,*,#1900,.T.);
#1900 = EDGE_CURVE('',#1893,#1901,#1903,.T.);
#1901 = VERTEX_POINT('',#1902);
#1902 = CARTESIAN_POINT('',(-3.940227291466,-20.69386856811,4.5));
#1903 = CIRCLE('',#1904,1.55);
#1904 = AXIS2_PLACEMENT_3D('',#1905,#1906,#1907);
#1905 = CARTESIAN_POINT('',(-5.437412322214,-20.2926990482,4.5));
#1906 = DIRECTION('',(-0.,0.,-1.));
#1907 = DIRECTION('',(-0.258819045103,-0.965925826289,0.));
#1908 = ORIENTED_EDGE('',*,*,#1909,.T.);
#1909 = EDGE_CURVE('',#1901,#1910,#1912,.T.);
#1910 = VERTEX_POINT('',#1911);
#1911 = CARTESIAN_POINT('',(-4.8960121204,-24.26090611079,4.5));
#1912 = LINE('',#1913,#1914);
#1913 = CARTESIAN_POINT('',(-1.221521130359,-10.54751904401,4.5));
#1914 = VECTOR('',#1915,1.);
#1915 = DIRECTION('',(-0.258819045103,-0.965925826289,0.));
#1916 = ORIENTED_EDGE('',*,*,#1917,.T.);
#1917 = EDGE_CURVE('',#1910,#1918,#1920,.T.);
#1918 = VERTEX_POINT('',#1919);
#1919 = CARTESIAN_POINT('',(-1.55,-24.7014169634,4.5));
#1920 = CIRCLE('',#1921,24.75);
#1921 = AXIS2_PLACEMENT_3D('',#1922,#1923,#1924);
#1922 = CARTESIAN_POINT('',(0.,0.,4.5));
#1923 = DIRECTION('',(0.,0.,1.));
#1924 = DIRECTION('',(1.,0.,0.));
#1925 = ORIENTED_EDGE('',*,*,#1926,.F.);
#1926 = EDGE_CURVE('',#1927,#1918,#1929,.T.);
#1927 = VERTEX_POINT('',#1928);
#1928 = CARTESIAN_POINT('',(-1.55,-21.00854796083,4.5));
#1929 = LINE('',#1930,#1931);
#1930 = CARTESIAN_POINT('',(-1.55,-10.50427398041,4.5));
#1931 = VECTOR('',#1932,1.);
#1932 = DIRECTION('',(0.,-1.,0.));
#1933 = ORIENTED_EDGE('',*,*,#1934,.T.);
#1934 = EDGE_CURVE('',#1927,#1935,#1937,.T.);
#1935 = VERTEX_POINT('',#1936);
#1936 = CARTESIAN_POINT('',(1.55,-21.00854796083,4.5));
#1937 = CIRCLE('',#1938,1.55);
#1938 = AXIS2_PLACEMENT_3D('',#1939,#1940,#1941);
#1939 = CARTESIAN_POINT('',(0.,-21.00854796083,4.5));
#1940 = DIRECTION('',(-0.,-0.,-1.));
#1941 = DIRECTION('',(0.,-1.,0.));
#1942 = ORIENTED_EDGE('',*,*,#1943,.T.);
#1943 = EDGE_CURVE('',#1935,#1944,#1946,.T.);
#1944 = VERTEX_POINT('',#1945);
#1945 = CARTESIAN_POINT('',(1.55,-24.7014169634,4.5));
#1946 = LINE('',#1947,#1948);
#1947 = CARTESIAN_POINT('',(1.55,-10.50427398041,4.5));
#1948 = VECTOR('',#1949,1.);
#1949 = DIRECTION('',(0.,-1.,0.));
#1950 = ORIENTED_EDGE('',*,*,#1951,.T.);
#1951 = EDGE_CURVE('',#1944,#1952,#1954,.T.);
#1952 = VERTEX_POINT('',#1953);
#1953 = CARTESIAN_POINT('',(4.8960121204,-24.26090611079,4.5));
#1954 = CIRCLE('',#1955,24.75);
#1955 = AXIS2_PLACEMENT_3D('',#1956,#1957,#1958);
#1956 = CARTESIAN_POINT('',(0.,0.,4.5));
#1957 = DIRECTION('',(0.,0.,1.));
#1958 = DIRECTION('',(1.,0.,0.));
#1959 = ORIENTED_EDGE('',*,*,#1960,.F.);
#1960 = EDGE_CURVE('',#1961,#1952,#1963,.T.);
#1961 = VERTEX_POINT('',#1962);
#1962 = CARTESIAN_POINT('',(3.940227291466,-20.69386856811,4.5));
#1963 = LINE('',#1964,#1965);
#1964 = CARTESIAN_POINT('',(1.221521130359,-10.54751904401,4.5));
#1965 = VECTOR('',#1966,1.);
#1966 = DIRECTION('',(0.258819045103,-0.965925826289,0.));
#1967 = ORIENTED_EDGE('',*,*,#1968,.T.);
#1968 = EDGE_CURVE('',#1961,#1969,#1971,.T.);
#1969 = VERTEX_POINT('',#1970);
#1970 = CARTESIAN_POINT('',(6.934597352962,-19.89152952829,4.5));
#1971 = CIRCLE('',#1972,1.55);
#1972 = AXIS2_PLACEMENT_3D('',#1973,#1974,#1975);
#1973 = CARTESIAN_POINT('',(5.437412322214,-20.2926990482,4.5));
#1974 = DIRECTION('',(0.,-0.,-1.));
#1975 = DIRECTION('',(0.258819045103,-0.965925826289,0.));
#1976 = ORIENTED_EDGE('',*,*,#1977,.T.);
#1977 = EDGE_CURVE('',#1969,#1978,#1980,.T.);
#1978 = VERTEX_POINT('',#1979);
#1979 = CARTESIAN_POINT('',(7.890382181896,-23.45856707097,4.5));
#1980 = LINE('',#1981,#1982);
#1981 = CARTESIAN_POINT('',(4.215891191855,-9.745180004193,4.5));
#1982 = VECTOR('',#1983,1.);
#1983 = DIRECTION('',(0.258819045103,-0.965925826289,0.));
#1984 = ORIENTED_EDGE('',*,*,#1985,.T.);
#1985 = EDGE_CURVE('',#1978,#1986,#1988,.T.);
#1986 = VERTEX_POINT('',#1987);
#1987 = CARTESIAN_POINT('',(11.008369105837,-22.16705459978,4.5));
#1988 = CIRCLE('',#1989,24.75);
#1989 = AXIS2_PLACEMENT_3D('',#1990,#1991,#1992);
#1990 = CARTESIAN_POINT('',(0.,0.,4.5));
#1991 = DIRECTION('',(0.,0.,1.));
#1992 = DIRECTION('',(1.,0.,0.));
#1993 = ORIENTED_EDGE('',*,*,#1994,.F.);
#1994 = EDGE_CURVE('',#1995,#1986,#1997,.T.);
#1995 = VERTEX_POINT('',#1996);
#1996 = CARTESIAN_POINT('',(9.161934604552,-18.9689362307,4.5));
#1997 = LINE('',#1998,#1999);
#1998 = CARTESIAN_POINT('',(3.909797614343,-9.871968115354,4.5));
#1999 = VECTOR('',#2000,1.);
#2000 = DIRECTION('',(0.5,-0.866025403784,0.));
#2001 = ORIENTED_EDGE('',*,*,#2002,.T.);
#2002 = EDGE_CURVE('',#1995,#2003,#2005,.T.);
#2003 = VERTEX_POINT('',#2004);
#2004 = CARTESIAN_POINT('',(11.846613356284,-17.4189362307,4.5));
#2005 = CIRCLE('',#2006,1.55);
#2006 = AXIS2_PLACEMENT_3D('',#2007,#2008,#2009);
#2007 = CARTESIAN_POINT('',(10.504273980418,-18.1939362307,4.5));
#2008 = DIRECTION('',(0.,-0.,-1.));
#2009 = DIRECTION('',(0.5,-0.866025403784,0.));
#2010 = ORIENTED_EDGE('',*,*,#2011,.T.);
#2011 = EDGE_CURVE('',#2003,#2012,#2014,.T.);
#2012 = VERTEX_POINT('',#2013);
#2013 = CARTESIAN_POINT('',(13.693047857569,-20.61705459978,4.5));
#2014 = LINE('',#2015,#2016);
#2015 = CARTESIAN_POINT('',(6.594476366075,-8.321968115354,4.5));
#2016 = VECTOR('',#2017,1.);
#2017 = DIRECTION('',(0.5,-0.866025403784,0.));
#2018 = ORIENTED_EDGE('',*,*,#2019,.T.);
#2019 = EDGE_CURVE('',#2012,#2020,#2022,.T.);
#2020 = VERTEX_POINT('',#2021);
#2021 = CARTESIAN_POINT('',(16.370523928902,-18.56255495057,4.5));
#2022 = CIRCLE('',#2023,24.75);
#2023 = AXIS2_PLACEMENT_3D('',#2024,#2025,#2026);
#2024 = CARTESIAN_POINT('',(0.,0.,4.5));
#2025 = DIRECTION('',(0.,0.,1.));
#2026 = DIRECTION('',(1.,0.,0.));
#2027 = ORIENTED_EDGE('',*,*,#2028,.F.);
#2028 = EDGE_CURVE('',#2029,#2020,#2031,.T.);
#2029 = VERTEX_POINT('',#2030);
#2030 = CARTESIAN_POINT('',(13.75927121515,-15.95130223682,4.5));
#2031 = LINE('',#2032,#2033);
#2032 = CARTESIAN_POINT('',(6.331627852156,-8.523658873834,4.5));
#2033 = VECTOR('',#2034,1.);
#2034 = DIRECTION('',(0.707106781187,-0.707106781187,0.));
#2035 = ORIENTED_EDGE('',*,*,#2036,.T.);
#2036 = EDGE_CURVE('',#2029,#2037,#2039,.T.);
#2037 = VERTEX_POINT('',#2038);
#2038 = CARTESIAN_POINT('',(15.951302236829,-13.75927121515,4.5));
#2039 = CIRCLE('',#2040,1.55);
#2040 = AXIS2_PLACEMENT_3D('',#2041,#2042,#2043);
#2041 = CARTESIAN_POINT('',(14.855286725989,-14.85528672598,4.5));
#2042 = DIRECTION('',(0.,-0.,-1.));
#2043 = DIRECTION('',(0.707106781187,-0.707106781187,0.));
#2044 = ORIENTED_EDGE('',*,*,#2045,.T.);
#2045 = EDGE_CURVE('',#2037,#2046,#2048,.T.);
#2046 = VERTEX_POINT('',#2047);
#2047 = CARTESIAN_POINT('',(18.562554950579,-16.3705239289,4.5));
#2048 = LINE('',#2049,#2050);
#2049 = CARTESIAN_POINT('',(8.523658873834,-6.331627852156,4.5));
#2050 = VECTOR('',#2051,1.);
#2051 = DIRECTION('',(0.707106781187,-0.707106781187,0.));
#2052 = ORIENTED_EDGE('',*,*,#2053,.T.);
#2053 = EDGE_CURVE('',#2046,#2054,#2056,.T.);
#2054 = VERTEX_POINT('',#2055);
#2055 = CARTESIAN_POINT('',(20.617054599781,-13.69304785756,4.5));
#2056 = CIRCLE('',#2057,24.75);
#2057 = AXIS2_PLACEMENT_3D('',#2058,#2059,#2060);
#2058 = CARTESIAN_POINT('',(0.,0.,4.5));
#2059 = DIRECTION('',(0.,0.,1.));
#2060 = DIRECTION('',(1.,0.,0.));
#2061 = ORIENTED_EDGE('',*,*,#2062,.F.);
#2062 = EDGE_CURVE('',#2063,#2054,#2065,.T.);
#2063 = VERTEX_POINT('',#2064);
#2064 = CARTESIAN_POINT('',(17.418936230707,-11.84661335628,4.5));
#2065 = LINE('',#2066,#2067);
#2066 = CARTESIAN_POINT('',(8.321968115354,-6.594476366075,4.5));
#2067 = VECTOR('',#2068,1.);
#2068 = DIRECTION('',(0.866025403784,-0.5,0.));
#2069 = ORIENTED_EDGE('',*,*,#2070,.T.);
#2070 = EDGE_CURVE('',#2063,#2071,#2073,.T.);
#2071 = VERTEX_POINT('',#2072);
#2072 = CARTESIAN_POINT('',(18.968936230707,-9.161934604552,4.5));
#2073 = CIRCLE('',#2074,1.55);
#2074 = AXIS2_PLACEMENT_3D('',#2075,#2076,#2077);
#2075 = CARTESIAN_POINT('',(18.193936230707,-10.50427398041,4.5));
#2076 = DIRECTION('',(0.,-0.,-1.));
#2077 = DIRECTION('',(0.866025403784,-0.5,0.));
#2078 = ORIENTED_EDGE('',*,*,#2079,.T.);
#2079 = EDGE_CURVE('',#2071,#2080,#2082,.T.);
#2080 = VERTEX_POINT('',#2081);
#2081 = CARTESIAN_POINT('',(22.167054599781,-11.00836910583,4.5));
#2082 = LINE('',#2083,#2084);
#2083 = CARTESIAN_POINT('',(9.871968115354,-3.909797614343,4.5));
#2084 = VECTOR('',#2085,1.);
#2085 = DIRECTION('',(0.866025403784,-0.5,0.));
#2086 = ORIENTED_EDGE('',*,*,#2087,.T.);
#2087 = EDGE_CURVE('',#2080,#2088,#2090,.T.);
#2088 = VERTEX_POINT('',#2089);
#2089 = CARTESIAN_POINT('',(23.458567070979,-7.890382181896,4.5));
#2090 = CIRCLE('',#2091,24.75);
#2091 = AXIS2_PLACEMENT_3D('',#2092,#2093,#2094);
#2092 = CARTESIAN_POINT('',(0.,0.,4.5));
#2093 = DIRECTION('',(0.,0.,1.));
#2094 = DIRECTION('',(1.,0.,0.));
#2095 = ORIENTED_EDGE('',*,*,#2096,.F.);
#2096 = EDGE_CURVE('',#2097,#2088,#2099,.T.);
#2097 = VERTEX_POINT('',#2098);
#2098 = CARTESIAN_POINT('',(19.891529528294,-6.934597352962,4.5));
#2099 = LINE('',#2100,#2101);
#2100 = CARTESIAN_POINT('',(9.745180004193,-4.215891191855,4.5));
#2101 = VECTOR('',#2102,1.);
#2102 = DIRECTION('',(0.965925826289,-0.258819045103,0.));
#2103 = ORIENTED_EDGE('',*,*,#2104,.T.);
#2104 = EDGE_CURVE('',#2097,#2105,#2107,.T.);
#2105 = VERTEX_POINT('',#2106);
#2106 = CARTESIAN_POINT('',(20.693868568112,-3.940227291466,4.5));
#2107 = CIRCLE('',#2108,1.55);
#2108 = AXIS2_PLACEMENT_3D('',#2109,#2110,#2111);
#2109 = CARTESIAN_POINT('',(20.292699048203,-5.437412322214,4.5));
#2110 = DIRECTION('',(0.,-0.,-1.));
#2111 = DIRECTION('',(0.965925826289,-0.258819045103,0.));
#2112 = ORIENTED_EDGE('',*,*,#2113,.T.);
#2113 = EDGE_CURVE('',#2105,#2114,#2116,.T.);
#2114 = VERTEX_POINT('',#2115);
#2115 = CARTESIAN_POINT('',(24.260906110797,-4.896012120401,4.5));
#2116 = LINE('',#2117,#2118);
#2117 = CARTESIAN_POINT('',(10.547519044011,-1.221521130359,4.5));
#2118 = VECTOR('',#2119,1.);
#2119 = DIRECTION('',(0.965925826289,-0.258819045103,0.));
#2120 = ORIENTED_EDGE('',*,*,#2121,.T.);
#2121 = EDGE_CURVE('',#2114,#2122,#2124,.T.);
#2122 = VERTEX_POINT('',#2123);
#2123 = CARTESIAN_POINT('',(24.701416963405,-1.55,4.5));
#2124 = CIRCLE('',#2125,24.75);
#2125 = AXIS2_PLACEMENT_3D('',#2126,#2127,#2128);
#2126 = CARTESIAN_POINT('',(0.,0.,4.5));
#2127 = DIRECTION('',(0.,0.,1.));
#2128 = DIRECTION('',(1.,0.,0.));
#2129 = ORIENTED_EDGE('',*,*,#2130,.F.);
#2130 = EDGE_CURVE('',#455,#2122,#2131,.T.);
#2131 = LINE('',#2132,#2133);
#2132 = CARTESIAN_POINT('',(10.504273980418,-1.55,4.5));
#2133 = VECTOR('',#2134,1.);
#2134 = DIRECTION('',(1.,0.,0.));
#2135 = FACE_BOUND('',#2136,.T.);
#2136 = EDGE_LOOP('',(#2137));
#2137 = ORIENTED_EDGE('',*,*,#2138,.F.);
#2138 = EDGE_CURVE('',#2139,#2139,#2141,.T.);
#2139 = VERTEX_POINT('',#2140);
#2140 = CARTESIAN_POINT('',(10.,0.,4.5));
#2141 = CIRCLE('',#2142,10.);
#2142 = AXIS2_PLACEMENT_3D('',#2143,#2144,#2145);
#2143 = CARTESIAN_POINT('',(0.,0.,4.5));
#2144 = DIRECTION('',(0.,0.,1.));
#2145 = DIRECTION('',(1.,0.,0.));
#2146 = PLANE('',#2147);
#2147 = AXIS2_PLACEMENT_3D('',#2148,#2149,#2150);
#2148 = CARTESIAN_POINT('',(-1.64E-15,2.18E-15,4.5));
#2149 = DIRECTION('',(0.,0.,1.));
#2150 = DIRECTION('',(1.,0.,0.));
#2151 = ADVANCED_FACE('',(#2152),#2163,.F.);
#2152 = FACE_BOUND('',#2153,.T.);
#2153 = EDGE_LOOP('',(#2154,#2155,#2156,#2157));
#2154 = ORIENTED_EDGE('',*,*,#1356,.F.);
#2155 = ORIENTED_EDGE('',*,*,#348,.F.);
#2156 = ORIENTED_EDGE('',*,*,#496,.T.);
#2157 = ORIENTED_EDGE('',*,*,#2158,.F.);
#2158 = EDGE_CURVE('',#1357,#497,#2159,.T.);
#2159 = LINE('',#2160,#2161);
#2160 = CARTESIAN_POINT('',(19.891529528294,6.934597352962,0.));
#2161 = VECTOR('',#2162,1.);
#2162 = DIRECTION('',(0.,0.,-1.));
#2163 = CYLINDRICAL_SURFACE('',#2164,1.55);
#2164 = AXIS2_PLACEMENT_3D('',#2165,#2166,#2167);
#2165 = CARTESIAN_POINT('',(20.292699048203,5.437412322214,0.));
#2166 = DIRECTION('',(0.,0.,-1.));
#2167 = DIRECTION('',(0.965925826289,0.258819045103,0.));
#2168 = ADVANCED_FACE('',(#2169),#2254,.F.);
#2169 = FACE_BOUND('',#2170,.F.);
#2170 = EDGE_LOOP('',(#2171,#2172,#2173,#2174,#2231,#2239,#2247));
#2171 = ORIENTED_EDGE('',*,*,#2130,.F.);
#2172 = ORIENTED_EDGE('',*,*,#463,.F.);
#2173 = ORIENTED_EDGE('',*,*,#1270,.T.);
#2174 = ORIENTED_EDGE('',*,*,#2175,.F.);
#2175 = EDGE_CURVE('',#2176,#1262,#2178,.T.);
#2176 = VERTEX_POINT('',#2177);
#2177 = CARTESIAN_POINT('',(25.052095720718,-1.55,0.));
#2178 = B_SPLINE_CURVE_WITH_KNOTS('',6,(#2179,#2180,#2181,#2182,#2183,
    #2184,#2185,#2186,#2187,#2188,#2189,#2190,#2191,#2192,#2193,#2194,
    #2195,#2196,#2197,#2198,#2199,#2200,#2201,#2202,#2203,#2204,#2205,
    #2206,#2207,#2208,#2209,#2210,#2211,#2212,#2213,#2214,#2215,#2216,
    #2217,#2218,#2219,#2220,#2221,#2222,#2223,#2224,#2225,#2226,#2227,
    #2228,#2229,#2230),.UNSPECIFIED.,.F.,.F.,(7,5,5,5,5,5,5,5,5,5,7),(0.
    ,0.202545733216,0.268699382747,0.399449676,0.531775068178,
    0.596353311389,0.786881485077,0.953369085633,0.976992981473,
    0.988017746897,1.),.UNSPECIFIED.);
#2179 = CARTESIAN_POINT('',(25.052095720718,-1.55,3.3E-16));
#2180 = CARTESIAN_POINT('',(25.052095720718,-1.55,8.082487538352E-02));
#2181 = CARTESIAN_POINT('',(25.039005217091,-1.55,0.161673320666));
#2182 = CARTESIAN_POINT('',(25.01281153204,-1.55,0.239847188803));
#2183 = CARTESIAN_POINT('',(24.974267687023,-1.55,0.312742492126));
#2184 = CARTESIAN_POINT('',(24.924744831823,-1.55,0.378022754167));
#2185 = CARTESIAN_POINT('',(24.847085949325,-1.55,0.452070172352));
#2186 = CARTESIAN_POINT('',(24.827002530619,-1.55,0.46929303038));
#2187 = CARTESIAN_POINT('',(24.806022454641,-1.55,0.485444528905));
#2188 = CARTESIAN_POINT('',(24.78421764284,-1.55,0.500467427737));
#2189 = CARTESIAN_POINT('',(24.761664753515,-1.55,0.514311027845));
#2190 = CARTESIAN_POINT('',(24.692552539024,-1.55,0.551874428093));
#2191 = CARTESIAN_POINT('',(24.644052547443,-1.55,0.572039925689));
#2192 = CARTESIAN_POINT('',(24.593574073459,-1.55,0.587086627613));
#2193 = CARTESIAN_POINT('',(24.541797733619,-1.55,0.596787364755));
#2194 = CARTESIAN_POINT('',(24.489432830004,-1.55,0.601034169049));
#2195 = CARTESIAN_POINT('',(24.384326443354,-1.55,0.598638702943));
#2196 = CARTESIAN_POINT('',(24.331582889959,-1.55,0.591864515327));
#2197 = CARTESIAN_POINT('',(24.279704837146,-1.55,0.579537655555));
#2198 = CARTESIAN_POINT('',(24.229421610621,-1.55,0.56180500701));
#2199 = CARTESIAN_POINT('',(24.181426453045,-1.55,0.538936867427));
#2200 = CARTESIAN_POINT('',(24.114354977747,-1.55,0.497842383888));
#2201 = CARTESIAN_POINT('',(24.093052608191,-1.55,0.483233278481));
#2202 = CARTESIAN_POINT('',(24.072518705102,-1.55,0.467537699056));
#2203 = CARTESIAN_POINT('',(24.052822171642,-1.55,0.45080629444));
#2204 = CARTESIAN_POINT('',(24.034027327407,-1.55,0.433095438139));
#2205 = CARTESIAN_POINT('',(23.963579148695,-1.55,0.359507560556));
#2206 = CARTESIAN_POINT('',(23.919319682899,-1.55,0.296548788401));
#2207 = CARTESIAN_POINT('',(23.88497287717,-1.55,0.227199147301));
#2208 = CARTESIAN_POINT('',(23.861623034754,-1.55,0.153428990084));
#2209 = CARTESIAN_POINT('',(23.849862361841,-1.55,7.740913315586E-02));
#2210 = CARTESIAN_POINT('',(23.849533995387,-1.55,-6.505584731408E-02));
#2211 = CARTESIAN_POINT('',(23.858226984284,-1.55,-0.131520862313));
#2212 = CARTESIAN_POINT('',(23.875773593728,-1.55,-0.196526961542));
#2213 = CARTESIAN_POINT('',(23.901838315722,-1.55,-0.258618791408));
#2214 = CARTESIAN_POINT('',(23.935789182133,-1.55,-0.31644370094));
#2215 = CARTESIAN_POINT('',(23.982511443212,-1.55,-0.376267584908));
#2216 = CARTESIAN_POINT('',(23.988457666896,-1.55,-0.383592216456));
#2217 = CARTESIAN_POINT('',(23.994541660821,-1.55,-0.390804260575));
#2218 = CARTESIAN_POINT('',(24.000760737737,-1.55,-0.397900502127));
#2219 = CARTESIAN_POINT('',(24.007112110812,-1.55,-0.404877812191));
#2220 = CARTESIAN_POINT('',(24.016617335965,-1.55,-0.414932386254));
#2221 = CARTESIAN_POINT('',(24.019669976946,-1.55,-0.418105075335));
#2222 = CARTESIAN_POINT('',(24.02275052393,-1.55,-0.421250905804));
#2223 = CARTESIAN_POINT('',(24.025858679811,-1.55,-0.424369572544));
#2224 = CARTESIAN_POINT('',(24.028994143035,-1.55,-0.427460774812));
#2225 = CARTESIAN_POINT('',(24.035593728421,-1.55,-0.433853713906));
#2226 = CARTESIAN_POINT('',(24.039063611678,-1.55,-0.437151176518));
#2227 = CARTESIAN_POINT('',(24.042564181056,-1.55,-0.440414752805));
#2228 = CARTESIAN_POINT('',(24.046094594804,-1.55,-0.443643681426));
#2229 = CARTESIAN_POINT('',(24.049655245739,-1.55,-0.446838290978));
#2230 = CARTESIAN_POINT('',(24.053247761242,-1.55,-0.45));
#2231 = ORIENTED_EDGE('',*,*,#2232,.T.);
#2232 = EDGE_CURVE('',#2176,#2233,#2235,.T.);
#2233 = VERTEX_POINT('',#2234);
#2234 = CARTESIAN_POINT('',(26.705055701121,-1.55,0.));
#2235 = LINE('',#2236,#2237);
#2236 = CARTESIAN_POINT('',(12.491773980418,-1.55,0.));
#2237 = VECTOR('',#2238,1.);
#2238 = DIRECTION('',(1.,0.,0.));
#2239 = ORIENTED_EDGE('',*,*,#2240,.F.);
#2240 = EDGE_CURVE('',#2241,#2233,#2243,.T.);
#2241 = VERTEX_POINT('',#2242);
#2242 = CARTESIAN_POINT('',(26.705055701121,-1.55,2.5));
#2243 = LINE('',#2244,#2245);
#2244 = CARTESIAN_POINT('',(26.705055701121,-1.55,0.));
#2245 = VECTOR('',#2246,1.);
#2246 = DIRECTION('',(-0.,-0.,-1.));
#2247 = ORIENTED_EDGE('',*,*,#2248,.F.);
#2248 = EDGE_CURVE('',#2122,#2241,#2249,.T.);
#2249 = HYPERBOLA('',#2250,1.55,1.55);
#2250 = AXIS2_PLACEMENT_3D('',#2251,#2252,#2253);
#2251 = CARTESIAN_POINT('',(0.,-1.55,29.25));
#2252 = DIRECTION('',(0.,-1.,0.));
#2253 = DIRECTION('',(0.,0.,-1.));
#2254 = PLANE('',#2255);
#2255 = AXIS2_PLACEMENT_3D('',#2256,#2257,#2258);
#2256 = CARTESIAN_POINT('',(24.983547960835,-1.55,0.));
#2257 = DIRECTION('',(-0.,-1.,-0.));
#2258 = DIRECTION('',(0.,0.,-1.));
#2259 = ADVANCED_FACE('',(#2260),#2328,.F.);
#2260 = FACE_BOUND('',#2261,.F.);
#2261 = EDGE_LOOP('',(#2262,#2271,#2272,#2273));
#2262 = ORIENTED_EDGE('',*,*,#2263,.T.);
#2263 = EDGE_CURVE('',#2264,#2176,#2266,.T.);
#2264 = VERTEX_POINT('',#2265);
#2265 = CARTESIAN_POINT('',(24.599635779216,-4.986774461505,1.E-15));
#2266 = CIRCLE('',#2267,25.1);
#2267 = AXIS2_PLACEMENT_3D('',#2268,#2269,#2270);
#2268 = CARTESIAN_POINT('',(0.,0.,0.));
#2269 = DIRECTION('',(-0.,2.2E-16,1.));
#2270 = DIRECTION('',(1.,0.,0.));
#2271 = ORIENTED_EDGE('',*,*,#2175,.T.);
#2272 = ORIENTED_EDGE('',*,*,#1261,.F.);
#2273 = ORIENTED_EDGE('',*,*,#2274,.F.);
#2274 = EDGE_CURVE('',#2264,#1254,#2275,.T.);
#2275 = B_SPLINE_CURVE_WITH_KNOTS('',6,(#2276,#2277,#2278,#2279,#2280,
    #2281,#2282,#2283,#2284,#2285,#2286,#2287,#2288,#2289,#2290,#2291,
    #2292,#2293,#2294,#2295,#2296,#2297,#2298,#2299,#2300,#2301,#2302,
    #2303,#2304,#2305,#2306,#2307,#2308,#2309,#2310,#2311,#2312,#2313,
    #2314,#2315,#2316,#2317,#2318,#2319,#2320,#2321,#2322,#2323,#2324,
    #2325,#2326,#2327),.UNSPECIFIED.,.F.,.F.,(7,5,5,5,5,5,5,5,5,5,7),(0.
    ,0.202545733254,0.268699382785,0.399449676038,0.531775068216,
    0.596353311427,0.786881485115,0.953369086222,0.976992982062,
    0.988017747487,1.),.UNSPECIFIED.);
#2276 = CARTESIAN_POINT('',(24.599635779216,-4.986774461505,1.11E-15));
#2277 = CARTESIAN_POINT('',(24.599635779216,-4.986774461505,
    8.082487539879E-02));
#2278 = CARTESIAN_POINT('',(24.586991323679,-4.983386389855,
    0.161673320697));
#2279 = CARTESIAN_POINT('',(24.561690166793,-4.9766069653,0.239847188848
    ));
#2280 = CARTESIAN_POINT('',(24.524459671433,-4.966631084135,
    0.312742492182));
#2281 = CARTESIAN_POINT('',(24.476624266586,-4.953813626036,
    0.378022754228));
#2282 = CARTESIAN_POINT('',(24.401611546319,-4.933714028218,
    0.452070172412));
#2283 = CARTESIAN_POINT('',(24.382212453508,-4.928516056966,
    0.469293030438));
#2284 = CARTESIAN_POINT('',(24.361947256282,-4.923086013735,
    0.485444528959));
#2285 = CARTESIAN_POINT('',(24.340885425423,-4.917442513165,
    0.500467427788));
#2286 = CARTESIAN_POINT('',(24.319101007165,-4.911605395885,
    0.514311027893));
#2287 = CARTESIAN_POINT('',(24.252343734271,-4.893717838524,
    0.55187442813));
#2288 = CARTESIAN_POINT('',(24.205496339824,-4.881165117015,
    0.572039925718));
#2289 = CARTESIAN_POINT('',(24.156737878129,-4.868100326579,
    0.587086627635));
#2290 = CARTESIAN_POINT('',(24.106725774286,-4.854699623743,
    0.596787364768));
#2291 = CARTESIAN_POINT('',(24.056145161492,-4.841146589392,
    0.601034169055));
#2292 = CARTESIAN_POINT('',(23.95462018812,-4.813943054765,
    0.598638702933));
#2293 = CARTESIAN_POINT('',(23.903673827726,-4.80029201864,
    0.591864515309));
#2294 = CARTESIAN_POINT('',(23.853563476698,-4.78686499055,
    0.579537655529));
#2295 = CARTESIAN_POINT('',(23.804993609571,-4.773850733877,
    0.561805006977));
#2296 = CARTESIAN_POINT('',(23.758633847335,-4.761428673024,
    0.538936867386));
#2297 = CARTESIAN_POINT('',(23.693847777144,-4.744069297836,
    0.497842383837));
#2298 = CARTESIAN_POINT('',(23.673271268231,-4.73855583889,
    0.483233278426));
#2299 = CARTESIAN_POINT('',(23.653437040925,-4.733241273701,
    0.467537698998));
#2300 = CARTESIAN_POINT('',(23.63441165057,-4.728143435719,
    0.450806294379));
#2301 = CARTESIAN_POINT('',(23.616257225124,-4.723278972082,
    0.433095438075));
#2302 = CARTESIAN_POINT('',(23.548209509902,-4.705045641742,
    0.359507560482));
#2303 = CARTESIAN_POINT('',(23.505458148842,-4.69359044907,0.29654878832
    ));
#2304 = CARTESIAN_POINT('',(23.472281682148,-4.684700841612,
    0.227199147215));
#2305 = CARTESIAN_POINT('',(23.44972746633,-4.678657457697,
    0.153428989994));
#2306 = CARTESIAN_POINT('',(23.438367528639,-4.675613571567,
    7.740913306406E-02));
#2307 = CARTESIAN_POINT('',(23.438050351022,-4.675528584081,
    -6.505584762553E-02));
#2308 = CARTESIAN_POINT('',(23.44644713357,-4.677778495184,
    -0.131520862844));
#2309 = CARTESIAN_POINT('',(23.463395856919,-4.682319891918,
    -0.196526962275));
#2310 = CARTESIAN_POINT('',(23.488572445222,-4.689065938422,
    -0.258618792314));
#2311 = CARTESIAN_POINT('',(23.521366464131,-4.697853069305,
    -0.316443701975));
#2312 = CARTESIAN_POINT('',(23.566496703037,-4.709945680374,
    -0.376267586007));
#2313 = CARTESIAN_POINT('',(23.572240314079,-4.711484676314,
    -0.383592217541));
#2314 = CARTESIAN_POINT('',(23.578117000955,-4.713059329817,
    -0.390804261645));
#2315 = CARTESIAN_POINT('',(23.584124167979,-4.71466894537,
    -0.397900503183));
#2316 = CARTESIAN_POINT('',(23.590259123281,-4.716312801688,
    -0.404877813232));
#2317 = CARTESIAN_POINT('',(23.599440465763,-4.718772934992,
    -0.414932387274));
#2318 = CARTESIAN_POINT('',(23.602389090533,-4.719563016618,
    -0.418105076347));
#2319 = CARTESIAN_POINT('',(23.605364670431,-4.720360320848,
    -0.421250906809));
#2320 = CARTESIAN_POINT('',(23.608366918476,-4.721164770788,
    -0.424369573541));
#2321 = CARTESIAN_POINT('',(23.611395543388,-4.721976288387,
    -0.427460775802));
#2322 = CARTESIAN_POINT('',(23.617770253206,-4.723684386735,
    -0.433853714717));
#2323 = CARTESIAN_POINT('',(23.6211219029,-4.724582458564,
    -0.437151177161));
#2324 = CARTESIAN_POINT('',(23.624503193107,-4.725488472544,
    -0.440414753282));
#2325 = CARTESIAN_POINT('',(23.627913310759,-4.726402210815,
    -0.44364368174));
#2326 = CARTESIAN_POINT('',(23.631352635287,-4.727323775045,
    -0.446838291133));
#2327 = CARTESIAN_POINT('',(23.634822738622,-4.728253586431,-0.45));
#2328 = TOROIDAL_SURFACE('',#2329,24.5,0.6);
#2329 = AXIS2_PLACEMENT_3D('',#2330,#2331,#2332);
#2330 = CARTESIAN_POINT('',(0.,0.,0.));
#2331 = DIRECTION('',(0.,2.2E-16,1.));
#2332 = DIRECTION('',(1.,0.,0.));
#2333 = ADVANCED_FACE('',(#2334),#2419,.F.);
#2334 = FACE_BOUND('',#2335,.F.);
#2335 = EDGE_LOOP('',(#2336,#2337,#2338,#2347,#2355,#2363,#2418));
#2336 = ORIENTED_EDGE('',*,*,#2158,.F.);
#2337 = ORIENTED_EDGE('',*,*,#1365,.T.);
#2338 = ORIENTED_EDGE('',*,*,#2339,.F.);
#2339 = EDGE_CURVE('',#2340,#1366,#2342,.T.);
#2340 = VERTEX_POINT('',#2341);
#2341 = CARTESIAN_POINT('',(25.393933474292,8.408962046722,2.5));
#2342 = HYPERBOLA('',#2343,1.55,1.55);
#2343 = AXIS2_PLACEMENT_3D('',#2344,#2345,#2346);
#2344 = CARTESIAN_POINT('',(-0.401169519909,1.497185030748,29.25));
#2345 = DIRECTION('',(-0.258819045103,0.965925826289,3.E-17));
#2346 = DIRECTION('',(-9.594698371998E-18,2.848739373191E-17,-1.));
#2347 = ORIENTED_EDGE('',*,*,#2348,.T.);
#2348 = EDGE_CURVE('',#2340,#2349,#2351,.T.);
#2349 = VERTEX_POINT('',#2350);
#2350 = CARTESIAN_POINT('',(25.393933474292,8.408962046722,0.));
#2351 = LINE('',#2352,#2353);
#2352 = CARTESIAN_POINT('',(25.393933474292,8.408962046722,5.E-17));
#2353 = VECTOR('',#2354,1.);
#2354 = DIRECTION('',(-0.,-0.,-1.));
#2355 = ORIENTED_EDGE('',*,*,#2356,.T.);
#2356 = EDGE_CURVE('',#2349,#2357,#2359,.T.);
#2357 = VERTEX_POINT('',#2358);
#2358 = CARTESIAN_POINT('',(23.797296739398,7.981144523,-1.E-15));
#2359 = LINE('',#2360,#2361);
#2360 = CARTESIAN_POINT('',(11.664957583942,4.730294043996,0.));
#2361 = VECTOR('',#2362,1.);
#2362 = DIRECTION('',(-0.965925826289,-0.258819045103,0.));
#2363 = ORIENTED_EDGE('',*,*,#2364,.T.);
#2364 = EDGE_CURVE('',#2357,#506,#2365,.T.);
#2365 = B_SPLINE_CURVE_WITH_KNOTS('',6,(#2366,#2367,#2368,#2369,#2370,
    #2371,#2372,#2373,#2374,#2375,#2376,#2377,#2378,#2379,#2380,#2381,
    #2382,#2383,#2384,#2385,#2386,#2387,#2388,#2389,#2390,#2391,#2392,
    #2393,#2394,#2395,#2396,#2397,#2398,#2399,#2400,#2401,#2402,#2403,
    #2404,#2405,#2406,#2407,#2408,#2409,#2410,#2411,#2412,#2413,#2414,
    #2415,#2416,#2417),.UNSPECIFIED.,.F.,.F.,(7,5,5,5,5,5,5,5,5,5,7),(0.
    ,0.202545733256,0.268699382787,0.399449676039,0.531775068217,
    0.596353311428,0.786881485116,0.953369086208,0.976992982049,
    0.988017747473,1.),.UNSPECIFIED.);
#2366 = CARTESIAN_POINT('',(23.797296739398,7.981144523001,-1.8E-15));
#2367 = CARTESIAN_POINT('',(23.797296739398,7.981144523001,
    8.082487539952E-02));
#2368 = CARTESIAN_POINT('',(23.784652283861,7.977756451351,
    0.161673320698));
#2369 = CARTESIAN_POINT('',(23.759351126974,7.970977026796,0.23984718885
    ));
#2370 = CARTESIAN_POINT('',(23.722120631614,7.96100114563,0.312742492184
    ));
#2371 = CARTESIAN_POINT('',(23.674285226767,7.948183687532,
    0.378022754231));
#2372 = CARTESIAN_POINT('',(23.599272506498,7.928084089714,
    0.452070172415));
#2373 = CARTESIAN_POINT('',(23.579873413687,7.922886118461,0.46929303044
    ));
#2374 = CARTESIAN_POINT('',(23.55960821646,7.91745607523,0.485444528961)
  );
#2375 = CARTESIAN_POINT('',(23.538546385602,7.91181257466,0.50046742779)
  );
#2376 = CARTESIAN_POINT('',(23.516761967344,7.90597545738,0.514311027895
    ));
#2377 = CARTESIAN_POINT('',(23.450004694449,7.888087900019,
    0.551874428131));
#2378 = CARTESIAN_POINT('',(23.403157300002,7.87553517851,0.57203992572)
  );
#2379 = CARTESIAN_POINT('',(23.354398838307,7.862470388074,
    0.587086627636));
#2380 = CARTESIAN_POINT('',(23.304386734464,7.849069685238,
    0.596787364769));
#2381 = CARTESIAN_POINT('',(23.25380612167,7.835516650887,0.601034169055
    ));
#2382 = CARTESIAN_POINT('',(23.152281148298,7.80831311626,0.598638702932
    ));
#2383 = CARTESIAN_POINT('',(23.101334787904,7.794662080135,
    0.591864515308));
#2384 = CARTESIAN_POINT('',(23.051224436877,7.781235052045,
    0.579537655527));
#2385 = CARTESIAN_POINT('',(23.002654569749,7.768220795372,
    0.561805006975));
#2386 = CARTESIAN_POINT('',(22.956294807513,7.75579873452,0.538936867384
    ));
#2387 = CARTESIAN_POINT('',(22.891508737322,7.738439359331,
    0.497842383834));
#2388 = CARTESIAN_POINT('',(22.870932228409,7.732925900385,
    0.483233278424));
#2389 = CARTESIAN_POINT('',(22.851098001103,7.727611335196,
    0.467537698995));
#2390 = CARTESIAN_POINT('',(22.832072610749,7.722513497215,
    0.450806294376));
#2391 = CARTESIAN_POINT('',(22.813918185303,7.717649033577,
    0.433095438072));
#2392 = CARTESIAN_POINT('',(22.745870470082,7.699415703237,
    0.359507560478));
#2393 = CARTESIAN_POINT('',(22.703119109022,7.687960510566,
    0.296548788316));
#2394 = CARTESIAN_POINT('',(22.669942642329,7.679070903107,0.22719914721
    ));
#2395 = CARTESIAN_POINT('',(22.647388426511,7.673027519193,0.15342898999
    ));
#2396 = CARTESIAN_POINT('',(22.636028488821,7.669983633063,
    7.740913305971E-02));
#2397 = CARTESIAN_POINT('',(22.635711311205,7.669898645577,
    -6.505584762372E-02));
#2398 = CARTESIAN_POINT('',(22.644108093752,7.672148556679,
    -0.131520862836));
#2399 = CARTESIAN_POINT('',(22.661056817098,7.676689953413,
    -0.196526962261));
#2400 = CARTESIAN_POINT('',(22.686233405397,7.683435999916,
    -0.258618792295));
#2401 = CARTESIAN_POINT('',(22.7190274243,7.692223130797,-0.316443701952
    ));
#2402 = CARTESIAN_POINT('',(22.764157663199,7.704315741865,
    -0.376267585981));
#2403 = CARTESIAN_POINT('',(22.76990127424,7.705854737805,
    -0.383592217515));
#2404 = CARTESIAN_POINT('',(22.775777961116,7.707429391307,
    -0.39080426162));
#2405 = CARTESIAN_POINT('',(22.78178512814,7.70903900686,-0.397900503158
    ));
#2406 = CARTESIAN_POINT('',(22.787920083441,7.710682863179,
    -0.404877813208));
#2407 = CARTESIAN_POINT('',(22.797101425923,7.713142996482,
    -0.41493238725));
#2408 = CARTESIAN_POINT('',(22.800050050693,7.713933078108,
    -0.418105076323));
#2409 = CARTESIAN_POINT('',(22.80302563059,7.714730382338,
    -0.421250906785));
#2410 = CARTESIAN_POINT('',(22.806027878635,7.715534832278,
    -0.424369573518));
#2411 = CARTESIAN_POINT('',(22.809056503548,7.716346349877,
    -0.427460775779));
#2412 = CARTESIAN_POINT('',(22.815431213369,7.718054448226,
    -0.433853714698));
#2413 = CARTESIAN_POINT('',(22.818782863067,7.718952520056,
    -0.437151177146));
#2414 = CARTESIAN_POINT('',(22.822164153277,7.719858534037,
    -0.440414753271));
#2415 = CARTESIAN_POINT('',(22.825574270933,7.720772272309,
    -0.443643681733));
#2416 = CARTESIAN_POINT('',(22.829013595466,7.72169383654,-0.44683829113
    ));
#2417 = CARTESIAN_POINT('',(22.832483698804,7.722623647927,-0.45));
#2418 = ORIENTED_EDGE('',*,*,#505,.T.);
#2419 = PLANE('',#2420);
#2420 = AXIS2_PLACEMENT_3D('',#2421,#2422,#2423);
#2421 = CARTESIAN_POINT('',(23.731084687794,7.963403057244,0.));
#2422 = DIRECTION('',(-0.258819045103,0.965925826289,0.));
#2423 = DIRECTION('',(0.,0.,1.));
#2424 = ADVANCED_FACE('',(#2425),#2459,.F.);
#2425 = FACE_BOUND('',#2426,.F.);
#2426 = EDGE_LOOP('',(#2427,#2433,#2434,#2443,#2451,#2457,#2458));
#2427 = ORIENTED_EDGE('',*,*,#2428,.F.);
#2428 = EDGE_CURVE('',#2105,#1245,#2429,.T.);
#2429 = LINE('',#2430,#2431);
#2430 = CARTESIAN_POINT('',(20.693868568112,-3.940227291466,0.));
#2431 = VECTOR('',#2432,1.);
#2432 = DIRECTION('',(0.,0.,-1.));
#2433 = ORIENTED_EDGE('',*,*,#2113,.T.);
#2434 = ORIENTED_EDGE('',*,*,#2435,.F.);
#2435 = EDGE_CURVE('',#2436,#2114,#2438,.T.);
#2436 = VERTEX_POINT('',#2437);
#2437 = CARTESIAN_POINT('',(26.19627251411,-5.414591985226,2.5));
#2438 = HYPERBOLA('',#2439,1.55,1.55);
#2439 = AXIS2_PLACEMENT_3D('',#2440,#2441,#2442);
#2440 = CARTESIAN_POINT('',(0.401169519909,1.497185030748,29.25));
#2441 = DIRECTION('',(0.258819045103,0.965925826289,-2.E-17));
#2442 = DIRECTION('',(-9.506507920973E-18,-1.815826248794E-17,-1.));
#2443 = ORIENTED_EDGE('',*,*,#2444,.T.);
#2444 = EDGE_CURVE('',#2436,#2445,#2447,.T.);
#2445 = VERTEX_POINT('',#2446);
#2446 = CARTESIAN_POINT('',(26.19627251411,-5.414591985226,0.));
#2447 = LINE('',#2448,#2449);
#2448 = CARTESIAN_POINT('',(26.19627251411,-5.414591985226,-4.E-17));
#2449 = VECTOR('',#2450,1.);
#2450 = DIRECTION('',(-0.,-0.,-1.));
#2451 = ORIENTED_EDGE('',*,*,#2452,.T.);
#2452 = EDGE_CURVE('',#2445,#2264,#2453,.T.);
#2453 = LINE('',#2454,#2455);
#2454 = CARTESIAN_POINT('',(12.46729662376,-1.7359239825,0.));
#2455 = VECTOR('',#2456,1.);
#2456 = DIRECTION('',(-0.965925826289,0.258819045103,0.));
#2457 = ORIENTED_EDGE('',*,*,#2274,.T.);
#2458 = ORIENTED_EDGE('',*,*,#1253,.T.);
#2459 = PLANE('',#2460);
#2460 = AXIS2_PLACEMENT_3D('',#2461,#2462,#2463);
#2461 = CARTESIAN_POINT('',(24.533423727611,-4.969032995748,0.));
#2462 = DIRECTION('',(0.258819045103,0.965925826289,0.));
#2463 = DIRECTION('',(0.,0.,1.));
#2464 = ADVANCED_FACE('',(#2465),#2533,.F.);
#2465 = FACE_BOUND('',#2466,.F.);
#2466 = EDGE_LOOP('',(#2467,#2468,#2477,#2532));
#2467 = ORIENTED_EDGE('',*,*,#2364,.F.);
#2468 = ORIENTED_EDGE('',*,*,#2469,.T.);
#2469 = EDGE_CURVE('',#2357,#2470,#2472,.T.);
#2470 = VERTEX_POINT('',#2471);
#2471 = CARTESIAN_POINT('',(22.470751312181,11.183708484493,-1.E-15));
#2472 = CIRCLE('',#2473,25.1);
#2473 = AXIS2_PLACEMENT_3D('',#2474,#2475,#2476);
#2474 = CARTESIAN_POINT('',(0.,0.,0.));
#2475 = DIRECTION('',(-0.,2.2E-16,1.));
#2476 = DIRECTION('',(1.,0.,0.));
#2477 = ORIENTED_EDGE('',*,*,#2478,.T.);
#2478 = EDGE_CURVE('',#2470,#514,#2479,.T.);
#2479 = B_SPLINE_CURVE_WITH_KNOTS('',6,(#2480,#2481,#2482,#2483,#2484,
    #2485,#2486,#2487,#2488,#2489,#2490,#2491,#2492,#2493,#2494,#2495,
    #2496,#2497,#2498,#2499,#2500,#2501,#2502,#2503,#2504,#2505,#2506,
    #2507,#2508,#2509,#2510,#2511,#2512,#2513,#2514,#2515,#2516,#2517,
    #2518,#2519,#2520,#2521,#2522,#2523,#2524,#2525,#2526,#2527,#2528,
    #2529,#2530,#2531),.UNSPECIFIED.,.F.,.F.,(7,5,5,5,5,5,5,5,5,5,7),(0.
    ,0.202545733257,0.268699382788,0.399449676041,0.531775068219,
    0.596353311429,0.786881485118,0.953369086216,0.976992982057,
    0.988017747481,1.),.UNSPECIFIED.);
#2480 = CARTESIAN_POINT('',(22.470751312181,11.183708484493,-2.46E-15));
#2481 = CARTESIAN_POINT('',(22.470751312181,11.183708484493,
    8.082487540005E-02));
#2482 = CARTESIAN_POINT('',(22.459414603488,11.177163232677,
    0.161673320699));
#2483 = CARTESIAN_POINT('',(22.436730206805,11.164066390146,
    0.239847188851));
#2484 = CARTESIAN_POINT('',(22.403350257848,11.14479446763,
    0.312742492186));
#2485 = CARTESIAN_POINT('',(22.36046220716,11.12003304002,0.378022754233
    ));
#2486 = CARTESIAN_POINT('',(22.293207642066,11.081203598759,
    0.452070172417));
#2487 = CARTESIAN_POINT('',(22.275814891269,11.071161889405,
    0.469293030442));
#2488 = CARTESIAN_POINT('',(22.257645612497,11.060671851415,
    0.485444528963));
#2489 = CARTESIAN_POINT('',(22.23876209155,11.049769445513,
    0.500467427792));
#2490 = CARTESIAN_POINT('',(22.219230716464,11.038493000849,
    0.514311027896));
#2491 = CARTESIAN_POINT('',(22.159377782998,11.003936893601,
    0.551874428133));
#2492 = CARTESIAN_POINT('',(22.117375558202,10.979686897808,
    0.572039925721));
#2493 = CARTESIAN_POINT('',(22.073659917386,10.954447660815,
    0.587086627637));
#2494 = CARTESIAN_POINT('',(22.028820291768,10.928559490894,
    0.59678736477));
#2495 = CARTESIAN_POINT('',(21.98347095497,10.902377039086,
    0.601034169056));
#2496 = CARTESIAN_POINT('',(21.892446154032,10.849823845762,
    0.598638702932));
#2497 = CARTESIAN_POINT('',(21.846768896906,10.823452069065,
    0.591864515308));
#2498 = CARTESIAN_POINT('',(21.801841185274,10.797513042659,
    0.579537655527));
#2499 = CARTESIAN_POINT('',(21.758294633721,10.772371429398,
    0.561805006974));
#2500 = CARTESIAN_POINT('',(21.716729608004,10.748373850612,
    0.538936867383));
#2501 = CARTESIAN_POINT('',(21.658644006533,10.714838112967,
    0.497842383833));
#2502 = CARTESIAN_POINT('',(21.640195613339,10.70418692819,
    0.483233278422));
#2503 = CARTESIAN_POINT('',(21.622412731627,10.693919976646,
    0.467537698993));
#2504 = CARTESIAN_POINT('',(21.605355033287,10.684071709918,
    0.450806294374));
#2505 = CARTESIAN_POINT('',(21.589078220721,10.674674287802,
    0.43309543807));
#2506 = CARTESIAN_POINT('',(21.528068308317,10.639450198452,
    0.359507560476));
#2507 = CARTESIAN_POINT('',(21.489738486589,10.617320465559,
    0.296548788313));
#2508 = CARTESIAN_POINT('',(21.459993280299,10.6001470627,0.227199147208
    ));
#2509 = CARTESIAN_POINT('',(21.439771723603,10.588472141499,
    0.153428989987));
#2510 = CARTESIAN_POINT('',(21.429586682105,10.582591805048,
    7.740913305676E-02));
#2511 = CARTESIAN_POINT('',(21.429302308435,10.582427621833,
    -6.505584762985E-02));
#2512 = CARTESIAN_POINT('',(21.436830657713,10.586774116315,
    -0.131520862844));
#2513 = CARTESIAN_POINT('',(21.452026467351,10.595547421101,
    -0.196526962273));
#2514 = CARTESIAN_POINT('',(21.474599178895,10.608579782187,
    -0.258618792308));
#2515 = CARTESIAN_POINT('',(21.50400149188,10.625555215503,
    -0.316443701967));
#2516 = CARTESIAN_POINT('',(21.544464157134,10.64891634618,
    -0.376267585997));
#2517 = CARTESIAN_POINT('',(21.549613737915,10.65188945803,
    -0.383592217531));
#2518 = CARTESIAN_POINT('',(21.554882631226,10.654931455001,
    -0.390804261636));
#2519 = CARTESIAN_POINT('',(21.560268509837,10.658040993467,
    -0.397900503174));
#2520 = CARTESIAN_POINT('',(21.565768960283,10.661216680013,
    -0.404877813223));
#2521 = CARTESIAN_POINT('',(21.574000726755,10.665969292601,
    -0.414932387265));
#2522 = CARTESIAN_POINT('',(21.576644391399,10.667495613095,
    -0.418105076338));
#2523 = CARTESIAN_POINT('',(21.579312223351,10.669035886591,
    -0.4212509068));
#2524 = CARTESIAN_POINT('',(21.58200396531,10.670589964535,
    -0.424369573532));
#2525 = CARTESIAN_POINT('',(21.584719356121,10.672157696151,
    -0.427460775794));
#2526 = CARTESIAN_POINT('',(21.590434764587,10.675457488768,
    -0.43385371471));
#2527 = CARTESIAN_POINT('',(21.593439771495,10.677192430315,
    -0.437151177155));
#2528 = CARTESIAN_POINT('',(21.59647135336,10.678942714921,
    -0.440414753278));
#2529 = CARTESIAN_POINT('',(21.599528781205,10.68070792171,
    -0.443643681738));
#2530 = CARTESIAN_POINT('',(21.60261239522,10.682488247091,
    -0.446838291132));
#2531 = CARTESIAN_POINT('',(21.605723604756,10.684284504755,-0.45));
#2532 = ORIENTED_EDGE('',*,*,#513,.F.);
#2533 = TOROIDAL_SURFACE('',#2534,24.5,0.6);
#2534 = AXIS2_PLACEMENT_3D('',#2535,#2536,#2537);
#2535 = CARTESIAN_POINT('',(0.,0.,0.));
#2536 = DIRECTION('',(0.,2.2E-16,1.));
#2537 = DIRECTION('',(1.,0.,0.));
#2538 = ADVANCED_FACE('',(#2539),#2550,.F.);
#2539 = FACE_BOUND('',#2540,.T.);
#2540 = EDGE_LOOP('',(#2541,#2542,#2548,#2549));
#2541 = ORIENTED_EDGE('',*,*,#2104,.F.);
#2542 = ORIENTED_EDGE('',*,*,#2543,.F.);
#2543 = EDGE_CURVE('',#1237,#2097,#2544,.T.);
#2544 = LINE('',#2545,#2546);
#2545 = CARTESIAN_POINT('',(19.891529528294,-6.934597352962,0.));
#2546 = VECTOR('',#2547,1.);
#2547 = DIRECTION('',(0.,0.,1.));
#2548 = ORIENTED_EDGE('',*,*,#1244,.T.);
#2549 = ORIENTED_EDGE('',*,*,#2428,.F.);
#2550 = CYLINDRICAL_SURFACE('',#2551,1.55);
#2551 = AXIS2_PLACEMENT_3D('',#2552,#2553,#2554);
#2552 = CARTESIAN_POINT('',(20.292699048203,-5.437412322214,0.));
#2553 = DIRECTION('',(0.,0.,-1.));
#2554 = DIRECTION('',(0.965925826289,-0.258819045103,0.));
#2555 = ADVANCED_FACE('',(#2556),#2590,.F.);
#2556 = FACE_BOUND('',#2557,.F.);
#2557 = EDGE_LOOP('',(#2558,#2559,#2565,#2566,#2567,#2575,#2583));
#2558 = ORIENTED_EDGE('',*,*,#1382,.F.);
#2559 = ORIENTED_EDGE('',*,*,#2560,.F.);
#2560 = EDGE_CURVE('',#523,#1383,#2561,.T.);
#2561 = LINE('',#2562,#2563);
#2562 = CARTESIAN_POINT('',(18.968936230707,9.161934604552,0.));
#2563 = VECTOR('',#2564,1.);
#2564 = DIRECTION('',(0.,0.,1.));
#2565 = ORIENTED_EDGE('',*,*,#522,.T.);
#2566 = ORIENTED_EDGE('',*,*,#2478,.F.);
#2567 = ORIENTED_EDGE('',*,*,#2568,.T.);
#2568 = EDGE_CURVE('',#2470,#2569,#2571,.T.);
#2569 = VERTEX_POINT('',#2570);
#2570 = CARTESIAN_POINT('',(23.90225664665,12.010188474695,0.));
#2571 = LINE('',#2572,#2573);
#2572 = CARTESIAN_POINT('',(11.593193605375,4.903547614343,0.));
#2573 = VECTOR('',#2574,1.);
#2574 = DIRECTION('',(0.866025403784,0.5,0.));
#2575 = ORIENTED_EDGE('',*,*,#2576,.F.);
#2576 = EDGE_CURVE('',#2577,#2569,#2579,.T.);
#2577 = VERTEX_POINT('',#2578);
#2578 = CARTESIAN_POINT('',(23.90225664665,12.010188474695,2.5));
#2579 = LINE('',#2580,#2581);
#2580 = CARTESIAN_POINT('',(23.90225664665,12.010188474695,-1.1E-16));
#2581 = VECTOR('',#2582,1.);
#2582 = DIRECTION('',(-0.,-0.,-1.));
#2583 = ORIENTED_EDGE('',*,*,#2584,.F.);
#2584 = EDGE_CURVE('',#1374,#2577,#2585,.T.);
#2585 = HYPERBOLA('',#2586,1.55,1.55);
#2586 = AXIS2_PLACEMENT_3D('',#2587,#2588,#2589);
#2587 = CARTESIAN_POINT('',(0.775,-1.342339375866,29.25));
#2588 = DIRECTION('',(0.5,-0.866025403784,-7.E-17));
#2589 = DIRECTION('',(-3.901923788647E-17,5.830127018922E-17,-1.));
#2590 = PLANE('',#2591);
#2591 = AXIS2_PLACEMENT_3D('',#2592,#2593,#2594);
#2592 = CARTESIAN_POINT('',(22.41138721075,11.149434604552,0.));
#2593 = DIRECTION('',(0.5,-0.866025403784,0.));
#2594 = DIRECTION('',(0.,0.,-1.));
#2595 = ADVANCED_FACE('',(#2596),#2681,.F.);
#2596 = FACE_BOUND('',#2597,.F.);
#2597 = EDGE_LOOP('',(#2598,#2599,#2600,#2601,#2658,#2666,#2674));
#2598 = ORIENTED_EDGE('',*,*,#2096,.F.);
#2599 = ORIENTED_EDGE('',*,*,#2543,.F.);
#2600 = ORIENTED_EDGE('',*,*,#1236,.T.);
#2601 = ORIENTED_EDGE('',*,*,#2602,.F.);
#2602 = EDGE_CURVE('',#2603,#1228,#2605,.T.);
#2603 = VERTEX_POINT('',#2604);
#2604 = CARTESIAN_POINT('',(23.797296739398,-7.981144523,1.E-15));
#2605 = B_SPLINE_CURVE_WITH_KNOTS('',6,(#2606,#2607,#2608,#2609,#2610,
    #2611,#2612,#2613,#2614,#2615,#2616,#2617,#2618,#2619,#2620,#2621,
    #2622,#2623,#2624,#2625,#2626,#2627,#2628,#2629,#2630,#2631,#2632,
    #2633,#2634,#2635,#2636,#2637,#2638,#2639,#2640,#2641,#2642,#2643,
    #2644,#2645,#2646,#2647,#2648,#2649,#2650,#2651,#2652,#2653,#2654,
    #2655,#2656,#2657),.UNSPECIFIED.,.F.,.F.,(7,5,5,5,5,5,5,5,5,5,7),(0.
    ,0.202545733254,0.268699382785,0.399449676038,0.531775068216,
    0.596353311427,0.786881485115,0.953369086222,0.976992982063,
    0.988017747487,1.),.UNSPECIFIED.);
#2606 = CARTESIAN_POINT('',(23.797296739398,-7.981144523001,1.74E-15));
#2607 = CARTESIAN_POINT('',(23.797296739398,-7.981144523001,
    8.082487539882E-02));
#2608 = CARTESIAN_POINT('',(23.784652283861,-7.977756451351,
    0.161673320697));
#2609 = CARTESIAN_POINT('',(23.759351126975,-7.970977026796,
    0.239847188848));
#2610 = CARTESIAN_POINT('',(23.722120631615,-7.961001145631,
    0.312742492182));
#2611 = CARTESIAN_POINT('',(23.674285226769,-7.948183687532,
    0.378022754228));
#2612 = CARTESIAN_POINT('',(23.599272506501,-7.928084089715,
    0.452070172412));
#2613 = CARTESIAN_POINT('',(23.57987341369,-7.922886118462,
    0.469293030438));
#2614 = CARTESIAN_POINT('',(23.559608216464,-7.917456075231,
    0.485444528959));
#2615 = CARTESIAN_POINT('',(23.538546385605,-7.911812574661,
    0.500467427788));
#2616 = CARTESIAN_POINT('',(23.516761967347,-7.905975457381,
    0.514311027893));
#2617 = CARTESIAN_POINT('',(23.450004694453,-7.88808790002,0.55187442813
    ));
#2618 = CARTESIAN_POINT('',(23.403157300006,-7.875535178511,
    0.572039925718));
#2619 = CARTESIAN_POINT('',(23.354398838311,-7.862470388076,
    0.587086627635));
#2620 = CARTESIAN_POINT('',(23.304386734468,-7.849069685239,
    0.596787364768));
#2621 = CARTESIAN_POINT('',(23.253806121674,-7.835516650888,
    0.601034169055));
#2622 = CARTESIAN_POINT('',(23.152281148302,-7.808313116261,
    0.598638702933));
#2623 = CARTESIAN_POINT('',(23.101334787908,-7.794662080137,
    0.591864515309));
#2624 = CARTESIAN_POINT('',(23.051224436881,-7.781235052046,
    0.579537655529));
#2625 = CARTESIAN_POINT('',(23.002654569753,-7.768220795373,
    0.561805006977));
#2626 = CARTESIAN_POINT('',(22.956294807517,-7.755798734521,
    0.538936867386));
#2627 = CARTESIAN_POINT('',(22.891508737326,-7.738439359332,
    0.497842383837));
#2628 = CARTESIAN_POINT('',(22.870932228413,-7.732925900386,
    0.483233278426));
#2629 = CARTESIAN_POINT('',(22.851098001107,-7.727611335197,
    0.467537698998));
#2630 = CARTESIAN_POINT('',(22.832072610752,-7.722513497215,
    0.450806294379));
#2631 = CARTESIAN_POINT('',(22.813918185306,-7.717649033578,
    0.433095438075));
#2632 = CARTESIAN_POINT('',(22.745870470084,-7.699415703238,
    0.359507560482));
#2633 = CARTESIAN_POINT('',(22.703119109024,-7.687960510566,
    0.29654878832));
#2634 = CARTESIAN_POINT('',(22.66994264233,-7.679070903108,
    0.227199147215));
#2635 = CARTESIAN_POINT('',(22.647388426512,-7.673027519193,
    0.153428989994));
#2636 = CARTESIAN_POINT('',(22.636028488821,-7.669983633063,
    7.740913306411E-02));
#2637 = CARTESIAN_POINT('',(22.635711311204,-7.669898645577,
    -6.505584762549E-02));
#2638 = CARTESIAN_POINT('',(22.644108093752,-7.67214855668,
    -0.131520862844));
#2639 = CARTESIAN_POINT('',(22.661056817101,-7.676689953414,
    -0.196526962275));
#2640 = CARTESIAN_POINT('',(22.686233405404,-7.683435999918,
    -0.258618792314));
#2641 = CARTESIAN_POINT('',(22.719027424313,-7.692223130801,
    -0.316443701975));
#2642 = CARTESIAN_POINT('',(22.764157663219,-7.70431574187,
    -0.376267586007));
#2643 = CARTESIAN_POINT('',(22.769901274261,-7.70585473781,
    -0.383592217541));
#2644 = CARTESIAN_POINT('',(22.775777961137,-7.707429391313,
    -0.390804261645));
#2645 = CARTESIAN_POINT('',(22.781785128161,-7.709039006866,
    -0.397900503183));
#2646 = CARTESIAN_POINT('',(22.787920083463,-7.710682863185,
    -0.404877813232));
#2647 = CARTESIAN_POINT('',(22.797101425946,-7.713142996488,
    -0.414932387274));
#2648 = CARTESIAN_POINT('',(22.800050050715,-7.713933078114,
    -0.418105076347));
#2649 = CARTESIAN_POINT('',(22.803025630613,-7.714730382345,
    -0.421250906809));
#2650 = CARTESIAN_POINT('',(22.806027878658,-7.715534832284,
    -0.424369573541));
#2651 = CARTESIAN_POINT('',(22.809056503571,-7.716346349883,
    -0.427460775802));
#2652 = CARTESIAN_POINT('',(22.815431213389,-7.718054448231,
    -0.433853714717));
#2653 = CARTESIAN_POINT('',(22.818782863083,-7.71895252006,
    -0.437151177161));
#2654 = CARTESIAN_POINT('',(22.822164153289,-7.71985853404,
    -0.440414753282));
#2655 = CARTESIAN_POINT('',(22.825574270941,-7.720772272311,
    -0.44364368174));
#2656 = CARTESIAN_POINT('',(22.82901359547,-7.721693836541,
    -0.446838291133));
#2657 = CARTESIAN_POINT('',(22.832483698804,-7.722623647927,-0.45));
#2658 = ORIENTED_EDGE('',*,*,#2659,.T.);
#2659 = EDGE_CURVE('',#2603,#2660,#2662,.T.);
#2660 = VERTEX_POINT('',#2661);
#2661 = CARTESIAN_POINT('',(25.393933474292,-8.408962046722,0.));
#2662 = LINE('',#2663,#2664);
#2663 = CARTESIAN_POINT('',(11.664957583942,-4.730294043996,0.));
#2664 = VECTOR('',#2665,1.);
#2665 = DIRECTION('',(0.965925826289,-0.258819045103,0.));
#2666 = ORIENTED_EDGE('',*,*,#2667,.F.);
#2667 = EDGE_CURVE('',#2668,#2660,#2670,.T.);
#2668 = VERTEX_POINT('',#2669);
#2669 = CARTESIAN_POINT('',(25.393933474292,-8.408962046722,2.5));
#2670 = LINE('',#2671,#2672);
#2671 = CARTESIAN_POINT('',(25.393933474292,-8.408962046722,4.E-17));
#2672 = VECTOR('',#2673,1.);
#2673 = DIRECTION('',(-0.,-0.,-1.));
#2674 = ORIENTED_EDGE('',*,*,#2675,.F.);
#2675 = EDGE_CURVE('',#2088,#2668,#2676,.T.);
#2676 = HYPERBOLA('',#2677,1.55,1.55);
#2677 = AXIS2_PLACEMENT_3D('',#2678,#2679,#2680);
#2678 = CARTESIAN_POINT('',(-0.401169519909,-1.497185030748,29.25));
#2679 = DIRECTION('',(-0.258819045103,-0.965925826289,2.E-17));
#2680 = DIRECTION('',(-9.506507920973E-18,-1.815826248794E-17,-1.));
#2681 = PLANE('',#2682);
#2682 = AXIS2_PLACEMENT_3D('',#2683,#2684,#2685);
#2683 = CARTESIAN_POINT('',(23.731084687794,-7.963403057245,0.));
#2684 = DIRECTION('',(-0.258819045103,-0.965925826289,0.));
#2685 = DIRECTION('',(0.,0.,-1.));
#2686 = ADVANCED_FACE('',(#2687),#2698,.F.);
#2687 = FACE_BOUND('',#2688,.T.);
#2688 = EDGE_LOOP('',(#2689,#2690,#2691,#2692));
#2689 = ORIENTED_EDGE('',*,*,#1390,.F.);
#2690 = ORIENTED_EDGE('',*,*,#2560,.F.);
#2691 = ORIENTED_EDGE('',*,*,#530,.T.);
#2692 = ORIENTED_EDGE('',*,*,#2693,.F.);
#2693 = EDGE_CURVE('',#1391,#531,#2694,.T.);
#2694 = LINE('',#2695,#2696);
#2695 = CARTESIAN_POINT('',(17.418936230707,11.846613356284,0.));
#2696 = VECTOR('',#2697,1.);
#2697 = DIRECTION('',(0.,0.,-1.));
#2698 = CYLINDRICAL_SURFACE('',#2699,1.55);
#2699 = AXIS2_PLACEMENT_3D('',#2700,#2701,#2702);
#2700 = CARTESIAN_POINT('',(18.193936230707,10.504273980418,0.));
#2701 = DIRECTION('',(0.,0.,-1.));
#2702 = DIRECTION('',(0.866025403784,0.5,0.));
#2703 = ADVANCED_FACE('',(#2704),#2772,.F.);
#2704 = FACE_BOUND('',#2705,.F.);
#2705 = EDGE_LOOP('',(#2706,#2715,#2716,#2717));
#2706 = ORIENTED_EDGE('',*,*,#2707,.T.);
#2707 = EDGE_CURVE('',#2708,#2603,#2710,.T.);
#2708 = VERTEX_POINT('',#2709);
#2709 = CARTESIAN_POINT('',(22.470751312181,-11.18370848449,1.E-15));
#2710 = CIRCLE('',#2711,25.1);
#2711 = AXIS2_PLACEMENT_3D('',#2712,#2713,#2714);
#2712 = CARTESIAN_POINT('',(0.,0.,0.));
#2713 = DIRECTION('',(-0.,2.2E-16,1.));
#2714 = DIRECTION('',(1.,0.,0.));
#2715 = ORIENTED_EDGE('',*,*,#2602,.T.);
#2716 = ORIENTED_EDGE('',*,*,#1227,.F.);
#2717 = ORIENTED_EDGE('',*,*,#2718,.F.);
#2718 = EDGE_CURVE('',#2708,#1220,#2719,.T.);
#2719 = B_SPLINE_CURVE_WITH_KNOTS('',6,(#2720,#2721,#2722,#2723,#2724,
    #2725,#2726,#2727,#2728,#2729,#2730,#2731,#2732,#2733,#2734,#2735,
    #2736,#2737,#2738,#2739,#2740,#2741,#2742,#2743,#2744,#2745,#2746,
    #2747,#2748,#2749,#2750,#2751,#2752,#2753,#2754,#2755,#2756,#2757,
    #2758,#2759,#2760,#2761,#2762,#2763,#2764,#2765,#2766,#2767,#2768,
    #2769,#2770,#2771),.UNSPECIFIED.,.F.,.F.,(7,5,5,5,5,5,5,5,5,5,7),(0.
    ,0.202545733254,0.268699382785,0.399449676038,0.531775068216,
    0.596353311426,0.786881485115,0.953369086127,0.976992981968,
    0.988017747392,1.),.UNSPECIFIED.);
#2720 = CARTESIAN_POINT('',(22.470751312181,-11.18370848449,2.48E-15));
#2721 = CARTESIAN_POINT('',(22.470751312181,-11.18370848449,
    8.082487539881E-02));
#2722 = CARTESIAN_POINT('',(22.459414603488,-11.17716323267,
    0.161673320697));
#2723 = CARTESIAN_POINT('',(22.436730206806,-11.16406639014,
    0.239847188848));
#2724 = CARTESIAN_POINT('',(22.40335025785,-11.14479446763,
    0.312742492182));
#2725 = CARTESIAN_POINT('',(22.360462207163,-11.12003304002,
    0.378022754228));
#2726 = CARTESIAN_POINT('',(22.29320764207,-11.08120359876,
    0.452070172412));
#2727 = CARTESIAN_POINT('',(22.275814891274,-11.0711618894,
    0.469293030438));
#2728 = CARTESIAN_POINT('',(22.257645612502,-11.06067185141,
    0.485444528959));
#2729 = CARTESIAN_POINT('',(22.238762091555,-11.04976944551,
    0.500467427788));
#2730 = CARTESIAN_POINT('',(22.21923071647,-11.03849300085,
    0.514311027893));
#2731 = CARTESIAN_POINT('',(22.159377783004,-11.0039368936,0.55187442813
    ));
#2732 = CARTESIAN_POINT('',(22.117375558208,-10.97968689781,
    0.572039925718));
#2733 = CARTESIAN_POINT('',(22.073659917392,-10.95444766081,
    0.587086627635));
#2734 = CARTESIAN_POINT('',(22.028820291775,-10.92855949089,
    0.596787364768));
#2735 = CARTESIAN_POINT('',(21.983470954976,-10.90237703909,
    0.601034169055));
#2736 = CARTESIAN_POINT('',(21.892446154038,-10.84982384576,
    0.598638702933));
#2737 = CARTESIAN_POINT('',(21.846768896913,-10.82345206906,
    0.591864515309));
#2738 = CARTESIAN_POINT('',(21.80184118528,-10.79751304266,
    0.579537655529));
#2739 = CARTESIAN_POINT('',(21.758294633727,-10.7723714294,
    0.561805006977));
#2740 = CARTESIAN_POINT('',(21.71672960801,-10.74837385061,
    0.538936867386));
#2741 = CARTESIAN_POINT('',(21.658644006539,-10.71483811297,
    0.497842383837));
#2742 = CARTESIAN_POINT('',(21.640195613345,-10.70418692819,
    0.483233278426));
#2743 = CARTESIAN_POINT('',(21.622412731632,-10.69391997664,
    0.467537698998));
#2744 = CARTESIAN_POINT('',(21.605355033292,-10.68407170992,
    0.450806294379));
#2745 = CARTESIAN_POINT('',(21.589078220726,-10.6746742878,
    0.433095438075));
#2746 = CARTESIAN_POINT('',(21.528068308321,-10.63945019845,
    0.359507560482));
#2747 = CARTESIAN_POINT('',(21.489738486593,-10.61732046556,
    0.29654878832));
#2748 = CARTESIAN_POINT('',(21.459993280302,-10.6001470627,
    0.227199147215));
#2749 = CARTESIAN_POINT('',(21.439771723605,-10.5884721415,
    0.153428989994));
#2750 = CARTESIAN_POINT('',(21.429586682106,-10.58259180504,
    7.740913306407E-02));
#2751 = CARTESIAN_POINT('',(21.429302308434,-10.58242762183,
    -6.505584758794E-02));
#2752 = CARTESIAN_POINT('',(21.436830657704,-10.58677411631,
    -0.131520862768));
#2753 = CARTESIAN_POINT('',(21.452026467326,-10.59554742108,
    -0.196526962164));
#2754 = CARTESIAN_POINT('',(21.474599178846,-10.60857978215,
    -0.258618792173));
#2755 = CARTESIAN_POINT('',(21.504001491801,-10.62555521545,
    -0.316443701811));
#2756 = CARTESIAN_POINT('',(21.544464157017,-10.64891634611,
    -0.37626758583));
#2757 = CARTESIAN_POINT('',(21.549613737797,-10.65188945796,
    -0.383592217367));
#2758 = CARTESIAN_POINT('',(21.554882631105,-10.65493145493,
    -0.390804261474));
#2759 = CARTESIAN_POINT('',(21.560268509714,-10.65804099339,
    -0.397900503014));
#2760 = CARTESIAN_POINT('',(21.565768960158,-10.66121667994,
    -0.404877813065));
#2761 = CARTESIAN_POINT('',(21.574000726626,-10.66596929252,
    -0.41493238711));
#2762 = CARTESIAN_POINT('',(21.57664439127,-10.66749561302,
    -0.418105076185));
#2763 = CARTESIAN_POINT('',(21.579312223221,-10.66903588651,
    -0.421250906648));
#2764 = CARTESIAN_POINT('',(21.582003965178,-10.67058996446,
    -0.424369573381));
#2765 = CARTESIAN_POINT('',(21.584719355989,-10.67215769607,
    -0.427460775644));
#2766 = CARTESIAN_POINT('',(21.590434764475,-10.6754574887,
    -0.433853714587));
#2767 = CARTESIAN_POINT('',(21.593439771405,-10.67719243026,
    -0.437151177058));
#2768 = CARTESIAN_POINT('',(21.596471353291,-10.67894271488,
    -0.440414753206));
#2769 = CARTESIAN_POINT('',(21.599528781159,-10.68070792168,
    -0.44364368169));
#2770 = CARTESIAN_POINT('',(21.602612395196,-10.68248824707,
    -0.446838291108));
#2771 = CARTESIAN_POINT('',(21.605723604756,-10.68428450475,-0.45));
#2772 = TOROIDAL_SURFACE('',#2773,24.5,0.6);
#2773 = AXIS2_PLACEMENT_3D('',#2774,#2775,#2776);
#2774 = CARTESIAN_POINT('',(0.,0.,0.));
#2775 = DIRECTION('',(0.,2.2E-16,1.));
#2776 = DIRECTION('',(1.,0.,0.));
#2777 = ADVANCED_FACE('',(#2778),#2863,.F.);
#2778 = FACE_BOUND('',#2779,.F.);
#2779 = EDGE_LOOP('',(#2780,#2781,#2782,#2791,#2799,#2807,#2862));
#2780 = ORIENTED_EDGE('',*,*,#2693,.F.);
#2781 = ORIENTED_EDGE('',*,*,#1399,.T.);
#2782 = ORIENTED_EDGE('',*,*,#2783,.F.);
#2783 = EDGE_CURVE('',#2784,#1400,#2786,.T.);
#2784 = VERTEX_POINT('',#2785);
#2785 = CARTESIAN_POINT('',(22.35225664665,14.694867226427,2.5));
#2786 = HYPERBOLA('',#2787,1.55,1.55);
#2787 = AXIS2_PLACEMENT_3D('',#2788,#2789,#2790);
#2788 = CARTESIAN_POINT('',(-0.775,1.342339375866,29.25));
#2789 = DIRECTION('',(-0.5,0.866025403784,7.E-17));
#2790 = DIRECTION('',(-3.901923788647E-17,5.830127018922E-17,-1.));
#2791 = ORIENTED_EDGE('',*,*,#2792,.T.);
#2792 = EDGE_CURVE('',#2784,#2793,#2795,.T.);
#2793 = VERTEX_POINT('',#2794);
#2794 = CARTESIAN_POINT('',(22.35225664665,14.694867226427,0.));
#2795 = LINE('',#2796,#2797);
#2796 = CARTESIAN_POINT('',(22.35225664665,14.694867226427,1.1E-16));
#2797 = VECTOR('',#2798,1.);
#2798 = DIRECTION('',(-0.,-0.,-1.));
#2799 = ORIENTED_EDGE('',*,*,#2800,.T.);
#2800 = EDGE_CURVE('',#2793,#2801,#2803,.T.);
#2801 = VERTEX_POINT('',#2802);
#2802 = CARTESIAN_POINT('',(20.920751312181,13.868387236225,-2.E-15));
#2803 = LINE('',#2804,#2805);
#2804 = CARTESIAN_POINT('',(10.043193605375,7.588226366075,0.));
#2805 = VECTOR('',#2806,1.);
#2806 = DIRECTION('',(-0.866025403784,-0.5,0.));
#2807 = ORIENTED_EDGE('',*,*,#2808,.T.);
#2808 = EDGE_CURVE('',#2801,#540,#2809,.T.);
#2809 = B_SPLINE_CURVE_WITH_KNOTS('',6,(#2810,#2811,#2812,#2813,#2814,
    #2815,#2816,#2817,#2818,#2819,#2820,#2821,#2822,#2823,#2824,#2825,
    #2826,#2827,#2828,#2829,#2830,#2831,#2832,#2833,#2834,#2835,#2836,
    #2837,#2838,#2839,#2840,#2841,#2842,#2843,#2844,#2845,#2846,#2847,
    #2848,#2849,#2850,#2851,#2852,#2853,#2854,#2855,#2856,#2857,#2858,
    #2859,#2860,#2861),.UNSPECIFIED.,.F.,.F.,(7,5,5,5,5,5,5,5,5,5,7),(0.
    ,0.202545733262,0.268699382793,0.399449676046,0.531775068224,
    0.596353311434,0.786881485123,0.953369086289,0.976992982129,
    0.988017747554,1.),.UNSPECIFIED.);
#2810 = CARTESIAN_POINT('',(20.920751312181,13.868387236225,-3.07E-15));
#2811 = CARTESIAN_POINT('',(20.920751312181,13.868387236225,
    8.082487540203E-02));
#2812 = CARTESIAN_POINT('',(20.909414603487,13.861841984409,
    0.161673320703));
#2813 = CARTESIAN_POINT('',(20.886730206803,13.848745141877,
    0.239847188857));
#2814 = CARTESIAN_POINT('',(20.853350257845,13.82947321936,
    0.312742492193));
#2815 = CARTESIAN_POINT('',(20.810462207155,13.804711791749,
    0.378022754241));
#2816 = CARTESIAN_POINT('',(20.743207642058,13.765882350486,
    0.452070172425));
#2817 = CARTESIAN_POINT('',(20.725814891261,13.755840641132,
    0.46929303045));
#2818 = CARTESIAN_POINT('',(20.707645612489,13.745350603141,
    0.48544452897));
#2819 = CARTESIAN_POINT('',(20.688762091541,13.734448197239,
    0.500467427798));
#2820 = CARTESIAN_POINT('',(20.669230716455,13.723171752576,
    0.514311027902));
#2821 = CARTESIAN_POINT('',(20.609377782988,13.688615645327,
    0.551874428137));
#2822 = CARTESIAN_POINT('',(20.567375558192,13.664365649534,
    0.572039925724));
#2823 = CARTESIAN_POINT('',(20.523659917376,13.639126412541,
    0.58708662764));
#2824 = CARTESIAN_POINT('',(20.478820291758,13.61323824262,
    0.596787364771));
#2825 = CARTESIAN_POINT('',(20.433470954959,13.587055790812,
    0.601034169056));
#2826 = CARTESIAN_POINT('',(20.342446154021,13.534502597488,
    0.598638702931));
#2827 = CARTESIAN_POINT('',(20.296768896896,13.50813082079,
    0.591864515305));
#2828 = CARTESIAN_POINT('',(20.251841185264,13.482191794385,
    0.579537655523));
#2829 = CARTESIAN_POINT('',(20.208294633711,13.457050181124,
    0.56180500697));
#2830 = CARTESIAN_POINT('',(20.166729607995,13.433052602338,
    0.538936867377));
#2831 = CARTESIAN_POINT('',(20.108644006525,13.399516864693,
    0.497842383826));
#2832 = CARTESIAN_POINT('',(20.090195613331,13.388865679917,
    0.483233278415));
#2833 = CARTESIAN_POINT('',(20.072412731619,13.378598728374,
    0.467537698986));
#2834 = CARTESIAN_POINT('',(20.05535503328,13.368750461645,
    0.450806294366));
#2835 = CARTESIAN_POINT('',(20.039078220714,13.359353039529,
    0.433095438062));
#2836 = CARTESIAN_POINT('',(19.978068308311,13.32412895018,
    0.359507560466));
#2837 = CARTESIAN_POINT('',(19.939738486584,13.301999217288,
    0.296548788303));
#2838 = CARTESIAN_POINT('',(19.909993280295,13.28482581443,
    0.227199147196));
#2839 = CARTESIAN_POINT('',(19.889771723601,13.273150893229,
    0.153428989975));
#2840 = CARTESIAN_POINT('',(19.879586682104,13.267270556779,
    7.740913304479E-02));
#2841 = CARTESIAN_POINT('',(19.879302308436,13.267106373565,
    -6.505584766847E-02));
#2842 = CARTESIAN_POINT('',(19.886830657721,13.271452868052,
    -0.13152086291));
#2843 = CARTESIAN_POINT('',(19.902026467373,13.280226172845,
    -0.196526962363));
#2844 = CARTESIAN_POINT('',(19.924599178936,13.293258533942,
    -0.258618792419));
#2845 = CARTESIAN_POINT('',(19.954001491945,13.310233967272,
    -0.316443702094));
#2846 = CARTESIAN_POINT('',(19.994464157228,13.333595097966,
    -0.376267586132));
#2847 = CARTESIAN_POINT('',(19.999613738011,13.336568209817,
    -0.383592217664));
#2848 = CARTESIAN_POINT('',(20.004882631324,13.339610206789,
    -0.390804261767));
#2849 = CARTESIAN_POINT('',(20.010268509936,13.342719745256,
    -0.397900503303));
#2850 = CARTESIAN_POINT('',(20.015768960384,13.345895431803,
    -0.404877813351));
#2851 = CARTESIAN_POINT('',(20.024000726858,13.350648044393,
    -0.41493238739));
#2852 = CARTESIAN_POINT('',(20.026644391504,13.352174364888,
    -0.418105076462));
#2853 = CARTESIAN_POINT('',(20.029312223456,13.353714638383,
    -0.421250906923));
#2854 = CARTESIAN_POINT('',(20.032003965416,13.355268716328,
    -0.424369573655));
#2855 = CARTESIAN_POINT('',(20.034719356228,13.356836447944,
    -0.427460775915));
#2856 = CARTESIAN_POINT('',(20.040434764678,13.360136240552,
    -0.433853714809));
#2857 = CARTESIAN_POINT('',(20.043439771568,13.361871182089,
    -0.437151177234));
#2858 = CARTESIAN_POINT('',(20.046471353415,13.363621466684,
    -0.440414753337));
#2859 = CARTESIAN_POINT('',(20.049528781242,13.365386673463,
    -0.443643681776));
#2860 = CARTESIAN_POINT('',(20.052612395238,13.367166998834,
    -0.446838291151));
#2861 = CARTESIAN_POINT('',(20.055723604756,13.368963256487,-0.45));
#2862 = ORIENTED_EDGE('',*,*,#539,.T.);
#2863 = PLANE('',#2864);
#2864 = AXIS2_PLACEMENT_3D('',#2865,#2866,#2867);
#2865 = CARTESIAN_POINT('',(20.86138721075,13.834113356284,0.));
#2866 = DIRECTION('',(-0.5,0.866025403784,0.));
#2867 = DIRECTION('',(0.,0.,1.));
#2868 = ADVANCED_FACE('',(#2869),#2903,.F.);
#2869 = FACE_BOUND('',#2870,.F.);
#2870 = EDGE_LOOP('',(#2871,#2877,#2878,#2887,#2895,#2901,#2902));
#2871 = ORIENTED_EDGE('',*,*,#2872,.F.);
#2872 = EDGE_CURVE('',#2071,#1211,#2873,.T.);
#2873 = LINE('',#2874,#2875);
#2874 = CARTESIAN_POINT('',(18.968936230707,-9.161934604552,0.));
#2875 = VECTOR('',#2876,1.);
#2876 = DIRECTION('',(0.,-0.,-1.));
#2877 = ORIENTED_EDGE('',*,*,#2079,.T.);
#2878 = ORIENTED_EDGE('',*,*,#2879,.F.);
#2879 = EDGE_CURVE('',#2880,#2080,#2882,.T.);
#2880 = VERTEX_POINT('',#2881);
#2881 = CARTESIAN_POINT('',(23.90225664665,-12.01018847469,2.5));
#2882 = HYPERBOLA('',#2883,1.55,1.55);
#2883 = AXIS2_PLACEMENT_3D('',#2884,#2885,#2886);
#2884 = CARTESIAN_POINT('',(0.775,1.342339375866,29.25));
#2885 = DIRECTION('',(0.5,0.866025403784,-4.E-17));
#2886 = DIRECTION('',(-1.767949192431E-17,-3.598076211353E-17,-1.));
#2887 = ORIENTED_EDGE('',*,*,#2888,.T.);
#2888 = EDGE_CURVE('',#2880,#2889,#2891,.T.);
#2889 = VERTEX_POINT('',#2890);
#2890 = CARTESIAN_POINT('',(23.90225664665,-12.01018847469,0.));
#2891 = LINE('',#2892,#2893);
#2892 = CARTESIAN_POINT('',(23.90225664665,-12.01018847469,-6.E-17));
#2893 = VECTOR('',#2894,1.);
#2894 = DIRECTION('',(-0.,-0.,-1.));
#2895 = ORIENTED_EDGE('',*,*,#2896,.T.);
#2896 = EDGE_CURVE('',#2889,#2708,#2897,.T.);
#2897 = LINE('',#2898,#2899);
#2898 = CARTESIAN_POINT('',(11.593193605375,-4.903547614343,0.));
#2899 = VECTOR('',#2900,1.);
#2900 = DIRECTION('',(-0.866025403784,0.5,0.));
#2901 = ORIENTED_EDGE('',*,*,#2718,.T.);
#2902 = ORIENTED_EDGE('',*,*,#1219,.T.);
#2903 = PLANE('',#2904);
#2904 = AXIS2_PLACEMENT_3D('',#2905,#2906,#2907);
#2905 = CARTESIAN_POINT('',(22.41138721075,-11.14943460455,0.));
#2906 = DIRECTION('',(0.5,0.866025403784,0.));
#2907 = DIRECTION('',(0.,0.,1.));
#2908 = ADVANCED_FACE('',(#2909),#2977,.F.);
#2909 = FACE_BOUND('',#2910,.F.);
#2910 = EDGE_LOOP('',(#2911,#2912,#2921,#2976));
#2911 = ORIENTED_EDGE('',*,*,#2808,.F.);
#2912 = ORIENTED_EDGE('',*,*,#2913,.T.);
#2913 = EDGE_CURVE('',#2801,#2914,#2916,.T.);
#2914 = VERTEX_POINT('',#2915);
#2915 = CARTESIAN_POINT('',(18.810522277893,16.618491256215,-2.E-15));
#2916 = CIRCLE('',#2917,25.1);
#2917 = AXIS2_PLACEMENT_3D('',#2918,#2919,#2920);
#2918 = CARTESIAN_POINT('',(0.,0.,0.));
#2919 = DIRECTION('',(-0.,2.2E-16,1.));
#2920 = DIRECTION('',(1.,0.,0.));
#2921 = ORIENTED_EDGE('',*,*,#2922,.T.);
#2922 = EDGE_CURVE('',#2914,#548,#2923,.T.);
#2923 = B_SPLINE_CURVE_WITH_KNOTS('',6,(#2924,#2925,#2926,#2927,#2928,
    #2929,#2930,#2931,#2932,#2933,#2934,#2935,#2936,#2937,#2938,#2939,
    #2940,#2941,#2942,#2943,#2944,#2945,#2946,#2947,#2948,#2949,#2950,
    #2951,#2952,#2953,#2954,#2955,#2956,#2957,#2958,#2959,#2960,#2961,
    #2962,#2963,#2964,#2965,#2966,#2967,#2968,#2969,#2970,#2971,#2972,
    #2973,#2974,#2975),.UNSPECIFIED.,.F.,.F.,(7,5,5,5,5,5,5,5,5,5,7),(0.
    ,0.202545733257,0.268699382788,0.399449676041,0.531775068219,
    0.59635331143,0.786881485118,0.953369086252,0.976992982093,
    0.988017747517,1.),.UNSPECIFIED.);
#2924 = CARTESIAN_POINT('',(18.810522277893,16.618491256215,-3.66E-15));
#2925 = CARTESIAN_POINT('',(18.810522277893,16.618491256215,
    8.082487540012E-02));
#2926 = CARTESIAN_POINT('',(18.801265894006,16.609234872328,
    0.161673320699));
#2927 = CARTESIAN_POINT('',(18.782744161674,16.590713139996,
    0.239847188852));
#2928 = CARTESIAN_POINT('',(18.755489547479,16.563458525801,
    0.312742492186));
#2929 = CARTESIAN_POINT('',(18.72047160073,16.528440579051,
    0.378022754234));
#2930 = CARTESIAN_POINT('',(18.665558478278,16.4735274566,0.452070172417
    ));
#2931 = CARTESIAN_POINT('',(18.65135735672,16.459326335042,
    0.469293030443));
#2932 = CARTESIAN_POINT('',(18.636522202725,16.444491181046,
    0.485444528963));
#2933 = CARTESIAN_POINT('',(18.621103872436,16.429072850757,
    0.500467427792));
#2934 = CARTESIAN_POINT('',(18.605156571457,16.413125549779,
    0.514311027897));
#2935 = CARTESIAN_POINT('',(18.556286855923,16.364255834245,
    0.551874428133));
#2936 = CARTESIAN_POINT('',(18.521992182986,16.329961161308,
    0.572039925721));
#2937 = CARTESIAN_POINT('',(18.486298511727,16.294267490048,
    0.587086627637));
#2938 = CARTESIAN_POINT('',(18.44968711072,16.257656089042,0.59678736477
    ));
#2939 = CARTESIAN_POINT('',(18.412659532277,16.220628510598,
    0.601034169056));
#2940 = CARTESIAN_POINT('',(18.338338093531,16.146307071853,
    0.598638702932));
#2941 = CARTESIAN_POINT('',(18.301042769262,16.109011747584,
    0.591864515308));
#2942 = CARTESIAN_POINT('',(18.264359446325,16.072328424647,
    0.579537655526));
#2943 = CARTESIAN_POINT('',(18.228803835871,16.036772814192,
    0.561805006974));
#2944 = CARTESIAN_POINT('',(18.194866134487,16.002835112809,
    0.538936867383));
#2945 = CARTESIAN_POINT('',(18.147439439485,15.955408417807,
    0.497842383832));
#2946 = CARTESIAN_POINT('',(18.132376389519,15.94034536784,
    0.483233278421));
#2947 = CARTESIAN_POINT('',(18.117856727402,15.925825705724,
    0.467537698993));
#2948 = CARTESIAN_POINT('',(18.103929175029,15.91189815335,
    0.450806294374));
#2949 = CARTESIAN_POINT('',(18.09063921322,15.898608191542,0.43309543807
    ));
#2950 = CARTESIAN_POINT('',(18.040824828339,15.848793806661,
    0.359507560476));
#2951 = CARTESIAN_POINT('',(18.009528659951,15.817497638273,
    0.296548788313));
#2952 = CARTESIAN_POINT('',(17.985241800716,15.793210779038,
    0.227199147207));
#2953 = CARTESIAN_POINT('',(17.968730968813,15.776699947135,
    0.153428989987));
#2954 = CARTESIAN_POINT('',(17.960414917253,15.768383895575,
    7.740913305632E-02));
#2955 = CARTESIAN_POINT('',(17.960182727124,15.768151705446,
    -6.505584764417E-02));
#2956 = CARTESIAN_POINT('',(17.966329598572,15.774298576894,
    -0.131520862873));
#2957 = CARTESIAN_POINT('',(17.978736925192,15.786705903513,
    -0.196526962314));
#2958 = CARTESIAN_POINT('',(17.997167466997,15.805136445319,
    -0.258618792361));
#2959 = CARTESIAN_POINT('',(18.021174355031,15.829143333352,
    -0.316443702029));
#2960 = CARTESIAN_POINT('',(18.054211982877,15.862180961199,
    -0.376267586063));
#2961 = CARTESIAN_POINT('',(18.05841659798,15.866385576301,
    -0.383592217597));
#2962 = CARTESIAN_POINT('',(18.062718631354,15.870687609675,
    -0.390804261701));
#2963 = CARTESIAN_POINT('',(18.067116182826,15.875085161147,
    -0.397900503237));
#2964 = CARTESIAN_POINT('',(18.071607281809,15.879576260131,
    -0.404877813286));
#2965 = CARTESIAN_POINT('',(18.078328490989,15.886297469311,
    -0.414932387326));
#2966 = CARTESIAN_POINT('',(18.080487034133,15.888456012455,
    -0.418105076399));
#2967 = CARTESIAN_POINT('',(18.0826653098,15.890634288122,
    -0.421250906861));
#2968 = CARTESIAN_POINT('',(18.084863107907,15.892832086228,
    -0.424369573592));
#2969 = CARTESIAN_POINT('',(18.08708021522,15.895049193542,
    -0.427460775853));
#2970 = CARTESIAN_POINT('',(18.091746826685,15.899715805007,
    -0.433853714759));
#2971 = CARTESIAN_POINT('',(18.094200404544,15.902169382866,
    -0.437151177194));
#2972 = CARTESIAN_POINT('',(18.096675680764,15.904644659086,
    -0.440414753307));
#2973 = CARTESIAN_POINT('',(18.099172060139,15.907141038461,
    -0.443643681756));
#2974 = CARTESIAN_POINT('',(18.101689820431,15.909658798753,
    -0.446838291141));
#2975 = CARTESIAN_POINT('',(18.104230112373,15.912199090695,-0.45));
#2976 = ORIENTED_EDGE('',*,*,#547,.F.);
#2977 = TOROIDAL_SURFACE('',#2978,24.5,0.6);
#2978 = AXIS2_PLACEMENT_3D('',#2979,#2980,#2981);
#2979 = CARTESIAN_POINT('',(0.,0.,0.));
#2980 = DIRECTION('',(0.,2.2E-16,1.));
#2981 = DIRECTION('',(1.,0.,0.));
#2982 = ADVANCED_FACE('',(#2983),#2994,.F.);
#2983 = FACE_BOUND('',#2984,.T.);
#2984 = EDGE_LOOP('',(#2985,#2986,#2992,#2993));
#2985 = ORIENTED_EDGE('',*,*,#2070,.F.);
#2986 = ORIENTED_EDGE('',*,*,#2987,.F.);
#2987 = EDGE_CURVE('',#1203,#2063,#2988,.T.);
#2988 = LINE('',#2989,#2990);
#2989 = CARTESIAN_POINT('',(17.418936230707,-11.84661335628,0.));
#2990 = VECTOR('',#2991,1.);
#2991 = DIRECTION('',(0.,0.,1.));
#2992 = ORIENTED_EDGE('',*,*,#1210,.T.);
#2993 = ORIENTED_EDGE('',*,*,#2872,.F.);
#2994 = CYLINDRICAL_SURFACE('',#2995,1.55);
#2995 = AXIS2_PLACEMENT_3D('',#2996,#2997,#2998);
#2996 = CARTESIAN_POINT('',(18.193936230707,-10.50427398041,0.));
#2997 = DIRECTION('',(0.,-0.,-1.));
#2998 = DIRECTION('',(0.866025403784,-0.5,0.));
#2999 = ADVANCED_FACE('',(#3000),#3034,.F.);
#3000 = FACE_BOUND('',#3001,.F.);
#3001 = EDGE_LOOP('',(#3002,#3003,#3009,#3010,#3011,#3019,#3027));
#3002 = ORIENTED_EDGE('',*,*,#1416,.F.);
#3003 = ORIENTED_EDGE('',*,*,#3004,.F.);
#3004 = EDGE_CURVE('',#557,#1417,#3005,.T.);
#3005 = LINE('',#3006,#3007);
#3006 = CARTESIAN_POINT('',(15.951302236829,13.75927121515,0.));
#3007 = VECTOR('',#3008,1.);
#3008 = DIRECTION('',(0.,0.,1.));
#3009 = ORIENTED_EDGE('',*,*,#556,.T.);
#3010 = ORIENTED_EDGE('',*,*,#2922,.F.);
#3011 = ORIENTED_EDGE('',*,*,#3012,.T.);
#3012 = EDGE_CURVE('',#2914,#3013,#3015,.T.);
#3013 = VERTEX_POINT('',#3014);
#3014 = CARTESIAN_POINT('',(19.979341489067,17.787310467388,0.));
#3015 = LINE('',#3016,#3017);
#3016 = CARTESIAN_POINT('',(9.929033601442,7.737002579764,0.));
#3017 = VECTOR('',#3018,1.);
#3018 = DIRECTION('',(0.707106781187,0.707106781187,0.));
#3019 = ORIENTED_EDGE('',*,*,#3020,.F.);
#3020 = EDGE_CURVE('',#3021,#3013,#3023,.T.);
#3021 = VERTEX_POINT('',#3022);
#3022 = CARTESIAN_POINT('',(19.979341489067,17.787310467388,2.5));
#3023 = LINE('',#3024,#3025);
#3024 = CARTESIAN_POINT('',(19.979341489067,17.787310467388,-1.7E-16));
#3025 = VECTOR('',#3026,1.);
#3026 = DIRECTION('',(-0.,-0.,-1.));
#3027 = ORIENTED_EDGE('',*,*,#3028,.F.);
#3028 = EDGE_CURVE('',#1408,#3021,#3029,.T.);
#3029 = HYPERBOLA('',#3030,1.55,1.55);
#3030 = AXIS2_PLACEMENT_3D('',#3031,#3032,#3033);
#3031 = CARTESIAN_POINT('',(1.096015510839,-1.096015510839,29.25));
#3032 = DIRECTION('',(0.707106781187,-0.707106781187,-1.1E-16));
#3033 = DIRECTION('',(-7.778174593052E-17,7.778174593052E-17,-1.));
#3034 = PLANE('',#3035);
#3035 = AXIS2_PLACEMENT_3D('',#3036,#3037,#3038);
#3036 = CARTESIAN_POINT('',(18.762051692045,16.570020670367,0.));
#3037 = DIRECTION('',(0.707106781187,-0.707106781187,0.));
#3038 = DIRECTION('',(0.,0.,-1.));
#3039 = ADVANCED_FACE('',(#3040),#3125,.F.);
#3040 = FACE_BOUND('',#3041,.F.);
#3041 = EDGE_LOOP('',(#3042,#3051,#3052,#3053,#3054,#3111,#3119));
#3042 = ORIENTED_EDGE('',*,*,#3043,.F.);
#3043 = EDGE_CURVE('',#2054,#3044,#3046,.T.);
#3044 = VERTEX_POINT('',#3045);
#3045 = CARTESIAN_POINT('',(22.35225664665,-14.69486722642,2.5));
#3046 = HYPERBOLA('',#3047,1.55,1.55);
#3047 = AXIS2_PLACEMENT_3D('',#3048,#3049,#3050);
#3048 = CARTESIAN_POINT('',(-0.775,-1.342339375866,29.25));
#3049 = DIRECTION('',(-0.5,-0.866025403784,4.E-17));
#3050 = DIRECTION('',(-1.767949192431E-17,-3.598076211353E-17,-1.));
#3051 = ORIENTED_EDGE('',*,*,#2062,.F.);
#3052 = ORIENTED_EDGE('',*,*,#2987,.F.);
#3053 = ORIENTED_EDGE('',*,*,#1202,.T.);
#3054 = ORIENTED_EDGE('',*,*,#3055,.F.);
#3055 = EDGE_CURVE('',#3056,#1194,#3058,.T.);
#3056 = VERTEX_POINT('',#3057);
#3057 = CARTESIAN_POINT('',(20.920751312181,-13.86838723622,2.E-15));
#3058 = B_SPLINE_CURVE_WITH_KNOTS('',6,(#3059,#3060,#3061,#3062,#3063,
    #3064,#3065,#3066,#3067,#3068,#3069,#3070,#3071,#3072,#3073,#3074,
    #3075,#3076,#3077,#3078,#3079,#3080,#3081,#3082,#3083,#3084,#3085,
    #3086,#3087,#3088,#3089,#3090,#3091,#3092,#3093,#3094,#3095,#3096,
    #3097,#3098,#3099,#3100,#3101,#3102,#3103,#3104,#3105,#3106,#3107,
    #3108,#3109,#3110),.UNSPECIFIED.,.F.,.F.,(7,5,5,5,5,5,5,5,5,5,7),(0.
    ,0.202545733254,0.268699382785,0.399449676038,0.531775068216,
    0.596353311427,0.786881485115,0.953369086222,0.976992982062,
    0.988017747486,1.),.UNSPECIFIED.);
#3059 = CARTESIAN_POINT('',(20.920751312181,-13.86838723622,3.05E-15));
#3060 = CARTESIAN_POINT('',(20.920751312181,-13.86838723622,
    8.082487539882E-02));
#3061 = CARTESIAN_POINT('',(20.909414603488,-13.8618419844,
    0.161673320697));
#3062 = CARTESIAN_POINT('',(20.886730206806,-13.84874514187,
    0.239847188848));
#3063 = CARTESIAN_POINT('',(20.85335025785,-13.82947321936,
    0.312742492182));
#3064 = CARTESIAN_POINT('',(20.810462207163,-13.80471179175,
    0.378022754228));
#3065 = CARTESIAN_POINT('',(20.74320764207,-13.76588235049,
    0.452070172412));
#3066 = CARTESIAN_POINT('',(20.725814891274,-13.75584064113,
    0.469293030438));
#3067 = CARTESIAN_POINT('',(20.707645612502,-13.74535060314,
    0.485444528959));
#3068 = CARTESIAN_POINT('',(20.688762091555,-13.73444819724,
    0.500467427788));
#3069 = CARTESIAN_POINT('',(20.66923071647,-13.72317175258,
    0.514311027893));
#3070 = CARTESIAN_POINT('',(20.609377783004,-13.68861564533,
    0.55187442813));
#3071 = CARTESIAN_POINT('',(20.567375558208,-13.66436564954,
    0.572039925718));
#3072 = CARTESIAN_POINT('',(20.523659917392,-13.63912641255,
    0.587086627635));
#3073 = CARTESIAN_POINT('',(20.478820291775,-13.61323824263,
    0.596787364768));
#3074 = CARTESIAN_POINT('',(20.433470954976,-13.58705579082,
    0.601034169055));
#3075 = CARTESIAN_POINT('',(20.342446154038,-13.53450259749,
    0.598638702933));
#3076 = CARTESIAN_POINT('',(20.296768896913,-13.5081308208,
    0.591864515309));
#3077 = CARTESIAN_POINT('',(20.25184118528,-13.48219179439,
    0.579537655529));
#3078 = CARTESIAN_POINT('',(20.208294633727,-13.45705018113,
    0.561805006977));
#3079 = CARTESIAN_POINT('',(20.16672960801,-13.43305260234,
    0.538936867386));
#3080 = CARTESIAN_POINT('',(20.108644006539,-13.3995168647,
    0.497842383837));
#3081 = CARTESIAN_POINT('',(20.090195613345,-13.38886567992,
    0.483233278426));
#3082 = CARTESIAN_POINT('',(20.072412731632,-13.37859872838,
    0.467537698998));
#3083 = CARTESIAN_POINT('',(20.055355033292,-13.36875046165,
    0.450806294379));
#3084 = CARTESIAN_POINT('',(20.039078220726,-13.35935303953,
    0.433095438075));
#3085 = CARTESIAN_POINT('',(19.978068308321,-13.32412895018,
    0.359507560482));
#3086 = CARTESIAN_POINT('',(19.939738486592,-13.30199921729,
    0.29654878832));
#3087 = CARTESIAN_POINT('',(19.909993280302,-13.28482581443,
    0.227199147215));
#3088 = CARTESIAN_POINT('',(19.889771723605,-13.27315089323,
    0.153428989994));
#3089 = CARTESIAN_POINT('',(19.879586682106,-13.26727055678,
    7.740913306416E-02));
#3090 = CARTESIAN_POINT('',(19.879302308434,-13.26710637356,
    -6.505584762567E-02));
#3091 = CARTESIAN_POINT('',(19.886830657712,-13.27145286804,
    -0.131520862844));
#3092 = CARTESIAN_POINT('',(19.902026467352,-13.28022617283,
    -0.196526962275));
#3093 = CARTESIAN_POINT('',(19.924599178897,-13.29325853391,
    -0.258618792314));
#3094 = CARTESIAN_POINT('',(19.954001491884,-13.31023396723,
    -0.316443701975));
#3095 = CARTESIAN_POINT('',(19.99446415714,-13.33359509791,
    -0.376267586007));
#3096 = CARTESIAN_POINT('',(19.999613737922,-13.33656820976,
    -0.383592217541));
#3097 = CARTESIAN_POINT('',(20.004882631233,-13.33961020673,
    -0.390804261645));
#3098 = CARTESIAN_POINT('',(20.010268509844,-13.3427197452,
    -0.397900503183));
#3099 = CARTESIAN_POINT('',(20.01576896029,-13.34589543174,
    -0.404877813232));
#3100 = CARTESIAN_POINT('',(20.024000726762,-13.35064804433,
    -0.414932387274));
#3101 = CARTESIAN_POINT('',(20.026644391407,-13.35217436483,
    -0.418105076347));
#3102 = CARTESIAN_POINT('',(20.029312223359,-13.35371463832,
    -0.421250906809));
#3103 = CARTESIAN_POINT('',(20.032003965317,-13.35526871627,
    -0.424369573541));
#3104 = CARTESIAN_POINT('',(20.034719356128,-13.35683644788,
    -0.427460775802));
#3105 = CARTESIAN_POINT('',(20.040434764593,-13.3601362405,
    -0.433853714717));
#3106 = CARTESIAN_POINT('',(20.0434397715,-13.36187118205,
    -0.437151177161));
#3107 = CARTESIAN_POINT('',(20.046471353364,-13.36362146665,
    -0.440414753282));
#3108 = CARTESIAN_POINT('',(20.049528781208,-13.36538667344,
    -0.44364368174));
#3109 = CARTESIAN_POINT('',(20.052612395221,-13.36716699882,
    -0.446838291133));
#3110 = CARTESIAN_POINT('',(20.055723604756,-13.36896325648,-0.45));
#3111 = ORIENTED_EDGE('',*,*,#3112,.T.);
#3112 = EDGE_CURVE('',#3056,#3113,#3115,.T.);
#3113 = VERTEX_POINT('',#3114);
#3114 = CARTESIAN_POINT('',(22.35225664665,-14.69486722642,0.));
#3115 = LINE('',#3116,#3117);
#3116 = CARTESIAN_POINT('',(10.043193605375,-7.588226366075,0.));
#3117 = VECTOR('',#3118,1.);
#3118 = DIRECTION('',(0.866025403784,-0.5,0.));
#3119 = ORIENTED_EDGE('',*,*,#3120,.F.);
#3120 = EDGE_CURVE('',#3044,#3113,#3121,.T.);
#3121 = LINE('',#3122,#3123);
#3122 = CARTESIAN_POINT('',(22.35225664665,-14.69486722642,6.E-17));
#3123 = VECTOR('',#3124,1.);
#3124 = DIRECTION('',(-0.,-0.,-1.));
#3125 = PLANE('',#3126);
#3126 = AXIS2_PLACEMENT_3D('',#3127,#3128,#3129);
#3127 = CARTESIAN_POINT('',(20.86138721075,-13.83411335628,0.));
#3128 = DIRECTION('',(-0.5,-0.866025403784,0.));
#3129 = DIRECTION('',(0.,0.,-1.));
#3130 = ADVANCED_FACE('',(#3131),#3142,.F.);
#3131 = FACE_BOUND('',#3132,.T.);
#3132 = EDGE_LOOP('',(#3133,#3134,#3135,#3136));
#3133 = ORIENTED_EDGE('',*,*,#1424,.F.);
#3134 = ORIENTED_EDGE('',*,*,#3004,.F.);
#3135 = ORIENTED_EDGE('',*,*,#564,.T.);
#3136 = ORIENTED_EDGE('',*,*,#3137,.F.);
#3137 = EDGE_CURVE('',#1425,#565,#3138,.T.);
#3138 = LINE('',#3139,#3140);
#3139 = CARTESIAN_POINT('',(13.75927121515,15.951302236829,0.));
#3140 = VECTOR('',#3141,1.);
#3141 = DIRECTION('',(0.,0.,-1.));
#3142 = CYLINDRICAL_SURFACE('',#3143,1.55);
#3143 = AXIS2_PLACEMENT_3D('',#3144,#3145,#3146);
#3144 = CARTESIAN_POINT('',(14.855286725989,14.855286725989,0.));
#3145 = DIRECTION('',(0.,0.,-1.));
#3146 = DIRECTION('',(0.707106781187,0.707106781187,0.));
#3147 = ADVANCED_FACE('',(#3148),#3216,.F.);
#3148 = FACE_BOUND('',#3149,.F.);
#3149 = EDGE_LOOP('',(#3150,#3159,#3160,#3161));
#3150 = ORIENTED_EDGE('',*,*,#3151,.T.);
#3151 = EDGE_CURVE('',#3152,#3056,#3154,.T.);
#3152 = VERTEX_POINT('',#3153);
#3153 = CARTESIAN_POINT('',(18.810522277893,-16.61849125621,2.E-15));
#3154 = CIRCLE('',#3155,25.1);
#3155 = AXIS2_PLACEMENT_3D('',#3156,#3157,#3158);
#3156 = CARTESIAN_POINT('',(0.,0.,0.));
#3157 = DIRECTION('',(-0.,2.2E-16,1.));
#3158 = DIRECTION('',(1.,0.,0.));
#3159 = ORIENTED_EDGE('',*,*,#3055,.T.);
#3160 = ORIENTED_EDGE('',*,*,#1193,.F.);
#3161 = ORIENTED_EDGE('',*,*,#3162,.F.);
#3162 = EDGE_CURVE('',#3152,#1186,#3163,.T.);
#3163 = B_SPLINE_CURVE_WITH_KNOTS('',6,(#3164,#3165,#3166,#3167,#3168,
    #3169,#3170,#3171,#3172,#3173,#3174,#3175,#3176,#3177,#3178,#3179,
    #3180,#3181,#3182,#3183,#3184,#3185,#3186,#3187,#3188,#3189,#3190,
    #3191,#3192,#3193,#3194,#3195,#3196,#3197,#3198,#3199,#3200,#3201,
    #3202,#3203,#3204,#3205,#3206,#3207,#3208,#3209,#3210,#3211,#3212,
    #3213,#3214,#3215),.UNSPECIFIED.,.F.,.F.,(7,5,5,5,5,5,5,5,5,5,7),(0.
    ,0.202545733333,0.268699382864,0.399449676117,0.531775068295,
    0.596353311506,0.786881485194,0.95336908719,0.976992983031,
    0.988017748455,1.),.UNSPECIFIED.);
#3164 = CARTESIAN_POINT('',(18.810522277893,-16.61849125621,3.71E-15));
#3165 = CARTESIAN_POINT('',(18.810522277893,-16.61849125621,
    8.082487543045E-02));
#3166 = CARTESIAN_POINT('',(18.801265893999,-16.60923487232,
    0.16167332076));
#3167 = CARTESIAN_POINT('',(18.782744161653,-16.59071313997,
    0.239847188939));
#3168 = CARTESIAN_POINT('',(18.755489547438,-16.56345852576,
    0.312742492296));
#3169 = CARTESIAN_POINT('',(18.720471600664,-16.52844057898,
    0.378022754356));
#3170 = CARTESIAN_POINT('',(18.665558478181,-16.4735274565,
    0.452070172538));
#3171 = CARTESIAN_POINT('',(18.651357356619,-16.45932633494,
    0.469293030557));
#3172 = CARTESIAN_POINT('',(18.63652220262,-16.44449118094,
    0.485444529071));
#3173 = CARTESIAN_POINT('',(18.621103872328,-16.42907285065,
    0.500467427893));
#3174 = CARTESIAN_POINT('',(18.605156571347,-16.41312554966,
    0.514311027991));
#3175 = CARTESIAN_POINT('',(18.556286855805,-16.36425583412,
    0.551874428206));
#3176 = CARTESIAN_POINT('',(18.521992182863,-16.32996116118,
    0.572039925779));
#3177 = CARTESIAN_POINT('',(18.4862985116,-16.29426748992,0.58708662768)
  );
#3178 = CARTESIAN_POINT('',(18.449687110591,-16.25765608891,
    0.596787364797));
#3179 = CARTESIAN_POINT('',(18.412659532147,-16.22062851046,
    0.601034169067));
#3180 = CARTESIAN_POINT('',(18.338338093402,-16.14630707172,
    0.598638702912));
#3181 = CARTESIAN_POINT('',(18.301042769135,-16.10901174745,
    0.591864515272));
#3182 = CARTESIAN_POINT('',(18.2643594462,-16.07232842452,0.579537655475
    ));
#3183 = CARTESIAN_POINT('',(18.22880383575,-16.03677281407,
    0.561805006907));
#3184 = CARTESIAN_POINT('',(18.194866134371,-16.00283511269,
    0.538936867301));
#3185 = CARTESIAN_POINT('',(18.147439439378,-15.9554084177,0.49784238373
    ));
#3186 = CARTESIAN_POINT('',(18.132376389415,-15.94034536773,
    0.483233278313));
#3187 = CARTESIAN_POINT('',(18.117856727301,-15.92582570562,
    0.467537698878));
#3188 = CARTESIAN_POINT('',(18.103929174932,-15.91189815325,
    0.450806294253));
#3189 = CARTESIAN_POINT('',(18.090639213127,-15.89860819144,
    0.433095437943));
#3190 = CARTESIAN_POINT('',(18.040824828262,-15.84879380658,
    0.359507560328));
#3191 = CARTESIAN_POINT('',(18.009528659887,-15.8174976382,
    0.296548788152));
#3192 = CARTESIAN_POINT('',(17.985241800667,-15.79321077898,
    0.227199147036));
#3193 = CARTESIAN_POINT('',(17.96873096878,-15.7766999471,0.153428989808
    ));
#3194 = CARTESIAN_POINT('',(17.960414917237,-15.76838389555,
    7.740913287413E-02));
#3195 = CARTESIAN_POINT('',(17.960182727137,-15.76815170545,
    -6.505584817074E-02));
#3196 = CARTESIAN_POINT('',(17.966329598664,-15.77429857698,
    -0.131520863741));
#3197 = CARTESIAN_POINT('',(17.978736925427,-15.78670590374,
    -0.196526963499));
#3198 = CARTESIAN_POINT('',(17.997167467435,-15.80513644575,
    -0.258618793814));
#3199 = CARTESIAN_POINT('',(18.021174355721,-15.82914333404,
    -0.316443703683));
#3200 = CARTESIAN_POINT('',(18.054211983876,-15.86218096219,
    -0.376267587814));
#3201 = CARTESIAN_POINT('',(18.058416598998,-15.86638557731,
    -0.383592219325));
#3202 = CARTESIAN_POINT('',(18.062718632391,-15.87068761071,
    -0.390804263406));
#3203 = CARTESIAN_POINT('',(18.067116183882,-15.8750851622,
    -0.39790050492));
#3204 = CARTESIAN_POINT('',(18.071607282884,-15.8795762612,
    -0.404877814945));
#3205 = CARTESIAN_POINT('',(18.07832849209,-15.88629747041,
    -0.414932388949));
#3206 = CARTESIAN_POINT('',(18.080487035243,-15.88845601356,
    -0.418105078011));
#3207 = CARTESIAN_POINT('',(18.082665310918,-15.89063428924,
    -0.421250908461));
#3208 = CARTESIAN_POINT('',(18.084863109033,-15.89283208735,
    -0.424369575181));
#3209 = CARTESIAN_POINT('',(18.087080216355,-15.89504919467,
    -0.42746077743));
#3210 = CARTESIAN_POINT('',(18.091746827646,-15.89971580596,
    -0.43385371605));
#3211 = CARTESIAN_POINT('',(18.09420040532,-15.90216938364,
    -0.437151178217));
#3212 = CARTESIAN_POINT('',(18.096675681352,-15.90464465967,
    -0.440414754067));
#3213 = CARTESIAN_POINT('',(18.099172060534,-15.90714103885,
    -0.443643682258));
#3214 = CARTESIAN_POINT('',(18.10168982063,-15.90965879895,
    -0.446838291389));
#3215 = CARTESIAN_POINT('',(18.104230112373,-15.91219909069,-0.45));
#3216 = TOROIDAL_SURFACE('',#3217,24.5,0.6);
#3217 = AXIS2_PLACEMENT_3D('',#3218,#3219,#3220);
#3218 = CARTESIAN_POINT('',(0.,0.,0.));
#3219 = DIRECTION('',(0.,2.2E-16,1.));
#3220 = DIRECTION('',(1.,0.,0.));
#3221 = ADVANCED_FACE('',(#3222),#3307,.F.);
#3222 = FACE_BOUND('',#3223,.F.);
#3223 = EDGE_LOOP('',(#3224,#3225,#3226,#3235,#3243,#3251,#3306));
#3224 = ORIENTED_EDGE('',*,*,#3137,.F.);
#3225 = ORIENTED_EDGE('',*,*,#1433,.T.);
#3226 = ORIENTED_EDGE('',*,*,#3227,.F.);
#3227 = EDGE_CURVE('',#3228,#1434,#3230,.T.);
#3228 = VERTEX_POINT('',#3229);
#3229 = CARTESIAN_POINT('',(17.787310467388,19.979341489067,2.5));
#3230 = HYPERBOLA('',#3231,1.55,1.55);
#3231 = AXIS2_PLACEMENT_3D('',#3232,#3233,#3234);
#3232 = CARTESIAN_POINT('',(-1.096015510839,1.096015510839,29.25));
#3233 = DIRECTION('',(-0.707106781187,0.707106781187,1.1E-16));
#3234 = DIRECTION('',(-7.778174593052E-17,7.778174593052E-17,-1.));
#3235 = ORIENTED_EDGE('',*,*,#3236,.T.);
#3236 = EDGE_CURVE('',#3228,#3237,#3239,.T.);
#3237 = VERTEX_POINT('',#3238);
#3238 = CARTESIAN_POINT('',(17.787310467388,19.979341489067,0.));
#3239 = LINE('',#3240,#3241);
#3240 = CARTESIAN_POINT('',(17.787310467388,19.979341489067,1.7E-16));
#3241 = VECTOR('',#3242,1.);
#3242 = DIRECTION('',(-0.,-0.,-1.));
#3243 = ORIENTED_EDGE('',*,*,#3244,.T.);
#3244 = EDGE_CURVE('',#3237,#3245,#3247,.T.);
#3245 = VERTEX_POINT('',#3246);
#3246 = CARTESIAN_POINT('',(16.618491256215,18.810522277893,-2.E-15));
#3247 = LINE('',#3248,#3249);
#3248 = CARTESIAN_POINT('',(7.737002579764,9.929033601442,0.));
#3249 = VECTOR('',#3250,1.);
#3250 = DIRECTION('',(-0.707106781187,-0.707106781187,0.));
#3251 = ORIENTED_EDGE('',*,*,#3252,.T.);
#3252 = EDGE_CURVE('',#3245,#574,#3253,.T.);
#3253 = B_SPLINE_CURVE_WITH_KNOTS('',6,(#3254,#3255,#3256,#3257,#3258,
    #3259,#3260,#3261,#3262,#3263,#3264,#3265,#3266,#3267,#3268,#3269,
    #3270,#3271,#3272,#3273,#3274,#3275,#3276,#3277,#3278,#3279,#3280,
    #3281,#3282,#3283,#3284,#3285,#3286,#3287,#3288,#3289,#3290,#3291,
    #3292,#3293,#3294,#3295,#3296,#3297,#3298,#3299,#3300,#3301,#3302,
    #3303,#3304,#3305),.UNSPECIFIED.,.F.,.F.,(7,5,5,5,5,5,5,5,5,5,7),(0.
    ,0.202545733252,0.268699382783,0.399449676036,0.531775068214,
    0.596353311425,0.786881485113,0.953369086101,0.976992981941,
    0.988017747366,1.),.UNSPECIFIED.);
#3254 = CARTESIAN_POINT('',(16.618491256215,18.810522277893,-4.2E-15));
#3255 = CARTESIAN_POINT('',(16.618491256215,18.810522277893,
    8.082487539807E-02));
#3256 = CARTESIAN_POINT('',(16.609234872328,18.801265894006,
    0.161673320695));
#3257 = CARTESIAN_POINT('',(16.590713139997,18.782744161676,
    0.239847188846));
#3258 = CARTESIAN_POINT('',(16.563458525804,18.755489547482,
    0.312742492179));
#3259 = CARTESIAN_POINT('',(16.528440579056,18.720471600734,
    0.378022754225));
#3260 = CARTESIAN_POINT('',(16.473527456607,18.665558478285,
    0.452070172409));
#3261 = CARTESIAN_POINT('',(16.459326335048,18.651357356727,
    0.469293030435));
#3262 = CARTESIAN_POINT('',(16.444491181053,18.636522202732,
    0.485444528956));
#3263 = CARTESIAN_POINT('',(16.429072850764,18.621103872443,
    0.500467427785));
#3264 = CARTESIAN_POINT('',(16.413125549786,18.605156571465,
    0.51431102789));
#3265 = CARTESIAN_POINT('',(16.364255834253,18.556286855931,
    0.551874428128));
#3266 = CARTESIAN_POINT('',(16.329961161316,18.521992182995,
    0.572039925717));
#3267 = CARTESIAN_POINT('',(16.294267490057,18.486298511735,
    0.587086627634));
#3268 = CARTESIAN_POINT('',(16.25765608905,18.449687110729,
    0.596787364768));
#3269 = CARTESIAN_POINT('',(16.220628510607,18.412659532285,
    0.601034169055));
#3270 = CARTESIAN_POINT('',(16.146307071861,18.33833809354,
    0.598638702933));
#3271 = CARTESIAN_POINT('',(16.109011747592,18.301042769271,
    0.59186451531));
#3272 = CARTESIAN_POINT('',(16.072328424655,18.264359446333,
    0.57953765553));
#3273 = CARTESIAN_POINT('',(16.036772814201,18.228803835879,
    0.561805006978));
#3274 = CARTESIAN_POINT('',(16.002835112817,18.194866134495,
    0.538936867388));
#3275 = CARTESIAN_POINT('',(15.955408417814,18.147439439492,
    0.497842383839));
#3276 = CARTESIAN_POINT('',(15.940345367847,18.132376389526,
    0.483233278429));
#3277 = CARTESIAN_POINT('',(15.92582570573,18.117856727409,
    0.467537699001));
#3278 = CARTESIAN_POINT('',(15.911898153357,18.103929175035,
    0.450806294382));
#3279 = CARTESIAN_POINT('',(15.898608191548,18.090639213227,
    0.433095438078));
#3280 = CARTESIAN_POINT('',(15.848793806666,18.040824828345,
    0.359507560486));
#3281 = CARTESIAN_POINT('',(15.817497638277,18.009528659956,
    0.296548788324));
#3282 = CARTESIAN_POINT('',(15.793210779041,17.98524180072,
    0.227199147219));
#3283 = CARTESIAN_POINT('',(15.776699947137,17.968730968815,
    0.153428989999));
#3284 = CARTESIAN_POINT('',(15.768383895576,17.960414917255,
    7.740913306859E-02));
#3285 = CARTESIAN_POINT('',(15.768151705445,17.960182727123,
    -6.505584757355E-02));
#3286 = CARTESIAN_POINT('',(15.774298576881,17.966329598559,
    -0.131520862744));
#3287 = CARTESIAN_POINT('',(15.786705903478,17.978736925156,
    -0.196526962131));
#3288 = CARTESIAN_POINT('',(15.80513644525,17.997167466929,
    -0.258618792132));
#3289 = CARTESIAN_POINT('',(15.829143333242,18.021174354921,
    -0.316443701764));
#3290 = CARTESIAN_POINT('',(15.862180961038,18.054211982716,
    -0.376267585781));
#3291 = CARTESIAN_POINT('',(15.866385576137,18.058416597816,
    -0.383592217318));
#3292 = CARTESIAN_POINT('',(15.870687609508,18.062718631186,
    -0.390804261426));
#3293 = CARTESIAN_POINT('',(15.875085160977,18.067116182655,
    -0.397900502966));
#3294 = CARTESIAN_POINT('',(15.879576259958,18.071607281636,
    -0.404877813018));
#3295 = CARTESIAN_POINT('',(15.886297469133,18.078328490812,
    -0.414932387064));
#3296 = CARTESIAN_POINT('',(15.888456012276,18.080487033954,
    -0.418105076139));
#3297 = CARTESIAN_POINT('',(15.890634287942,18.08266530962,
    -0.421250906603));
#3298 = CARTESIAN_POINT('',(15.892832086047,18.084863107725,
    -0.424369573336));
#3299 = CARTESIAN_POINT('',(15.895049193359,18.087080215037,
    -0.427460775599));
#3300 = CARTESIAN_POINT('',(15.899715804852,18.09174682653,
    -0.43385371455));
#3301 = CARTESIAN_POINT('',(15.902169382741,18.094200404419,
    -0.437151177029));
#3302 = CARTESIAN_POINT('',(15.904644658991,18.09667568067,
    -0.440414753184));
#3303 = CARTESIAN_POINT('',(15.907141038397,18.099172060075,
    -0.443643681676));
#3304 = CARTESIAN_POINT('',(15.909658798721,18.101689820399,
    -0.446838291101));
#3305 = CARTESIAN_POINT('',(15.912199090695,18.104230112373,-0.45));
#3306 = ORIENTED_EDGE('',*,*,#573,.T.);
#3307 = PLANE('',#3308);
#3308 = AXIS2_PLACEMENT_3D('',#3309,#3310,#3311);
#3309 = CARTESIAN_POINT('',(16.570020670367,18.762051692045,0.));
#3310 = DIRECTION('',(-0.707106781187,0.707106781187,0.));
#3311 = DIRECTION('',(0.,0.,1.));
#3312 = ADVANCED_FACE('',(#3313),#3347,.F.);
#3313 = FACE_BOUND('',#3314,.F.);
#3314 = EDGE_LOOP('',(#3315,#3321,#3322,#3331,#3339,#3345,#3346));
#3315 = ORIENTED_EDGE('',*,*,#3316,.F.);
#3316 = EDGE_CURVE('',#2037,#1177,#3317,.T.);
#3317 = LINE('',#3318,#3319);
#3318 = CARTESIAN_POINT('',(15.951302236829,-13.75927121515,0.));
#3319 = VECTOR('',#3320,1.);
#3320 = DIRECTION('',(0.,-0.,-1.));
#3321 = ORIENTED_EDGE('',*,*,#2045,.T.);
#3322 = ORIENTED_EDGE('',*,*,#3323,.F.);
#3323 = EDGE_CURVE('',#3324,#2046,#3326,.T.);
#3324 = VERTEX_POINT('',#3325);
#3325 = CARTESIAN_POINT('',(19.979341489067,-17.78731046738,2.5));
#3326 = HYPERBOLA('',#3327,1.55,1.55);
#3327 = AXIS2_PLACEMENT_3D('',#3328,#3329,#3330);
#3328 = CARTESIAN_POINT('',(1.096015510839,1.096015510839,29.25));
#3329 = DIRECTION('',(0.707106781187,0.707106781187,-5.E-17));
#3330 = DIRECTION('',(-3.535533905933E-17,-3.535533905933E-17,-1.));
#3331 = ORIENTED_EDGE('',*,*,#3332,.T.);
#3332 = EDGE_CURVE('',#3324,#3333,#3335,.T.);
#3333 = VERTEX_POINT('',#3334);
#3334 = CARTESIAN_POINT('',(19.979341489067,-17.78731046738,0.));
#3335 = LINE('',#3336,#3337);
#3336 = CARTESIAN_POINT('',(19.979341489067,-17.78731046738,-7.E-17));
#3337 = VECTOR('',#3338,1.);
#3338 = DIRECTION('',(-0.,-0.,-1.));
#3339 = ORIENTED_EDGE('',*,*,#3340,.T.);
#3340 = EDGE_CURVE('',#3333,#3152,#3341,.T.);
#3341 = LINE('',#3342,#3343);
#3342 = CARTESIAN_POINT('',(9.929033601442,-7.737002579764,0.));
#3343 = VECTOR('',#3344,1.);
#3344 = DIRECTION('',(-0.707106781187,0.707106781187,0.));
#3345 = ORIENTED_EDGE('',*,*,#3162,.T.);
#3346 = ORIENTED_EDGE('',*,*,#1185,.T.);
#3347 = PLANE('',#3348);
#3348 = AXIS2_PLACEMENT_3D('',#3349,#3350,#3351);
#3349 = CARTESIAN_POINT('',(18.762051692045,-16.57002067036,0.));
#3350 = DIRECTION('',(0.707106781187,0.707106781187,0.));
#3351 = DIRECTION('',(0.,0.,1.));
#3352 = ADVANCED_FACE('',(#3353),#3421,.F.);
#3353 = FACE_BOUND('',#3354,.F.);
#3354 = EDGE_LOOP('',(#3355,#3356,#3365,#3420));
#3355 = ORIENTED_EDGE('',*,*,#3252,.F.);
#3356 = ORIENTED_EDGE('',*,*,#3357,.T.);
#3357 = EDGE_CURVE('',#3245,#3358,#3360,.T.);
#3358 = VERTEX_POINT('',#3359);
#3359 = CARTESIAN_POINT('',(13.868387236225,20.920751312181,-2.E-15));
#3360 = CIRCLE('',#3361,25.1);
#3361 = AXIS2_PLACEMENT_3D('',#3362,#3363,#3364);
#3362 = CARTESIAN_POINT('',(0.,0.,0.));
#3363 = DIRECTION('',(-0.,2.2E-16,1.));
#3364 = DIRECTION('',(1.,0.,0.));
#3365 = ORIENTED_EDGE('',*,*,#3366,.T.);
#3366 = EDGE_CURVE('',#3358,#582,#3367,.T.);
#3367 = B_SPLINE_CURVE_WITH_KNOTS('',6,(#3368,#3369,#3370,#3371,#3372,
    #3373,#3374,#3375,#3376,#3377,#3378,#3379,#3380,#3381,#3382,#3383,
    #3384,#3385,#3386,#3387,#3388,#3389,#3390,#3391,#3392,#3393,#3394,
    #3395,#3396,#3397,#3398,#3399,#3400,#3401,#3402,#3403,#3404,#3405,
    #3406,#3407,#3408,#3409,#3410,#3411,#3412,#3413,#3414,#3415,#3416,
    #3417,#3418,#3419),.UNSPECIFIED.,.F.,.F.,(7,5,5,5,5,5,5,5,5,5,7),(0.
    ,0.20254573326,0.268699382791,0.399449676043,0.531775068222,
    0.596353311432,0.78688148512,0.95336908628,0.976992982121,
    0.988017747545,1.),.UNSPECIFIED.);
#3368 = CARTESIAN_POINT('',(13.868387236225,20.920751312181,-4.69E-15));
#3369 = CARTESIAN_POINT('',(13.868387236225,20.920751312181,
    8.082487540099E-02));
#3370 = CARTESIAN_POINT('',(13.861841984409,20.909414603487,
    0.161673320701));
#3371 = CARTESIAN_POINT('',(13.848745141877,20.886730206804,
    0.239847188854));
#3372 = CARTESIAN_POINT('',(13.829473219361,20.853350257846,
    0.312742492189));
#3373 = CARTESIAN_POINT('',(13.804711791751,20.810462207157,
    0.378022754237));
#3374 = CARTESIAN_POINT('',(13.765882350489,20.743207642062,
    0.452070172421));
#3375 = CARTESIAN_POINT('',(13.755840641134,20.725814891265,
    0.469293030446));
#3376 = CARTESIAN_POINT('',(13.745350603144,20.707645612493,
    0.485444528967));
#3377 = CARTESIAN_POINT('',(13.734448197242,20.688762091546,
    0.500467427795));
#3378 = CARTESIAN_POINT('',(13.723171752579,20.66923071646,
    0.514311027899));
#3379 = CARTESIAN_POINT('',(13.68861564533,20.609377782993,
    0.551874428135));
#3380 = CARTESIAN_POINT('',(13.664365649537,20.567375558197,
    0.572039925722));
#3381 = CARTESIAN_POINT('',(13.639126412544,20.523659917381,
    0.587086627638));
#3382 = CARTESIAN_POINT('',(13.613238242623,20.478820291763,
    0.59678736477));
#3383 = CARTESIAN_POINT('',(13.587055790815,20.433470954965,
    0.601034169056));
#3384 = CARTESIAN_POINT('',(13.534502597491,20.342446154027,
    0.598638702931));
#3385 = CARTESIAN_POINT('',(13.508130820793,20.296768896901,
    0.591864515307));
#3386 = CARTESIAN_POINT('',(13.482191794388,20.251841185269,
    0.579537655525));
#3387 = CARTESIAN_POINT('',(13.457050181127,20.208294633716,
    0.561805006972));
#3388 = CARTESIAN_POINT('',(13.433052602341,20.166729608,0.53893686738)
  );
#3389 = CARTESIAN_POINT('',(13.399516864696,20.108644006529,
    0.497842383829));
#3390 = CARTESIAN_POINT('',(13.388865679919,20.090195613335,
    0.483233278418));
#3391 = CARTESIAN_POINT('',(13.378598728376,20.072412731624,
    0.46753769899));
#3392 = CARTESIAN_POINT('',(13.368750461648,20.055355033284,
    0.45080629437));
#3393 = CARTESIAN_POINT('',(13.359353039531,20.039078220718,
    0.433095438066));
#3394 = CARTESIAN_POINT('',(13.324128950182,19.978068308314,
    0.359507560471));
#3395 = CARTESIAN_POINT('',(13.301999217289,19.939738486587,
    0.296548788308));
#3396 = CARTESIAN_POINT('',(13.284825814431,19.909993280297,
    0.227199147203));
#3397 = CARTESIAN_POINT('',(13.27315089323,19.889771723602,
    0.153428989981));
#3398 = CARTESIAN_POINT('',(13.267270556779,19.879586682105,
    7.740913305102E-02));
#3399 = CARTESIAN_POINT('',(13.267106373565,19.879302308435,
    -6.505584765984E-02));
#3400 = CARTESIAN_POINT('',(13.271452868051,19.886830657719,
    -0.131520862899));
#3401 = CARTESIAN_POINT('',(13.280226172843,19.90202646737,
    -0.19652696235));
#3402 = CARTESIAN_POINT('',(13.293258533939,19.92459917893,
    -0.258618792405));
#3403 = CARTESIAN_POINT('',(13.310233967268,19.954001491937,
    -0.316443702078));
#3404 = CARTESIAN_POINT('',(13.333595097959,19.994464157216,
    -0.376267586115));
#3405 = CARTESIAN_POINT('',(13.33656820981,19.999613738,-0.383592217648)
  );
#3406 = CARTESIAN_POINT('',(13.339610206783,20.004882631312,
    -0.390804261751));
#3407 = CARTESIAN_POINT('',(13.342719745249,20.010268509924,
    -0.397900503288));
#3408 = CARTESIAN_POINT('',(13.345895431796,20.015768960372,
    -0.404877813335));
#3409 = CARTESIAN_POINT('',(13.350648044385,20.024000726846,
    -0.414932387374));
#3410 = CARTESIAN_POINT('',(13.35217436488,20.026644391491,
    -0.418105076447));
#3411 = CARTESIAN_POINT('',(13.353714638376,20.029312223444,
    -0.421250906908));
#3412 = CARTESIAN_POINT('',(13.355268716321,20.032003965403,
    -0.42436957364));
#3413 = CARTESIAN_POINT('',(13.356836447937,20.034719356215,
    -0.4274607759));
#3414 = CARTESIAN_POINT('',(13.360136240545,20.040434764667,
    -0.433853714797));
#3415 = CARTESIAN_POINT('',(13.361871182084,20.043439771559,
    -0.437151177225));
#3416 = CARTESIAN_POINT('',(13.36362146668,20.046471353409,
    -0.44041475333));
#3417 = CARTESIAN_POINT('',(13.365386673461,20.049528781238,
    -0.443643681771));
#3418 = CARTESIAN_POINT('',(13.367166998833,20.052612395236,
    -0.446838291149));
#3419 = CARTESIAN_POINT('',(13.368963256487,20.055723604756,-0.45));
#3420 = ORIENTED_EDGE('',*,*,#581,.F.);
#3421 = TOROIDAL_SURFACE('',#3422,24.5,0.6);
#3422 = AXIS2_PLACEMENT_3D('',#3423,#3424,#3425);
#3423 = CARTESIAN_POINT('',(0.,0.,0.));
#3424 = DIRECTION('',(0.,2.2E-16,1.));
#3425 = DIRECTION('',(1.,0.,0.));
#3426 = ADVANCED_FACE('',(#3427),#3438,.F.);
#3427 = FACE_BOUND('',#3428,.T.);
#3428 = EDGE_LOOP('',(#3429,#3430,#3436,#3437));
#3429 = ORIENTED_EDGE('',*,*,#2036,.F.);
#3430 = ORIENTED_EDGE('',*,*,#3431,.F.);
#3431 = EDGE_CURVE('',#1169,#2029,#3432,.T.);
#3432 = LINE('',#3433,#3434);
#3433 = CARTESIAN_POINT('',(13.75927121515,-15.95130223682,0.));
#3434 = VECTOR('',#3435,1.);
#3435 = DIRECTION('',(0.,0.,1.));
#3436 = ORIENTED_EDGE('',*,*,#1176,.T.);
#3437 = ORIENTED_EDGE('',*,*,#3316,.F.);
#3438 = CYLINDRICAL_SURFACE('',#3439,1.55);
#3439 = AXIS2_PLACEMENT_3D('',#3440,#3441,#3442);
#3440 = CARTESIAN_POINT('',(14.855286725989,-14.85528672598,0.));
#3441 = DIRECTION('',(0.,-0.,-1.));
#3442 = DIRECTION('',(0.707106781187,-0.707106781187,0.));
#3443 = ADVANCED_FACE('',(#3444),#3478,.F.);
#3444 = FACE_BOUND('',#3445,.F.);
#3445 = EDGE_LOOP('',(#3446,#3447,#3453,#3454,#3455,#3463,#3471));
#3446 = ORIENTED_EDGE('',*,*,#1450,.F.);
#3447 = ORIENTED_EDGE('',*,*,#3448,.F.);
#3448 = EDGE_CURVE('',#591,#1451,#3449,.T.);
#3449 = LINE('',#3450,#3451);
#3450 = CARTESIAN_POINT('',(11.846613356284,17.418936230707,0.));
#3451 = VECTOR('',#3452,1.);
#3452 = DIRECTION('',(0.,0.,1.));
#3453 = ORIENTED_EDGE('',*,*,#590,.T.);
#3454 = ORIENTED_EDGE('',*,*,#3366,.F.);
#3455 = ORIENTED_EDGE('',*,*,#3456,.T.);
#3456 = EDGE_CURVE('',#3358,#3457,#3459,.T.);
#3457 = VERTEX_POINT('',#3458);
#3458 = CARTESIAN_POINT('',(14.694867226427,22.35225664665,0.));
#3459 = LINE('',#3460,#3461);
#3460 = CARTESIAN_POINT('',(7.588226366075,10.043193605375,0.));
#3461 = VECTOR('',#3462,1.);
#3462 = DIRECTION('',(0.5,0.866025403784,0.));
#3463 = ORIENTED_EDGE('',*,*,#3464,.F.);
#3464 = EDGE_CURVE('',#3465,#3457,#3467,.T.);
#3465 = VERTEX_POINT('',#3466);
#3466 = CARTESIAN_POINT('',(14.694867226427,22.35225664665,2.5));
#3467 = LINE('',#3468,#3469);
#3468 = CARTESIAN_POINT('',(14.694867226427,22.35225664665,-2.4E-16));
#3469 = VECTOR('',#3470,1.);
#3470 = DIRECTION('',(-0.,-0.,-1.));
#3471 = ORIENTED_EDGE('',*,*,#3472,.F.);
#3472 = EDGE_CURVE('',#1442,#3465,#3473,.T.);
#3473 = HYPERBOLA('',#3474,1.55,1.55);
#3474 = AXIS2_PLACEMENT_3D('',#3475,#3476,#3477);
#3475 = CARTESIAN_POINT('',(1.342339375866,-0.775,29.25));
#3476 = DIRECTION('',(0.866025403784,-0.5,-1.5E-16));
#3477 = DIRECTION('',(-1.277627944163E-16,7.870834875401E-17,-1.));
#3478 = PLANE('',#3479);
#3479 = AXIS2_PLACEMENT_3D('',#3480,#3481,#3482);
#3480 = CARTESIAN_POINT('',(13.834113356284,20.86138721075,0.));
#3481 = DIRECTION('',(0.866025403784,-0.5,0.));
#3482 = DIRECTION('',(0.,0.,-1.));
#3483 = ADVANCED_FACE('',(#3484),#3569,.F.);
#3484 = FACE_BOUND('',#3485,.F.);
#3485 = EDGE_LOOP('',(#3486,#3487,#3488,#3489,#3546,#3554,#3562));
#3486 = ORIENTED_EDGE('',*,*,#2028,.F.);
#3487 = ORIENTED_EDGE('',*,*,#3431,.F.);
#3488 = ORIENTED_EDGE('',*,*,#1168,.T.);
#3489 = ORIENTED_EDGE('',*,*,#3490,.F.);
#3490 = EDGE_CURVE('',#3491,#1160,#3493,.T.);
#3491 = VERTEX_POINT('',#3492);
#3492 = CARTESIAN_POINT('',(16.618491256215,-18.81052227789,2.E-15));
#3493 = B_SPLINE_CURVE_WITH_KNOTS('',6,(#3494,#3495,#3496,#3497,#3498,
    #3499,#3500,#3501,#3502,#3503,#3504,#3505,#3506,#3507,#3508,#3509,
    #3510,#3511,#3512,#3513,#3514,#3515,#3516,#3517,#3518,#3519,#3520,
    #3521,#3522,#3523,#3524,#3525,#3526,#3527,#3528,#3529,#3530,#3531,
    #3532,#3533,#3534,#3535,#3536,#3537,#3538,#3539,#3540,#3541,#3542,
    #3543,#3544,#3545),.UNSPECIFIED.,.F.,.F.,(7,5,5,5,5,5,5,5,5,5,7),(0.
    ,0.202545733274,0.268699382805,0.399449676058,0.531775068236,
    0.596353311447,0.786881485135,0.953369086271,0.976992982112,
    0.988017747536,1.),.UNSPECIFIED.);
#3494 = CARTESIAN_POINT('',(16.618491256215,-18.81052227789,4.18E-15));
#3495 = CARTESIAN_POINT('',(16.618491256215,-18.81052227789,
    8.082487540701E-02));
#3496 = CARTESIAN_POINT('',(16.609234872326,-18.801265894,0.161673320713
    ));
#3497 = CARTESIAN_POINT('',(16.590713139991,-18.78274416167,
    0.239847188871));
#3498 = CARTESIAN_POINT('',(16.563458525792,-18.75548954747,
    0.312742492211));
#3499 = CARTESIAN_POINT('',(16.528440579036,-18.72047160071,
    0.378022754261));
#3500 = CARTESIAN_POINT('',(16.473527456578,-18.66555847825,
    0.452070172445));
#3501 = CARTESIAN_POINT('',(16.459326335019,-18.65135735669,
    0.469293030469));
#3502 = CARTESIAN_POINT('',(16.444491181023,-18.6365222027,
    0.485444528988));
#3503 = CARTESIAN_POINT('',(16.429072850733,-18.62110387241,
    0.500467427815));
#3504 = CARTESIAN_POINT('',(16.413125549754,-18.60515657143,
    0.514311027918));
#3505 = CARTESIAN_POINT('',(16.364255834218,-18.55628685589,
    0.551874428149));
#3506 = CARTESIAN_POINT('',(16.32996116128,-18.52199218295,
    0.572039925734));
#3507 = CARTESIAN_POINT('',(16.29426749002,-18.48629851169,
    0.587086627647));
#3508 = CARTESIAN_POINT('',(16.257656089012,-18.44968711069,
    0.596787364776));
#3509 = CARTESIAN_POINT('',(16.220628510569,-18.41265953224,
    0.601034169058));
#3510 = CARTESIAN_POINT('',(16.146307071823,-18.3383380935,
    0.598638702927));
#3511 = CARTESIAN_POINT('',(16.109011747555,-18.30104276923,0.5918645153
    ));
#3512 = CARTESIAN_POINT('',(16.072328424618,-18.26435944629,
    0.579537655515));
#3513 = CARTESIAN_POINT('',(16.036772814165,-18.22880383584,
    0.561805006959));
#3514 = CARTESIAN_POINT('',(16.002835112783,-18.19486613446,
    0.538936867364));
#3515 = CARTESIAN_POINT('',(15.955408417783,-18.14743943946,
    0.497842383809));
#3516 = CARTESIAN_POINT('',(15.940345367817,-18.13237638949,
    0.483233278397));
#3517 = CARTESIAN_POINT('',(15.925825705701,-18.11785672737,
    0.467537698967));
#3518 = CARTESIAN_POINT('',(15.911898153328,-18.103929175,0.450806294347
    ));
#3519 = CARTESIAN_POINT('',(15.898608191521,-18.09063921319,
    0.433095438041));
#3520 = CARTESIAN_POINT('',(15.848793806644,-18.04082482832,
    0.359507560442));
#3521 = CARTESIAN_POINT('',(15.817497638258,-18.00952865993,
    0.296548788276));
#3522 = CARTESIAN_POINT('',(15.793210779027,-17.9852418007,
    0.227199147168));
#3523 = CARTESIAN_POINT('',(15.776699947127,-17.9687309688,
    0.153428989946));
#3524 = CARTESIAN_POINT('',(15.768383895571,-17.96041491725,
    7.740913301494E-02));
#3525 = CARTESIAN_POINT('',(15.768151705449,-17.96018272712,
    -6.50558476864E-02));
#3526 = CARTESIAN_POINT('',(15.7742985769,-17.96632959857,
    -0.131520862915));
#3527 = CARTESIAN_POINT('',(15.786705903523,-17.9787369252,
    -0.196526962356));
#3528 = CARTESIAN_POINT('',(15.805136445332,-17.99716746701,
    -0.258618792402));
#3529 = CARTESIAN_POINT('',(15.829143333369,-18.02117435504,
    -0.316443702067));
#3530 = CARTESIAN_POINT('',(15.862180961219,-18.05421198289,
    -0.376267586099));
#3531 = CARTESIAN_POINT('',(15.866385576322,-18.058416598,
    -0.383592217632));
#3532 = CARTESIAN_POINT('',(15.870687609697,-18.06271863137,
    -0.390804261735));
#3533 = CARTESIAN_POINT('',(15.875085161169,-18.06711618284,
    -0.397900503272));
#3534 = CARTESIAN_POINT('',(15.879576260153,-18.07160728183,
    -0.404877813319));
#3535 = CARTESIAN_POINT('',(15.886297469333,-18.07832849101,
    -0.414932387359));
#3536 = CARTESIAN_POINT('',(15.888456012477,-18.08048703415,
    -0.418105076432));
#3537 = CARTESIAN_POINT('',(15.890634288145,-18.08266530982,
    -0.421250906893));
#3538 = CARTESIAN_POINT('',(15.892832086251,-18.08486310793,
    -0.424369573625));
#3539 = CARTESIAN_POINT('',(15.895049193565,-18.08708021524,
    -0.427460775885));
#3540 = CARTESIAN_POINT('',(15.899715805026,-18.0917468267,
    -0.433853714785));
#3541 = CARTESIAN_POINT('',(15.902169382882,-18.09420040456,
    -0.437151177215));
#3542 = CARTESIAN_POINT('',(15.904644659098,-18.09667568077,
    -0.440414753322));
#3543 = CARTESIAN_POINT('',(15.907141038469,-18.09917206014,
    -0.443643681767));
#3544 = CARTESIAN_POINT('',(15.909658798757,-18.10168982043,
    -0.446838291146));
#3545 = CARTESIAN_POINT('',(15.912199090695,-18.10423011237,-0.45));
#3546 = ORIENTED_EDGE('',*,*,#3547,.T.);
#3547 = EDGE_CURVE('',#3491,#3548,#3550,.T.);
#3548 = VERTEX_POINT('',#3549);
#3549 = CARTESIAN_POINT('',(17.787310467388,-19.97934148906,0.));
#3550 = LINE('',#3551,#3552);
#3551 = CARTESIAN_POINT('',(7.737002579764,-9.929033601442,0.));
#3552 = VECTOR('',#3553,1.);
#3553 = DIRECTION('',(0.707106781187,-0.707106781187,0.));
#3554 = ORIENTED_EDGE('',*,*,#3555,.F.);
#3555 = EDGE_CURVE('',#3556,#3548,#3558,.T.);
#3556 = VERTEX_POINT('',#3557);
#3557 = CARTESIAN_POINT('',(17.787310467388,-19.97934148906,2.5));
#3558 = LINE('',#3559,#3560);
#3559 = CARTESIAN_POINT('',(17.787310467388,-19.97934148906,7.E-17));
#3560 = VECTOR('',#3561,1.);
#3561 = DIRECTION('',(-0.,-0.,-1.));
#3562 = ORIENTED_EDGE('',*,*,#3563,.F.);
#3563 = EDGE_CURVE('',#2020,#3556,#3564,.T.);
#3564 = HYPERBOLA('',#3565,1.55,1.55);
#3565 = AXIS2_PLACEMENT_3D('',#3566,#3567,#3568);
#3566 = CARTESIAN_POINT('',(-1.096015510839,-1.096015510839,29.25));
#3567 = DIRECTION('',(-0.707106781187,-0.707106781187,5.E-17));
#3568 = DIRECTION('',(-3.535533905933E-17,-3.535533905933E-17,-1.));
#3569 = PLANE('',#3570);
#3570 = AXIS2_PLACEMENT_3D('',#3571,#3572,#3573);
#3571 = CARTESIAN_POINT('',(16.570020670367,-18.76205169204,0.));
#3572 = DIRECTION('',(-0.707106781187,-0.707106781187,0.));
#3573 = DIRECTION('',(0.,0.,-1.));
#3574 = ADVANCED_FACE('',(#3575),#3586,.F.);
#3575 = FACE_BOUND('',#3576,.T.);
#3576 = EDGE_LOOP('',(#3577,#3578,#3579,#3580));
#3577 = ORIENTED_EDGE('',*,*,#1458,.F.);
#3578 = ORIENTED_EDGE('',*,*,#3448,.F.);
#3579 = ORIENTED_EDGE('',*,*,#598,.T.);
#3580 = ORIENTED_EDGE('',*,*,#3581,.F.);
#3581 = EDGE_CURVE('',#1459,#599,#3582,.T.);
#3582 = LINE('',#3583,#3584);
#3583 = CARTESIAN_POINT('',(9.161934604552,18.968936230707,0.));
#3584 = VECTOR('',#3585,1.);
#3585 = DIRECTION('',(0.,0.,-1.));
#3586 = CYLINDRICAL_SURFACE('',#3587,1.55);
#3587 = AXIS2_PLACEMENT_3D('',#3588,#3589,#3590);
#3588 = CARTESIAN_POINT('',(10.504273980418,18.193936230707,0.));
#3589 = DIRECTION('',(0.,0.,-1.));
#3590 = DIRECTION('',(0.5,0.866025403784,0.));
#3591 = ADVANCED_FACE('',(#3592),#3660,.F.);
#3592 = FACE_BOUND('',#3593,.F.);
#3593 = EDGE_LOOP('',(#3594,#3603,#3604,#3605));
#3594 = ORIENTED_EDGE('',*,*,#3595,.T.);
#3595 = EDGE_CURVE('',#3596,#3491,#3598,.T.);
#3596 = VERTEX_POINT('',#3597);
#3597 = CARTESIAN_POINT('',(13.868387236225,-20.92075131218,2.E-15));
#3598 = CIRCLE('',#3599,25.1);
#3599 = AXIS2_PLACEMENT_3D('',#3600,#3601,#3602);
#3600 = CARTESIAN_POINT('',(0.,0.,0.));
#3601 = DIRECTION('',(-0.,2.2E-16,1.));
#3602 = DIRECTION('',(1.,0.,0.));
#3603 = ORIENTED_EDGE('',*,*,#3490,.T.);
#3604 = ORIENTED_EDGE('',*,*,#1159,.F.);
#3605 = ORIENTED_EDGE('',*,*,#3606,.F.);
#3606 = EDGE_CURVE('',#3596,#1152,#3607,.T.);
#3607 = B_SPLINE_CURVE_WITH_KNOTS('',6,(#3608,#3609,#3610,#3611,#3612,
    #3613,#3614,#3615,#3616,#3617,#3618,#3619,#3620,#3621,#3622,#3623,
    #3624,#3625,#3626,#3627,#3628,#3629,#3630,#3631,#3632,#3633,#3634,
    #3635,#3636,#3637,#3638,#3639,#3640,#3641,#3642,#3643,#3644,#3645,
    #3646,#3647,#3648,#3649,#3650,#3651,#3652,#3653,#3654,#3655,#3656,
    #3657,#3658,#3659),.UNSPECIFIED.,.F.,.F.,(7,5,5,5,5,5,5,5,5,5,7),(0.
    ,0.202545733254,0.268699382785,0.399449676038,0.531775068215,
    0.596353311426,0.786881485114,0.953369086222,0.976992982062,
    0.988017747486,1.),.UNSPECIFIED.);
#3608 = CARTESIAN_POINT('',(13.868387236225,-20.92075131218,4.62E-15));
#3609 = CARTESIAN_POINT('',(13.868387236225,-20.92075131218,
    8.082487539879E-02));
#3610 = CARTESIAN_POINT('',(13.861841984409,-20.90941460348,
    0.161673320697));
#3611 = CARTESIAN_POINT('',(13.848745141878,-20.8867302068,
    0.239847188848));
#3612 = CARTESIAN_POINT('',(13.829473219363,-20.85335025785,
    0.312742492182));
#3613 = CARTESIAN_POINT('',(13.804711791754,-20.81046220716,
    0.378022754228));
#3614 = CARTESIAN_POINT('',(13.765882350493,-20.74320764207,
    0.452070172412));
#3615 = CARTESIAN_POINT('',(13.755840641139,-20.72581489127,
    0.469293030438));
#3616 = CARTESIAN_POINT('',(13.745350603149,-20.7076456125,
    0.485444528959));
#3617 = CARTESIAN_POINT('',(13.734448197247,-20.68876209155,
    0.500467427788));
#3618 = CARTESIAN_POINT('',(13.723171752584,-20.66923071647,
    0.514311027893));
#3619 = CARTESIAN_POINT('',(13.688615645336,-20.609377783,0.55187442813)
  );
#3620 = CARTESIAN_POINT('',(13.664365649543,-20.5673755582,
    0.572039925718));
#3621 = CARTESIAN_POINT('',(13.63912641255,-20.52365991739,
    0.587086627635));
#3622 = CARTESIAN_POINT('',(13.61323824263,-20.47882029177,
    0.596787364768));
#3623 = CARTESIAN_POINT('',(13.587055790822,-20.43347095497,
    0.601034169055));
#3624 = CARTESIAN_POINT('',(13.534502597497,-20.34244615403,
    0.598638702933));
#3625 = CARTESIAN_POINT('',(13.5081308208,-20.29676889691,0.591864515309
    ));
#3626 = CARTESIAN_POINT('',(13.482191794395,-20.25184118528,
    0.579537655529));
#3627 = CARTESIAN_POINT('',(13.457050181133,-20.20829463372,
    0.561805006977));
#3628 = CARTESIAN_POINT('',(13.433052602347,-20.16672960801,
    0.538936867386));
#3629 = CARTESIAN_POINT('',(13.399516864701,-20.10864400653,
    0.497842383837));
#3630 = CARTESIAN_POINT('',(13.388865679925,-20.09019561334,
    0.483233278426));
#3631 = CARTESIAN_POINT('',(13.378598728381,-20.07241273163,
    0.467537698998));
#3632 = CARTESIAN_POINT('',(13.368750461653,-20.05535503329,
    0.450806294379));
#3633 = CARTESIAN_POINT('',(13.359353039536,-20.03907822072,
    0.433095438075));
#3634 = CARTESIAN_POINT('',(13.324128950186,-19.97806830832,
    0.359507560482));
#3635 = CARTESIAN_POINT('',(13.301999217293,-19.93973848659,
    0.29654878832));
#3636 = CARTESIAN_POINT('',(13.284825814434,-19.9099932803,
    0.227199147215));
#3637 = CARTESIAN_POINT('',(13.273150893231,-19.8897717236,
    0.153428989994));
#3638 = CARTESIAN_POINT('',(13.26727055678,-19.8795866821,
    7.740913306408E-02));
#3639 = CARTESIAN_POINT('',(13.267106373564,-19.87930230843,
    -6.505584762575E-02));
#3640 = CARTESIAN_POINT('',(13.271452868046,-19.88683065771,
    -0.131520862844));
#3641 = CARTESIAN_POINT('',(13.280226172832,-19.90202646735,
    -0.196526962275));
#3642 = CARTESIAN_POINT('',(13.293258533919,-19.92459917889,
    -0.258618792314));
#3643 = CARTESIAN_POINT('',(13.310233967237,-19.95400149188,
    -0.316443701975));
#3644 = CARTESIAN_POINT('',(13.333595097915,-19.99446415714,
    -0.376267586007));
#3645 = CARTESIAN_POINT('',(13.336568209766,-19.99961373792,
    -0.383592217541));
#3646 = CARTESIAN_POINT('',(13.339610206737,-20.00488263123,
    -0.390804261645));
#3647 = CARTESIAN_POINT('',(13.342719745203,-20.01026850984,
    -0.397900503183));
#3648 = CARTESIAN_POINT('',(13.345895431749,-20.01576896029,
    -0.404877813232));
#3649 = CARTESIAN_POINT('',(13.350648044337,-20.02400072676,
    -0.414932387274));
#3650 = CARTESIAN_POINT('',(13.352174364831,-20.0266443914,
    -0.418105076347));
#3651 = CARTESIAN_POINT('',(13.353714638327,-20.02931222335,
    -0.421250906809));
#3652 = CARTESIAN_POINT('',(13.355268716271,-20.03200396531,
    -0.424369573541));
#3653 = CARTESIAN_POINT('',(13.356836447887,-20.03471935612,
    -0.427460775802));
#3654 = CARTESIAN_POINT('',(13.360136240503,-20.04043476459,
    -0.433853714717));
#3655 = CARTESIAN_POINT('',(13.36187118205,-20.0434397715,
    -0.437151177161));
#3656 = CARTESIAN_POINT('',(13.363621466655,-20.04647135336,
    -0.440414753282));
#3657 = CARTESIAN_POINT('',(13.365386673443,-20.0495287812,
    -0.44364368174));
#3658 = CARTESIAN_POINT('',(13.367166998824,-20.05261239522,
    -0.446838291133));
#3659 = CARTESIAN_POINT('',(13.368963256487,-20.05572360475,-0.45));
#3660 = TOROIDAL_SURFACE('',#3661,24.5,0.6);
#3661 = AXIS2_PLACEMENT_3D('',#3662,#3663,#3664);
#3662 = CARTESIAN_POINT('',(0.,0.,0.));
#3663 = DIRECTION('',(0.,2.2E-16,1.));
#3664 = DIRECTION('',(1.,0.,0.));
#3665 = ADVANCED_FACE('',(#3666),#3751,.F.);
#3666 = FACE_BOUND('',#3667,.F.);
#3667 = EDGE_LOOP('',(#3668,#3669,#3670,#3679,#3687,#3695,#3750));
#3668 = ORIENTED_EDGE('',*,*,#3581,.F.);
#3669 = ORIENTED_EDGE('',*,*,#1467,.T.);
#3670 = ORIENTED_EDGE('',*,*,#3671,.F.);
#3671 = EDGE_CURVE('',#3672,#1468,#3674,.T.);
#3672 = VERTEX_POINT('',#3673);
#3673 = CARTESIAN_POINT('',(12.010188474695,23.90225664665,2.5));
#3674 = HYPERBOLA('',#3675,1.55,1.55);
#3675 = AXIS2_PLACEMENT_3D('',#3676,#3677,#3678);
#3676 = CARTESIAN_POINT('',(-1.342339375866,0.775,29.25));
#3677 = DIRECTION('',(-0.866025403784,0.5,1.5E-16));
#3678 = DIRECTION('',(-1.277627944163E-16,7.870834875401E-17,-1.));
#3679 = ORIENTED_EDGE('',*,*,#3680,.T.);
#3680 = EDGE_CURVE('',#3672,#3681,#3683,.T.);
#3681 = VERTEX_POINT('',#3682);
#3682 = CARTESIAN_POINT('',(12.010188474695,23.90225664665,0.));
#3683 = LINE('',#3684,#3685);
#3684 = CARTESIAN_POINT('',(12.010188474695,23.90225664665,2.4E-16));
#3685 = VECTOR('',#3686,1.);
#3686 = DIRECTION('',(-0.,-0.,-1.));
#3687 = ORIENTED_EDGE('',*,*,#3688,.T.);
#3688 = EDGE_CURVE('',#3681,#3689,#3691,.T.);
#3689 = VERTEX_POINT('',#3690);
#3690 = CARTESIAN_POINT('',(11.183708484493,22.470751312181,-2.E-15));
#3691 = LINE('',#3692,#3693);
#3692 = CARTESIAN_POINT('',(4.903547614343,11.593193605375,0.));
#3693 = VECTOR('',#3694,1.);
#3694 = DIRECTION('',(-0.5,-0.866025403784,0.));
#3695 = ORIENTED_EDGE('',*,*,#3696,.T.);
#3696 = EDGE_CURVE('',#3689,#608,#3697,.T.);
#3697 = B_SPLINE_CURVE_WITH_KNOTS('',6,(#3698,#3699,#3700,#3701,#3702,
    #3703,#3704,#3705,#3706,#3707,#3708,#3709,#3710,#3711,#3712,#3713,
    #3714,#3715,#3716,#3717,#3718,#3719,#3720,#3721,#3722,#3723,#3724,
    #3725,#3726,#3727,#3728,#3729,#3730,#3731,#3732,#3733,#3734,#3735,
    #3736,#3737,#3738,#3739,#3740,#3741,#3742,#3743,#3744,#3745,#3746,
    #3747,#3748,#3749),.UNSPECIFIED.,.F.,.F.,(7,5,5,5,5,5,5,5,5,5,7),(0.
    ,0.202545733255,0.268699382786,0.399449676038,0.531775068216,
    0.596353311427,0.786881485115,0.953369086173,0.976992982013,
    0.988017747437,1.),.UNSPECIFIED.);
#3698 = CARTESIAN_POINT('',(11.183708484493,22.470751312181,-5.E-15));
#3699 = CARTESIAN_POINT('',(11.183708484493,22.470751312181,
    8.082487539907E-02));
#3700 = CARTESIAN_POINT('',(11.177163232677,22.459414603488,
    0.161673320697));
#3701 = CARTESIAN_POINT('',(11.164066390146,22.436730206806,
    0.239847188848));
#3702 = CARTESIAN_POINT('',(11.144794467631,22.403350257849,
    0.312742492183));
#3703 = CARTESIAN_POINT('',(11.120033040022,22.360462207162,
    0.378022754229));
#3704 = CARTESIAN_POINT('',(11.081203598761,22.293207642069,
    0.452070172413));
#3705 = CARTESIAN_POINT('',(11.071161889407,22.275814891273,
    0.469293030439));
#3706 = CARTESIAN_POINT('',(11.060671851417,22.257645612501,
    0.48544452896));
#3707 = CARTESIAN_POINT('',(11.049769445515,22.238762091554,
    0.500467427789));
#3708 = CARTESIAN_POINT('',(11.038493000852,22.219230716469,
    0.514311027893));
#3709 = CARTESIAN_POINT('',(11.003936893603,22.159377783002,
    0.55187442813));
#3710 = CARTESIAN_POINT('',(10.979686897811,22.117375558207,
    0.572039925719));
#3711 = CARTESIAN_POINT('',(10.954447660818,22.07365991739,
    0.587086627636));
#3712 = CARTESIAN_POINT('',(10.928559490897,22.028820291773,
    0.596787364769));
#3713 = CARTESIAN_POINT('',(10.902377039089,21.983470954975,
    0.601034169055));
#3714 = CARTESIAN_POINT('',(10.849823845765,21.892446154037,
    0.598638702933));
#3715 = CARTESIAN_POINT('',(10.823452069067,21.846768896911,
    0.591864515309));
#3716 = CARTESIAN_POINT('',(10.797513042662,21.801841185278,
    0.579537655528));
#3717 = CARTESIAN_POINT('',(10.772371429401,21.758294633725,
    0.561805006976));
#3718 = CARTESIAN_POINT('',(10.748373850614,21.716729608009,
    0.538936867385));
#3719 = CARTESIAN_POINT('',(10.714838112969,21.658644006538,
    0.497842383836));
#3720 = CARTESIAN_POINT('',(10.704186928192,21.640195613343,
    0.483233278425));
#3721 = CARTESIAN_POINT('',(10.693919976649,21.622412731631,
    0.467537698997));
#3722 = CARTESIAN_POINT('',(10.68407170992,21.605355033291,
    0.450806294378));
#3723 = CARTESIAN_POINT('',(10.674674287804,21.589078220725,
    0.433095438074));
#3724 = CARTESIAN_POINT('',(10.639450198453,21.52806830832,
    0.359507560481));
#3725 = CARTESIAN_POINT('',(10.617320465561,21.489738486592,
    0.296548788318));
#3726 = CARTESIAN_POINT('',(10.600147062702,21.459993280301,
    0.227199147213));
#3727 = CARTESIAN_POINT('',(10.588472141499,21.439771723605,
    0.153428989993));
#3728 = CARTESIAN_POINT('',(10.582591805048,21.429586682106,
    7.740913306247E-02));
#3729 = CARTESIAN_POINT('',(10.582427621833,21.429302308434,
    -6.505584760745E-02));
#3730 = CARTESIAN_POINT('',(10.586774116312,21.436830657708,
    -0.131520862806));
#3731 = CARTESIAN_POINT('',(10.595547421093,21.452026467338,
    -0.196526962218));
#3732 = CARTESIAN_POINT('',(10.608579782172,21.47459917887,
    -0.258618792241));
#3733 = CARTESIAN_POINT('',(10.625555215481,21.504001491841,
    -0.31644370189));
#3734 = CARTESIAN_POINT('',(10.648916346146,21.544464157076,
    -0.376267585915));
#3735 = CARTESIAN_POINT('',(10.651889457996,21.549613737857,
    -0.38359221745));
#3736 = CARTESIAN_POINT('',(10.654931454967,21.554882631166,
    -0.390804261556));
#3737 = CARTESIAN_POINT('',(10.658040993432,21.560268509776,
    -0.397900503095));
#3738 = CARTESIAN_POINT('',(10.661216679977,21.565768960222,
    -0.404877813145));
#3739 = CARTESIAN_POINT('',(10.665969292565,21.574000726691,
    -0.414932387189));
#3740 = CARTESIAN_POINT('',(10.667495613059,21.576644391336,
    -0.418105076262));
#3741 = CARTESIAN_POINT('',(10.669035886554,21.579312223287,
    -0.421250906725));
#3742 = CARTESIAN_POINT('',(10.670589964498,21.582003965245,
    -0.424369573458));
#3743 = CARTESIAN_POINT('',(10.672157696113,21.584719356056,
    -0.42746077572));
#3744 = CARTESIAN_POINT('',(10.675457488736,21.590434764532,
    -0.433853714649));
#3745 = CARTESIAN_POINT('',(10.677192430289,21.593439771451,
    -0.437151177107));
#3746 = CARTESIAN_POINT('',(10.678942714901,21.596471353326,
    -0.440414753243));
#3747 = CARTESIAN_POINT('',(10.680707921697,21.599528781182,
    -0.443643681714));
#3748 = CARTESIAN_POINT('',(10.682488247085,21.602612395208,
    -0.44683829112));
#3749 = CARTESIAN_POINT('',(10.684284504755,21.605723604756,-0.45));
#3750 = ORIENTED_EDGE('',*,*,#607,.T.);
#3751 = PLANE('',#3752);
#3752 = AXIS2_PLACEMENT_3D('',#3753,#3754,#3755);
#3753 = CARTESIAN_POINT('',(11.149434604552,22.41138721075,0.));
#3754 = DIRECTION('',(-0.866025403784,0.5,0.));
#3755 = DIRECTION('',(0.,0.,1.));
#3756 = ADVANCED_FACE('',(#3757),#3791,.F.);
#3757 = FACE_BOUND('',#3758,.F.);
#3758 = EDGE_LOOP('',(#3759,#3765,#3766,#3775,#3783,#3789,#3790));
#3759 = ORIENTED_EDGE('',*,*,#3760,.F.);
#3760 = EDGE_CURVE('',#2003,#1143,#3761,.T.);
#3761 = LINE('',#3762,#3763);
#3762 = CARTESIAN_POINT('',(11.846613356284,-17.4189362307,0.));
#3763 = VECTOR('',#3764,1.);
#3764 = DIRECTION('',(0.,0.,-1.));
#3765 = ORIENTED_EDGE('',*,*,#2011,.T.);
#3766 = ORIENTED_EDGE('',*,*,#3767,.F.);
#3767 = EDGE_CURVE('',#3768,#2012,#3770,.T.);
#3768 = VERTEX_POINT('',#3769);
#3769 = CARTESIAN_POINT('',(14.694867226427,-22.35225664665,2.5));
#3770 = HYPERBOLA('',#3771,1.55,1.55);
#3771 = AXIS2_PLACEMENT_3D('',#3772,#3773,#3774);
#3772 = CARTESIAN_POINT('',(1.342339375866,0.775,29.25));
#3773 = DIRECTION('',(0.866025403784,0.5,-4.E-17));
#3774 = DIRECTION('',(-3.598076211353E-17,-1.767949192431E-17,-1.));
#3775 = ORIENTED_EDGE('',*,*,#3776,.T.);
#3776 = EDGE_CURVE('',#3768,#3777,#3779,.T.);
#3777 = VERTEX_POINT('',#3778);
#3778 = CARTESIAN_POINT('',(14.694867226427,-22.35225664665,0.));
#3779 = LINE('',#3780,#3781);
#3780 = CARTESIAN_POINT('',(14.694867226427,-22.35225664665,-6.E-17));
#3781 = VECTOR('',#3782,1.);
#3782 = DIRECTION('',(-0.,-0.,-1.));
#3783 = ORIENTED_EDGE('',*,*,#3784,.T.);
#3784 = EDGE_CURVE('',#3777,#3596,#3785,.T.);
#3785 = LINE('',#3786,#3787);
#3786 = CARTESIAN_POINT('',(7.588226366075,-10.04319360537,0.));
#3787 = VECTOR('',#3788,1.);
#3788 = DIRECTION('',(-0.5,0.866025403784,0.));
#3789 = ORIENTED_EDGE('',*,*,#3606,.T.);
#3790 = ORIENTED_EDGE('',*,*,#1151,.T.);
#3791 = PLANE('',#3792);
#3792 = AXIS2_PLACEMENT_3D('',#3793,#3794,#3795);
#3793 = CARTESIAN_POINT('',(13.834113356284,-20.86138721075,0.));
#3794 = DIRECTION('',(0.866025403784,0.5,0.));
#3795 = DIRECTION('',(0.,0.,1.));
#3796 = ADVANCED_FACE('',(#3797),#3865,.F.);
#3797 = FACE_BOUND('',#3798,.F.);
#3798 = EDGE_LOOP('',(#3799,#3800,#3809,#3864));
#3799 = ORIENTED_EDGE('',*,*,#3696,.F.);
#3800 = ORIENTED_EDGE('',*,*,#3801,.T.);
#3801 = EDGE_CURVE('',#3689,#3802,#3804,.T.);
#3802 = VERTEX_POINT('',#3803);
#3803 = CARTESIAN_POINT('',(7.981144523,23.797296739398,-3.E-15));
#3804 = CIRCLE('',#3805,25.1);
#3805 = AXIS2_PLACEMENT_3D('',#3806,#3807,#3808);
#3806 = CARTESIAN_POINT('',(0.,0.,0.));
#3807 = DIRECTION('',(-0.,2.2E-16,1.));
#3808 = DIRECTION('',(1.,0.,0.));
#3809 = ORIENTED_EDGE('',*,*,#3810,.T.);
#3810 = EDGE_CURVE('',#3802,#616,#3811,.T.);
#3811 = B_SPLINE_CURVE_WITH_KNOTS('',6,(#3812,#3813,#3814,#3815,#3816,
    #3817,#3818,#3819,#3820,#3821,#3822,#3823,#3824,#3825,#3826,#3827,
    #3828,#3829,#3830,#3831,#3832,#3833,#3834,#3835,#3836,#3837,#3838,
    #3839,#3840,#3841,#3842,#3843,#3844,#3845,#3846,#3847,#3848,#3849,
    #3850,#3851,#3852,#3853,#3854,#3855,#3856,#3857,#3858,#3859,#3860,
    #3861,#3862,#3863),.UNSPECIFIED.,.F.,.F.,(7,5,5,5,5,5,5,5,5,5,7),(0.
    ,0.202545733269,0.2686993828,0.399449676053,0.531775068231,
    0.596353311442,0.78688148513,0.953369086338,0.976992982179,
    0.988017747603,1.),.UNSPECIFIED.);
#3812 = CARTESIAN_POINT('',(7.981144523001,23.797296739398,-5.25E-15));
#3813 = CARTESIAN_POINT('',(7.981144523001,23.797296739398,
    8.082487540493E-02));
#3814 = CARTESIAN_POINT('',(7.977756451351,23.78465228386,0.161673320709
    ));
#3815 = CARTESIAN_POINT('',(7.970977026795,23.759351126969,
    0.239847188865));
#3816 = CARTESIAN_POINT('',(7.961001145628,23.722120631604,
    0.312742492204));
#3817 = CARTESIAN_POINT('',(7.948183687527,23.67428522675,0.378022754253
    ));
#3818 = CARTESIAN_POINT('',(7.928084089707,23.599272506474,
    0.452070172437));
#3819 = CARTESIAN_POINT('',(7.922886118455,23.579873413662,
    0.469293030461));
#3820 = CARTESIAN_POINT('',(7.917456075223,23.559608216435,
    0.485444528981));
#3821 = CARTESIAN_POINT('',(7.911812574653,23.538546385575,
    0.500467427808));
#3822 = CARTESIAN_POINT('',(7.905975457373,23.516761967317,
    0.514311027912));
#3823 = CARTESIAN_POINT('',(7.888087900011,23.45000469442,0.551874428144
    ));
#3824 = CARTESIAN_POINT('',(7.875535178502,23.403157299972,0.57203992573
    ));
#3825 = CARTESIAN_POINT('',(7.862470388066,23.354398838277,
    0.587086627644));
#3826 = CARTESIAN_POINT('',(7.849069685229,23.304386734433,
    0.596787364774));
#3827 = CARTESIAN_POINT('',(7.835516650879,23.253806121638,
    0.601034169058));
#3828 = CARTESIAN_POINT('',(7.808313116252,23.152281148266,
    0.598638702929));
#3829 = CARTESIAN_POINT('',(7.794662080127,23.101334787873,
    0.591864515302));
#3830 = CARTESIAN_POINT('',(7.781235052037,23.051224436846,
    0.579537655518));
#3831 = CARTESIAN_POINT('',(7.768220795364,23.002654569719,
    0.561805006963));
#3832 = CARTESIAN_POINT('',(7.755798734512,22.956294807485,0.53893686737
    ));
#3833 = CARTESIAN_POINT('',(7.738439359324,22.891508737296,
    0.497842383816));
#3834 = CARTESIAN_POINT('',(7.732925900378,22.870932228384,
    0.483233278404));
#3835 = CARTESIAN_POINT('',(7.727611335189,22.851098001079,
    0.467537698975));
#3836 = CARTESIAN_POINT('',(7.722513497208,22.832072610725,
    0.450806294355));
#3837 = CARTESIAN_POINT('',(7.717649033571,22.81391818528,0.43309543805)
  );
#3838 = CARTESIAN_POINT('',(7.699415703232,22.745870470063,
    0.359507560452));
#3839 = CARTESIAN_POINT('',(7.687960510562,22.703119109006,
    0.296548788287));
#3840 = CARTESIAN_POINT('',(7.679070903104,22.669942642317,0.22719914718
    ));
#3841 = CARTESIAN_POINT('',(7.673027519191,22.647388426503,
    0.153428989958));
#3842 = CARTESIAN_POINT('',(7.669983633062,22.636028488817,
    7.740913302722E-02));
#3843 = CARTESIAN_POINT('',(7.669898645578,22.635711311208,
    -6.505584770296E-02));
#3844 = CARTESIAN_POINT('',(7.672148556684,22.64410809377,
    -0.131520862961));
#3845 = CARTESIAN_POINT('',(7.676689953425,22.661056817144,
    -0.196526962429));
#3846 = CARTESIAN_POINT('',(7.683435999938,22.686233405481,
    -0.258618792498));
#3847 = CARTESIAN_POINT('',(7.692223130833,22.719027424431,
    -0.316443702183));
#3848 = CARTESIAN_POINT('',(7.704315741915,22.764157663389,
    -0.376267586224));
#3849 = CARTESIAN_POINT('',(7.705854737857,22.769901274434,
    -0.383592217756));
#3850 = CARTESIAN_POINT('',(7.70742939136,22.775777961313,
    -0.390804261857));
#3851 = CARTESIAN_POINT('',(7.709039006914,22.78178512834,
    -0.397900503392));
#3852 = CARTESIAN_POINT('',(7.710682863233,22.787920083645,
    -0.404877813438));
#3853 = CARTESIAN_POINT('',(7.713142996538,22.797101426132,
    -0.414932387475));
#3854 = CARTESIAN_POINT('',(7.713933078164,22.800050050903,
    -0.418105076547));
#3855 = CARTESIAN_POINT('',(7.714730382395,22.803025630803,
    -0.421250907008));
#3856 = CARTESIAN_POINT('',(7.715534832335,22.806027878849,
    -0.424369573738));
#3857 = CARTESIAN_POINT('',(7.716346349935,22.809056503763,
    -0.427460775998));
#3858 = CARTESIAN_POINT('',(7.718054448275,22.815431213552,
    -0.433853714877));
#3859 = CARTESIAN_POINT('',(7.718952520095,22.818782863214,
    -0.437151177288));
#3860 = CARTESIAN_POINT('',(7.719858534067,22.822164153389,
    -0.440414753377));
#3861 = CARTESIAN_POINT('',(7.720772272329,22.825574271008,
    -0.443643681803));
#3862 = CARTESIAN_POINT('',(7.72169383655,22.829013595503,
    -0.446838291164));
#3863 = CARTESIAN_POINT('',(7.722623647927,22.832483698804,-0.45));
#3864 = ORIENTED_EDGE('',*,*,#615,.F.);
#3865 = TOROIDAL_SURFACE('',#3866,24.5,0.6);
#3866 = AXIS2_PLACEMENT_3D('',#3867,#3868,#3869);
#3867 = CARTESIAN_POINT('',(0.,0.,0.));
#3868 = DIRECTION('',(0.,2.2E-16,1.));
#3869 = DIRECTION('',(1.,0.,0.));
#3870 = ADVANCED_FACE('',(#3871),#3882,.F.);
#3871 = FACE_BOUND('',#3872,.T.);
#3872 = EDGE_LOOP('',(#3873,#3874,#3880,#3881));
#3873 = ORIENTED_EDGE('',*,*,#2002,.F.);
#3874 = ORIENTED_EDGE('',*,*,#3875,.F.);
#3875 = EDGE_CURVE('',#1135,#1995,#3876,.T.);
#3876 = LINE('',#3877,#3878);
#3877 = CARTESIAN_POINT('',(9.161934604552,-18.9689362307,0.));
#3878 = VECTOR('',#3879,1.);
#3879 = DIRECTION('',(0.,0.,1.));
#3880 = ORIENTED_EDGE('',*,*,#1142,.T.);
#3881 = ORIENTED_EDGE('',*,*,#3760,.F.);
#3882 = CYLINDRICAL_SURFACE('',#3883,1.55);
#3883 = AXIS2_PLACEMENT_3D('',#3884,#3885,#3886);
#3884 = CARTESIAN_POINT('',(10.504273980418,-18.1939362307,0.));
#3885 = DIRECTION('',(0.,0.,-1.));
#3886 = DIRECTION('',(0.5,-0.866025403784,0.));
#3887 = ADVANCED_FACE('',(#3888),#3922,.F.);
#3888 = FACE_BOUND('',#3889,.F.);
#3889 = EDGE_LOOP('',(#3890,#3891,#3897,#3898,#3899,#3907,#3915));
#3890 = ORIENTED_EDGE('',*,*,#1484,.F.);
#3891 = ORIENTED_EDGE('',*,*,#3892,.F.);
#3892 = EDGE_CURVE('',#625,#1485,#3893,.T.);
#3893 = LINE('',#3894,#3895);
#3894 = CARTESIAN_POINT('',(6.934597352962,19.891529528294,0.));
#3895 = VECTOR('',#3896,1.);
#3896 = DIRECTION('',(0.,0.,1.));
#3897 = ORIENTED_EDGE('',*,*,#624,.T.);
#3898 = ORIENTED_EDGE('',*,*,#3810,.F.);
#3899 = ORIENTED_EDGE('',*,*,#3900,.T.);
#3900 = EDGE_CURVE('',#3802,#3901,#3903,.T.);
#3901 = VERTEX_POINT('',#3902);
#3902 = CARTESIAN_POINT('',(8.408962046722,25.393933474292,0.));
#3903 = LINE('',#3904,#3905);
#3904 = CARTESIAN_POINT('',(4.730294043996,11.664957583942,0.));
#3905 = VECTOR('',#3906,1.);
#3906 = DIRECTION('',(0.258819045103,0.965925826289,0.));
#3907 = ORIENTED_EDGE('',*,*,#3908,.F.);
#3908 = EDGE_CURVE('',#3909,#3901,#3911,.T.);
#3909 = VERTEX_POINT('',#3910);
#3910 = CARTESIAN_POINT('',(8.408962046722,25.393933474292,2.5));
#3911 = LINE('',#3912,#3913);
#3912 = CARTESIAN_POINT('',(8.408962046722,25.393933474292,-2.9E-16));
#3913 = VECTOR('',#3914,1.);
#3914 = DIRECTION('',(-0.,-0.,-1.));
#3915 = ORIENTED_EDGE('',*,*,#3916,.F.);
#3916 = EDGE_CURVE('',#1476,#3909,#3917,.T.);
#3917 = HYPERBOLA('',#3918,1.55,1.55);
#3918 = AXIS2_PLACEMENT_3D('',#3919,#3920,#3921);
#3919 = CARTESIAN_POINT('',(1.497185030748,-0.401169519909,29.25));
#3920 = DIRECTION('',(0.965925826289,-0.258819045103,-1.9E-16));
#3921 = DIRECTION('',(-1.830836206543E-16,5.082625366409E-17,-1.));
#3922 = PLANE('',#3923);
#3923 = AXIS2_PLACEMENT_3D('',#3924,#3925,#3926);
#3924 = CARTESIAN_POINT('',(7.963403057244,23.731084687794,0.));
#3925 = DIRECTION('',(0.965925826289,-0.258819045103,0.));
#3926 = DIRECTION('',(-0.,0.,-1.));
#3927 = ADVANCED_FACE('',(#3928),#4013,.F.);
#3928 = FACE_BOUND('',#3929,.F.);
#3929 = EDGE_LOOP('',(#3930,#3931,#3932,#3933,#3990,#3998,#4006));
#3930 = ORIENTED_EDGE('',*,*,#1994,.F.);
#3931 = ORIENTED_EDGE('',*,*,#3875,.F.);
#3932 = ORIENTED_EDGE('',*,*,#1134,.T.);
#3933 = ORIENTED_EDGE('',*,*,#3934,.F.);
#3934 = EDGE_CURVE('',#3935,#1126,#3937,.T.);
#3935 = VERTEX_POINT('',#3936);
#3936 = CARTESIAN_POINT('',(11.183708484493,-22.47075131218,2.E-15));
#3937 = B_SPLINE_CURVE_WITH_KNOTS('',6,(#3938,#3939,#3940,#3941,#3942,
    #3943,#3944,#3945,#3946,#3947,#3948,#3949,#3950,#3951,#3952,#3953,
    #3954,#3955,#3956,#3957,#3958,#3959,#3960,#3961,#3962,#3963,#3964,
    #3965,#3966,#3967,#3968,#3969,#3970,#3971,#3972,#3973,#3974,#3975,
    #3976,#3977,#3978,#3979,#3980,#3981,#3982,#3983,#3984,#3985,#3986,
    #3987,#3988,#3989),.UNSPECIFIED.,.F.,.F.,(7,5,5,5,5,5,5,5,5,5,7),(0.
    ,0.202545733254,0.268699382785,0.399449676038,0.531775068216,
    0.596353311427,0.786881485115,0.953369086222,0.976992982063,
    0.988017747487,1.),.UNSPECIFIED.);
#3938 = CARTESIAN_POINT('',(11.183708484493,-22.47075131218,4.97E-15));
#3939 = CARTESIAN_POINT('',(11.183708484493,-22.47075131218,
    8.082487539882E-02));
#3940 = CARTESIAN_POINT('',(11.177163232677,-22.45941460348,
    0.161673320697));
#3941 = CARTESIAN_POINT('',(11.164066390147,-22.4367302068,
    0.239847188848));
#3942 = CARTESIAN_POINT('',(11.144794467631,-22.40335025785,
    0.312742492182));
#3943 = CARTESIAN_POINT('',(11.120033040022,-22.36046220716,
    0.378022754228));
#3944 = CARTESIAN_POINT('',(11.081203598762,-22.29320764207,
    0.452070172412));
#3945 = CARTESIAN_POINT('',(11.071161889407,-22.27581489127,
    0.469293030438));
#3946 = CARTESIAN_POINT('',(11.060671851418,-22.2576456125,
    0.485444528959));
#3947 = CARTESIAN_POINT('',(11.049769445516,-22.23876209155,
    0.500467427788));
#3948 = CARTESIAN_POINT('',(11.038493000852,-22.21923071647,
    0.514311027893));
#3949 = CARTESIAN_POINT('',(11.003936893604,-22.159377783,0.55187442813)
  );
#3950 = CARTESIAN_POINT('',(10.979686897812,-22.1173755582,
    0.572039925718));
#3951 = CARTESIAN_POINT('',(10.954447660819,-22.07365991739,
    0.587086627635));
#3952 = CARTESIAN_POINT('',(10.928559490898,-22.02882029177,
    0.596787364768));
#3953 = CARTESIAN_POINT('',(10.90237703909,-21.98347095497,
    0.601034169055));
#3954 = CARTESIAN_POINT('',(10.849823845765,-21.89244615403,
    0.598638702933));
#3955 = CARTESIAN_POINT('',(10.823452069068,-21.84676889691,
    0.591864515309));
#3956 = CARTESIAN_POINT('',(10.797513042663,-21.80184118528,
    0.579537655529));
#3957 = CARTESIAN_POINT('',(10.772371429401,-21.75829463372,
    0.561805006977));
#3958 = CARTESIAN_POINT('',(10.748373850615,-21.71672960801,
    0.538936867386));
#3959 = CARTESIAN_POINT('',(10.71483811297,-21.65864400653,
    0.497842383837));
#3960 = CARTESIAN_POINT('',(10.704186928193,-21.64019561334,
    0.483233278426));
#3961 = CARTESIAN_POINT('',(10.693919976649,-21.62241273163,
    0.467537698998));
#3962 = CARTESIAN_POINT('',(10.684071709921,-21.60535503329,
    0.450806294379));
#3963 = CARTESIAN_POINT('',(10.674674287804,-21.58907822072,
    0.433095438075));
#3964 = CARTESIAN_POINT('',(10.639450198454,-21.52806830832,
    0.359507560482));
#3965 = CARTESIAN_POINT('',(10.617320465561,-21.48973848659,
    0.29654878832));
#3966 = CARTESIAN_POINT('',(10.600147062702,-21.4599932803,
    0.227199147215));
#3967 = CARTESIAN_POINT('',(10.5884721415,-21.4397717236,0.153428989994)
  );
#3968 = CARTESIAN_POINT('',(10.582591805049,-21.4295866821,
    7.740913306404E-02));
#3969 = CARTESIAN_POINT('',(10.582427621833,-21.42930230843,
    -6.505584762542E-02));
#3970 = CARTESIAN_POINT('',(10.586774116315,-21.43683065771,
    -0.131520862844));
#3971 = CARTESIAN_POINT('',(10.5955474211,-21.45202646735,
    -0.196526962274));
#3972 = CARTESIAN_POINT('',(10.608579782188,-21.47459917889,
    -0.258618792314));
#3973 = CARTESIAN_POINT('',(10.625555215505,-21.50400149188,
    -0.316443701975));
#3974 = CARTESIAN_POINT('',(10.648916346183,-21.54446415714,
    -0.376267586007));
#3975 = CARTESIAN_POINT('',(10.651889458034,-21.54961373792,
    -0.383592217541));
#3976 = CARTESIAN_POINT('',(10.654931455005,-21.55488263123,
    -0.390804261645));
#3977 = CARTESIAN_POINT('',(10.658040993471,-21.56026850984,
    -0.397900503183));
#3978 = CARTESIAN_POINT('',(10.661216680017,-21.56576896029,
    -0.404877813232));
#3979 = CARTESIAN_POINT('',(10.665969292605,-21.57400072676,
    -0.414932387274));
#3980 = CARTESIAN_POINT('',(10.6674956131,-21.5766443914,-0.418105076347
    ));
#3981 = CARTESIAN_POINT('',(10.669035886595,-21.57931222335,
    -0.421250906809));
#3982 = CARTESIAN_POINT('',(10.67058996454,-21.58200396531,
    -0.424369573541));
#3983 = CARTESIAN_POINT('',(10.672157696155,-21.58471935612,
    -0.427460775802));
#3984 = CARTESIAN_POINT('',(10.675457488771,-21.59043476459,
    -0.433853714717));
#3985 = CARTESIAN_POINT('',(10.677192430318,-21.5934397715,
    -0.437151177161));
#3986 = CARTESIAN_POINT('',(10.678942714923,-21.59647135336,
    -0.440414753282));
#3987 = CARTESIAN_POINT('',(10.680707921712,-21.5995287812,
    -0.44364368174));
#3988 = CARTESIAN_POINT('',(10.682488247092,-21.60261239522,
    -0.446838291133));
#3989 = CARTESIAN_POINT('',(10.684284504755,-21.60572360475,-0.45));
#3990 = ORIENTED_EDGE('',*,*,#3991,.T.);
#3991 = EDGE_CURVE('',#3935,#3992,#3994,.T.);
#3992 = VERTEX_POINT('',#3993);
#3993 = CARTESIAN_POINT('',(12.010188474695,-23.90225664665,0.));
#3994 = LINE('',#3995,#3996);
#3995 = CARTESIAN_POINT('',(4.903547614343,-11.59319360537,0.));
#3996 = VECTOR('',#3997,1.);
#3997 = DIRECTION('',(0.5,-0.866025403784,0.));
#3998 = ORIENTED_EDGE('',*,*,#3999,.F.);
#3999 = EDGE_CURVE('',#4000,#3992,#4002,.T.);
#4000 = VERTEX_POINT('',#4001);
#4001 = CARTESIAN_POINT('',(12.010188474695,-23.90225664665,2.5));
#4002 = LINE('',#4003,#4004);
#4003 = CARTESIAN_POINT('',(12.010188474695,-23.90225664665,6.E-17));
#4004 = VECTOR('',#4005,1.);
#4005 = DIRECTION('',(-0.,-0.,-1.));
#4006 = ORIENTED_EDGE('',*,*,#4007,.F.);
#4007 = EDGE_CURVE('',#1986,#4000,#4008,.T.);
#4008 = HYPERBOLA('',#4009,1.55,1.55);
#4009 = AXIS2_PLACEMENT_3D('',#4010,#4011,#4012);
#4010 = CARTESIAN_POINT('',(-1.342339375866,-0.775,29.25));
#4011 = DIRECTION('',(-0.866025403784,-0.5,4.E-17));
#4012 = DIRECTION('',(-3.598076211353E-17,-1.767949192431E-17,-1.));
#4013 = PLANE('',#4014);
#4014 = AXIS2_PLACEMENT_3D('',#4015,#4016,#4017);
#4015 = CARTESIAN_POINT('',(11.149434604552,-22.41138721075,0.));
#4016 = DIRECTION('',(-0.866025403784,-0.5,0.));
#4017 = DIRECTION('',(0.,0.,-1.));
#4018 = ADVANCED_FACE('',(#4019),#4030,.F.);
#4019 = FACE_BOUND('',#4020,.T.);
#4020 = EDGE_LOOP('',(#4021,#4022,#4023,#4024));
#4021 = ORIENTED_EDGE('',*,*,#1492,.F.);
#4022 = ORIENTED_EDGE('',*,*,#3892,.F.);
#4023 = ORIENTED_EDGE('',*,*,#632,.T.);
#4024 = ORIENTED_EDGE('',*,*,#4025,.F.);
#4025 = EDGE_CURVE('',#1493,#633,#4026,.T.);
#4026 = LINE('',#4027,#4028);
#4027 = CARTESIAN_POINT('',(3.940227291466,20.693868568112,0.));
#4028 = VECTOR('',#4029,1.);
#4029 = DIRECTION('',(-0.,0.,-1.));
#4030 = CYLINDRICAL_SURFACE('',#4031,1.55);
#4031 = AXIS2_PLACEMENT_3D('',#4032,#4033,#4034);
#4032 = CARTESIAN_POINT('',(5.437412322214,20.292699048203,0.));
#4033 = DIRECTION('',(-0.,0.,-1.));
#4034 = DIRECTION('',(0.258819045103,0.965925826289,0.));
#4035 = ADVANCED_FACE('',(#4036),#4104,.F.);
#4036 = FACE_BOUND('',#4037,.F.);
#4037 = EDGE_LOOP('',(#4038,#4047,#4048,#4049));
#4038 = ORIENTED_EDGE('',*,*,#4039,.T.);
#4039 = EDGE_CURVE('',#4040,#3935,#4042,.T.);
#4040 = VERTEX_POINT('',#4041);
#4041 = CARTESIAN_POINT('',(7.981144523,-23.79729673939,3.E-15));
#4042 = CIRCLE('',#4043,25.1);
#4043 = AXIS2_PLACEMENT_3D('',#4044,#4045,#4046);
#4044 = CARTESIAN_POINT('',(0.,0.,0.));
#4045 = DIRECTION('',(-0.,2.2E-16,1.));
#4046 = DIRECTION('',(1.,0.,0.));
#4047 = ORIENTED_EDGE('',*,*,#3934,.T.);
#4048 = ORIENTED_EDGE('',*,*,#1125,.F.);
#4049 = ORIENTED_EDGE('',*,*,#4050,.F.);
#4050 = EDGE_CURVE('',#4040,#1118,#4051,.T.);
#4051 = B_SPLINE_CURVE_WITH_KNOTS('',6,(#4052,#4053,#4054,#4055,#4056,
    #4057,#4058,#4059,#4060,#4061,#4062,#4063,#4064,#4065,#4066,#4067,
    #4068,#4069,#4070,#4071,#4072,#4073,#4074,#4075,#4076,#4077,#4078,
    #4079,#4080,#4081,#4082,#4083,#4084,#4085,#4086,#4087,#4088,#4089,
    #4090,#4091,#4092,#4093,#4094,#4095,#4096,#4097,#4098,#4099,#4100,
    #4101,#4102,#4103),.UNSPECIFIED.,.F.,.F.,(7,5,5,5,5,5,5,5,5,5,7),(0.
    ,0.202545733254,0.268699382785,0.399449676038,0.531775068216,
    0.596353311426,0.786881485115,0.953369086222,0.976992982062,
    0.988017747486,1.),.UNSPECIFIED.);
#4052 = CARTESIAN_POINT('',(7.981144523001,-23.79729673939,5.26E-15));
#4053 = CARTESIAN_POINT('',(7.981144523001,-23.79729673939,
    8.082487539882E-02));
#4054 = CARTESIAN_POINT('',(7.977756451351,-23.78465228386,
    0.161673320697));
#4055 = CARTESIAN_POINT('',(7.970977026796,-23.75935112697,
    0.239847188848));
#4056 = CARTESIAN_POINT('',(7.961001145631,-23.72212063161,
    0.312742492182));
#4057 = CARTESIAN_POINT('',(7.948183687532,-23.67428522676,
    0.378022754228));
#4058 = CARTESIAN_POINT('',(7.928084089715,-23.5992725065,0.452070172412
    ));
#4059 = CARTESIAN_POINT('',(7.922886118462,-23.57987341369,
    0.469293030438));
#4060 = CARTESIAN_POINT('',(7.917456075231,-23.55960821646,
    0.485444528959));
#4061 = CARTESIAN_POINT('',(7.911812574661,-23.5385463856,0.500467427788
    ));
#4062 = CARTESIAN_POINT('',(7.905975457381,-23.51676196734,
    0.514311027893));
#4063 = CARTESIAN_POINT('',(7.88808790002,-23.45000469445,0.55187442813)
  );
#4064 = CARTESIAN_POINT('',(7.875535178511,-23.4031573,0.572039925718));
#4065 = CARTESIAN_POINT('',(7.862470388076,-23.35439883831,
    0.587086627635));
#4066 = CARTESIAN_POINT('',(7.849069685239,-23.30438673446,
    0.596787364768));
#4067 = CARTESIAN_POINT('',(7.835516650888,-23.25380612167,
    0.601034169055));
#4068 = CARTESIAN_POINT('',(7.808313116261,-23.1522811483,0.598638702933
    ));
#4069 = CARTESIAN_POINT('',(7.794662080137,-23.1013347879,0.591864515309
    ));
#4070 = CARTESIAN_POINT('',(7.781235052046,-23.05122443688,
    0.579537655529));
#4071 = CARTESIAN_POINT('',(7.768220795373,-23.00265456975,
    0.561805006977));
#4072 = CARTESIAN_POINT('',(7.755798734521,-22.95629480751,
    0.538936867386));
#4073 = CARTESIAN_POINT('',(7.738439359332,-22.89150873732,
    0.497842383837));
#4074 = CARTESIAN_POINT('',(7.732925900386,-22.87093222841,
    0.483233278426));
#4075 = CARTESIAN_POINT('',(7.727611335197,-22.8510980011,0.467537698998
    ));
#4076 = CARTESIAN_POINT('',(7.722513497215,-22.83207261075,
    0.450806294379));
#4077 = CARTESIAN_POINT('',(7.717649033578,-22.8139181853,0.433095438075
    ));
#4078 = CARTESIAN_POINT('',(7.699415703238,-22.74587047008,
    0.359507560482));
#4079 = CARTESIAN_POINT('',(7.687960510566,-22.70311910902,0.29654878832
    ));
#4080 = CARTESIAN_POINT('',(7.679070903108,-22.66994264233,
    0.227199147215));
#4081 = CARTESIAN_POINT('',(7.673027519193,-22.64738842651,
    0.153428989994));
#4082 = CARTESIAN_POINT('',(7.669983633063,-22.63602848882,
    7.740913306405E-02));
#4083 = CARTESIAN_POINT('',(7.669898645577,-22.6357113112,
    -6.505584762566E-02));
#4084 = CARTESIAN_POINT('',(7.67214855668,-22.64410809375,
    -0.131520862844));
#4085 = CARTESIAN_POINT('',(7.676689953414,-22.6610568171,
    -0.196526962275));
#4086 = CARTESIAN_POINT('',(7.683435999918,-22.6862334054,
    -0.258618792314));
#4087 = CARTESIAN_POINT('',(7.692223130801,-22.71902742431,
    -0.316443701975));
#4088 = CARTESIAN_POINT('',(7.70431574187,-22.76415766321,
    -0.376267586007));
#4089 = CARTESIAN_POINT('',(7.70585473781,-22.76990127426,
    -0.383592217541));
#4090 = CARTESIAN_POINT('',(7.707429391313,-22.77577796113,
    -0.390804261645));
#4091 = CARTESIAN_POINT('',(7.709039006866,-22.78178512816,
    -0.397900503183));
#4092 = CARTESIAN_POINT('',(7.710682863184,-22.78792008346,
    -0.404877813232));
#4093 = CARTESIAN_POINT('',(7.713142996488,-22.79710142594,
    -0.414932387274));
#4094 = CARTESIAN_POINT('',(7.713933078114,-22.80005005071,
    -0.418105076347));
#4095 = CARTESIAN_POINT('',(7.714730382345,-22.80302563061,
    -0.421250906809));
#4096 = CARTESIAN_POINT('',(7.715534832284,-22.80602787865,
    -0.424369573541));
#4097 = CARTESIAN_POINT('',(7.716346349883,-22.80905650357,
    -0.427460775802));
#4098 = CARTESIAN_POINT('',(7.718054448231,-22.81543121338,
    -0.433853714717));
#4099 = CARTESIAN_POINT('',(7.71895252006,-22.81878286308,
    -0.437151177161));
#4100 = CARTESIAN_POINT('',(7.71985853404,-22.82216415328,
    -0.440414753282));
#4101 = CARTESIAN_POINT('',(7.720772272311,-22.82557427094,
    -0.44364368174));
#4102 = CARTESIAN_POINT('',(7.721693836541,-22.82901359547,
    -0.446838291133));
#4103 = CARTESIAN_POINT('',(7.722623647927,-22.8324836988,-0.45));
#4104 = TOROIDAL_SURFACE('',#4105,24.5,0.6);
#4105 = AXIS2_PLACEMENT_3D('',#4106,#4107,#4108);
#4106 = CARTESIAN_POINT('',(0.,0.,0.));
#4107 = DIRECTION('',(0.,2.2E-16,1.));
#4108 = DIRECTION('',(1.,0.,0.));
#4109 = ADVANCED_FACE('',(#4110),#4195,.F.);
#4110 = FACE_BOUND('',#4111,.F.);
#4111 = EDGE_LOOP('',(#4112,#4113,#4114,#4123,#4131,#4139,#4194));
#4112 = ORIENTED_EDGE('',*,*,#4025,.F.);
#4113 = ORIENTED_EDGE('',*,*,#1501,.T.);
#4114 = ORIENTED_EDGE('',*,*,#4115,.F.);
#4115 = EDGE_CURVE('',#4116,#1502,#4118,.T.);
#4116 = VERTEX_POINT('',#4117);
#4117 = CARTESIAN_POINT('',(5.414591985226,26.19627251411,2.5));
#4118 = HYPERBOLA('',#4119,1.55,1.55);
#4119 = AXIS2_PLACEMENT_3D('',#4120,#4121,#4122);
#4120 = CARTESIAN_POINT('',(-1.497185030748,0.401169519909,29.25));
#4121 = DIRECTION('',(-0.965925826289,0.258819045103,1.9E-16));
#4122 = DIRECTION('',(-1.830836206543E-16,5.082625366409E-17,-1.));
#4123 = ORIENTED_EDGE('',*,*,#4124,.T.);
#4124 = EDGE_CURVE('',#4116,#4125,#4127,.T.);
#4125 = VERTEX_POINT('',#4126);
#4126 = CARTESIAN_POINT('',(5.414591985226,26.19627251411,0.));
#4127 = LINE('',#4128,#4129);
#4128 = CARTESIAN_POINT('',(5.414591985226,26.19627251411,2.9E-16));
#4129 = VECTOR('',#4130,1.);
#4130 = DIRECTION('',(-0.,-0.,-1.));
#4131 = ORIENTED_EDGE('',*,*,#4132,.T.);
#4132 = EDGE_CURVE('',#4125,#4133,#4135,.T.);
#4133 = VERTEX_POINT('',#4134);
#4134 = CARTESIAN_POINT('',(4.986774461505,24.599635779216,-3.E-15));
#4135 = LINE('',#4136,#4137);
#4136 = CARTESIAN_POINT('',(1.7359239825,12.46729662376,0.));
#4137 = VECTOR('',#4138,1.);
#4138 = DIRECTION('',(-0.258819045103,-0.965925826289,0.));
#4139 = ORIENTED_EDGE('',*,*,#4140,.T.);
#4140 = EDGE_CURVE('',#4133,#642,#4141,.T.);
#4141 = B_SPLINE_CURVE_WITH_KNOTS('',6,(#4142,#4143,#4144,#4145,#4146,
    #4147,#4148,#4149,#4150,#4151,#4152,#4153,#4154,#4155,#4156,#4157,
    #4158,#4159,#4160,#4161,#4162,#4163,#4164,#4165,#4166,#4167,#4168,
    #4169,#4170,#4171,#4172,#4173,#4174,#4175,#4176,#4177,#4178,#4179,
    #4180,#4181,#4182,#4183,#4184,#4185,#4186,#4187,#4188,#4189,#4190,
    #4191,#4192,#4193),.UNSPECIFIED.,.F.,.F.,(7,5,5,5,5,5,5,5,5,5,7),(0.
    ,0.202545733255,0.268699382786,0.399449676038,0.531775068216,
    0.596353311427,0.786881485115,0.953369086173,0.976992982013,
    0.988017747437,1.),.UNSPECIFIED.);
#4142 = CARTESIAN_POINT('',(4.986774461505,24.599635779216,-5.44E-15));
#4143 = CARTESIAN_POINT('',(4.986774461505,24.599635779216,
    8.082487539908E-02));
#4144 = CARTESIAN_POINT('',(4.983386389855,24.586991323679,
    0.161673320697));
#4145 = CARTESIAN_POINT('',(4.9766069653,24.561690166793,0.239847188849)
  );
#4146 = CARTESIAN_POINT('',(4.966631084134,24.524459671433,
    0.312742492183));
#4147 = CARTESIAN_POINT('',(4.953813626036,24.476624266586,
    0.378022754229));
#4148 = CARTESIAN_POINT('',(4.933714028218,24.401611546318,
    0.452070172413));
#4149 = CARTESIAN_POINT('',(4.928516056966,24.382212453507,
    0.469293030439));
#4150 = CARTESIAN_POINT('',(4.923086013734,24.36194725628,0.48544452896)
  );
#4151 = CARTESIAN_POINT('',(4.917442513165,24.340885425421,
    0.500467427789));
#4152 = CARTESIAN_POINT('',(4.911605395885,24.319101007164,
    0.514311027893));
#4153 = CARTESIAN_POINT('',(4.893717838524,24.252343734269,0.55187442813
    ));
#4154 = CARTESIAN_POINT('',(4.881165117014,24.205496339823,
    0.572039925719));
#4155 = CARTESIAN_POINT('',(4.868100326579,24.156737878128,
    0.587086627636));
#4156 = CARTESIAN_POINT('',(4.854699623742,24.106725774284,
    0.596787364769));
#4157 = CARTESIAN_POINT('',(4.841146589392,24.05614516149,0.601034169055
    ));
#4158 = CARTESIAN_POINT('',(4.813943054765,23.954620188118,
    0.598638702933));
#4159 = CARTESIAN_POINT('',(4.80029201864,23.903673827724,0.591864515309
    ));
#4160 = CARTESIAN_POINT('',(4.78686499055,23.853563476697,0.579537655528
    ));
#4161 = CARTESIAN_POINT('',(4.773850733876,23.804993609569,
    0.561805006976));
#4162 = CARTESIAN_POINT('',(4.761428673024,23.758633847333,
    0.538936867385));
#4163 = CARTESIAN_POINT('',(4.744069297836,23.693847777142,
    0.497842383836));
#4164 = CARTESIAN_POINT('',(4.738555838889,23.673271268229,
    0.483233278425));
#4165 = CARTESIAN_POINT('',(4.7332412737,23.653437040923,0.467537698997)
  );
#4166 = CARTESIAN_POINT('',(4.728143435719,23.634411650569,
    0.450806294378));
#4167 = CARTESIAN_POINT('',(4.723278972082,23.616257225123,
    0.433095438074));
#4168 = CARTESIAN_POINT('',(4.705045641741,23.548209509901,
    0.359507560481));
#4169 = CARTESIAN_POINT('',(4.69359044907,23.505458148841,0.296548788318
    ));
#4170 = CARTESIAN_POINT('',(4.684700841612,23.472281682147,
    0.227199147213));
#4171 = CARTESIAN_POINT('',(4.678657457697,23.449727466329,
    0.153428989993));
#4172 = CARTESIAN_POINT('',(4.675613571567,23.438367528639,
    7.740913306243E-02));
#4173 = CARTESIAN_POINT('',(4.675528584081,23.438050351022,
    -6.505584760741E-02));
#4174 = CARTESIAN_POINT('',(4.677778495182,23.446447133565,
    -0.131520862806));
#4175 = CARTESIAN_POINT('',(4.682319891914,23.463395856905,
    -0.196526962218));
#4176 = CARTESIAN_POINT('',(4.689065938414,23.488572445193,
    -0.258618792241));
#4177 = CARTESIAN_POINT('',(4.697853069292,23.521366464082,
    -0.31644370189));
#4178 = CARTESIAN_POINT('',(4.709945680355,23.566496702965,
    -0.376267585915));
#4179 = CARTESIAN_POINT('',(4.711484676295,23.572240314006,
    -0.38359221745));
#4180 = CARTESIAN_POINT('',(4.713059329797,23.578117000881,
    -0.390804261556));
#4181 = CARTESIAN_POINT('',(4.714668945349,23.584124167903,
    -0.397900503095));
#4182 = CARTESIAN_POINT('',(4.716312801668,23.590259123204,
    -0.404877813145));
#4183 = CARTESIAN_POINT('',(4.718772934971,23.599440465685,
    -0.414932387189));
#4184 = CARTESIAN_POINT('',(4.719563016597,23.602389090453,
    -0.418105076262));
#4185 = CARTESIAN_POINT('',(4.720360320827,23.605364670351,
    -0.421250906725));
#4186 = CARTESIAN_POINT('',(4.721164770766,23.608366918395,
    -0.424369573458));
#4187 = CARTESIAN_POINT('',(4.721976288365,23.611395543307,
    -0.42746077572));
#4188 = CARTESIAN_POINT('',(4.723684386716,23.617770253138,
    -0.433853714649));
#4189 = CARTESIAN_POINT('',(4.724582458549,23.621121902845,
    -0.437151177107));
#4190 = CARTESIAN_POINT('',(4.725488472533,23.624503193065,
    -0.440414753243));
#4191 = CARTESIAN_POINT('',(4.726402210807,23.627913310731,
    -0.443643681714));
#4192 = CARTESIAN_POINT('',(4.727323775041,23.631352635273,
    -0.44683829112));
#4193 = CARTESIAN_POINT('',(4.728253586431,23.634822738622,-0.45));
#4194 = ORIENTED_EDGE('',*,*,#641,.T.);
#4195 = PLANE('',#4196);
#4196 = AXIS2_PLACEMENT_3D('',#4197,#4198,#4199);
#4197 = CARTESIAN_POINT('',(4.969032995748,24.533423727611,0.));
#4198 = DIRECTION('',(-0.965925826289,0.258819045103,0.));
#4199 = DIRECTION('',(0.,0.,1.));
#4200 = ADVANCED_FACE('',(#4201),#4235,.F.);
#4201 = FACE_BOUND('',#4202,.F.);
#4202 = EDGE_LOOP('',(#4203,#4209,#4210,#4219,#4227,#4233,#4234));
#4203 = ORIENTED_EDGE('',*,*,#4204,.F.);
#4204 = EDGE_CURVE('',#1969,#1109,#4205,.T.);
#4205 = LINE('',#4206,#4207);
#4206 = CARTESIAN_POINT('',(6.934597352962,-19.89152952829,0.));
#4207 = VECTOR('',#4208,1.);
#4208 = DIRECTION('',(0.,0.,-1.));
#4209 = ORIENTED_EDGE('',*,*,#1977,.T.);
#4210 = ORIENTED_EDGE('',*,*,#4211,.F.);
#4211 = EDGE_CURVE('',#4212,#1978,#4214,.T.);
#4212 = VERTEX_POINT('',#4213);
#4213 = CARTESIAN_POINT('',(8.408962046722,-25.39393347429,2.5));
#4214 = HYPERBOLA('',#4215,1.55,1.55);
#4215 = AXIS2_PLACEMENT_3D('',#4216,#4217,#4218);
#4216 = CARTESIAN_POINT('',(1.497185030748,0.401169519909,29.25));
#4217 = DIRECTION('',(0.965925826289,0.258819045103,-2.E-17));
#4218 = DIRECTION('',(-1.815826248794E-17,-9.506507920973E-18,-1.));
#4219 = ORIENTED_EDGE('',*,*,#4220,.T.);
#4220 = EDGE_CURVE('',#4212,#4221,#4223,.T.);
#4221 = VERTEX_POINT('',#4222);
#4222 = CARTESIAN_POINT('',(8.408962046722,-25.39393347429,0.));
#4223 = LINE('',#4224,#4225);
#4224 = CARTESIAN_POINT('',(8.408962046722,-25.39393347429,-4.E-17));
#4225 = VECTOR('',#4226,1.);
#4226 = DIRECTION('',(-0.,-0.,-1.));
#4227 = ORIENTED_EDGE('',*,*,#4228,.T.);
#4228 = EDGE_CURVE('',#4221,#4040,#4229,.T.);
#4229 = LINE('',#4230,#4231);
#4230 = CARTESIAN_POINT('',(4.730294043996,-11.66495758394,0.));
#4231 = VECTOR('',#4232,1.);
#4232 = DIRECTION('',(-0.258819045103,0.965925826289,0.));
#4233 = ORIENTED_EDGE('',*,*,#4050,.T.);
#4234 = ORIENTED_EDGE('',*,*,#1117,.T.);
#4235 = PLANE('',#4236);
#4236 = AXIS2_PLACEMENT_3D('',#4237,#4238,#4239);
#4237 = CARTESIAN_POINT('',(7.963403057244,-23.73108468779,0.));
#4238 = DIRECTION('',(0.965925826289,0.258819045103,0.));
#4239 = DIRECTION('',(0.,0.,1.));
#4240 = ADVANCED_FACE('',(#4241),#4309,.F.);
#4241 = FACE_BOUND('',#4242,.F.);
#4242 = EDGE_LOOP('',(#4243,#4244,#4253,#4308));
#4243 = ORIENTED_EDGE('',*,*,#4140,.F.);
#4244 = ORIENTED_EDGE('',*,*,#4245,.T.);
#4245 = EDGE_CURVE('',#4133,#4246,#4248,.T.);
#4246 = VERTEX_POINT('',#4247);
#4247 = CARTESIAN_POINT('',(1.549999999999,25.052095720718,-3.E-15));
#4248 = CIRCLE('',#4249,25.1);
#4249 = AXIS2_PLACEMENT_3D('',#4250,#4251,#4252);
#4250 = CARTESIAN_POINT('',(0.,0.,0.));
#4251 = DIRECTION('',(-0.,2.2E-16,1.));
#4252 = DIRECTION('',(1.,0.,0.));
#4253 = ORIENTED_EDGE('',*,*,#4254,.T.);
#4254 = EDGE_CURVE('',#4246,#650,#4255,.T.);
#4255 = B_SPLINE_CURVE_WITH_KNOTS('',6,(#4256,#4257,#4258,#4259,#4260,
    #4261,#4262,#4263,#4264,#4265,#4266,#4267,#4268,#4269,#4270,#4271,
    #4272,#4273,#4274,#4275,#4276,#4277,#4278,#4279,#4280,#4281,#4282,
    #4283,#4284,#4285,#4286,#4287,#4288,#4289,#4290,#4291,#4292,#4293,
    #4294,#4295,#4296,#4297,#4298,#4299,#4300,#4301,#4302,#4303,#4304,
    #4305,#4306,#4307),.UNSPECIFIED.,.F.,.F.,(7,5,5,5,5,5,5,5,5,5,7),(0.
    ,0.202545733269,0.2686993828,0.399449676053,0.531775068231,
    0.596353311442,0.78688148513,0.953369086335,0.976992982176,
    0.9880177476,1.),.UNSPECIFIED.);
#4256 = CARTESIAN_POINT('',(1.55,25.052095720718,-5.56E-15));
#4257 = CARTESIAN_POINT('',(1.55,25.052095720718,8.082487540494E-02));
#4258 = CARTESIAN_POINT('',(1.55,25.039005217084,0.161673320709));
#4259 = CARTESIAN_POINT('',(1.55,25.012811532019,0.239847188865));
#4260 = CARTESIAN_POINT('',(1.55,24.974267686983,0.312742492204));
#4261 = CARTESIAN_POINT('',(1.55,24.924744831757,0.378022754253));
#4262 = CARTESIAN_POINT('',(1.55,24.847085949227,0.452070172437));
#4263 = CARTESIAN_POINT('',(1.55,24.827002530518,0.469293030461));
#4264 = CARTESIAN_POINT('',(1.55,24.806022454537,0.485444528981));
#4265 = CARTESIAN_POINT('',(1.55,24.784217642732,0.500467427808));
#4266 = CARTESIAN_POINT('',(1.55,24.761664753405,0.514311027912));
#4267 = CARTESIAN_POINT('',(1.55,24.692552538906,0.551874428144));
#4268 = CARTESIAN_POINT('',(1.55,24.64405254732,0.57203992573));
#4269 = CARTESIAN_POINT('',(1.55,24.593574073333,0.587086627644));
#4270 = CARTESIAN_POINT('',(1.55,24.541797733491,0.596787364774));
#4271 = CARTESIAN_POINT('',(1.55,24.489432829875,0.601034169058));
#4272 = CARTESIAN_POINT('',(1.55,24.384326443226,0.598638702929));
#4273 = CARTESIAN_POINT('',(1.55,24.331582889832,0.591864515302));
#4274 = CARTESIAN_POINT('',(1.55,24.279704837022,0.579537655518));
#4275 = CARTESIAN_POINT('',(1.55,24.2294216105,0.561805006963));
#4276 = CARTESIAN_POINT('',(1.55,24.181426452929,0.53893686737));
#4277 = CARTESIAN_POINT('',(1.55,24.11435497764,0.497842383816));
#4278 = CARTESIAN_POINT('',(1.55,24.093052608088,0.483233278404));
#4279 = CARTESIAN_POINT('',(1.55,24.072518705002,0.467537698975));
#4280 = CARTESIAN_POINT('',(1.55,24.052822171546,0.450806294355));
#4281 = CARTESIAN_POINT('',(1.55,24.034027327314,0.43309543805));
#4282 = CARTESIAN_POINT('',(1.55,23.963579148617,0.359507560452));
#4283 = CARTESIAN_POINT('',(1.55,23.919319682835,0.296548788287));
#4284 = CARTESIAN_POINT('',(1.55,23.884972877122,0.22719914718));
#4285 = CARTESIAN_POINT('',(1.55,23.861623034722,0.153428989958));
#4286 = CARTESIAN_POINT('',(1.55,23.849862361824,7.740913302722E-02));
#4287 = CARTESIAN_POINT('',(1.55,23.849533995401,-6.505584770166E-02));
#4288 = CARTESIAN_POINT('',(1.55,23.85822698438,-0.131520862958));
#4289 = CARTESIAN_POINT('',(1.55,23.875773593976,-0.196526962425));
#4290 = CARTESIAN_POINT('',(1.55,23.901838316184,-0.258618792494));
#4291 = CARTESIAN_POINT('',(1.55,23.935789182862,-0.316443702177));
#4292 = CARTESIAN_POINT('',(1.55,23.982511444269,-0.376267586218));
#4293 = CARTESIAN_POINT('',(1.55,23.988457667974,-0.38359221775));
#4294 = CARTESIAN_POINT('',(1.55,23.994541661919,-0.390804261852));
#4295 = CARTESIAN_POINT('',(1.55,24.000760738855,-0.397900503386));
#4296 = CARTESIAN_POINT('',(1.55,24.00711211195,-0.404877813433));
#4297 = CARTESIAN_POINT('',(1.55,24.016617337131,-0.41493238747));
#4298 = CARTESIAN_POINT('',(1.55,24.019669978121,-0.418105076542));
#4299 = CARTESIAN_POINT('',(1.55,24.022750525113,-0.421250907002));
#4300 = CARTESIAN_POINT('',(1.55,24.025858681003,-0.424369573733));
#4301 = CARTESIAN_POINT('',(1.55,24.028994144236,-0.427460775993));
#4302 = CARTESIAN_POINT('',(1.55,24.035593729438,-0.433853714873));
#4303 = CARTESIAN_POINT('',(1.55,24.0390636125,-0.437151177285));
#4304 = CARTESIAN_POINT('',(1.55,24.042564181678,-0.440414753374));
#4305 = CARTESIAN_POINT('',(1.55,24.046094595222,-0.443643681801));
#4306 = CARTESIAN_POINT('',(1.55,24.04965524595,-0.446838291163));
#4307 = CARTESIAN_POINT('',(1.55,24.053247761242,-0.45));
#4308 = ORIENTED_EDGE('',*,*,#649,.F.);
#4309 = TOROIDAL_SURFACE('',#4310,24.5,0.6);
#4310 = AXIS2_PLACEMENT_3D('',#4311,#4312,#4313);
#4311 = CARTESIAN_POINT('',(0.,0.,0.));
#4312 = DIRECTION('',(0.,2.2E-16,1.));
#4313 = DIRECTION('',(1.,0.,0.));
#4314 = ADVANCED_FACE('',(#4315),#4326,.F.);
#4315 = FACE_BOUND('',#4316,.T.);
#4316 = EDGE_LOOP('',(#4317,#4318,#4324,#4325));
#4317 = ORIENTED_EDGE('',*,*,#1968,.F.);
#4318 = ORIENTED_EDGE('',*,*,#4319,.F.);
#4319 = EDGE_CURVE('',#1101,#1961,#4320,.T.);
#4320 = LINE('',#4321,#4322);
#4321 = CARTESIAN_POINT('',(3.940227291466,-20.69386856811,0.));
#4322 = VECTOR('',#4323,1.);
#4323 = DIRECTION('',(0.,0.,1.));
#4324 = ORIENTED_EDGE('',*,*,#1108,.T.);
#4325 = ORIENTED_EDGE('',*,*,#4204,.F.);
#4326 = CYLINDRICAL_SURFACE('',#4327,1.55);
#4327 = AXIS2_PLACEMENT_3D('',#4328,#4329,#4330);
#4328 = CARTESIAN_POINT('',(5.437412322214,-20.2926990482,0.));
#4329 = DIRECTION('',(0.,0.,-1.));
#4330 = DIRECTION('',(0.258819045103,-0.965925826289,0.));
#4331 = ADVANCED_FACE('',(#4332),#4366,.F.);
#4332 = FACE_BOUND('',#4333,.F.);
#4333 = EDGE_LOOP('',(#4334,#4335,#4341,#4342,#4343,#4351,#4359));
#4334 = ORIENTED_EDGE('',*,*,#1518,.F.);
#4335 = ORIENTED_EDGE('',*,*,#4336,.F.);
#4336 = EDGE_CURVE('',#659,#1519,#4337,.T.);
#4337 = LINE('',#4338,#4339);
#4338 = CARTESIAN_POINT('',(1.55,21.008547960835,0.));
#4339 = VECTOR('',#4340,1.);
#4340 = DIRECTION('',(0.,0.,1.));
#4341 = ORIENTED_EDGE('',*,*,#658,.T.);
#4342 = ORIENTED_EDGE('',*,*,#4254,.F.);
#4343 = ORIENTED_EDGE('',*,*,#4344,.T.);
#4344 = EDGE_CURVE('',#4246,#4345,#4347,.T.);
#4345 = VERTEX_POINT('',#4346);
#4346 = CARTESIAN_POINT('',(1.55,26.705055701121,0.));
#4347 = LINE('',#4348,#4349);
#4348 = CARTESIAN_POINT('',(1.55,12.491773980418,0.));
#4349 = VECTOR('',#4350,1.);
#4350 = DIRECTION('',(1.1E-16,1.,0.));
#4351 = ORIENTED_EDGE('',*,*,#4352,.F.);
#4352 = EDGE_CURVE('',#4353,#4345,#4355,.T.);
#4353 = VERTEX_POINT('',#4354);
#4354 = CARTESIAN_POINT('',(1.55,26.705055701121,2.5));
#4355 = LINE('',#4356,#4357);
#4356 = CARTESIAN_POINT('',(1.55,26.705055701121,-3.4E-16));
#4357 = VECTOR('',#4358,1.);
#4358 = DIRECTION('',(-0.,-0.,-1.));
#4359 = ORIENTED_EDGE('',*,*,#4360,.F.);
#4360 = EDGE_CURVE('',#1510,#4353,#4361,.T.);
#4361 = HYPERBOLA('',#4362,1.55,1.55);
#4362 = AXIS2_PLACEMENT_3D('',#4363,#4364,#4365);
#4363 = CARTESIAN_POINT('',(1.55,-1.7E-16,29.25));
#4364 = DIRECTION('',(1.,-1.1E-16,-2.2E-16));
#4365 = DIRECTION('',(-2.2E-16,0.,-1.));
#4366 = PLANE('',#4367);
#4367 = AXIS2_PLACEMENT_3D('',#4368,#4369,#4370);
#4368 = CARTESIAN_POINT('',(1.55,24.983547960835,0.));
#4369 = DIRECTION('',(1.,0.,0.));
#4370 = DIRECTION('',(0.,0.,-1.));
#4371 = ADVANCED_FACE('',(#4372),#4457,.F.);
#4372 = FACE_BOUND('',#4373,.F.);
#4373 = EDGE_LOOP('',(#4374,#4375,#4376,#4377,#4434,#4442,#4450));
#4374 = ORIENTED_EDGE('',*,*,#1960,.F.);
#4375 = ORIENTED_EDGE('',*,*,#4319,.F.);
#4376 = ORIENTED_EDGE('',*,*,#1100,.T.);
#4377 = ORIENTED_EDGE('',*,*,#4378,.F.);
#4378 = EDGE_CURVE('',#4379,#1092,#4381,.T.);
#4379 = VERTEX_POINT('',#4380);
#4380 = CARTESIAN_POINT('',(4.986774461505,-24.59963577921,3.E-15));
#4381 = B_SPLINE_CURVE_WITH_KNOTS('',6,(#4382,#4383,#4384,#4385,#4386,
    #4387,#4388,#4389,#4390,#4391,#4392,#4393,#4394,#4395,#4396,#4397,
    #4398,#4399,#4400,#4401,#4402,#4403,#4404,#4405,#4406,#4407,#4408,
    #4409,#4410,#4411,#4412,#4413,#4414,#4415,#4416,#4417,#4418,#4419,
    #4420,#4421,#4422,#4423,#4424,#4425,#4426,#4427,#4428,#4429,#4430,
    #4431,#4432,#4433),.UNSPECIFIED.,.F.,.F.,(7,5,5,5,5,5,5,5,5,5,7),(0.
    ,0.202545733254,0.268699382785,0.399449676038,0.531775068216,
    0.596353311426,0.786881485114,0.953369086222,0.976992982062,
    0.988017747486,1.),.UNSPECIFIED.);
#4382 = CARTESIAN_POINT('',(4.986774461505,-24.59963577921,5.45E-15));
#4383 = CARTESIAN_POINT('',(4.986774461505,-24.59963577921,
    8.082487539883E-02));
#4384 = CARTESIAN_POINT('',(4.983386389855,-24.58699132367,
    0.161673320697));
#4385 = CARTESIAN_POINT('',(4.9766069653,-24.56169016679,0.239847188848)
  );
#4386 = CARTESIAN_POINT('',(4.966631084135,-24.52445967143,
    0.312742492182));
#4387 = CARTESIAN_POINT('',(4.953813626036,-24.47662426658,
    0.378022754228));
#4388 = CARTESIAN_POINT('',(4.933714028218,-24.40161154631,
    0.452070172412));
#4389 = CARTESIAN_POINT('',(4.928516056966,-24.3822124535,0.469293030438
    ));
#4390 = CARTESIAN_POINT('',(4.923086013735,-24.36194725628,
    0.485444528959));
#4391 = CARTESIAN_POINT('',(4.917442513165,-24.34088542542,
    0.500467427788));
#4392 = CARTESIAN_POINT('',(4.911605395885,-24.31910100716,
    0.514311027893));
#4393 = CARTESIAN_POINT('',(4.893717838524,-24.25234373427,0.55187442813
    ));
#4394 = CARTESIAN_POINT('',(4.881165117015,-24.20549633982,
    0.572039925718));
#4395 = CARTESIAN_POINT('',(4.868100326579,-24.15673787812,
    0.587086627635));
#4396 = CARTESIAN_POINT('',(4.854699623743,-24.10672577428,
    0.596787364768));
#4397 = CARTESIAN_POINT('',(4.841146589392,-24.05614516149,
    0.601034169055));
#4398 = CARTESIAN_POINT('',(4.813943054765,-23.95462018812,
    0.598638702933));
#4399 = CARTESIAN_POINT('',(4.80029201864,-23.90367382772,0.591864515309
    ));
#4400 = CARTESIAN_POINT('',(4.78686499055,-23.85356347669,0.579537655529
    ));
#4401 = CARTESIAN_POINT('',(4.773850733877,-23.80499360957,
    0.561805006977));
#4402 = CARTESIAN_POINT('',(4.761428673024,-23.75863384733,
    0.538936867386));
#4403 = CARTESIAN_POINT('',(4.744069297836,-23.69384777714,
    0.497842383837));
#4404 = CARTESIAN_POINT('',(4.73855583889,-23.67327126823,0.483233278426
    ));
#4405 = CARTESIAN_POINT('',(4.7332412737,-23.65343704092,0.467537698998)
  );
#4406 = CARTESIAN_POINT('',(4.728143435719,-23.63441165057,
    0.450806294379));
#4407 = CARTESIAN_POINT('',(4.723278972082,-23.61625722512,
    0.433095438075));
#4408 = CARTESIAN_POINT('',(4.705045641741,-23.5482095099,0.359507560482
    ));
#4409 = CARTESIAN_POINT('',(4.69359044907,-23.50545814884,0.29654878832)
  );
#4410 = CARTESIAN_POINT('',(4.684700841612,-23.47228168214,
    0.227199147215));
#4411 = CARTESIAN_POINT('',(4.678657457697,-23.44972746633,
    0.153428989994));
#4412 = CARTESIAN_POINT('',(4.675613571567,-23.43836752863,
    7.740913306407E-02));
#4413 = CARTESIAN_POINT('',(4.675528584081,-23.43805035102,
    -6.505584762572E-02));
#4414 = CARTESIAN_POINT('',(4.677778495183,-23.44644713357,
    -0.131520862844));
#4415 = CARTESIAN_POINT('',(4.682319891918,-23.46339585691,
    -0.196526962275));
#4416 = CARTESIAN_POINT('',(4.689065938422,-23.48857244522,
    -0.258618792313));
#4417 = CARTESIAN_POINT('',(4.697853069305,-23.52136646413,
    -0.316443701975));
#4418 = CARTESIAN_POINT('',(4.709945680374,-23.56649670303,
    -0.376267586007));
#4419 = CARTESIAN_POINT('',(4.711484676314,-23.57224031407,
    -0.383592217541));
#4420 = CARTESIAN_POINT('',(4.713059329817,-23.57811700095,
    -0.390804261645));
#4421 = CARTESIAN_POINT('',(4.71466894537,-23.58412416797,
    -0.397900503183));
#4422 = CARTESIAN_POINT('',(4.716312801688,-23.59025912328,
    -0.404877813232));
#4423 = CARTESIAN_POINT('',(4.718772934992,-23.59944046576,
    -0.414932387274));
#4424 = CARTESIAN_POINT('',(4.719563016618,-23.60238909053,
    -0.418105076347));
#4425 = CARTESIAN_POINT('',(4.720360320848,-23.60536467043,
    -0.421250906809));
#4426 = CARTESIAN_POINT('',(4.721164770788,-23.60836691847,
    -0.424369573541));
#4427 = CARTESIAN_POINT('',(4.721976288387,-23.61139554338,
    -0.427460775802));
#4428 = CARTESIAN_POINT('',(4.723684386735,-23.6177702532,
    -0.433853714717));
#4429 = CARTESIAN_POINT('',(4.724582458564,-23.6211219029,
    -0.437151177161));
#4430 = CARTESIAN_POINT('',(4.725488472544,-23.6245031931,
    -0.440414753282));
#4431 = CARTESIAN_POINT('',(4.726402210815,-23.62791331075,
    -0.44364368174));
#4432 = CARTESIAN_POINT('',(4.727323775045,-23.63135263528,
    -0.446838291133));
#4433 = CARTESIAN_POINT('',(4.728253586431,-23.63482273862,-0.45));
#4434 = ORIENTED_EDGE('',*,*,#4435,.T.);
#4435 = EDGE_CURVE('',#4379,#4436,#4438,.T.);
#4436 = VERTEX_POINT('',#4437);
#4437 = CARTESIAN_POINT('',(5.414591985226,-26.19627251411,0.));
#4438 = LINE('',#4439,#4440);
#4439 = CARTESIAN_POINT('',(1.7359239825,-12.46729662376,0.));
#4440 = VECTOR('',#4441,1.);
#4441 = DIRECTION('',(0.258819045103,-0.965925826289,0.));
#4442 = ORIENTED_EDGE('',*,*,#4443,.F.);
#4443 = EDGE_CURVE('',#4444,#4436,#4446,.T.);
#4444 = VERTEX_POINT('',#4445);
#4445 = CARTESIAN_POINT('',(5.414591985226,-26.19627251411,2.5));
#4446 = LINE('',#4447,#4448);
#4447 = CARTESIAN_POINT('',(5.414591985226,-26.19627251411,4.E-17));
#4448 = VECTOR('',#4449,1.);
#4449 = DIRECTION('',(-0.,-0.,-1.));
#4450 = ORIENTED_EDGE('',*,*,#4451,.F.);
#4451 = EDGE_CURVE('',#1952,#4444,#4452,.T.);
#4452 = HYPERBOLA('',#4453,1.55,1.55);
#4453 = AXIS2_PLACEMENT_3D('',#4454,#4455,#4456);
#4454 = CARTESIAN_POINT('',(-1.497185030748,-0.401169519909,29.25));
#4455 = DIRECTION('',(-0.965925826289,-0.258819045103,2.E-17));
#4456 = DIRECTION('',(-1.815826248794E-17,-9.506507920973E-18,-1.));
#4457 = PLANE('',#4458);
#4458 = AXIS2_PLACEMENT_3D('',#4459,#4460,#4461);
#4459 = CARTESIAN_POINT('',(4.969032995748,-24.53342372761,0.));
#4460 = DIRECTION('',(-0.965925826289,-0.258819045103,0.));
#4461 = DIRECTION('',(0.,0.,-1.));
#4462 = ADVANCED_FACE('',(#4463),#4474,.F.);
#4463 = FACE_BOUND('',#4464,.T.);
#4464 = EDGE_LOOP('',(#4465,#4466,#4467,#4468));
#4465 = ORIENTED_EDGE('',*,*,#1526,.F.);
#4466 = ORIENTED_EDGE('',*,*,#4336,.F.);
#4467 = ORIENTED_EDGE('',*,*,#666,.T.);
#4468 = ORIENTED_EDGE('',*,*,#4469,.F.);
#4469 = EDGE_CURVE('',#1527,#667,#4470,.T.);
#4470 = LINE('',#4471,#4472);
#4471 = CARTESIAN_POINT('',(-1.55,21.008547960835,0.));
#4472 = VECTOR('',#4473,1.);
#4473 = DIRECTION('',(0.,0.,-1.));
#4474 = CYLINDRICAL_SURFACE('',#4475,1.55);
#4475 = AXIS2_PLACEMENT_3D('',#4476,#4477,#4478);
#4476 = CARTESIAN_POINT('',(0.,21.008547960835,0.));
#4477 = DIRECTION('',(0.,0.,-1.));
#4478 = DIRECTION('',(0.,1.,0.));
#4479 = ADVANCED_FACE('',(#4480),#4548,.F.);
#4480 = FACE_BOUND('',#4481,.F.);
#4481 = EDGE_LOOP('',(#4482,#4491,#4492,#4493));
#4482 = ORIENTED_EDGE('',*,*,#4483,.T.);
#4483 = EDGE_CURVE('',#4484,#4379,#4486,.T.);
#4484 = VERTEX_POINT('',#4485);
#4485 = CARTESIAN_POINT('',(1.549999999999,-25.05209572071,3.E-15));
#4486 = CIRCLE('',#4487,25.1);
#4487 = AXIS2_PLACEMENT_3D('',#4488,#4489,#4490);
#4488 = CARTESIAN_POINT('',(0.,0.,0.));
#4489 = DIRECTION('',(-0.,2.2E-16,1.));
#4490 = DIRECTION('',(1.,0.,0.));
#4491 = ORIENTED_EDGE('',*,*,#4378,.T.);
#4492 = ORIENTED_EDGE('',*,*,#1091,.F.);
#4493 = ORIENTED_EDGE('',*,*,#4494,.F.);
#4494 = EDGE_CURVE('',#4484,#1084,#4495,.T.);
#4495 = B_SPLINE_CURVE_WITH_KNOTS('',6,(#4496,#4497,#4498,#4499,#4500,
    #4501,#4502,#4503,#4504,#4505,#4506,#4507,#4508,#4509,#4510,#4511,
    #4512,#4513,#4514,#4515,#4516,#4517,#4518,#4519,#4520,#4521,#4522,
    #4523,#4524,#4525,#4526,#4527,#4528,#4529,#4530,#4531,#4532,#4533,
    #4534,#4535,#4536,#4537,#4538,#4539,#4540,#4541,#4542,#4543,#4544,
    #4545,#4546,#4547),.UNSPECIFIED.,.F.,.F.,(7,5,5,5,5,5,5,5,5,5,7),(0.
    ,0.202545733254,0.268699382785,0.399449676038,0.531775068216,
    0.596353311426,0.786881485115,0.953369086222,0.976992982062,
    0.988017747486,1.),.UNSPECIFIED.);
#4496 = CARTESIAN_POINT('',(1.55,-25.05209572071,5.56E-15));
#4497 = CARTESIAN_POINT('',(1.55,-25.05209572071,8.082487539882E-02));
#4498 = CARTESIAN_POINT('',(1.55,-25.03900521708,0.161673320697));
#4499 = CARTESIAN_POINT('',(1.55,-25.01281153202,0.239847188848));
#4500 = CARTESIAN_POINT('',(1.55,-24.97426768699,0.312742492182));
#4501 = CARTESIAN_POINT('',(1.55,-24.92474483177,0.378022754228));
#4502 = CARTESIAN_POINT('',(1.55,-24.84708594925,0.452070172412));
#4503 = CARTESIAN_POINT('',(1.55,-24.82700253054,0.469293030438));
#4504 = CARTESIAN_POINT('',(1.55,-24.80602245456,0.485444528959));
#4505 = CARTESIAN_POINT('',(1.55,-24.78421764276,0.500467427788));
#4506 = CARTESIAN_POINT('',(1.55,-24.76166475343,0.514311027893));
#4507 = CARTESIAN_POINT('',(1.55,-24.69255253894,0.55187442813));
#4508 = CARTESIAN_POINT('',(1.55,-24.64405254735,0.572039925718));
#4509 = CARTESIAN_POINT('',(1.55,-24.59357407336,0.587086627635));
#4510 = CARTESIAN_POINT('',(1.55,-24.54179773352,0.596787364768));
#4511 = CARTESIAN_POINT('',(1.55,-24.48943282991,0.601034169055));
#4512 = CARTESIAN_POINT('',(1.55,-24.38432644326,0.598638702933));
#4513 = CARTESIAN_POINT('',(1.55,-24.33158288986,0.591864515309));
#4514 = CARTESIAN_POINT('',(1.55,-24.27970483705,0.579537655529));
#4515 = CARTESIAN_POINT('',(1.55,-24.22942161053,0.561805006977));
#4516 = CARTESIAN_POINT('',(1.55,-24.18142645296,0.538936867386));
#4517 = CARTESIAN_POINT('',(1.55,-24.11435497767,0.497842383837));
#4518 = CARTESIAN_POINT('',(1.55,-24.09305260811,0.483233278426));
#4519 = CARTESIAN_POINT('',(1.55,-24.07251870503,0.467537698998));
#4520 = CARTESIAN_POINT('',(1.55,-24.05282217157,0.450806294379));
#4521 = CARTESIAN_POINT('',(1.55,-24.03402732734,0.433095438075));
#4522 = CARTESIAN_POINT('',(1.55,-23.96357914864,0.359507560482));
#4523 = CARTESIAN_POINT('',(1.55,-23.91931968285,0.29654878832));
#4524 = CARTESIAN_POINT('',(1.55,-23.88497287713,0.227199147215));
#4525 = CARTESIAN_POINT('',(1.55,-23.86162303473,0.153428989994));
#4526 = CARTESIAN_POINT('',(1.55,-23.84986236182,7.74091330641E-02));
#4527 = CARTESIAN_POINT('',(1.55,-23.84953399539,-6.505584762566E-02));
#4528 = CARTESIAN_POINT('',(1.55,-23.85822698436,-0.131520862844));
#4529 = CARTESIAN_POINT('',(1.55,-23.87577359393,-0.196526962275));
#4530 = CARTESIAN_POINT('',(1.55,-23.9018383161,-0.258618792314));
#4531 = CARTESIAN_POINT('',(1.55,-23.93578918274,-0.316443701975));
#4532 = CARTESIAN_POINT('',(1.55,-23.98251144409,-0.376267586007));
#4533 = CARTESIAN_POINT('',(1.55,-23.9884576678,-0.383592217541));
#4534 = CARTESIAN_POINT('',(1.55,-23.99454166174,-0.390804261645));
#4535 = CARTESIAN_POINT('',(1.55,-24.00076073867,-0.397900503183));
#4536 = CARTESIAN_POINT('',(1.55,-24.00711211176,-0.404877813232));
#4537 = CARTESIAN_POINT('',(1.55,-24.01661733694,-0.414932387274));
#4538 = CARTESIAN_POINT('',(1.55,-24.01966997793,-0.418105076347));
#4539 = CARTESIAN_POINT('',(1.55,-24.02275052492,-0.421250906809));
#4540 = CARTESIAN_POINT('',(1.55,-24.02585868081,-0.424369573541));
#4541 = CARTESIAN_POINT('',(1.55,-24.02899414404,-0.427460775802));
#4542 = CARTESIAN_POINT('',(1.55,-24.03559372927,-0.433853714717));
#4543 = CARTESIAN_POINT('',(1.55,-24.03906361236,-0.437151177161));
#4544 = CARTESIAN_POINT('',(1.55,-24.04256418157,-0.440414753282));
#4545 = CARTESIAN_POINT('',(1.55,-24.04609459515,-0.44364368174));
#4546 = CARTESIAN_POINT('',(1.55,-24.04965524591,-0.446838291133));
#4547 = CARTESIAN_POINT('',(1.55,-24.05324776124,-0.45));
#4548 = TOROIDAL_SURFACE('',#4549,24.5,0.6);
#4549 = AXIS2_PLACEMENT_3D('',#4550,#4551,#4552);
#4550 = CARTESIAN_POINT('',(0.,0.,0.));
#4551 = DIRECTION('',(0.,2.2E-16,1.));
#4552 = DIRECTION('',(1.,0.,0.));
#4553 = ADVANCED_FACE('',(#4554),#4639,.F.);
#4554 = FACE_BOUND('',#4555,.F.);
#4555 = EDGE_LOOP('',(#4556,#4557,#4558,#4567,#4575,#4583,#4638));
#4556 = ORIENTED_EDGE('',*,*,#4469,.F.);
#4557 = ORIENTED_EDGE('',*,*,#1535,.T.);
#4558 = ORIENTED_EDGE('',*,*,#4559,.F.);
#4559 = EDGE_CURVE('',#4560,#1536,#4562,.T.);
#4560 = VERTEX_POINT('',#4561);
#4561 = CARTESIAN_POINT('',(-1.55,26.705055701121,2.5));
#4562 = HYPERBOLA('',#4563,1.55,1.55);
#4563 = AXIS2_PLACEMENT_3D('',#4564,#4565,#4566);
#4564 = CARTESIAN_POINT('',(-1.55,1.7E-16,29.25));
#4565 = DIRECTION('',(-1.,1.1E-16,2.2E-16));
#4566 = DIRECTION('',(-2.2E-16,0.,-1.));
#4567 = ORIENTED_EDGE('',*,*,#4568,.T.);
#4568 = EDGE_CURVE('',#4560,#4569,#4571,.T.);
#4569 = VERTEX_POINT('',#4570);
#4570 = CARTESIAN_POINT('',(-1.55,26.705055701121,0.));
#4571 = LINE('',#4572,#4573);
#4572 = CARTESIAN_POINT('',(-1.55,26.705055701121,3.4E-16));
#4573 = VECTOR('',#4574,1.);
#4574 = DIRECTION('',(-0.,-0.,-1.));
#4575 = ORIENTED_EDGE('',*,*,#4576,.T.);
#4576 = EDGE_CURVE('',#4569,#4577,#4579,.T.);
#4577 = VERTEX_POINT('',#4578);
#4578 = CARTESIAN_POINT('',(-1.549999999999,25.052095720718,-3.E-15));
#4579 = LINE('',#4580,#4581);
#4580 = CARTESIAN_POINT('',(-1.55,12.491773980418,0.));
#4581 = VECTOR('',#4582,1.);
#4582 = DIRECTION('',(-1.1E-16,-1.,0.));
#4583 = ORIENTED_EDGE('',*,*,#4584,.T.);
#4584 = EDGE_CURVE('',#4577,#676,#4585,.T.);
#4585 = B_SPLINE_CURVE_WITH_KNOTS('',6,(#4586,#4587,#4588,#4589,#4590,
    #4591,#4592,#4593,#4594,#4595,#4596,#4597,#4598,#4599,#4600,#4601,
    #4602,#4603,#4604,#4605,#4606,#4607,#4608,#4609,#4610,#4611,#4612,
    #4613,#4614,#4615,#4616,#4617,#4618,#4619,#4620,#4621,#4622,#4623,
    #4624,#4625,#4626,#4627,#4628,#4629,#4630,#4631,#4632,#4633,#4634,
    #4635,#4636,#4637),.UNSPECIFIED.,.F.,.F.,(7,5,5,5,5,5,5,5,5,5,7),(0.
    ,0.202545733255,0.268699382786,0.399449676038,0.531775068216,
    0.596353311427,0.786881485115,0.953369086173,0.976992982013,
    0.988017747437,1.),.UNSPECIFIED.);
#4586 = CARTESIAN_POINT('',(-1.55,25.052095720718,-5.54E-15));
#4587 = CARTESIAN_POINT('',(-1.55,25.052095720718,8.082487539908E-02));
#4588 = CARTESIAN_POINT('',(-1.55,25.039005217086,0.161673320697));
#4589 = CARTESIAN_POINT('',(-1.55,25.012811532025,0.239847188848));
#4590 = CARTESIAN_POINT('',(-1.55,24.974267686994,0.312742492183));
#4591 = CARTESIAN_POINT('',(-1.55,24.924744831775,0.378022754229));
#4592 = CARTESIAN_POINT('',(-1.55,24.847085949254,0.452070172413));
#4593 = CARTESIAN_POINT('',(-1.55,24.827002530545,0.469293030439));
#4594 = CARTESIAN_POINT('',(-1.55,24.806022454565,0.48544452896));
#4595 = CARTESIAN_POINT('',(-1.55,24.784217642762,0.500467427789));
#4596 = CARTESIAN_POINT('',(-1.55,24.761664753435,0.514311027893));
#4597 = CARTESIAN_POINT('',(-1.55,24.692552538938,0.55187442813));
#4598 = CARTESIAN_POINT('',(-1.55,24.644052547354,0.572039925719));
#4599 = CARTESIAN_POINT('',(-1.55,24.593574073367,0.587086627636));
#4600 = CARTESIAN_POINT('',(-1.55,24.541797733526,0.596787364769));
#4601 = CARTESIAN_POINT('',(-1.55,24.48943282991,0.601034169055));
#4602 = CARTESIAN_POINT('',(-1.55,24.384326443261,0.598638702933));
#4603 = CARTESIAN_POINT('',(-1.55,24.331582889866,0.591864515309));
#4604 = CARTESIAN_POINT('',(-1.55,24.279704837056,0.579537655528));
#4605 = CARTESIAN_POINT('',(-1.55,24.229421610533,0.561805006976));
#4606 = CARTESIAN_POINT('',(-1.55,24.181426452961,0.538936867385));
#4607 = CARTESIAN_POINT('',(-1.55,24.11435497767,0.497842383836));
#4608 = CARTESIAN_POINT('',(-1.55,24.093052608116,0.483233278425));
#4609 = CARTESIAN_POINT('',(-1.55,24.072518705029,0.467537698997));
#4610 = CARTESIAN_POINT('',(-1.55,24.052822171572,0.450806294378));
#4611 = CARTESIAN_POINT('',(-1.55,24.034027327339,0.433095438074));
#4612 = CARTESIAN_POINT('',(-1.55,23.963579148639,0.359507560481));
#4613 = CARTESIAN_POINT('',(-1.55,23.919319682853,0.296548788318));
#4614 = CARTESIAN_POINT('',(-1.55,23.884972877135,0.227199147213));
#4615 = CARTESIAN_POINT('',(-1.55,23.861623034731,0.153428989993));
#4616 = CARTESIAN_POINT('',(-1.55,23.849862361829,7.74091330624E-02));
#4617 = CARTESIAN_POINT('',(-1.55,23.849533995397,-6.505584760736E-02));
#4618 = CARTESIAN_POINT('',(-1.55,23.858226984356,-0.131520862806));
#4619 = CARTESIAN_POINT('',(-1.55,23.875773593918,-0.196526962218));
#4620 = CARTESIAN_POINT('',(-1.55,23.901838316076,-0.258618792241));
#4621 = CARTESIAN_POINT('',(-1.55,23.935789182693,-0.31644370189));
#4622 = CARTESIAN_POINT('',(-1.55,23.982511444025,-0.376267585915));
#4623 = CARTESIAN_POINT('',(-1.55,23.988457667724,-0.38359221745));
#4624 = CARTESIAN_POINT('',(-1.55,23.994541661665,-0.390804261556));
#4625 = CARTESIAN_POINT('',(-1.55,24.000760738596,-0.397900503095));
#4626 = CARTESIAN_POINT('',(-1.55,24.007112111686,-0.404877813145));
#4627 = CARTESIAN_POINT('',(-1.55,24.016617336861,-0.414932387189));
#4628 = CARTESIAN_POINT('',(-1.55,24.019669977849,-0.418105076262));
#4629 = CARTESIAN_POINT('',(-1.55,24.022750524839,-0.421250906725));
#4630 = CARTESIAN_POINT('',(-1.55,24.025858680728,-0.424369573458));
#4631 = CARTESIAN_POINT('',(-1.55,24.028994143959,-0.42746077572));
#4632 = CARTESIAN_POINT('',(-1.55,24.035593729203,-0.433853714649));
#4633 = CARTESIAN_POINT('',(-1.55,24.03906361231,-0.437151177107));
#4634 = CARTESIAN_POINT('',(-1.55,24.042564181534,-0.440414753243));
#4635 = CARTESIAN_POINT('',(-1.55,24.046094595126,-0.443643681714));
#4636 = CARTESIAN_POINT('',(-1.55,24.049655245901,-0.44683829112));
#4637 = CARTESIAN_POINT('',(-1.55,24.053247761242,-0.45));
#4638 = ORIENTED_EDGE('',*,*,#675,.T.);
#4639 = PLANE('',#4640);
#4640 = AXIS2_PLACEMENT_3D('',#4641,#4642,#4643);
#4641 = CARTESIAN_POINT('',(-1.55,24.983547960835,0.));
#4642 = DIRECTION('',(-1.,0.,0.));
#4643 = DIRECTION('',(0.,0.,1.));
#4644 = ADVANCED_FACE('',(#4645),#4679,.F.);
#4645 = FACE_BOUND('',#4646,.F.);
#4646 = EDGE_LOOP('',(#4647,#4653,#4654,#4663,#4671,#4677,#4678));
#4647 = ORIENTED_EDGE('',*,*,#4648,.F.);
#4648 = EDGE_CURVE('',#1935,#1075,#4649,.T.);
#4649 = LINE('',#4650,#4651);
#4650 = CARTESIAN_POINT('',(1.55,-21.00854796083,0.));
#4651 = VECTOR('',#4652,1.);
#4652 = DIRECTION('',(-0.,0.,-1.));
#4653 = ORIENTED_EDGE('',*,*,#1943,.T.);
#4654 = ORIENTED_EDGE('',*,*,#4655,.F.);
#4655 = EDGE_CURVE('',#4656,#1944,#4658,.T.);
#4656 = VERTEX_POINT('',#4657);
#4657 = CARTESIAN_POINT('',(1.55,-26.70505570112,2.5));
#4658 = HYPERBOLA('',#4659,1.55,1.55);
#4659 = AXIS2_PLACEMENT_3D('',#4660,#4661,#4662);
#4660 = CARTESIAN_POINT('',(1.55,-3.4E-16,29.25));
#4661 = DIRECTION('',(1.,-2.2E-16,0.));
#4662 = DIRECTION('',(0.,0.,-1.));
#4663 = ORIENTED_EDGE('',*,*,#4664,.T.);
#4664 = EDGE_CURVE('',#4656,#4665,#4667,.T.);
#4665 = VERTEX_POINT('',#4666);
#4666 = CARTESIAN_POINT('',(1.55,-26.70505570112,0.));
#4667 = LINE('',#4668,#4669);
#4668 = CARTESIAN_POINT('',(1.55,-26.70505570112,0.));
#4669 = VECTOR('',#4670,1.);
#4670 = DIRECTION('',(-0.,-0.,-1.));
#4671 = ORIENTED_EDGE('',*,*,#4672,.T.);
#4672 = EDGE_CURVE('',#4665,#4484,#4673,.T.);
#4673 = LINE('',#4674,#4675);
#4674 = CARTESIAN_POINT('',(1.55,-12.49177398041,0.));
#4675 = VECTOR('',#4676,1.);
#4676 = DIRECTION('',(2.2E-16,1.,0.));
#4677 = ORIENTED_EDGE('',*,*,#4494,.T.);
#4678 = ORIENTED_EDGE('',*,*,#1083,.T.);
#4679 = PLANE('',#4680);
#4680 = AXIS2_PLACEMENT_3D('',#4681,#4682,#4683);
#4681 = CARTESIAN_POINT('',(1.55,-24.98354796083,0.));
#4682 = DIRECTION('',(1.,0.,0.));
#4683 = DIRECTION('',(0.,0.,1.));
#4684 = ADVANCED_FACE('',(#4685),#4753,.F.);
#4685 = FACE_BOUND('',#4686,.F.);
#4686 = EDGE_LOOP('',(#4687,#4688,#4697,#4752));
#4687 = ORIENTED_EDGE('',*,*,#4584,.F.);
#4688 = ORIENTED_EDGE('',*,*,#4689,.T.);
#4689 = EDGE_CURVE('',#4577,#4690,#4692,.T.);
#4690 = VERTEX_POINT('',#4691);
#4691 = CARTESIAN_POINT('',(-4.986774461505,24.599635779216,-3.E-15));
#4692 = CIRCLE('',#4693,25.1);
#4693 = AXIS2_PLACEMENT_3D('',#4694,#4695,#4696);
#4694 = CARTESIAN_POINT('',(0.,0.,0.));
#4695 = DIRECTION('',(-0.,2.2E-16,1.));
#4696 = DIRECTION('',(1.,0.,0.));
#4697 = ORIENTED_EDGE('',*,*,#4698,.T.);
#4698 = EDGE_CURVE('',#4690,#684,#4699,.T.);
#4699 = B_SPLINE_CURVE_WITH_KNOTS('',6,(#4700,#4701,#4702,#4703,#4704,
    #4705,#4706,#4707,#4708,#4709,#4710,#4711,#4712,#4713,#4714,#4715,
    #4716,#4717,#4718,#4719,#4720,#4721,#4722,#4723,#4724,#4725,#4726,
    #4727,#4728,#4729,#4730,#4731,#4732,#4733,#4734,#4735,#4736,#4737,
    #4738,#4739,#4740,#4741,#4742,#4743,#4744,#4745,#4746,#4747,#4748,
    #4749,#4750,#4751),.UNSPECIFIED.,.F.,.F.,(7,5,5,5,5,5,5,5,5,5,7),(0.
    ,0.202545733249,0.26869938278,0.399449676033,0.531775068211,
    0.596353311422,0.78688148511,0.953369086073,0.976992981913,
    0.988017747337,1.),.UNSPECIFIED.);
#4700 = CARTESIAN_POINT('',(-4.986774461505,24.599635779216,-5.45E-15));
#4701 = CARTESIAN_POINT('',(-4.986774461505,24.599635779216,
    8.082487539702E-02));
#4702 = CARTESIAN_POINT('',(-4.983386389855,24.58699132368,
    0.161673320693));
#4703 = CARTESIAN_POINT('',(-4.9766069653,24.561690166795,0.239847188842
    ));
#4704 = CARTESIAN_POINT('',(-4.966631084135,24.524459671437,
    0.312742492175));
#4705 = CARTESIAN_POINT('',(-4.953813626038,24.476624266592,
    0.378022754221));
#4706 = CARTESIAN_POINT('',(-4.933714028221,24.401611546327,
    0.452070172405));
#4707 = CARTESIAN_POINT('',(-4.928516056968,24.382212453516,
    0.469293030431));
#4708 = CARTESIAN_POINT('',(-4.923086013737,24.36194725629,
    0.485444528953));
#4709 = CARTESIAN_POINT('',(-4.917442513167,24.340885425431,
    0.500467427782));
#4710 = CARTESIAN_POINT('',(-4.911605395888,24.319101007174,
    0.514311027887));
#4711 = CARTESIAN_POINT('',(-4.893717838527,24.25234373428,
    0.551874428125));
#4712 = CARTESIAN_POINT('',(-4.881165117017,24.205496339834,
    0.572039925715));
#4713 = CARTESIAN_POINT('',(-4.868100326582,24.156737878139,
    0.587086627633));
#4714 = CARTESIAN_POINT('',(-4.854699623746,24.106725774296,
    0.596787364767));
#4715 = CARTESIAN_POINT('',(-4.841146589395,24.056145161502,
    0.601034169054));
#4716 = CARTESIAN_POINT('',(-4.813943054768,23.95462018813,
    0.598638702934));
#4717 = CARTESIAN_POINT('',(-4.800292018643,23.903673827736,
    0.591864515311));
#4718 = CARTESIAN_POINT('',(-4.786864990553,23.853563476708,
    0.579537655532));
#4719 = CARTESIAN_POINT('',(-4.773850733879,23.80499360958,
    0.561805006981));
#4720 = CARTESIAN_POINT('',(-4.761428673027,23.758633847344,
    0.538936867391));
#4721 = CARTESIAN_POINT('',(-4.744069297838,23.693847777152,
    0.497842383843));
#4722 = CARTESIAN_POINT('',(-4.738555838892,23.673271268239,
    0.483233278432));
#4723 = CARTESIAN_POINT('',(-4.733241273703,23.653437040933,
    0.467537699005));
#4724 = CARTESIAN_POINT('',(-4.728143435721,23.634411650578,
    0.450806294386));
#4725 = CARTESIAN_POINT('',(-4.723278972084,23.616257225131,
    0.433095438083));
#4726 = CARTESIAN_POINT('',(-4.705045641743,23.548209509908,
    0.359507560491));
#4727 = CARTESIAN_POINT('',(-4.693590449071,23.505458148847,
    0.296548788329));
#4728 = CARTESIAN_POINT('',(-4.684700841613,23.472281682152,
    0.227199147225));
#4729 = CARTESIAN_POINT('',(-4.678657457698,23.449727466332,
    0.153428990005));
#4730 = CARTESIAN_POINT('',(-4.675613571567,23.43836752864,
    7.740913307468E-02));
#4731 = CARTESIAN_POINT('',(-4.67552858408,23.438050351021,
    -6.505584755725E-02));
#4732 = CARTESIAN_POINT('',(-4.677778495179,23.446447133553,
    -0.131520862718));
#4733 = CARTESIAN_POINT('',(-4.682319891905,23.463395856872,
    -0.196526962095));
#4734 = CARTESIAN_POINT('',(-4.689065938397,23.48857244513,
    -0.258618792088));
#4735 = CARTESIAN_POINT('',(-4.697853069265,23.521366463983,
    -0.316443701715));
#4736 = CARTESIAN_POINT('',(-4.709945680316,23.56649670282,
    -0.376267585728));
#4737 = CARTESIAN_POINT('',(-4.711484676255,23.572240313858,
    -0.383592217266));
#4738 = CARTESIAN_POINT('',(-4.713059329756,23.57811700073,
    -0.390804261374));
#4739 = CARTESIAN_POINT('',(-4.714668945308,23.58412416775,
    -0.397900502916));
#4740 = CARTESIAN_POINT('',(-4.716312801626,23.590259123047,
    -0.404877812968));
#4741 = CARTESIAN_POINT('',(-4.718772934928,23.599440465524,
    -0.414932387016));
#4742 = CARTESIAN_POINT('',(-4.719563016553,23.602389090292,
    -0.418105076091));
#4743 = CARTESIAN_POINT('',(-4.720360320783,23.605364670188,
    -0.421250906555));
#4744 = CARTESIAN_POINT('',(-4.721164770722,23.608366918231,
    -0.424369573288));
#4745 = CARTESIAN_POINT('',(-4.721976288321,23.611395543142,
    -0.427460775552));
#4746 = CARTESIAN_POINT('',(-4.723684386679,23.617770252998,
    -0.433853714512));
#4747 = CARTESIAN_POINT('',(-4.724582458518,23.621121902732,
    -0.437151176998));
#4748 = CARTESIAN_POINT('',(-4.72548847251,23.624503192979,
    -0.440414753162));
#4749 = CARTESIAN_POINT('',(-4.726402210792,23.627913310673,
    -0.443643681661));
#4750 = CARTESIAN_POINT('',(-4.727323775033,23.631352635244,
    -0.446838291094));
#4751 = CARTESIAN_POINT('',(-4.728253586431,23.634822738622,-0.45));
#4752 = ORIENTED_EDGE('',*,*,#683,.F.);
#4753 = TOROIDAL_SURFACE('',#4754,24.5,0.6);
#4754 = AXIS2_PLACEMENT_3D('',#4755,#4756,#4757);
#4755 = CARTESIAN_POINT('',(0.,0.,0.));
#4756 = DIRECTION('',(0.,2.2E-16,1.));
#4757 = DIRECTION('',(1.,0.,0.));
#4758 = ADVANCED_FACE('',(#4759),#4770,.F.);
#4759 = FACE_BOUND('',#4760,.T.);
#4760 = EDGE_LOOP('',(#4761,#4762,#4768,#4769));
#4761 = ORIENTED_EDGE('',*,*,#1934,.F.);
#4762 = ORIENTED_EDGE('',*,*,#4763,.F.);
#4763 = EDGE_CURVE('',#1067,#1927,#4764,.T.);
#4764 = LINE('',#4765,#4766);
#4765 = CARTESIAN_POINT('',(-1.55,-21.00854796083,0.));
#4766 = VECTOR('',#4767,1.);
#4767 = DIRECTION('',(0.,0.,1.));
#4768 = ORIENTED_EDGE('',*,*,#1074,.T.);
#4769 = ORIENTED_EDGE('',*,*,#4648,.F.);
#4770 = CYLINDRICAL_SURFACE('',#4771,1.55);
#4771 = AXIS2_PLACEMENT_3D('',#4772,#4773,#4774);
#4772 = CARTESIAN_POINT('',(0.,-21.00854796083,0.));
#4773 = DIRECTION('',(-0.,0.,-1.));
#4774 = DIRECTION('',(0.,-1.,0.));
#4775 = ADVANCED_FACE('',(#4776),#4810,.F.);
#4776 = FACE_BOUND('',#4777,.F.);
#4777 = EDGE_LOOP('',(#4778,#4779,#4785,#4786,#4787,#4795,#4803));
#4778 = ORIENTED_EDGE('',*,*,#1552,.F.);
#4779 = ORIENTED_EDGE('',*,*,#4780,.F.);
#4780 = EDGE_CURVE('',#693,#1553,#4781,.T.);
#4781 = LINE('',#4782,#4783);
#4782 = CARTESIAN_POINT('',(-3.940227291466,20.693868568112,0.));
#4783 = VECTOR('',#4784,1.);
#4784 = DIRECTION('',(0.,0.,1.));
#4785 = ORIENTED_EDGE('',*,*,#692,.T.);
#4786 = ORIENTED_EDGE('',*,*,#4698,.F.);
#4787 = ORIENTED_EDGE('',*,*,#4788,.T.);
#4788 = EDGE_CURVE('',#4690,#4789,#4791,.T.);
#4789 = VERTEX_POINT('',#4790);
#4790 = CARTESIAN_POINT('',(-5.414591985226,26.19627251411,0.));
#4791 = LINE('',#4792,#4793);
#4792 = CARTESIAN_POINT('',(-1.7359239825,12.46729662376,0.));
#4793 = VECTOR('',#4794,1.);
#4794 = DIRECTION('',(-0.258819045103,0.965925826289,0.));
#4795 = ORIENTED_EDGE('',*,*,#4796,.F.);
#4796 = EDGE_CURVE('',#4797,#4789,#4799,.T.);
#4797 = VERTEX_POINT('',#4798);
#4798 = CARTESIAN_POINT('',(-5.414591985226,26.19627251411,2.5));
#4799 = LINE('',#4800,#4801);
#4800 = CARTESIAN_POINT('',(-5.414591985226,26.19627251411,-3.8E-16));
#4801 = VECTOR('',#4802,1.);
#4802 = DIRECTION('',(-0.,-0.,-1.));
#4803 = ORIENTED_EDGE('',*,*,#4804,.F.);
#4804 = EDGE_CURVE('',#1544,#4797,#4805,.T.);
#4805 = HYPERBOLA('',#4806,1.55,1.55);
#4806 = AXIS2_PLACEMENT_3D('',#4807,#4808,#4809);
#4807 = CARTESIAN_POINT('',(1.497185030748,0.401169519909,29.25));
#4808 = DIRECTION('',(0.965925826289,0.258819045103,-2.5E-16));
#4809 = DIRECTION('',(-2.425584081181E-16,-6.068552338916E-17,-1.));
#4810 = PLANE('',#4811);
#4811 = AXIS2_PLACEMENT_3D('',#4812,#4813,#4814);
#4812 = CARTESIAN_POINT('',(-4.969032995748,24.533423727611,0.));
#4813 = DIRECTION('',(0.965925826289,0.258819045103,-0.));
#4814 = DIRECTION('',(-0.,0.,-1.));
#4815 = ADVANCED_FACE('',(#4816),#4901,.F.);
#4816 = FACE_BOUND('',#4817,.F.);
#4817 = EDGE_LOOP('',(#4818,#4819,#4820,#4821,#4878,#4886,#4894));
#4818 = ORIENTED_EDGE('',*,*,#1926,.F.);
#4819 = ORIENTED_EDGE('',*,*,#4763,.F.);
#4820 = ORIENTED_EDGE('',*,*,#1066,.T.);
#4821 = ORIENTED_EDGE('',*,*,#4822,.F.);
#4822 = EDGE_CURVE('',#4823,#1058,#4825,.T.);
#4823 = VERTEX_POINT('',#4824);
#4824 = CARTESIAN_POINT('',(-1.549999999999,-25.05209572071,3.E-15));
#4825 = B_SPLINE_CURVE_WITH_KNOTS('',6,(#4826,#4827,#4828,#4829,#4830,
    #4831,#4832,#4833,#4834,#4835,#4836,#4837,#4838,#4839,#4840,#4841,
    #4842,#4843,#4844,#4845,#4846,#4847,#4848,#4849,#4850,#4851,#4852,
    #4853,#4854,#4855,#4856,#4857,#4858,#4859,#4860,#4861,#4862,#4863,
    #4864,#4865,#4866,#4867,#4868,#4869,#4870,#4871,#4872,#4873,#4874,
    #4875,#4876,#4877),.UNSPECIFIED.,.F.,.F.,(7,5,5,5,5,5,5,5,5,5,7),(0.
    ,0.202545733254,0.268699382785,0.399449676038,0.531775068216,
    0.596353311427,0.786881485115,0.953369086222,0.976992982062,
    0.988017747486,1.),.UNSPECIFIED.);
#4826 = CARTESIAN_POINT('',(-1.55,-25.05209572071,5.56E-15));
#4827 = CARTESIAN_POINT('',(-1.55,-25.05209572071,8.082487539882E-02));
#4828 = CARTESIAN_POINT('',(-1.55,-25.03900521708,0.161673320697));
#4829 = CARTESIAN_POINT('',(-1.55,-25.01281153202,0.239847188848));
#4830 = CARTESIAN_POINT('',(-1.55,-24.97426768699,0.312742492182));
#4831 = CARTESIAN_POINT('',(-1.55,-24.92474483177,0.378022754228));
#4832 = CARTESIAN_POINT('',(-1.55,-24.84708594925,0.452070172412));
#4833 = CARTESIAN_POINT('',(-1.55,-24.82700253054,0.469293030438));
#4834 = CARTESIAN_POINT('',(-1.55,-24.80602245456,0.485444528959));
#4835 = CARTESIAN_POINT('',(-1.55,-24.78421764276,0.500467427788));
#4836 = CARTESIAN_POINT('',(-1.55,-24.76166475343,0.514311027893));
#4837 = CARTESIAN_POINT('',(-1.55,-24.69255253894,0.55187442813));
#4838 = CARTESIAN_POINT('',(-1.55,-24.64405254735,0.572039925718));
#4839 = CARTESIAN_POINT('',(-1.55,-24.59357407336,0.587086627635));
#4840 = CARTESIAN_POINT('',(-1.55,-24.54179773352,0.596787364768));
#4841 = CARTESIAN_POINT('',(-1.55,-24.48943282991,0.601034169055));
#4842 = CARTESIAN_POINT('',(-1.55,-24.38432644326,0.598638702933));
#4843 = CARTESIAN_POINT('',(-1.55,-24.33158288986,0.591864515309));
#4844 = CARTESIAN_POINT('',(-1.55,-24.27970483705,0.579537655529));
#4845 = CARTESIAN_POINT('',(-1.55,-24.22942161053,0.561805006977));
#4846 = CARTESIAN_POINT('',(-1.55,-24.18142645296,0.538936867386));
#4847 = CARTESIAN_POINT('',(-1.55,-24.11435497767,0.497842383837));
#4848 = CARTESIAN_POINT('',(-1.55,-24.09305260811,0.483233278426));
#4849 = CARTESIAN_POINT('',(-1.55,-24.07251870503,0.467537698998));
#4850 = CARTESIAN_POINT('',(-1.55,-24.05282217157,0.450806294379));
#4851 = CARTESIAN_POINT('',(-1.55,-24.03402732734,0.433095438075));
#4852 = CARTESIAN_POINT('',(-1.55,-23.96357914864,0.359507560482));
#4853 = CARTESIAN_POINT('',(-1.55,-23.91931968285,0.29654878832));
#4854 = CARTESIAN_POINT('',(-1.55,-23.88497287713,0.227199147215));
#4855 = CARTESIAN_POINT('',(-1.55,-23.86162303473,0.153428989994));
#4856 = CARTESIAN_POINT('',(-1.55,-23.84986236182,7.740913306412E-02));
#4857 = CARTESIAN_POINT('',(-1.55,-23.84953399539,-6.505584762566E-02));
#4858 = CARTESIAN_POINT('',(-1.55,-23.85822698436,-0.131520862844));
#4859 = CARTESIAN_POINT('',(-1.55,-23.87577359393,-0.196526962275));
#4860 = CARTESIAN_POINT('',(-1.55,-23.9018383161,-0.258618792314));
#4861 = CARTESIAN_POINT('',(-1.55,-23.93578918274,-0.316443701975));
#4862 = CARTESIAN_POINT('',(-1.55,-23.98251144409,-0.376267586007));
#4863 = CARTESIAN_POINT('',(-1.55,-23.9884576678,-0.383592217541));
#4864 = CARTESIAN_POINT('',(-1.55,-23.99454166174,-0.390804261645));
#4865 = CARTESIAN_POINT('',(-1.55,-24.00076073867,-0.397900503183));
#4866 = CARTESIAN_POINT('',(-1.55,-24.00711211176,-0.404877813232));
#4867 = CARTESIAN_POINT('',(-1.55,-24.01661733694,-0.414932387274));
#4868 = CARTESIAN_POINT('',(-1.55,-24.01966997793,-0.418105076347));
#4869 = CARTESIAN_POINT('',(-1.55,-24.02275052492,-0.421250906809));
#4870 = CARTESIAN_POINT('',(-1.55,-24.02585868081,-0.424369573541));
#4871 = CARTESIAN_POINT('',(-1.55,-24.02899414404,-0.427460775802));
#4872 = CARTESIAN_POINT('',(-1.55,-24.03559372927,-0.433853714717));
#4873 = CARTESIAN_POINT('',(-1.55,-24.03906361236,-0.437151177161));
#4874 = CARTESIAN_POINT('',(-1.55,-24.04256418157,-0.440414753282));
#4875 = CARTESIAN_POINT('',(-1.55,-24.04609459515,-0.44364368174));
#4876 = CARTESIAN_POINT('',(-1.55,-24.04965524591,-0.446838291133));
#4877 = CARTESIAN_POINT('',(-1.55,-24.05324776124,-0.45));
#4878 = ORIENTED_EDGE('',*,*,#4879,.T.);
#4879 = EDGE_CURVE('',#4823,#4880,#4882,.T.);
#4880 = VERTEX_POINT('',#4881);
#4881 = CARTESIAN_POINT('',(-1.55,-26.70505570112,0.));
#4882 = LINE('',#4883,#4884);
#4883 = CARTESIAN_POINT('',(-1.55,-12.49177398041,0.));
#4884 = VECTOR('',#4885,1.);
#4885 = DIRECTION('',(-2.2E-16,-1.,0.));
#4886 = ORIENTED_EDGE('',*,*,#4887,.F.);
#4887 = EDGE_CURVE('',#4888,#4880,#4890,.T.);
#4888 = VERTEX_POINT('',#4889);
#4889 = CARTESIAN_POINT('',(-1.55,-26.70505570112,2.5));
#4890 = LINE('',#4891,#4892);
#4891 = CARTESIAN_POINT('',(-1.55,-26.70505570112,0.));
#4892 = VECTOR('',#4893,1.);
#4893 = DIRECTION('',(-0.,-0.,-1.));
#4894 = ORIENTED_EDGE('',*,*,#4895,.F.);
#4895 = EDGE_CURVE('',#1918,#4888,#4896,.T.);
#4896 = HYPERBOLA('',#4897,1.55,1.55);
#4897 = AXIS2_PLACEMENT_3D('',#4898,#4899,#4900);
#4898 = CARTESIAN_POINT('',(-1.55,3.4E-16,29.25));
#4899 = DIRECTION('',(-1.,2.2E-16,0.));
#4900 = DIRECTION('',(0.,0.,-1.));
#4901 = PLANE('',#4902);
#4902 = AXIS2_PLACEMENT_3D('',#4903,#4904,#4905);
#4903 = CARTESIAN_POINT('',(-1.55,-24.98354796083,0.));
#4904 = DIRECTION('',(-1.,0.,-0.));
#4905 = DIRECTION('',(0.,0.,-1.));
#4906 = ADVANCED_FACE('',(#4907),#4918,.F.);
#4907 = FACE_BOUND('',#4908,.T.);
#4908 = EDGE_LOOP('',(#4909,#4910,#4911,#4912));
#4909 = ORIENTED_EDGE('',*,*,#1560,.F.);
#4910 = ORIENTED_EDGE('',*,*,#4780,.F.);
#4911 = ORIENTED_EDGE('',*,*,#700,.T.);
#4912 = ORIENTED_EDGE('',*,*,#4913,.F.);
#4913 = EDGE_CURVE('',#1561,#701,#4914,.T.);
#4914 = LINE('',#4915,#4916);
#4915 = CARTESIAN_POINT('',(-6.934597352962,19.891529528294,0.));
#4916 = VECTOR('',#4917,1.);
#4917 = DIRECTION('',(0.,0.,-1.));
#4918 = CYLINDRICAL_SURFACE('',#4919,1.55);
#4919 = AXIS2_PLACEMENT_3D('',#4920,#4921,#4922);
#4920 = CARTESIAN_POINT('',(-5.437412322214,20.292699048203,0.));
#4921 = DIRECTION('',(0.,0.,-1.));
#4922 = DIRECTION('',(-0.258819045103,0.965925826289,0.));
#4923 = ADVANCED_FACE('',(#4924),#4992,.F.);
#4924 = FACE_BOUND('',#4925,.F.);
#4925 = EDGE_LOOP('',(#4926,#4935,#4936,#4937));
#4926 = ORIENTED_EDGE('',*,*,#4927,.T.);
#4927 = EDGE_CURVE('',#4928,#4823,#4930,.T.);
#4928 = VERTEX_POINT('',#4929);
#4929 = CARTESIAN_POINT('',(-4.986774461505,-24.59963577921,3.E-15));
#4930 = CIRCLE('',#4931,25.1);
#4931 = AXIS2_PLACEMENT_3D('',#4932,#4933,#4934);
#4932 = CARTESIAN_POINT('',(0.,0.,0.));
#4933 = DIRECTION('',(-0.,2.2E-16,1.));
#4934 = DIRECTION('',(1.,0.,0.));
#4935 = ORIENTED_EDGE('',*,*,#4822,.T.);
#4936 = ORIENTED_EDGE('',*,*,#1057,.F.);
#4937 = ORIENTED_EDGE('',*,*,#4938,.F.);
#4938 = EDGE_CURVE('',#4928,#1050,#4939,.T.);
#4939 = B_SPLINE_CURVE_WITH_KNOTS('',6,(#4940,#4941,#4942,#4943,#4944,
    #4945,#4946,#4947,#4948,#4949,#4950,#4951,#4952,#4953,#4954,#4955,
    #4956,#4957,#4958,#4959,#4960,#4961,#4962,#4963,#4964,#4965,#4966,
    #4967,#4968,#4969,#4970,#4971,#4972,#4973,#4974,#4975,#4976,#4977,
    #4978,#4979,#4980,#4981,#4982,#4983,#4984,#4985,#4986,#4987,#4988,
    #4989,#4990,#4991),.UNSPECIFIED.,.F.,.F.,(7,5,5,5,5,5,5,5,5,5,7),(0.
    ,0.202545733333,0.268699382864,0.399449676117,0.531775068295,
    0.596353311505,0.786881485193,0.95336908719,0.976992983031,
    0.988017748455,1.),.UNSPECIFIED.);
#4940 = CARTESIAN_POINT('',(-4.986774461505,-24.59963577921,5.46E-15));
#4941 = CARTESIAN_POINT('',(-4.986774461505,-24.59963577921,
    8.082487543048E-02));
#4942 = CARTESIAN_POINT('',(-4.983386389853,-24.58699132366,
    0.16167332076));
#4943 = CARTESIAN_POINT('',(-4.976606965292,-24.56169016676,
    0.23984718894));
#4944 = CARTESIAN_POINT('',(-4.966631084119,-24.52445967137,
    0.312742492296));
#4945 = CARTESIAN_POINT('',(-4.953813626011,-24.47662426649,
    0.378022754356));
#4946 = CARTESIAN_POINT('',(-4.933714028181,-24.40161154618,
    0.452070172538));
#4947 = CARTESIAN_POINT('',(-4.928516056927,-24.38221245336,
    0.469293030557));
#4948 = CARTESIAN_POINT('',(-4.923086013695,-24.36194725613,
    0.485444529071));
#4949 = CARTESIAN_POINT('',(-4.917442513124,-24.34088542526,
    0.500467427893));
#4950 = CARTESIAN_POINT('',(-4.911605395843,-24.319101007,0.514311027991
    ));
#4951 = CARTESIAN_POINT('',(-4.893717838479,-24.2523437341,
    0.551874428206));
#4952 = CARTESIAN_POINT('',(-4.881165116968,-24.20549633964,
    0.572039925779));
#4953 = CARTESIAN_POINT('',(-4.868100326531,-24.15673787794,
    0.58708662768));
#4954 = CARTESIAN_POINT('',(-4.854699623694,-24.1067257741,
    0.596787364797));
#4955 = CARTESIAN_POINT('',(-4.841146589343,-24.0561451613,
    0.601034169067));
#4956 = CARTESIAN_POINT('',(-4.813943054716,-23.95462018793,
    0.598638702912));
#4957 = CARTESIAN_POINT('',(-4.800292018592,-23.90367382754,
    0.591864515272));
#4958 = CARTESIAN_POINT('',(-4.786864990503,-23.85356347652,
    0.579537655475));
#4959 = CARTESIAN_POINT('',(-4.773850733831,-23.80499360939,
    0.561805006907));
#4960 = CARTESIAN_POINT('',(-4.76142867298,-23.75863384716,
    0.538936867301));
#4961 = CARTESIAN_POINT('',(-4.744069297795,-23.69384777699,
    0.49784238373));
#4962 = CARTESIAN_POINT('',(-4.73855583885,-23.67327126808,
    0.483233278313));
#4963 = CARTESIAN_POINT('',(-4.733241273662,-23.65343704078,
    0.467537698878));
#4964 = CARTESIAN_POINT('',(-4.728143435682,-23.63441165043,
    0.450806294253));
#4965 = CARTESIAN_POINT('',(-4.723278972046,-23.61625722499,
    0.433095437943));
#4966 = CARTESIAN_POINT('',(-4.705045641712,-23.54820950979,
    0.359507560328));
#4967 = CARTESIAN_POINT('',(-4.693590449046,-23.50545814875,
    0.296548788152));
#4968 = CARTESIAN_POINT('',(-4.684700841593,-23.47228168207,
    0.227199147036));
#4969 = CARTESIAN_POINT('',(-4.678657457685,-23.44972746628,
    0.153428989808));
#4970 = CARTESIAN_POINT('',(-4.675613571561,-23.43836752861,
    7.740913287403E-02));
#4971 = CARTESIAN_POINT('',(-4.675528584086,-23.43805035104,
    -6.505584817074E-02));
#4972 = CARTESIAN_POINT('',(-4.677778495218,-23.4464471337,
    -0.131520863741));
#4973 = CARTESIAN_POINT('',(-4.682319892007,-23.46339585725,
    -0.196526963499));
#4974 = CARTESIAN_POINT('',(-4.689065938587,-23.48857244584,
    -0.258618793814));
#4975 = CARTESIAN_POINT('',(-4.697853069565,-23.5213664651,
    -0.316443703683));
#4976 = CARTESIAN_POINT('',(-4.709945680751,-23.56649670444,
    -0.376267587814));
#4977 = CARTESIAN_POINT('',(-4.711484676699,-23.57224031551,
    -0.383592219325));
#4978 = CARTESIAN_POINT('',(-4.713059330209,-23.57811700241,
    -0.390804263406));
#4979 = CARTESIAN_POINT('',(-4.714668945769,-23.58412416946,
    -0.39790050492));
#4980 = CARTESIAN_POINT('',(-4.716312802094,-23.59025912479,
    -0.404877814945));
#4981 = CARTESIAN_POINT('',(-4.718772935408,-23.59944046731,
    -0.414932388949));
#4982 = CARTESIAN_POINT('',(-4.719563017037,-23.60238909209,
    -0.418105078011));
#4983 = CARTESIAN_POINT('',(-4.720360321271,-23.605364672,
    -0.421250908461));
#4984 = CARTESIAN_POINT('',(-4.721164771213,-23.60836692006,
    -0.424369575181));
#4985 = CARTESIAN_POINT('',(-4.721976288816,-23.61139554498,
    -0.42746077743));
#4986 = CARTESIAN_POINT('',(-4.723684387098,-23.61777025456,
    -0.43385371605));
#4987 = CARTESIAN_POINT('',(-4.724582458857,-23.62112190399,
    -0.437151178217));
#4988 = CARTESIAN_POINT('',(-4.725488472766,-23.62450319393,
    -0.440414754067));
#4989 = CARTESIAN_POINT('',(-4.726402210964,-23.62791331131,
    -0.443643682258));
#4990 = CARTESIAN_POINT('',(-4.72732377512,-23.63135263556,
    -0.446838291389));
#4991 = CARTESIAN_POINT('',(-4.728253586431,-23.63482273862,-0.45));
#4992 = TOROIDAL_SURFACE('',#4993,24.5,0.6);
#4993 = AXIS2_PLACEMENT_3D('',#4994,#4995,#4996);
#4994 = CARTESIAN_POINT('',(0.,0.,0.));
#4995 = DIRECTION('',(0.,2.2E-16,1.));
#4996 = DIRECTION('',(1.,0.,0.));
#4997 = ADVANCED_FACE('',(#4998),#5083,.F.);
#4998 = FACE_BOUND('',#4999,.F.);
#4999 = EDGE_LOOP('',(#5000,#5001,#5002,#5011,#5019,#5027,#5082));
#5000 = ORIENTED_EDGE('',*,*,#4913,.F.);
#5001 = ORIENTED_EDGE('',*,*,#1569,.T.);
#5002 = ORIENTED_EDGE('',*,*,#5003,.F.);
#5003 = EDGE_CURVE('',#5004,#1570,#5006,.T.);
#5004 = VERTEX_POINT('',#5005);
#5005 = CARTESIAN_POINT('',(-8.408962046722,25.393933474292,2.5));
#5006 = HYPERBOLA('',#5007,1.55,1.55);
#5007 = AXIS2_PLACEMENT_3D('',#5008,#5009,#5010);
#5008 = CARTESIAN_POINT('',(-1.497185030748,-0.401169519909,29.25));
#5009 = DIRECTION('',(-0.965925826289,-0.258819045103,2.5E-16));
#5010 = DIRECTION('',(-2.425584081181E-16,-6.068552338916E-17,-1.));
#5011 = ORIENTED_EDGE('',*,*,#5012,.T.);
#5012 = EDGE_CURVE('',#5004,#5013,#5015,.T.);
#5013 = VERTEX_POINT('',#5014);
#5014 = CARTESIAN_POINT('',(-8.408962046722,25.393933474292,0.));
#5015 = LINE('',#5016,#5017);
#5016 = CARTESIAN_POINT('',(-8.408962046722,25.393933474292,3.8E-16));
#5017 = VECTOR('',#5018,1.);
#5018 = DIRECTION('',(-0.,-0.,-1.));
#5019 = ORIENTED_EDGE('',*,*,#5020,.T.);
#5020 = EDGE_CURVE('',#5013,#5021,#5023,.T.);
#5021 = VERTEX_POINT('',#5022);
#5022 = CARTESIAN_POINT('',(-7.981144523,23.797296739398,-3.E-15));
#5023 = LINE('',#5024,#5025);
#5024 = CARTESIAN_POINT('',(-4.730294043996,11.664957583942,0.));
#5025 = VECTOR('',#5026,1.);
#5026 = DIRECTION('',(0.258819045103,-0.965925826289,0.));
#5027 = ORIENTED_EDGE('',*,*,#5028,.T.);
#5028 = EDGE_CURVE('',#5021,#710,#5029,.T.);
#5029 = B_SPLINE_CURVE_WITH_KNOTS('',6,(#5030,#5031,#5032,#5033,#5034,
    #5035,#5036,#5037,#5038,#5039,#5040,#5041,#5042,#5043,#5044,#5045,
    #5046,#5047,#5048,#5049,#5050,#5051,#5052,#5053,#5054,#5055,#5056,
    #5057,#5058,#5059,#5060,#5061,#5062,#5063,#5064,#5065,#5066,#5067,
    #5068,#5069,#5070,#5071,#5072,#5073,#5074,#5075,#5076,#5077,#5078,
    #5079,#5080,#5081),.UNSPECIFIED.,.F.,.F.,(7,5,5,5,5,5,5,5,5,5,7),(0.
    ,0.202545733255,0.268699382786,0.399449676039,0.531775068217,
    0.596353311427,0.786881485116,0.953369086185,0.976992982025,
    0.988017747449,1.),.UNSPECIFIED.);
#5030 = CARTESIAN_POINT('',(-7.981144523001,23.797296739398,-5.3E-15));
#5031 = CARTESIAN_POINT('',(-7.981144523001,23.797296739398,
    8.082487539906E-02));
#5032 = CARTESIAN_POINT('',(-7.977756451351,23.784652283861,
    0.161673320697));
#5033 = CARTESIAN_POINT('',(-7.970977026796,23.759351126975,
    0.239847188848));
#5034 = CARTESIAN_POINT('',(-7.961001145631,23.722120631615,
    0.312742492183));
#5035 = CARTESIAN_POINT('',(-7.948183687532,23.674285226768,
    0.378022754229));
#5036 = CARTESIAN_POINT('',(-7.928084089714,23.5992725065,0.452070172413
    ));
#5037 = CARTESIAN_POINT('',(-7.922886118462,23.579873413689,
    0.469293030439));
#5038 = CARTESIAN_POINT('',(-7.91745607523,23.559608216462,0.48544452896
    ));
#5039 = CARTESIAN_POINT('',(-7.911812574661,23.538546385604,
    0.500467427789));
#5040 = CARTESIAN_POINT('',(-7.905975457381,23.516761967346,
    0.514311027893));
#5041 = CARTESIAN_POINT('',(-7.88808790002,23.450004694451,0.55187442813
    ));
#5042 = CARTESIAN_POINT('',(-7.87553517851,23.403157300005,
    0.572039925719));
#5043 = CARTESIAN_POINT('',(-7.862470388075,23.35439883831,
    0.587086627636));
#5044 = CARTESIAN_POINT('',(-7.849069685239,23.304386734467,
    0.596787364769));
#5045 = CARTESIAN_POINT('',(-7.835516650888,23.253806121673,
    0.601034169055));
#5046 = CARTESIAN_POINT('',(-7.808313116261,23.1522811483,0.598638702933
    ));
#5047 = CARTESIAN_POINT('',(-7.794662080136,23.101334787906,
    0.591864515309));
#5048 = CARTESIAN_POINT('',(-7.781235052046,23.051224436879,
    0.579537655528));
#5049 = CARTESIAN_POINT('',(-7.768220795373,23.002654569751,
    0.561805006976));
#5050 = CARTESIAN_POINT('',(-7.75579873452,22.956294807515,
    0.538936867385));
#5051 = CARTESIAN_POINT('',(-7.738439359332,22.891508737324,
    0.497842383836));
#5052 = CARTESIAN_POINT('',(-7.732925900385,22.870932228412,
    0.483233278425));
#5053 = CARTESIAN_POINT('',(-7.727611335196,22.851098001105,
    0.467537698997));
#5054 = CARTESIAN_POINT('',(-7.722513497215,22.832072610751,
    0.450806294378));
#5055 = CARTESIAN_POINT('',(-7.717649033578,22.813918185305,
    0.433095438074));
#5056 = CARTESIAN_POINT('',(-7.699415703237,22.745870470083,
    0.359507560481));
#5057 = CARTESIAN_POINT('',(-7.687960510566,22.703119109023,
    0.296548788318));
#5058 = CARTESIAN_POINT('',(-7.679070903108,22.66994264233,
    0.227199147213));
#5059 = CARTESIAN_POINT('',(-7.673027519193,22.647388426511,
    0.153428989993));
#5060 = CARTESIAN_POINT('',(-7.669983633063,22.636028488821,
    7.740913306243E-02));
#5061 = CARTESIAN_POINT('',(-7.669898645577,22.635711311204,
    -6.505584761209E-02));
#5062 = CARTESIAN_POINT('',(-7.672148556679,22.644108093749,
    -0.131520862816));
#5063 = CARTESIAN_POINT('',(-7.676689953411,22.66105681709,
    -0.196526962232));
#5064 = CARTESIAN_POINT('',(-7.683435999912,22.686233405382,
    -0.258618792259));
#5065 = CARTESIAN_POINT('',(-7.692223130791,22.719027424276,
    -0.316443701911));
#5066 = CARTESIAN_POINT('',(-7.704315741855,22.764157663165,
    -0.376267585937));
#5067 = CARTESIAN_POINT('',(-7.705854737795,22.769901274206,
    -0.383592217472));
#5068 = CARTESIAN_POINT('',(-7.707429391298,22.775777961081,
    -0.390804261578));
#5069 = CARTESIAN_POINT('',(-7.70903900685,22.781785128104,
    -0.397900503116));
#5070 = CARTESIAN_POINT('',(-7.710682863169,22.787920083405,
    -0.404877813166));
#5071 = CARTESIAN_POINT('',(-7.713142996472,22.797101425886,
    -0.414932387209));
#5072 = CARTESIAN_POINT('',(-7.713933078098,22.800050050655,
    -0.418105076283));
#5073 = CARTESIAN_POINT('',(-7.714730382328,22.803025630552,
    -0.421250906746));
#5074 = CARTESIAN_POINT('',(-7.715534832267,22.806027878597,
    -0.424369573478));
#5075 = CARTESIAN_POINT('',(-7.716346349867,22.809056503509,
    -0.42746077574));
#5076 = CARTESIAN_POINT('',(-7.718054448217,22.815431213337,
    -0.433853714666));
#5077 = CARTESIAN_POINT('',(-7.718952520048,22.818782863041,
    -0.43715117712));
#5078 = CARTESIAN_POINT('',(-7.719858534031,22.822164153257,
    -0.440414753252));
#5079 = CARTESIAN_POINT('',(-7.720772272305,22.82557427092,
    -0.44364368172));
#5080 = CARTESIAN_POINT('',(-7.721693836538,22.829013595459,
    -0.446838291123));
#5081 = CARTESIAN_POINT('',(-7.722623647927,22.832483698804,-0.45));
#5082 = ORIENTED_EDGE('',*,*,#709,.T.);
#5083 = PLANE('',#5084);
#5084 = AXIS2_PLACEMENT_3D('',#5085,#5086,#5087);
#5085 = CARTESIAN_POINT('',(-7.963403057244,23.731084687794,0.));
#5086 = DIRECTION('',(-0.965925826289,-0.258819045103,0.));
#5087 = DIRECTION('',(0.,0.,1.));
#5088 = ADVANCED_FACE('',(#5089),#5123,.F.);
#5089 = FACE_BOUND('',#5090,.F.);
#5090 = EDGE_LOOP('',(#5091,#5097,#5098,#5107,#5115,#5121,#5122));
#5091 = ORIENTED_EDGE('',*,*,#5092,.F.);
#5092 = EDGE_CURVE('',#1901,#1041,#5093,.T.);
#5093 = LINE('',#5094,#5095);
#5094 = CARTESIAN_POINT('',(-3.940227291466,-20.69386856811,0.));
#5095 = VECTOR('',#5096,1.);
#5096 = DIRECTION('',(0.,0.,-1.));
#5097 = ORIENTED_EDGE('',*,*,#1909,.T.);
#5098 = ORIENTED_EDGE('',*,*,#5099,.F.);
#5099 = EDGE_CURVE('',#5100,#1910,#5102,.T.);
#5100 = VERTEX_POINT('',#5101);
#5101 = CARTESIAN_POINT('',(-5.414591985226,-26.19627251411,2.5));
#5102 = HYPERBOLA('',#5103,1.55,1.55);
#5103 = AXIS2_PLACEMENT_3D('',#5104,#5105,#5106);
#5104 = CARTESIAN_POINT('',(1.497185030748,-0.401169519909,29.25));
#5105 = DIRECTION('',(0.965925826289,-0.258819045103,3.E-17));
#5106 = DIRECTION('',(2.848739373191E-17,-9.594698371998E-18,-1.));
#5107 = ORIENTED_EDGE('',*,*,#5108,.T.);
#5108 = EDGE_CURVE('',#5100,#5109,#5111,.T.);
#5109 = VERTEX_POINT('',#5110);
#5110 = CARTESIAN_POINT('',(-5.414591985226,-26.19627251411,0.));
#5111 = LINE('',#5112,#5113);
#5112 = CARTESIAN_POINT('',(-5.414591985226,-26.19627251411,5.E-17));
#5113 = VECTOR('',#5114,1.);
#5114 = DIRECTION('',(-0.,-0.,-1.));
#5115 = ORIENTED_EDGE('',*,*,#5116,.T.);
#5116 = EDGE_CURVE('',#5109,#4928,#5117,.T.);
#5117 = LINE('',#5118,#5119);
#5118 = CARTESIAN_POINT('',(-1.7359239825,-12.46729662376,0.));
#5119 = VECTOR('',#5120,1.);
#5120 = DIRECTION('',(0.258819045103,0.965925826289,0.));
#5121 = ORIENTED_EDGE('',*,*,#4938,.T.);
#5122 = ORIENTED_EDGE('',*,*,#1049,.T.);
#5123 = PLANE('',#5124);
#5124 = AXIS2_PLACEMENT_3D('',#5125,#5126,#5127);
#5125 = CARTESIAN_POINT('',(-4.969032995748,-24.53342372761,0.));
#5126 = DIRECTION('',(0.965925826289,-0.258819045103,0.));
#5127 = DIRECTION('',(0.,0.,1.));
#5128 = ADVANCED_FACE('',(#5129),#5197,.F.);
#5129 = FACE_BOUND('',#5130,.F.);
#5130 = EDGE_LOOP('',(#5131,#5132,#5141,#5196));
#5131 = ORIENTED_EDGE('',*,*,#5028,.F.);
#5132 = ORIENTED_EDGE('',*,*,#5133,.T.);
#5133 = EDGE_CURVE('',#5021,#5134,#5136,.T.);
#5134 = VERTEX_POINT('',#5135);
#5135 = CARTESIAN_POINT('',(-11.18370848449,22.470751312181,-2.E-15));
#5136 = CIRCLE('',#5137,25.1);
#5137 = AXIS2_PLACEMENT_3D('',#5138,#5139,#5140);
#5138 = CARTESIAN_POINT('',(0.,0.,0.));
#5139 = DIRECTION('',(-0.,2.2E-16,1.));
#5140 = DIRECTION('',(1.,0.,0.));
#5141 = ORIENTED_EDGE('',*,*,#5142,.T.);
#5142 = EDGE_CURVE('',#5134,#718,#5143,.T.);
#5143 = B_SPLINE_CURVE_WITH_KNOTS('',6,(#5144,#5145,#5146,#5147,#5148,
    #5149,#5150,#5151,#5152,#5153,#5154,#5155,#5156,#5157,#5158,#5159,
    #5160,#5161,#5162,#5163,#5164,#5165,#5166,#5167,#5168,#5169,#5170,
    #5171,#5172,#5173,#5174,#5175,#5176,#5177,#5178,#5179,#5180,#5181,
    #5182,#5183,#5184,#5185,#5186,#5187,#5188,#5189,#5190,#5191,#5192,
    #5193,#5194,#5195),.UNSPECIFIED.,.F.,.F.,(7,5,5,5,5,5,5,5,5,5,7),(0.
    ,0.202545733235,0.268699382766,0.399449676019,0.531775068197,
    0.596353311407,0.786881485096,0.953369085799,0.97699298164,
    0.988017747064,1.),.UNSPECIFIED.);
#5144 = CARTESIAN_POINT('',(-11.18370848449,22.470751312181,-4.97E-15));
#5145 = CARTESIAN_POINT('',(-11.18370848449,22.470751312181,
    8.082487539115E-02));
#5146 = CARTESIAN_POINT('',(-11.17716323267,22.45941460349,
    0.161673320681));
#5147 = CARTESIAN_POINT('',(-11.16406639015,22.436730206812,
    0.239847188825));
#5148 = CARTESIAN_POINT('',(-11.14479446763,22.403350257863,
    0.312742492154));
#5149 = CARTESIAN_POINT('',(-11.12003304003,22.360462207183,
    0.378022754197));
#5150 = CARTESIAN_POINT('',(-11.08120359877,22.2932076421,0.452070172382
    ));
#5151 = CARTESIAN_POINT('',(-11.07116188942,22.275814891305,
    0.469293030409));
#5152 = CARTESIAN_POINT('',(-11.06067185143,22.257645612534,
    0.485444528932));
#5153 = CARTESIAN_POINT('',(-11.04976944553,22.238762091588,
    0.500467427762));
#5154 = CARTESIAN_POINT('',(-11.03849300087,22.219230716504,
    0.514311027869));
#5155 = CARTESIAN_POINT('',(-11.00393689362,22.15937778304,
    0.551874428111));
#5156 = CARTESIAN_POINT('',(-10.97968689783,22.117375558246,
    0.572039925703));
#5157 = CARTESIAN_POINT('',(-10.95444766084,22.073659917431,
    0.587086627624));
#5158 = CARTESIAN_POINT('',(-10.92855949092,22.028820291814,
    0.596787364761));
#5159 = CARTESIAN_POINT('',(-10.90237703911,21.983470955016,
    0.601034169052));
#5160 = CARTESIAN_POINT('',(-10.84982384578,21.892446154078,
    0.598638702938));
#5161 = CARTESIAN_POINT('',(-10.82345206909,21.846768896952,
    0.591864515318));
#5162 = CARTESIAN_POINT('',(-10.79751304268,21.801841185318,
    0.579537655542));
#5163 = CARTESIAN_POINT('',(-10.77237142942,21.758294633764,
    0.561805006994));
#5164 = CARTESIAN_POINT('',(-10.74837385063,21.716729608046,
    0.538936867407));
#5165 = CARTESIAN_POINT('',(-10.71483811298,21.658644006572,
    0.497842383862));
#5166 = CARTESIAN_POINT('',(-10.70418692821,21.640195613377,
    0.483233278453));
#5167 = CARTESIAN_POINT('',(-10.69391997666,21.622412731663,
    0.467537699027));
#5168 = CARTESIAN_POINT('',(-10.68407170993,21.605355033322,
    0.45080629441));
#5169 = CARTESIAN_POINT('',(-10.67467428782,21.589078220755,
    0.433095438107));
#5170 = CARTESIAN_POINT('',(-10.63945019846,21.528068308345,
    0.359507560519));
#5171 = CARTESIAN_POINT('',(-10.61732046557,21.489738486612,
    0.29654878836));
#5172 = CARTESIAN_POINT('',(-10.60014706271,21.459993280317,
    0.227199147258));
#5173 = CARTESIAN_POINT('',(-10.5884721415,21.439771723615,
    0.153428990039));
#5174 = CARTESIAN_POINT('',(-10.58259180505,21.429586682111,
    7.740913310993E-02));
#5175 = CARTESIAN_POINT('',(-10.58242762183,21.42930230843,
    -6.505584741874E-02));
#5176 = CARTESIAN_POINT('',(-10.58677411628,21.436830657667,
    -0.131520862476));
#5177 = CARTESIAN_POINT('',(-10.59554742102,21.452026467228,
    -0.196526961758));
#5178 = CARTESIAN_POINT('',(-10.60857978205,21.474599178661,
    -0.25861879167));
#5179 = CARTESIAN_POINT('',(-10.62555521528,21.504001491507,
    -0.316443701235));
#5180 = CARTESIAN_POINT('',(-10.64891634586,21.544464156589,
    -0.376267585218));
#5181 = CARTESIAN_POINT('',(-10.65188945771,21.549613737361,
    -0.383592216762));
#5182 = CARTESIAN_POINT('',(-10.65493145467,21.554882630661,
    -0.390804260877));
#5183 = CARTESIAN_POINT('',(-10.65804099313,21.560268509261,
    -0.397900502425));
#5184 = CARTESIAN_POINT('',(-10.66121667967,21.565768959698,
    -0.404877812485));
#5185 = CARTESIAN_POINT('',(-10.66596929225,21.574000726154,
    -0.414932386542));
#5186 = CARTESIAN_POINT('',(-10.66749561274,21.576644390795,
    -0.418105075621));
#5187 = CARTESIAN_POINT('',(-10.66903588623,21.579312222742,
    -0.421250906088));
#5188 = CARTESIAN_POINT('',(-10.67058996418,21.582003964696,
    -0.424369572825));
#5189 = CARTESIAN_POINT('',(-10.67215769579,21.584719355503,
    -0.427460775092));
#5190 = CARTESIAN_POINT('',(-10.67545748846,21.590434764063,
    -0.433853714135));
#5191 = CARTESIAN_POINT('',(-10.67719243007,21.593439771072,
    -0.4371511767));
#5192 = CARTESIAN_POINT('',(-10.67894271473,21.59647135304,
    -0.44041475294));
#5193 = CARTESIAN_POINT('',(-10.68070792158,21.59952878099,
    -0.443643681515));
#5194 = CARTESIAN_POINT('',(-10.68248824702,21.602612395111,
    -0.446838291022));
#5195 = CARTESIAN_POINT('',(-10.68428450475,21.605723604756,-0.45));
#5196 = ORIENTED_EDGE('',*,*,#717,.F.);
#5197 = TOROIDAL_SURFACE('',#5198,24.5,0.6);
#5198 = AXIS2_PLACEMENT_3D('',#5199,#5200,#5201);
#5199 = CARTESIAN_POINT('',(0.,0.,0.));
#5200 = DIRECTION('',(0.,2.2E-16,1.));
#5201 = DIRECTION('',(1.,0.,0.));
#5202 = ADVANCED_FACE('',(#5203),#5214,.F.);
#5203 = FACE_BOUND('',#5204,.T.);
#5204 = EDGE_LOOP('',(#5205,#5206,#5212,#5213));
#5205 = ORIENTED_EDGE('',*,*,#1900,.F.);
#5206 = ORIENTED_EDGE('',*,*,#5207,.F.);
#5207 = EDGE_CURVE('',#1033,#1893,#5208,.T.);
#5208 = LINE('',#5209,#5210);
#5209 = CARTESIAN_POINT('',(-6.934597352962,-19.89152952829,0.));
#5210 = VECTOR('',#5211,1.);
#5211 = DIRECTION('',(0.,0.,1.));
#5212 = ORIENTED_EDGE('',*,*,#1040,.T.);
#5213 = ORIENTED_EDGE('',*,*,#5092,.F.);
#5214 = CYLINDRICAL_SURFACE('',#5215,1.55);
#5215 = AXIS2_PLACEMENT_3D('',#5216,#5217,#5218);
#5216 = CARTESIAN_POINT('',(-5.437412322214,-20.2926990482,0.));
#5217 = DIRECTION('',(0.,0.,-1.));
#5218 = DIRECTION('',(-0.258819045103,-0.965925826289,0.));
#5219 = ADVANCED_FACE('',(#5220),#5254,.F.);
#5220 = FACE_BOUND('',#5221,.F.);
#5221 = EDGE_LOOP('',(#5222,#5223,#5229,#5230,#5231,#5239,#5247));
#5222 = ORIENTED_EDGE('',*,*,#1586,.F.);
#5223 = ORIENTED_EDGE('',*,*,#5224,.F.);
#5224 = EDGE_CURVE('',#727,#1587,#5225,.T.);
#5225 = LINE('',#5226,#5227);
#5226 = CARTESIAN_POINT('',(-9.161934604552,18.968936230707,0.));
#5227 = VECTOR('',#5228,1.);
#5228 = DIRECTION('',(0.,0.,1.));
#5229 = ORIENTED_EDGE('',*,*,#726,.T.);
#5230 = ORIENTED_EDGE('',*,*,#5142,.F.);
#5231 = ORIENTED_EDGE('',*,*,#5232,.T.);
#5232 = EDGE_CURVE('',#5134,#5233,#5235,.T.);
#5233 = VERTEX_POINT('',#5234);
#5234 = CARTESIAN_POINT('',(-12.01018847469,23.90225664665,0.));
#5235 = LINE('',#5236,#5237);
#5236 = CARTESIAN_POINT('',(-4.903547614343,11.593193605375,0.));
#5237 = VECTOR('',#5238,1.);
#5238 = DIRECTION('',(-0.5,0.866025403784,0.));
#5239 = ORIENTED_EDGE('',*,*,#5240,.F.);
#5240 = EDGE_CURVE('',#5241,#5233,#5243,.T.);
#5241 = VERTEX_POINT('',#5242);
#5242 = CARTESIAN_POINT('',(-12.01018847469,23.90225664665,2.5));
#5243 = LINE('',#5244,#5245);
#5244 = CARTESIAN_POINT('',(-12.01018847469,23.90225664665,-4.1E-16));
#5245 = VECTOR('',#5246,1.);
#5246 = DIRECTION('',(-0.,-0.,-1.));
#5247 = ORIENTED_EDGE('',*,*,#5248,.F.);
#5248 = EDGE_CURVE('',#1578,#5241,#5249,.T.);
#5249 = HYPERBOLA('',#5250,1.55,1.55);
#5250 = AXIS2_PLACEMENT_3D('',#5251,#5252,#5253);
#5251 = CARTESIAN_POINT('',(1.342339375866,0.775,29.25));
#5252 = DIRECTION('',(0.866025403784,0.5,-2.6E-16));
#5253 = DIRECTION('',(-2.26374953738E-16,-1.279070785648E-16,-1.));
#5254 = PLANE('',#5255);
#5255 = AXIS2_PLACEMENT_3D('',#5256,#5257,#5258);
#5256 = CARTESIAN_POINT('',(-11.14943460455,22.41138721075,0.));
#5257 = DIRECTION('',(0.866025403784,0.5,-0.));
#5258 = DIRECTION('',(-0.,0.,-1.));
#5259 = ADVANCED_FACE('',(#5260),#5345,.F.);
#5260 = FACE_BOUND('',#5261,.F.);
#5261 = EDGE_LOOP('',(#5262,#5263,#5264,#5265,#5322,#5330,#5338));
#5262 = ORIENTED_EDGE('',*,*,#1892,.F.);
#5263 = ORIENTED_EDGE('',*,*,#5207,.F.);
#5264 = ORIENTED_EDGE('',*,*,#1032,.T.);
#5265 = ORIENTED_EDGE('',*,*,#5266,.F.);
#5266 = EDGE_CURVE('',#5267,#1024,#5269,.T.);
#5267 = VERTEX_POINT('',#5268);
#5268 = CARTESIAN_POINT('',(-7.981144523,-23.79729673939,3.E-15));
#5269 = B_SPLINE_CURVE_WITH_KNOTS('',6,(#5270,#5271,#5272,#5273,#5274,
    #5275,#5276,#5277,#5278,#5279,#5280,#5281,#5282,#5283,#5284,#5285,
    #5286,#5287,#5288,#5289,#5290,#5291,#5292,#5293,#5294,#5295,#5296,
    #5297,#5298,#5299,#5300,#5301,#5302,#5303,#5304,#5305,#5306,#5307,
    #5308,#5309,#5310,#5311,#5312,#5313,#5314,#5315,#5316,#5317,#5318,
    #5319,#5320,#5321),.UNSPECIFIED.,.F.,.F.,(7,5,5,5,5,5,5,5,5,5,7),(0.
    ,0.202545733275,0.268699382805,0.399449676058,0.531775068236,
    0.596353311447,0.786881485135,0.953369086271,0.976992982112,
    0.988017747536,1.),.UNSPECIFIED.);
#5270 = CARTESIAN_POINT('',(-7.981144523001,-23.79729673939,5.25E-15));
#5271 = CARTESIAN_POINT('',(-7.981144523001,-23.79729673939,
    8.0824875407E-02));
#5272 = CARTESIAN_POINT('',(-7.977756451351,-23.78465228385,
    0.161673320713));
#5273 = CARTESIAN_POINT('',(-7.970977026794,-23.75935112696,
    0.239847188871));
#5274 = CARTESIAN_POINT('',(-7.961001145627,-23.7221206316,
    0.312742492211));
#5275 = CARTESIAN_POINT('',(-7.948183687526,-23.67428522674,
    0.378022754261));
#5276 = CARTESIAN_POINT('',(-7.928084089705,-23.59927250646,
    0.452070172445));
#5277 = CARTESIAN_POINT('',(-7.922886118452,-23.57987341365,
    0.469293030469));
#5278 = CARTESIAN_POINT('',(-7.91745607522,-23.55960821642,
    0.485444528988));
#5279 = CARTESIAN_POINT('',(-7.91181257465,-23.53854638556,
    0.500467427815));
#5280 = CARTESIAN_POINT('',(-7.90597545737,-23.5167619673,0.514311027918
    ));
#5281 = CARTESIAN_POINT('',(-7.888087900009,-23.4500046944,
    0.551874428149));
#5282 = CARTESIAN_POINT('',(-7.875535178499,-23.40315729996,
    0.572039925734));
#5283 = CARTESIAN_POINT('',(-7.862470388063,-23.35439883826,
    0.587086627647));
#5284 = CARTESIAN_POINT('',(-7.849069685226,-23.30438673442,
    0.596787364776));
#5285 = CARTESIAN_POINT('',(-7.835516650875,-23.25380612162,
    0.601034169058));
#5286 = CARTESIAN_POINT('',(-7.808313116249,-23.15228114825,
    0.598638702927));
#5287 = CARTESIAN_POINT('',(-7.794662080124,-23.10133478786,0.5918645153
    ));
#5288 = CARTESIAN_POINT('',(-7.781235052034,-23.05122443683,
    0.579537655515));
#5289 = CARTESIAN_POINT('',(-7.768220795361,-23.0026545697,
    0.561805006959));
#5290 = CARTESIAN_POINT('',(-7.755798734509,-22.95629480747,
    0.538936867364));
#5291 = CARTESIAN_POINT('',(-7.738439359322,-22.89150873728,
    0.497842383809));
#5292 = CARTESIAN_POINT('',(-7.732925900376,-22.87093222837,
    0.483233278397));
#5293 = CARTESIAN_POINT('',(-7.727611335187,-22.85109800107,
    0.467537698967));
#5294 = CARTESIAN_POINT('',(-7.722513497206,-22.83207261071,
    0.450806294347));
#5295 = CARTESIAN_POINT('',(-7.717649033569,-22.81391818527,
    0.433095438041));
#5296 = CARTESIAN_POINT('',(-7.69941570323,-22.74587047005,
    0.359507560442));
#5297 = CARTESIAN_POINT('',(-7.68796051056,-22.703119109,0.296548788276)
  );
#5298 = CARTESIAN_POINT('',(-7.679070903103,-22.66994264231,
    0.227199147169));
#5299 = CARTESIAN_POINT('',(-7.67302751919,-22.6473884265,0.153428989946
    ));
#5300 = CARTESIAN_POINT('',(-7.669983633062,-22.63602848881,
    7.740913301495E-02));
#5301 = CARTESIAN_POINT('',(-7.669898645578,-22.6357113112,
    -6.505584768632E-02));
#5302 = CARTESIAN_POINT('',(-7.672148556683,-22.64410809376,
    -0.131520862915));
#5303 = CARTESIAN_POINT('',(-7.67668995342,-22.66105681712,
    -0.196526962356));
#5304 = CARTESIAN_POINT('',(-7.683435999928,-22.68623340544,
    -0.258618792402));
#5305 = CARTESIAN_POINT('',(-7.692223130815,-22.71902742436,
    -0.316443702067));
#5306 = CARTESIAN_POINT('',(-7.704315741889,-22.76415766329,
    -0.376267586099));
#5307 = CARTESIAN_POINT('',(-7.70585473783,-22.76990127433,
    -0.383592217632));
#5308 = CARTESIAN_POINT('',(-7.707429391333,-22.77577796121,
    -0.390804261735));
#5309 = CARTESIAN_POINT('',(-7.709039006886,-22.78178512823,
    -0.397900503272));
#5310 = CARTESIAN_POINT('',(-7.710682863205,-22.78792008354,
    -0.404877813319));
#5311 = CARTESIAN_POINT('',(-7.713142996509,-22.79710142602,
    -0.414932387359));
#5312 = CARTESIAN_POINT('',(-7.713933078135,-22.80005005079,
    -0.418105076432));
#5313 = CARTESIAN_POINT('',(-7.714730382366,-22.80302563069,
    -0.421250906893));
#5314 = CARTESIAN_POINT('',(-7.715534832305,-22.80602787873,
    -0.424369573625));
#5315 = CARTESIAN_POINT('',(-7.716346349905,-22.80905650365,
    -0.427460775885));
#5316 = CARTESIAN_POINT('',(-7.718054448249,-22.81543121345,
    -0.433853714785));
#5317 = CARTESIAN_POINT('',(-7.718952520075,-22.81878286313,
    -0.437151177215));
#5318 = CARTESIAN_POINT('',(-7.719858534051,-22.82216415333,
    -0.440414753322));
#5319 = CARTESIAN_POINT('',(-7.720772272319,-22.82557427097,
    -0.443643681767));
#5320 = CARTESIAN_POINT('',(-7.721693836545,-22.82901359548,
    -0.446838291146));
#5321 = CARTESIAN_POINT('',(-7.722623647927,-22.8324836988,-0.45));
#5322 = ORIENTED_EDGE('',*,*,#5323,.T.);
#5323 = EDGE_CURVE('',#5267,#5324,#5326,.T.);
#5324 = VERTEX_POINT('',#5325);
#5325 = CARTESIAN_POINT('',(-8.408962046722,-25.39393347429,0.));
#5326 = LINE('',#5327,#5328);
#5327 = CARTESIAN_POINT('',(-4.730294043996,-11.66495758394,0.));
#5328 = VECTOR('',#5329,1.);
#5329 = DIRECTION('',(-0.258819045103,-0.965925826289,0.));
#5330 = ORIENTED_EDGE('',*,*,#5331,.F.);
#5331 = EDGE_CURVE('',#5332,#5324,#5334,.T.);
#5332 = VERTEX_POINT('',#5333);
#5333 = CARTESIAN_POINT('',(-8.408962046722,-25.39393347429,2.5));
#5334 = LINE('',#5335,#5336);
#5335 = CARTESIAN_POINT('',(-8.408962046722,-25.39393347429,-5.E-17));
#5336 = VECTOR('',#5337,1.);
#5337 = DIRECTION('',(-0.,-0.,-1.));
#5338 = ORIENTED_EDGE('',*,*,#5339,.F.);
#5339 = EDGE_CURVE('',#1884,#5332,#5340,.T.);
#5340 = HYPERBOLA('',#5341,1.55,1.55);
#5341 = AXIS2_PLACEMENT_3D('',#5342,#5343,#5344);
#5342 = CARTESIAN_POINT('',(-1.497185030748,0.401169519909,29.25));
#5343 = DIRECTION('',(-0.965925826289,0.258819045103,-3.E-17));
#5344 = DIRECTION('',(2.848739373191E-17,-9.594698371998E-18,-1.));
#5345 = PLANE('',#5346);
#5346 = AXIS2_PLACEMENT_3D('',#5347,#5348,#5349);
#5347 = CARTESIAN_POINT('',(-7.963403057245,-23.73108468779,0.));
#5348 = DIRECTION('',(-0.965925826289,0.258819045103,0.));
#5349 = DIRECTION('',(0.,0.,-1.));
#5350 = ADVANCED_FACE('',(#5351),#5362,.F.);
#5351 = FACE_BOUND('',#5352,.T.);
#5352 = EDGE_LOOP('',(#5353,#5354,#5355,#5356));
#5353 = ORIENTED_EDGE('',*,*,#1594,.F.);
#5354 = ORIENTED_EDGE('',*,*,#5224,.F.);
#5355 = ORIENTED_EDGE('',*,*,#734,.T.);
#5356 = ORIENTED_EDGE('',*,*,#5357,.F.);
#5357 = EDGE_CURVE('',#1595,#735,#5358,.T.);
#5358 = LINE('',#5359,#5360);
#5359 = CARTESIAN_POINT('',(-11.84661335628,17.418936230707,0.));
#5360 = VECTOR('',#5361,1.);
#5361 = DIRECTION('',(0.,0.,-1.));
#5362 = CYLINDRICAL_SURFACE('',#5363,1.55);
#5363 = AXIS2_PLACEMENT_3D('',#5364,#5365,#5366);
#5364 = CARTESIAN_POINT('',(-10.50427398041,18.193936230707,0.));
#5365 = DIRECTION('',(0.,0.,-1.));
#5366 = DIRECTION('',(-0.5,0.866025403784,0.));
#5367 = ADVANCED_FACE('',(#5368),#5436,.F.);
#5368 = FACE_BOUND('',#5369,.F.);
#5369 = EDGE_LOOP('',(#5370,#5379,#5380,#5381));
#5370 = ORIENTED_EDGE('',*,*,#5371,.T.);
#5371 = EDGE_CURVE('',#5372,#5267,#5374,.T.);
#5372 = VERTEX_POINT('',#5373);
#5373 = CARTESIAN_POINT('',(-11.18370848449,-22.47075131218,2.E-15));
#5374 = CIRCLE('',#5375,25.1);
#5375 = AXIS2_PLACEMENT_3D('',#5376,#5377,#5378);
#5376 = CARTESIAN_POINT('',(0.,0.,0.));
#5377 = DIRECTION('',(-0.,2.2E-16,1.));
#5378 = DIRECTION('',(1.,0.,0.));
#5379 = ORIENTED_EDGE('',*,*,#5266,.T.);
#5380 = ORIENTED_EDGE('',*,*,#1023,.F.);
#5381 = ORIENTED_EDGE('',*,*,#5382,.F.);
#5382 = EDGE_CURVE('',#5372,#1016,#5383,.T.);
#5383 = B_SPLINE_CURVE_WITH_KNOTS('',6,(#5384,#5385,#5386,#5387,#5388,
    #5389,#5390,#5391,#5392,#5393,#5394,#5395,#5396,#5397,#5398,#5399,
    #5400,#5401,#5402,#5403,#5404,#5405,#5406,#5407,#5408,#5409,#5410,
    #5411,#5412,#5413,#5414,#5415,#5416,#5417,#5418,#5419,#5420,#5421,
    #5422,#5423,#5424,#5425,#5426,#5427,#5428,#5429,#5430,#5431,#5432,
    #5433,#5434,#5435),.UNSPECIFIED.,.F.,.F.,(7,5,5,5,5,5,5,5,5,5,7),(0.
    ,0.202545733333,0.268699382864,0.399449676117,0.531775068295,
    0.596353311506,0.786881485194,0.95336908719,0.976992983031,
    0.988017748455,1.),.UNSPECIFIED.);
#5384 = CARTESIAN_POINT('',(-11.18370848449,-22.47075131218,4.97E-15));
#5385 = CARTESIAN_POINT('',(-11.18370848449,-22.47075131218,
    8.082487543046E-02));
#5386 = CARTESIAN_POINT('',(-11.17716323267,-22.45941460347,
    0.16167332076));
#5387 = CARTESIAN_POINT('',(-11.16406639013,-22.43673020677,
    0.23984718894));
#5388 = CARTESIAN_POINT('',(-11.1447944676,-22.40335025779,
    0.312742492296));
#5389 = CARTESIAN_POINT('',(-11.12003303997,-22.36046220707,
    0.378022754356));
#5390 = CARTESIAN_POINT('',(-11.08120359869,-22.29320764194,
    0.452070172538));
#5391 = CARTESIAN_POINT('',(-11.07116188933,-22.27581489114,
    0.469293030557));
#5392 = CARTESIAN_POINT('',(-11.06067185134,-22.25764561236,
    0.485444529071));
#5393 = CARTESIAN_POINT('',(-11.04976944543,-22.23876209141,
    0.500467427893));
#5394 = CARTESIAN_POINT('',(-11.03849300077,-22.21923071632,
    0.514311027991));
#5395 = CARTESIAN_POINT('',(-11.00393689351,-22.15937778285,
    0.551874428206));
#5396 = CARTESIAN_POINT('',(-10.97968689772,-22.11737555805,
    0.572039925779));
#5397 = CARTESIAN_POINT('',(-10.95444766072,-22.07365991723,
    0.58708662768));
#5398 = CARTESIAN_POINT('',(-10.9285594908,-22.02882029161,
    0.596787364797));
#5399 = CARTESIAN_POINT('',(-10.90237703899,-21.98347095481,
    0.601034169067));
#5400 = CARTESIAN_POINT('',(-10.84982384567,-21.89244615387,
    0.598638702912));
#5401 = CARTESIAN_POINT('',(-10.82345206897,-21.84676889675,
    0.591864515272));
#5402 = CARTESIAN_POINT('',(-10.79751304257,-21.80184118512,
    0.579537655475));
#5403 = CARTESIAN_POINT('',(-10.77237142931,-21.75829463357,
    0.561805006907));
#5404 = CARTESIAN_POINT('',(-10.74837385053,-21.71672960786,
    0.538936867301));
#5405 = CARTESIAN_POINT('',(-10.71483811289,-21.6586440064,0.49784238373
    ));
#5406 = CARTESIAN_POINT('',(-10.70418692811,-21.64019561321,
    0.483233278313));
#5407 = CARTESIAN_POINT('',(-10.69391997657,-21.6224127315,
    0.467537698878));
#5408 = CARTESIAN_POINT('',(-10.68407170984,-21.60535503316,
    0.450806294253));
#5409 = CARTESIAN_POINT('',(-10.67467428773,-21.5890782206,
    0.433095437943));
#5410 = CARTESIAN_POINT('',(-10.63945019839,-21.52806830822,
    0.359507560328));
#5411 = CARTESIAN_POINT('',(-10.61732046551,-21.48973848651,
    0.296548788152));
#5412 = CARTESIAN_POINT('',(-10.60014706266,-21.45999328023,
    0.227199147036));
#5413 = CARTESIAN_POINT('',(-10.58847214147,-21.43977172356,
    0.153428989808));
#5414 = CARTESIAN_POINT('',(-10.58259180503,-21.42958668208,
    7.74091328741E-02));
#5415 = CARTESIAN_POINT('',(-10.58242762184,-21.42930230845,
    -6.50558481707E-02));
#5416 = CARTESIAN_POINT('',(-10.58677411638,-21.43683065782,
    -0.131520863742));
#5417 = CARTESIAN_POINT('',(-10.59554742127,-21.45202646764,
    -0.196526963499));
#5418 = CARTESIAN_POINT('',(-10.6085797825,-21.47459917945,
    -0.258618793815));
#5419 = CARTESIAN_POINT('',(-10.625555216,-21.50400149275,
    -0.316443703683));
#5420 = CARTESIAN_POINT('',(-10.64891634691,-21.5444641584,
    -0.376267587814));
#5421 = CARTESIAN_POINT('',(-10.65188945877,-21.5496137392,
    -0.383592219325));
#5422 = CARTESIAN_POINT('',(-10.65493145576,-21.55488263254,
    -0.390804263406));
#5423 = CARTESIAN_POINT('',(-10.65804099424,-21.56026851117,
    -0.39790050492));
#5424 = CARTESIAN_POINT('',(-10.6612166808,-21.56576896164,
    -0.404877814945));
#5425 = CARTESIAN_POINT('',(-10.6659692934,-21.57400072815,
    -0.414932388949));
#5426 = CARTESIAN_POINT('',(-10.66749561391,-21.57664439281,
    -0.418105078011));
#5427 = CARTESIAN_POINT('',(-10.66903588741,-21.57931222477,
    -0.421250908461));
#5428 = CARTESIAN_POINT('',(-10.67058996536,-21.58200396674,
    -0.424369575181));
#5429 = CARTESIAN_POINT('',(-10.67215769698,-21.58471935756,
    -0.42746077743));
#5430 = CARTESIAN_POINT('',(-10.67545748947,-21.5904347658,
    -0.43385371605));
#5431 = CARTESIAN_POINT('',(-10.67719243088,-21.59343977248,
    -0.437151178217));
#5432 = CARTESIAN_POINT('',(-10.67894271535,-21.5964713541,
    -0.440414754067));
#5433 = CARTESIAN_POINT('',(-10.680707922,-21.5995287817,-0.443643682258
    ));
#5434 = CARTESIAN_POINT('',(-10.68248824723,-21.60261239547,
    -0.446838291389));
#5435 = CARTESIAN_POINT('',(-10.68428450475,-21.60572360475,-0.45));
#5436 = TOROIDAL_SURFACE('',#5437,24.5,0.6);
#5437 = AXIS2_PLACEMENT_3D('',#5438,#5439,#5440);
#5438 = CARTESIAN_POINT('',(0.,0.,0.));
#5439 = DIRECTION('',(0.,2.2E-16,1.));
#5440 = DIRECTION('',(1.,0.,0.));
#5441 = ADVANCED_FACE('',(#5442),#5527,.F.);
#5442 = FACE_BOUND('',#5443,.F.);
#5443 = EDGE_LOOP('',(#5444,#5445,#5446,#5455,#5463,#5471,#5526));
#5444 = ORIENTED_EDGE('',*,*,#5357,.F.);
#5445 = ORIENTED_EDGE('',*,*,#1603,.T.);
#5446 = ORIENTED_EDGE('',*,*,#5447,.F.);
#5447 = EDGE_CURVE('',#5448,#1604,#5450,.T.);
#5448 = VERTEX_POINT('',#5449);
#5449 = CARTESIAN_POINT('',(-14.69486722642,22.35225664665,2.5));
#5450 = HYPERBOLA('',#5451,1.55,1.55);
#5451 = AXIS2_PLACEMENT_3D('',#5452,#5453,#5454);
#5452 = CARTESIAN_POINT('',(-1.342339375866,-0.775,29.25));
#5453 = DIRECTION('',(-0.866025403784,-0.5,2.6E-16));
#5454 = DIRECTION('',(-2.26374953738E-16,-1.279070785648E-16,-1.));
#5455 = ORIENTED_EDGE('',*,*,#5456,.T.);
#5456 = EDGE_CURVE('',#5448,#5457,#5459,.T.);
#5457 = VERTEX_POINT('',#5458);
#5458 = CARTESIAN_POINT('',(-14.69486722642,22.35225664665,0.));
#5459 = LINE('',#5460,#5461);
#5460 = CARTESIAN_POINT('',(-14.69486722642,22.35225664665,4.1E-16));
#5461 = VECTOR('',#5462,1.);
#5462 = DIRECTION('',(-0.,-0.,-1.));
#5463 = ORIENTED_EDGE('',*,*,#5464,.T.);
#5464 = EDGE_CURVE('',#5457,#5465,#5467,.T.);
#5465 = VERTEX_POINT('',#5466);
#5466 = CARTESIAN_POINT('',(-13.86838723622,20.920751312181,-2.E-15));
#5467 = LINE('',#5468,#5469);
#5468 = CARTESIAN_POINT('',(-7.588226366075,10.043193605375,0.));
#5469 = VECTOR('',#5470,1.);
#5470 = DIRECTION('',(0.5,-0.866025403784,0.));
#5471 = ORIENTED_EDGE('',*,*,#5472,.T.);
#5472 = EDGE_CURVE('',#5465,#744,#5473,.T.);
#5473 = B_SPLINE_CURVE_WITH_KNOTS('',6,(#5474,#5475,#5476,#5477,#5478,
    #5479,#5480,#5481,#5482,#5483,#5484,#5485,#5486,#5487,#5488,#5489,
    #5490,#5491,#5492,#5493,#5494,#5495,#5496,#5497,#5498,#5499,#5500,
    #5501,#5502,#5503,#5504,#5505,#5506,#5507,#5508,#5509,#5510,#5511,
    #5512,#5513,#5514,#5515,#5516,#5517,#5518,#5519,#5520,#5521,#5522,
    #5523,#5524,#5525),.UNSPECIFIED.,.F.,.F.,(7,5,5,5,5,5,5,5,5,5,7),(0.
    ,0.202545733235,0.268699382766,0.399449676019,0.531775068197,
    0.596353311408,0.786881485096,0.953369085775,0.976992981616,
    0.98801774704,1.),.UNSPECIFIED.);
#5474 = CARTESIAN_POINT('',(-13.86838723622,20.920751312181,-4.66E-15));
#5475 = CARTESIAN_POINT('',(-13.86838723622,20.920751312181,
    8.082487539114E-02));
#5476 = CARTESIAN_POINT('',(-13.86184198441,20.90941460349,
    0.161673320681));
#5477 = CARTESIAN_POINT('',(-13.84874514188,20.886730206813,
    0.239847188825));
#5478 = CARTESIAN_POINT('',(-13.82947321937,20.853350257863,
    0.312742492154));
#5479 = CARTESIAN_POINT('',(-13.80471179176,20.810462207183,
    0.378022754197));
#5480 = CARTESIAN_POINT('',(-13.76588235051,20.7432076421,0.452070172382
    ));
#5481 = CARTESIAN_POINT('',(-13.75584064115,20.725814891305,
    0.469293030409));
#5482 = CARTESIAN_POINT('',(-13.74535060316,20.707645612534,
    0.485444528932));
#5483 = CARTESIAN_POINT('',(-13.73444819726,20.688762091588,
    0.500467427762));
#5484 = CARTESIAN_POINT('',(-13.7231717526,20.669230716504,
    0.514311027869));
#5485 = CARTESIAN_POINT('',(-13.68861564535,20.60937778304,
    0.551874428111));
#5486 = CARTESIAN_POINT('',(-13.66436564956,20.567375558246,
    0.572039925703));
#5487 = CARTESIAN_POINT('',(-13.63912641257,20.523659917431,
    0.587086627624));
#5488 = CARTESIAN_POINT('',(-13.61323824265,20.478820291814,
    0.596787364761));
#5489 = CARTESIAN_POINT('',(-13.58705579084,20.433470955016,
    0.601034169052));
#5490 = CARTESIAN_POINT('',(-13.53450259752,20.342446154078,
    0.598638702938));
#5491 = CARTESIAN_POINT('',(-13.50813082082,20.296768896952,
    0.591864515318));
#5492 = CARTESIAN_POINT('',(-13.48219179441,20.251841185318,
    0.579537655542));
#5493 = CARTESIAN_POINT('',(-13.45705018115,20.208294633764,
    0.561805006994));
#5494 = CARTESIAN_POINT('',(-13.43305260236,20.166729608046,
    0.538936867407));
#5495 = CARTESIAN_POINT('',(-13.39951686472,20.108644006572,
    0.497842383862));
#5496 = CARTESIAN_POINT('',(-13.38886567994,20.090195613377,
    0.483233278453));
#5497 = CARTESIAN_POINT('',(-13.37859872839,20.072412731663,
    0.467537699027));
#5498 = CARTESIAN_POINT('',(-13.36875046167,20.055355033322,
    0.45080629441));
#5499 = CARTESIAN_POINT('',(-13.35935303955,20.039078220755,
    0.433095438107));
#5500 = CARTESIAN_POINT('',(-13.32412895019,19.978068308345,
    0.359507560519));
#5501 = CARTESIAN_POINT('',(-13.3019992173,19.939738486612,0.29654878836
    ));
#5502 = CARTESIAN_POINT('',(-13.28482581444,19.909993280317,
    0.227199147258));
#5503 = CARTESIAN_POINT('',(-13.27315089323,19.889771723615,
    0.153428990039));
#5504 = CARTESIAN_POINT('',(-13.26727055678,19.879586682111,
    7.74091331099E-02));
#5505 = CARTESIAN_POINT('',(-13.26710637356,19.87930230843,
    -6.5055847409E-02));
#5506 = CARTESIAN_POINT('',(-13.27145286801,19.886830657665,
    -0.131520862458));
#5507 = CARTESIAN_POINT('',(-13.28022617275,19.902026467221,
    -0.19652696173));
#5508 = CARTESIAN_POINT('',(-13.29325853377,19.924599178648,
    -0.258618791634));
#5509 = CARTESIAN_POINT('',(-13.310233967,19.954001491485,
    -0.316443701193));
#5510 = CARTESIAN_POINT('',(-13.33359509757,19.994464156558,
    -0.376267585174));
#5511 = CARTESIAN_POINT('',(-13.33656820942,19.999613737329,
    -0.383592216718));
#5512 = CARTESIAN_POINT('',(-13.33961020638,20.004882630628,
    -0.390804260834));
#5513 = CARTESIAN_POINT('',(-13.34271974484,20.010268509229,
    -0.397900502382));
#5514 = CARTESIAN_POINT('',(-13.34589543138,20.015768959664,
    -0.404877812443));
#5515 = CARTESIAN_POINT('',(-13.35064804396,20.02400072612,
    -0.414932386501));
#5516 = CARTESIAN_POINT('',(-13.35217436445,20.02664439076,
    -0.41810507558));
#5517 = CARTESIAN_POINT('',(-13.35371463795,20.029312222707,
    -0.421250906047));
#5518 = CARTESIAN_POINT('',(-13.35526871589,20.032003964661,
    -0.424369572785));
#5519 = CARTESIAN_POINT('',(-13.3568364475,20.034719355467,
    -0.427460775052));
#5520 = CARTESIAN_POINT('',(-13.36013624018,20.040434764033,
    -0.433853714102));
#5521 = CARTESIAN_POINT('',(-13.36187118178,20.043439771048,
    -0.437151176674));
#5522 = CARTESIAN_POINT('',(-13.36362146645,20.046471353021,
    -0.440414752921));
#5523 = CARTESIAN_POINT('',(-13.36538667331,20.049528780978,
    -0.443643681502));
#5524 = CARTESIAN_POINT('',(-13.36716699875,20.052612395105,
    -0.446838291015));
#5525 = CARTESIAN_POINT('',(-13.36896325648,20.055723604756,-0.45));
#5526 = ORIENTED_EDGE('',*,*,#743,.T.);
#5527 = PLANE('',#5528);
#5528 = AXIS2_PLACEMENT_3D('',#5529,#5530,#5531);
#5529 = CARTESIAN_POINT('',(-13.83411335628,20.86138721075,0.));
#5530 = DIRECTION('',(-0.866025403784,-0.5,0.));
#5531 = DIRECTION('',(0.,0.,1.));
#5532 = ADVANCED_FACE('',(#5533),#5567,.F.);
#5533 = FACE_BOUND('',#5534,.F.);
#5534 = EDGE_LOOP('',(#5535,#5541,#5542,#5551,#5559,#5565,#5566));
#5535 = ORIENTED_EDGE('',*,*,#5536,.F.);
#5536 = EDGE_CURVE('',#1867,#1007,#5537,.T.);
#5537 = LINE('',#5538,#5539);
#5538 = CARTESIAN_POINT('',(-9.161934604552,-18.9689362307,0.));
#5539 = VECTOR('',#5540,1.);
#5540 = DIRECTION('',(0.,0.,-1.));
#5541 = ORIENTED_EDGE('',*,*,#1875,.T.);
#5542 = ORIENTED_EDGE('',*,*,#5543,.F.);
#5543 = EDGE_CURVE('',#5544,#1876,#5546,.T.);
#5544 = VERTEX_POINT('',#5545);
#5545 = CARTESIAN_POINT('',(-12.01018847469,-23.90225664665,2.5));
#5546 = HYPERBOLA('',#5547,1.55,1.55);
#5547 = AXIS2_PLACEMENT_3D('',#5548,#5549,#5550);
#5548 = CARTESIAN_POINT('',(1.342339375866,-0.775,29.25));
#5549 = DIRECTION('',(0.866025403784,-0.5,7.E-17));
#5550 = DIRECTION('',(5.830127018922E-17,-3.901923788647E-17,-1.));
#5551 = ORIENTED_EDGE('',*,*,#5552,.T.);
#5552 = EDGE_CURVE('',#5544,#5553,#5555,.T.);
#5553 = VERTEX_POINT('',#5554);
#5554 = CARTESIAN_POINT('',(-12.01018847469,-23.90225664665,0.));
#5555 = LINE('',#5556,#5557);
#5556 = CARTESIAN_POINT('',(-12.01018847469,-23.90225664665,1.1E-16));
#5557 = VECTOR('',#5558,1.);
#5558 = DIRECTION('',(-0.,-0.,-1.));
#5559 = ORIENTED_EDGE('',*,*,#5560,.T.);
#5560 = EDGE_CURVE('',#5553,#5372,#5561,.T.);
#5561 = LINE('',#5562,#5563);
#5562 = CARTESIAN_POINT('',(-4.903547614343,-11.59319360537,0.));
#5563 = VECTOR('',#5564,1.);
#5564 = DIRECTION('',(0.5,0.866025403784,0.));
#5565 = ORIENTED_EDGE('',*,*,#5382,.T.);
#5566 = ORIENTED_EDGE('',*,*,#1015,.T.);
#5567 = PLANE('',#5568);
#5568 = AXIS2_PLACEMENT_3D('',#5569,#5570,#5571);
#5569 = CARTESIAN_POINT('',(-11.14943460455,-22.41138721075,0.));
#5570 = DIRECTION('',(0.866025403784,-0.5,0.));
#5571 = DIRECTION('',(0.,0.,1.));
#5572 = ADVANCED_FACE('',(#5573),#5641,.F.);
#5573 = FACE_BOUND('',#5574,.F.);
#5574 = EDGE_LOOP('',(#5575,#5576,#5585,#5640));
#5575 = ORIENTED_EDGE('',*,*,#5472,.F.);
#5576 = ORIENTED_EDGE('',*,*,#5577,.T.);
#5577 = EDGE_CURVE('',#5465,#5578,#5580,.T.);
#5578 = VERTEX_POINT('',#5579);
#5579 = CARTESIAN_POINT('',(-16.61849125621,18.810522277893,-2.E-15));
#5580 = CIRCLE('',#5581,25.1);
#5581 = AXIS2_PLACEMENT_3D('',#5582,#5583,#5584);
#5582 = CARTESIAN_POINT('',(0.,0.,0.));
#5583 = DIRECTION('',(-0.,2.2E-16,1.));
#5584 = DIRECTION('',(1.,0.,0.));
#5585 = ORIENTED_EDGE('',*,*,#5586,.T.);
#5586 = EDGE_CURVE('',#5578,#752,#5587,.T.);
#5587 = B_SPLINE_CURVE_WITH_KNOTS('',6,(#5588,#5589,#5590,#5591,#5592,
    #5593,#5594,#5595,#5596,#5597,#5598,#5599,#5600,#5601,#5602,#5603,
    #5604,#5605,#5606,#5607,#5608,#5609,#5610,#5611,#5612,#5613,#5614,
    #5615,#5616,#5617,#5618,#5619,#5620,#5621,#5622,#5623,#5624,#5625,
    #5626,#5627,#5628,#5629,#5630,#5631,#5632,#5633,#5634,#5635,#5636,
    #5637,#5638,#5639),.UNSPECIFIED.,.F.,.F.,(7,5,5,5,5,5,5,5,5,5,7),(0.
    ,0.202545733274,0.268699382805,0.399449676058,0.531775068236,
    0.596353311447,0.786881485135,0.953369086546,0.976992982387,
    0.988017747811,1.),.UNSPECIFIED.);
#5588 = CARTESIAN_POINT('',(-16.61849125621,18.810522277893,-4.18E-15));
#5589 = CARTESIAN_POINT('',(-16.61849125621,18.810522277893,
    8.0824875407E-02));
#5590 = CARTESIAN_POINT('',(-16.60923487232,18.801265894004,
    0.161673320713));
#5591 = CARTESIAN_POINT('',(-16.59071313999,18.78274416167,
    0.239847188871));
#5592 = CARTESIAN_POINT('',(-16.56345852579,18.75548954747,
    0.312742492211));
#5593 = CARTESIAN_POINT('',(-16.52844057903,18.720471600715,
    0.378022754261));
#5594 = CARTESIAN_POINT('',(-16.47352745657,18.665558478256,
    0.452070172445));
#5595 = CARTESIAN_POINT('',(-16.45932633501,18.651357356697,
    0.469293030468));
#5596 = CARTESIAN_POINT('',(-16.44449118102,18.636522202701,
    0.485444528988));
#5597 = CARTESIAN_POINT('',(-16.42907285073,18.621103872411,
    0.500467427815));
#5598 = CARTESIAN_POINT('',(-16.41312554975,18.605156571432,
    0.514311027918));
#5599 = CARTESIAN_POINT('',(-16.36425583421,18.556286855897,
    0.551874428149));
#5600 = CARTESIAN_POINT('',(-16.32996116128,18.521992182958,
    0.572039925734));
#5601 = CARTESIAN_POINT('',(-16.29426749002,18.486298511698,
    0.587086627647));
#5602 = CARTESIAN_POINT('',(-16.25765608901,18.449687110691,
    0.596787364776));
#5603 = CARTESIAN_POINT('',(-16.22062851056,18.412659532247,
    0.601034169058));
#5604 = CARTESIAN_POINT('',(-16.14630707182,18.338338093502,
    0.598638702927));
#5605 = CARTESIAN_POINT('',(-16.10901174755,18.301042769233,
    0.591864515299));
#5606 = CARTESIAN_POINT('',(-16.07232842461,18.264359446297,
    0.579537655515));
#5607 = CARTESIAN_POINT('',(-16.03677281416,18.228803835843,
    0.561805006959));
#5608 = CARTESIAN_POINT('',(-16.00283511278,18.194866134461,
    0.538936867364));
#5609 = CARTESIAN_POINT('',(-15.95540841778,18.147439439461,
    0.497842383809));
#5610 = CARTESIAN_POINT('',(-15.94034536781,18.132376389495,
    0.483233278397));
#5611 = CARTESIAN_POINT('',(-15.9258257057,18.117856727379,
    0.467537698967));
#5612 = CARTESIAN_POINT('',(-15.91189815332,18.103929175007,
    0.450806294347));
#5613 = CARTESIAN_POINT('',(-15.89860819152,18.090639213199,
    0.433095438041));
#5614 = CARTESIAN_POINT('',(-15.84879380664,18.040824828322,
    0.359507560442));
#5615 = CARTESIAN_POINT('',(-15.81749763825,18.009528659937,
    0.296548788276));
#5616 = CARTESIAN_POINT('',(-15.79321077902,17.985241800705,
    0.227199147169));
#5617 = CARTESIAN_POINT('',(-15.77669994712,17.968730968806,
    0.153428989946));
#5618 = CARTESIAN_POINT('',(-15.76838389557,17.96041491725,
    7.740913301496E-02));
#5619 = CARTESIAN_POINT('',(-15.76815170544,17.960182727127,
    -6.505584779607E-02));
#5620 = CARTESIAN_POINT('',(-15.77429857692,17.966329598599,
    -0.131520863135));
#5621 = CARTESIAN_POINT('',(-15.78670590358,17.978736925263,
    -0.196526962678));
#5622 = CARTESIAN_POINT('',(-15.80513644545,17.997167467132,
    -0.258618792812));
#5623 = CARTESIAN_POINT('',(-15.82914333356,18.021174355246,
    -0.316443702545));
#5624 = CARTESIAN_POINT('',(-15.86218096151,18.05421198319,
    -0.376267586612));
#5625 = CARTESIAN_POINT('',(-15.86638557662,18.058416598299,
    -0.383592218138));
#5626 = CARTESIAN_POINT('',(-15.87068761,18.062718631679,-0.390804262235
    ));
#5627 = CARTESIAN_POINT('',(-15.87508516147,18.067116183157,
    -0.397900503765));
#5628 = CARTESIAN_POINT('',(-15.87957626046,18.071607282146,
    -0.404877813806));
#5629 = CARTESIAN_POINT('',(-15.88629746965,18.078328491334,
    -0.414932387835));
#5630 = CARTESIAN_POINT('',(-15.8884560128,18.080487034481,
    -0.418105076904));
#5631 = CARTESIAN_POINT('',(-15.89063428847,18.082665310151,
    -0.421250907362));
#5632 = CARTESIAN_POINT('',(-15.89283208658,18.08486310826,
    -0.42436957409));
#5633 = CARTESIAN_POINT('',(-15.89504919389,18.087080215576,
    -0.427460776348));
#5634 = CARTESIAN_POINT('',(-15.8997158053,18.091746826986,
    -0.433853715163));
#5635 = CARTESIAN_POINT('',(-15.9021693831,18.094200404787,
    -0.437151177515));
#5636 = CARTESIAN_POINT('',(-15.90464465927,18.096675680948,
    -0.440414753545));
#5637 = CARTESIAN_POINT('',(-15.90714103858,18.099172060263,
    -0.443643681914));
#5638 = CARTESIAN_POINT('',(-15.90965879881,18.101689820494,
    -0.446838291219));
#5639 = CARTESIAN_POINT('',(-15.91219909069,18.104230112373,-0.45));
#5640 = ORIENTED_EDGE('',*,*,#751,.F.);
#5641 = TOROIDAL_SURFACE('',#5642,24.5,0.6);
#5642 = AXIS2_PLACEMENT_3D('',#5643,#5644,#5645);
#5643 = CARTESIAN_POINT('',(0.,0.,0.));
#5644 = DIRECTION('',(0.,2.2E-16,1.));
#5645 = DIRECTION('',(1.,0.,0.));
#5646 = ADVANCED_FACE('',(#5647),#5658,.F.);
#5647 = FACE_BOUND('',#5648,.T.);
#5648 = EDGE_LOOP('',(#5649,#5650,#5656,#5657));
#5649 = ORIENTED_EDGE('',*,*,#1866,.F.);
#5650 = ORIENTED_EDGE('',*,*,#5651,.F.);
#5651 = EDGE_CURVE('',#999,#1859,#5652,.T.);
#5652 = LINE('',#5653,#5654);
#5653 = CARTESIAN_POINT('',(-11.84661335628,-17.4189362307,0.));
#5654 = VECTOR('',#5655,1.);
#5655 = DIRECTION('',(0.,0.,1.));
#5656 = ORIENTED_EDGE('',*,*,#1006,.T.);
#5657 = ORIENTED_EDGE('',*,*,#5536,.F.);
#5658 = CYLINDRICAL_SURFACE('',#5659,1.55);
#5659 = AXIS2_PLACEMENT_3D('',#5660,#5661,#5662);
#5660 = CARTESIAN_POINT('',(-10.50427398041,-18.1939362307,0.));
#5661 = DIRECTION('',(0.,0.,-1.));
#5662 = DIRECTION('',(-0.5,-0.866025403784,0.));
#5663 = ADVANCED_FACE('',(#5664),#5698,.F.);
#5664 = FACE_BOUND('',#5665,.F.);
#5665 = EDGE_LOOP('',(#5666,#5667,#5673,#5674,#5675,#5683,#5691));
#5666 = ORIENTED_EDGE('',*,*,#1620,.F.);
#5667 = ORIENTED_EDGE('',*,*,#5668,.F.);
#5668 = EDGE_CURVE('',#761,#1621,#5669,.T.);
#5669 = LINE('',#5670,#5671);
#5670 = CARTESIAN_POINT('',(-13.75927121515,15.951302236829,0.));
#5671 = VECTOR('',#5672,1.);
#5672 = DIRECTION('',(0.,0.,1.));
#5673 = ORIENTED_EDGE('',*,*,#760,.T.);
#5674 = ORIENTED_EDGE('',*,*,#5586,.F.);
#5675 = ORIENTED_EDGE('',*,*,#5676,.T.);
#5676 = EDGE_CURVE('',#5578,#5677,#5679,.T.);
#5677 = VERTEX_POINT('',#5678);
#5678 = CARTESIAN_POINT('',(-17.78731046738,19.979341489067,0.));
#5679 = LINE('',#5680,#5681);
#5680 = CARTESIAN_POINT('',(-7.737002579764,9.929033601442,0.));
#5681 = VECTOR('',#5682,1.);
#5682 = DIRECTION('',(-0.707106781187,0.707106781187,0.));
#5683 = ORIENTED_EDGE('',*,*,#5684,.F.);
#5684 = EDGE_CURVE('',#5685,#5677,#5687,.T.);
#5685 = VERTEX_POINT('',#5686);
#5686 = CARTESIAN_POINT('',(-17.78731046738,19.979341489067,2.5));
#5687 = LINE('',#5688,#5689);
#5688 = CARTESIAN_POINT('',(-17.78731046738,19.979341489067,-4.2E-16));
#5689 = VECTOR('',#5690,1.);
#5690 = DIRECTION('',(-0.,-0.,-1.));
#5691 = ORIENTED_EDGE('',*,*,#5692,.F.);
#5692 = EDGE_CURVE('',#1612,#5685,#5693,.T.);
#5693 = HYPERBOLA('',#5694,1.55,1.55);
#5694 = AXIS2_PLACEMENT_3D('',#5695,#5696,#5697);
#5695 = CARTESIAN_POINT('',(1.096015510839,1.096015510839,29.25));
#5696 = DIRECTION('',(0.707106781187,0.707106781187,-2.7E-16));
#5697 = DIRECTION('',(-1.909188309204E-16,-1.909188309204E-16,-1.));
#5698 = PLANE('',#5699);
#5699 = AXIS2_PLACEMENT_3D('',#5700,#5701,#5702);
#5700 = CARTESIAN_POINT('',(-16.57002067036,18.762051692045,0.));
#5701 = DIRECTION('',(0.707106781187,0.707106781187,-0.));
#5702 = DIRECTION('',(-0.,0.,-1.));
#5703 = ADVANCED_FACE('',(#5704),#5789,.F.);
#5704 = FACE_BOUND('',#5705,.F.);
#5705 = EDGE_LOOP('',(#5706,#5707,#5708,#5709,#5766,#5774,#5782));
#5706 = ORIENTED_EDGE('',*,*,#1858,.F.);
#5707 = ORIENTED_EDGE('',*,*,#5651,.F.);
#5708 = ORIENTED_EDGE('',*,*,#998,.T.);
#5709 = ORIENTED_EDGE('',*,*,#5710,.F.);
#5710 = EDGE_CURVE('',#5711,#990,#5713,.T.);
#5711 = VERTEX_POINT('',#5712);
#5712 = CARTESIAN_POINT('',(-13.86838723622,-20.92075131218,2.E-15));
#5713 = B_SPLINE_CURVE_WITH_KNOTS('',6,(#5714,#5715,#5716,#5717,#5718,
    #5719,#5720,#5721,#5722,#5723,#5724,#5725,#5726,#5727,#5728,#5729,
    #5730,#5731,#5732,#5733,#5734,#5735,#5736,#5737,#5738,#5739,#5740,
    #5741,#5742,#5743,#5744,#5745,#5746,#5747,#5748,#5749,#5750,#5751,
    #5752,#5753,#5754,#5755,#5756,#5757,#5758,#5759,#5760,#5761,#5762,
    #5763,#5764,#5765),.UNSPECIFIED.,.F.,.F.,(7,5,5,5,5,5,5,5,5,5,7),(0.
    ,0.202545733274,0.268699382805,0.399449676058,0.531775068236,
    0.596353311447,0.786881485135,0.953369086271,0.976992982112,
    0.988017747536,1.),.UNSPECIFIED.);
#5714 = CARTESIAN_POINT('',(-13.86838723622,-20.92075131218,4.7E-15));
#5715 = CARTESIAN_POINT('',(-13.86838723622,-20.92075131218,
    8.082487540701E-02));
#5716 = CARTESIAN_POINT('',(-13.8618419844,-20.90941460348,
    0.161673320713));
#5717 = CARTESIAN_POINT('',(-13.84874514187,-20.88673020679,
    0.239847188871));
#5718 = CARTESIAN_POINT('',(-13.82947321935,-20.85335025783,
    0.312742492211));
#5719 = CARTESIAN_POINT('',(-13.80471179174,-20.81046220714,
    0.378022754261));
#5720 = CARTESIAN_POINT('',(-13.76588235047,-20.74320764203,
    0.452070172445));
#5721 = CARTESIAN_POINT('',(-13.75584064112,-20.72581489124,
    0.469293030469));
#5722 = CARTESIAN_POINT('',(-13.74535060312,-20.70764561246,
    0.485444528988));
#5723 = CARTESIAN_POINT('',(-13.73444819722,-20.68876209152,
    0.500467427815));
#5724 = CARTESIAN_POINT('',(-13.72317175256,-20.66923071643,
    0.514311027918));
#5725 = CARTESIAN_POINT('',(-13.68861564531,-20.60937778296,
    0.551874428149));
#5726 = CARTESIAN_POINT('',(-13.66436564952,-20.56737555816,
    0.572039925734));
#5727 = CARTESIAN_POINT('',(-13.63912641252,-20.52365991735,
    0.587086627647));
#5728 = CARTESIAN_POINT('',(-13.6132382426,-20.47882029173,
    0.596787364776));
#5729 = CARTESIAN_POINT('',(-13.58705579079,-20.43347095493,
    0.601034169058));
#5730 = CARTESIAN_POINT('',(-13.53450259747,-20.34244615399,
    0.598638702927));
#5731 = CARTESIAN_POINT('',(-13.50813082077,-20.29676889687,0.5918645153
    ));
#5732 = CARTESIAN_POINT('',(-13.48219179437,-20.25184118523,
    0.579537655515));
#5733 = CARTESIAN_POINT('',(-13.45705018111,-20.20829463368,
    0.561805006959));
#5734 = CARTESIAN_POINT('',(-13.43305260232,-20.16672960797,
    0.538936867364));
#5735 = CARTESIAN_POINT('',(-13.39951686468,-20.1086440065,
    0.497842383809));
#5736 = CARTESIAN_POINT('',(-13.3888656799,-20.09019561331,
    0.483233278397));
#5737 = CARTESIAN_POINT('',(-13.37859872836,-20.07241273159,
    0.467537698967));
#5738 = CARTESIAN_POINT('',(-13.36875046163,-20.05535503326,
    0.450806294347));
#5739 = CARTESIAN_POINT('',(-13.35935303951,-20.03907822069,
    0.433095438041));
#5740 = CARTESIAN_POINT('',(-13.32412895017,-19.97806830829,
    0.359507560442));
#5741 = CARTESIAN_POINT('',(-13.30199921728,-19.93973848657,
    0.296548788277));
#5742 = CARTESIAN_POINT('',(-13.28482581442,-19.90999328028,
    0.227199147168));
#5743 = CARTESIAN_POINT('',(-13.27315089322,-19.88977172359,
    0.153428989946));
#5744 = CARTESIAN_POINT('',(-13.26727055677,-19.8795866821,
    7.740913301489E-02));
#5745 = CARTESIAN_POINT('',(-13.26710637356,-19.87930230843,
    -6.505584768635E-02));
#5746 = CARTESIAN_POINT('',(-13.27145286805,-19.88683065772,
    -0.131520862915));
#5747 = CARTESIAN_POINT('',(-13.28022617284,-19.90202646737,
    -0.196526962356));
#5748 = CARTESIAN_POINT('',(-13.29325853393,-19.92459917893,
    -0.258618792402));
#5749 = CARTESIAN_POINT('',(-13.31023396726,-19.95400149193,
    -0.316443702067));
#5750 = CARTESIAN_POINT('',(-13.33359509795,-19.9944641572,
    -0.376267586099));
#5751 = CARTESIAN_POINT('',(-13.3365682098,-19.99961373798,
    -0.383592217632));
#5752 = CARTESIAN_POINT('',(-13.33961020677,-20.0048826313,
    -0.390804261735));
#5753 = CARTESIAN_POINT('',(-13.34271974524,-20.01026850991,
    -0.397900503272));
#5754 = CARTESIAN_POINT('',(-13.34589543178,-20.01576896036,
    -0.404877813319));
#5755 = CARTESIAN_POINT('',(-13.35064804437,-20.02400072683,
    -0.414932387359));
#5756 = CARTESIAN_POINT('',(-13.35217436487,-20.02664439147,
    -0.418105076432));
#5757 = CARTESIAN_POINT('',(-13.35371463836,-20.02931222343,
    -0.421250906893));
#5758 = CARTESIAN_POINT('',(-13.35526871631,-20.03200396539,
    -0.424369573625));
#5759 = CARTESIAN_POINT('',(-13.35683644792,-20.0347193562,
    -0.427460775885));
#5760 = CARTESIAN_POINT('',(-13.36013624053,-20.04043476465,
    -0.433853714785));
#5761 = CARTESIAN_POINT('',(-13.36187118207,-20.04343977155,
    -0.437151177215));
#5762 = CARTESIAN_POINT('',(-13.36362146667,-20.0464713534,
    -0.440414753322));
#5763 = CARTESIAN_POINT('',(-13.36538667345,-20.04952878123,
    -0.443643681767));
#5764 = CARTESIAN_POINT('',(-13.36716699883,-20.05261239523,
    -0.446838291146));
#5765 = CARTESIAN_POINT('',(-13.36896325648,-20.05572360475,-0.45));
#5766 = ORIENTED_EDGE('',*,*,#5767,.T.);
#5767 = EDGE_CURVE('',#5711,#5768,#5770,.T.);
#5768 = VERTEX_POINT('',#5769);
#5769 = CARTESIAN_POINT('',(-14.69486722642,-22.35225664665,0.));
#5770 = LINE('',#5771,#5772);
#5771 = CARTESIAN_POINT('',(-7.588226366075,-10.04319360537,0.));
#5772 = VECTOR('',#5773,1.);
#5773 = DIRECTION('',(-0.5,-0.866025403784,0.));
#5774 = ORIENTED_EDGE('',*,*,#5775,.F.);
#5775 = EDGE_CURVE('',#5776,#5768,#5778,.T.);
#5776 = VERTEX_POINT('',#5777);
#5777 = CARTESIAN_POINT('',(-14.69486722642,-22.35225664665,2.5));
#5778 = LINE('',#5779,#5780);
#5779 = CARTESIAN_POINT('',(-14.69486722642,-22.35225664665,-1.1E-16));
#5780 = VECTOR('',#5781,1.);
#5781 = DIRECTION('',(-0.,-0.,-1.));
#5782 = ORIENTED_EDGE('',*,*,#5783,.F.);
#5783 = EDGE_CURVE('',#1850,#5776,#5784,.T.);
#5784 = HYPERBOLA('',#5785,1.55,1.55);
#5785 = AXIS2_PLACEMENT_3D('',#5786,#5787,#5788);
#5786 = CARTESIAN_POINT('',(-1.342339375866,0.775,29.25));
#5787 = DIRECTION('',(-0.866025403784,0.5,-7.E-17));
#5788 = DIRECTION('',(5.830127018922E-17,-3.901923788647E-17,-1.));
#5789 = PLANE('',#5790);
#5790 = AXIS2_PLACEMENT_3D('',#5791,#5792,#5793);
#5791 = CARTESIAN_POINT('',(-13.83411335628,-20.86138721075,0.));
#5792 = DIRECTION('',(-0.866025403784,0.5,-0.));
#5793 = DIRECTION('',(0.,-0.,-1.));
#5794 = ADVANCED_FACE('',(#5795),#5806,.F.);
#5795 = FACE_BOUND('',#5796,.T.);
#5796 = EDGE_LOOP('',(#5797,#5798,#5799,#5800));
#5797 = ORIENTED_EDGE('',*,*,#1628,.F.);
#5798 = ORIENTED_EDGE('',*,*,#5668,.F.);
#5799 = ORIENTED_EDGE('',*,*,#768,.T.);
#5800 = ORIENTED_EDGE('',*,*,#5801,.F.);
#5801 = EDGE_CURVE('',#1629,#769,#5802,.T.);
#5802 = LINE('',#5803,#5804);
#5803 = CARTESIAN_POINT('',(-15.95130223682,13.75927121515,0.));
#5804 = VECTOR('',#5805,1.);
#5805 = DIRECTION('',(0.,0.,-1.));
#5806 = CYLINDRICAL_SURFACE('',#5807,1.55);
#5807 = AXIS2_PLACEMENT_3D('',#5808,#5809,#5810);
#5808 = CARTESIAN_POINT('',(-14.85528672598,14.855286725989,0.));
#5809 = DIRECTION('',(0.,0.,-1.));
#5810 = DIRECTION('',(-0.707106781187,0.707106781187,0.));
#5811 = ADVANCED_FACE('',(#5812),#5880,.F.);
#5812 = FACE_BOUND('',#5813,.F.);
#5813 = EDGE_LOOP('',(#5814,#5823,#5824,#5825));
#5814 = ORIENTED_EDGE('',*,*,#5815,.T.);
#5815 = EDGE_CURVE('',#5816,#5711,#5818,.T.);
#5816 = VERTEX_POINT('',#5817);
#5817 = CARTESIAN_POINT('',(-16.61849125621,-18.81052227789,2.E-15));
#5818 = CIRCLE('',#5819,25.1);
#5819 = AXIS2_PLACEMENT_3D('',#5820,#5821,#5822);
#5820 = CARTESIAN_POINT('',(0.,0.,0.));
#5821 = DIRECTION('',(-0.,2.2E-16,1.));
#5822 = DIRECTION('',(1.,0.,0.));
#5823 = ORIENTED_EDGE('',*,*,#5710,.T.);
#5824 = ORIENTED_EDGE('',*,*,#989,.F.);
#5825 = ORIENTED_EDGE('',*,*,#5826,.F.);
#5826 = EDGE_CURVE('',#5816,#982,#5827,.T.);
#5827 = B_SPLINE_CURVE_WITH_KNOTS('',6,(#5828,#5829,#5830,#5831,#5832,
    #5833,#5834,#5835,#5836,#5837,#5838,#5839,#5840,#5841,#5842,#5843,
    #5844,#5845,#5846,#5847,#5848,#5849,#5850,#5851,#5852,#5853,#5854,
    #5855,#5856,#5857,#5858,#5859,#5860,#5861,#5862,#5863,#5864,#5865,
    #5866,#5867,#5868,#5869,#5870,#5871,#5872,#5873,#5874,#5875,#5876,
    #5877,#5878,#5879),.UNSPECIFIED.,.F.,.F.,(7,5,5,5,5,5,5,5,5,5,7),(0.
    ,0.202545733274,0.268699382805,0.399449676058,0.531775068236,
    0.596353311447,0.786881485135,0.953369086418,0.976992982259,
    0.988017747683,1.),.UNSPECIFIED.);
#5828 = CARTESIAN_POINT('',(-16.61849125621,-18.81052227789,4.17E-15));
#5829 = CARTESIAN_POINT('',(-16.61849125621,-18.81052227789,
    8.0824875407E-02));
#5830 = CARTESIAN_POINT('',(-16.60923487232,-18.801265894,0.161673320713
    ));
#5831 = CARTESIAN_POINT('',(-16.59071313999,-18.78274416166,
    0.239847188871));
#5832 = CARTESIAN_POINT('',(-16.56345852579,-18.75548954747,
    0.312742492211));
#5833 = CARTESIAN_POINT('',(-16.52844057903,-18.72047160071,
    0.378022754261));
#5834 = CARTESIAN_POINT('',(-16.47352745657,-18.66555847825,
    0.452070172445));
#5835 = CARTESIAN_POINT('',(-16.45932633501,-18.65135735669,
    0.469293030469));
#5836 = CARTESIAN_POINT('',(-16.44449118102,-18.6365222027,
    0.485444528988));
#5837 = CARTESIAN_POINT('',(-16.42907285073,-18.62110387241,
    0.500467427815));
#5838 = CARTESIAN_POINT('',(-16.41312554975,-18.60515657143,
    0.514311027918));
#5839 = CARTESIAN_POINT('',(-16.36425583421,-18.55628685589,
    0.551874428149));
#5840 = CARTESIAN_POINT('',(-16.32996116128,-18.52199218295,
    0.572039925734));
#5841 = CARTESIAN_POINT('',(-16.29426749002,-18.48629851169,
    0.587086627647));
#5842 = CARTESIAN_POINT('',(-16.25765608901,-18.44968711069,
    0.596787364776));
#5843 = CARTESIAN_POINT('',(-16.22062851056,-18.41265953224,
    0.601034169058));
#5844 = CARTESIAN_POINT('',(-16.14630707182,-18.3383380935,
    0.598638702927));
#5845 = CARTESIAN_POINT('',(-16.10901174755,-18.30104276923,0.5918645153
    ));
#5846 = CARTESIAN_POINT('',(-16.07232842461,-18.26435944629,
    0.579537655515));
#5847 = CARTESIAN_POINT('',(-16.03677281416,-18.22880383584,
    0.561805006959));
#5848 = CARTESIAN_POINT('',(-16.00283511278,-18.19486613446,
    0.538936867364));
#5849 = CARTESIAN_POINT('',(-15.95540841778,-18.14743943946,
    0.497842383809));
#5850 = CARTESIAN_POINT('',(-15.94034536781,-18.13237638949,
    0.483233278397));
#5851 = CARTESIAN_POINT('',(-15.9258257057,-18.11785672737,
    0.467537698967));
#5852 = CARTESIAN_POINT('',(-15.91189815332,-18.103929175,0.450806294347
    ));
#5853 = CARTESIAN_POINT('',(-15.89860819152,-18.09063921319,
    0.433095438041));
#5854 = CARTESIAN_POINT('',(-15.84879380664,-18.04082482832,
    0.359507560442));
#5855 = CARTESIAN_POINT('',(-15.81749763825,-18.00952865993,
    0.296548788276));
#5856 = CARTESIAN_POINT('',(-15.79321077902,-17.9852418007,
    0.227199147169));
#5857 = CARTESIAN_POINT('',(-15.77669994712,-17.9687309688,
    0.153428989946));
#5858 = CARTESIAN_POINT('',(-15.76838389557,-17.96041491725,
    7.740913301497E-02));
#5859 = CARTESIAN_POINT('',(-15.76815170544,-17.96018272712,
    -6.505584774505E-02));
#5860 = CARTESIAN_POINT('',(-15.77429857691,-17.96632959858,
    -0.131520863032));
#5861 = CARTESIAN_POINT('',(-15.78670590355,-17.97873692523,
    -0.196526962528));
#5862 = CARTESIAN_POINT('',(-15.80513644539,-17.99716746707,
    -0.258618792621));
#5863 = CARTESIAN_POINT('',(-15.82914333347,-18.02117435515,
    -0.316443702323));
#5864 = CARTESIAN_POINT('',(-15.86218096137,-18.05421198305,
    -0.376267586373));
#5865 = CARTESIAN_POINT('',(-15.86638557648,-18.05841659816,
    -0.383592217902));
#5866 = CARTESIAN_POINT('',(-15.87068760985,-18.06271863153,
    -0.390804262002));
#5867 = CARTESIAN_POINT('',(-15.87508516133,-18.06711618301,
    -0.397900503535));
#5868 = CARTESIAN_POINT('',(-15.87957626032,-18.07160728199,
    -0.404877813579));
#5869 = CARTESIAN_POINT('',(-15.8862974695,-18.07832849118,
    -0.414932387613));
#5870 = CARTESIAN_POINT('',(-15.88845601265,-18.08048703432,
    -0.418105076684));
#5871 = CARTESIAN_POINT('',(-15.89063428832,-18.08266530999,
    -0.421250907144));
#5872 = CARTESIAN_POINT('',(-15.89283208642,-18.0848631081,
    -0.424369573873));
#5873 = CARTESIAN_POINT('',(-15.89504919374,-18.08708021542,
    -0.427460776132));
#5874 = CARTESIAN_POINT('',(-15.89971580517,-18.09174682685,
    -0.433853714987));
#5875 = CARTESIAN_POINT('',(-15.902169383,-18.09420040468,
    -0.437151177375));
#5876 = CARTESIAN_POINT('',(-15.90464465919,-18.09667568086,
    -0.440414753441));
#5877 = CARTESIAN_POINT('',(-15.90714103853,-18.0991720602,
    -0.443643681845));
#5878 = CARTESIAN_POINT('',(-15.90965879878,-18.10168982046,
    -0.446838291185));
#5879 = CARTESIAN_POINT('',(-15.91219909069,-18.10423011237,-0.45));
#5880 = TOROIDAL_SURFACE('',#5881,24.5,0.6);
#5881 = AXIS2_PLACEMENT_3D('',#5882,#5883,#5884);
#5882 = CARTESIAN_POINT('',(0.,0.,0.));
#5883 = DIRECTION('',(0.,2.2E-16,1.));
#5884 = DIRECTION('',(1.,0.,0.));
#5885 = ADVANCED_FACE('',(#5886),#5971,.F.);
#5886 = FACE_BOUND('',#5887,.F.);
#5887 = EDGE_LOOP('',(#5888,#5889,#5890,#5899,#5907,#5915,#5970));
#5888 = ORIENTED_EDGE('',*,*,#5801,.F.);
#5889 = ORIENTED_EDGE('',*,*,#1637,.T.);
#5890 = ORIENTED_EDGE('',*,*,#5891,.F.);
#5891 = EDGE_CURVE('',#5892,#1638,#5894,.T.);
#5892 = VERTEX_POINT('',#5893);
#5893 = CARTESIAN_POINT('',(-19.97934148906,17.787310467388,2.5));
#5894 = HYPERBOLA('',#5895,1.55,1.55);
#5895 = AXIS2_PLACEMENT_3D('',#5896,#5897,#5898);
#5896 = CARTESIAN_POINT('',(-1.096015510839,-1.096015510839,29.25));
#5897 = DIRECTION('',(-0.707106781187,-0.707106781187,2.7E-16));
#5898 = DIRECTION('',(-1.909188309204E-16,-1.909188309204E-16,-1.));
#5899 = ORIENTED_EDGE('',*,*,#5900,.T.);
#5900 = EDGE_CURVE('',#5892,#5901,#5903,.T.);
#5901 = VERTEX_POINT('',#5902);
#5902 = CARTESIAN_POINT('',(-19.97934148906,17.787310467388,0.));
#5903 = LINE('',#5904,#5905);
#5904 = CARTESIAN_POINT('',(-19.97934148906,17.787310467388,4.2E-16));
#5905 = VECTOR('',#5906,1.);
#5906 = DIRECTION('',(-0.,-0.,-1.));
#5907 = ORIENTED_EDGE('',*,*,#5908,.T.);
#5908 = EDGE_CURVE('',#5901,#5909,#5911,.T.);
#5909 = VERTEX_POINT('',#5910);
#5910 = CARTESIAN_POINT('',(-18.81052227789,16.618491256215,-2.E-15));
#5911 = LINE('',#5912,#5913);
#5912 = CARTESIAN_POINT('',(-9.929033601442,7.737002579764,0.));
#5913 = VECTOR('',#5914,1.);
#5914 = DIRECTION('',(0.707106781187,-0.707106781187,0.));
#5915 = ORIENTED_EDGE('',*,*,#5916,.T.);
#5916 = EDGE_CURVE('',#5909,#778,#5917,.T.);
#5917 = B_SPLINE_CURVE_WITH_KNOTS('',6,(#5918,#5919,#5920,#5921,#5922,
    #5923,#5924,#5925,#5926,#5927,#5928,#5929,#5930,#5931,#5932,#5933,
    #5934,#5935,#5936,#5937,#5938,#5939,#5940,#5941,#5942,#5943,#5944,
    #5945,#5946,#5947,#5948,#5949,#5950,#5951,#5952,#5953,#5954,#5955,
    #5956,#5957,#5958,#5959,#5960,#5961,#5962,#5963,#5964,#5965,#5966,
    #5967,#5968,#5969),.UNSPECIFIED.,.F.,.F.,(7,5,5,5,5,5,5,5,5,5,7),(0.
    ,0.202545733275,0.268699382805,0.399449676058,0.531775068236,
    0.596353311447,0.786881485135,0.95336908657,0.976992982411,
    0.988017747835,1.),.UNSPECIFIED.);
#5918 = CARTESIAN_POINT('',(-18.81052227789,16.618491256215,-3.69E-15));
#5919 = CARTESIAN_POINT('',(-18.81052227789,16.618491256215,
    8.082487540698E-02));
#5920 = CARTESIAN_POINT('',(-18.801265894,16.609234872326,0.161673320713
    ));
#5921 = CARTESIAN_POINT('',(-18.78274416167,16.590713139991,
    0.239847188871));
#5922 = CARTESIAN_POINT('',(-18.75548954747,16.563458525792,
    0.312742492211));
#5923 = CARTESIAN_POINT('',(-18.72047160071,16.528440579036,
    0.378022754261));
#5924 = CARTESIAN_POINT('',(-18.66555847825,16.473527456578,
    0.452070172445));
#5925 = CARTESIAN_POINT('',(-18.65135735669,16.459326335019,
    0.469293030469));
#5926 = CARTESIAN_POINT('',(-18.6365222027,16.444491181023,
    0.485444528988));
#5927 = CARTESIAN_POINT('',(-18.62110387241,16.429072850733,
    0.500467427815));
#5928 = CARTESIAN_POINT('',(-18.60515657143,16.413125549754,
    0.514311027918));
#5929 = CARTESIAN_POINT('',(-18.55628685589,16.364255834218,
    0.551874428149));
#5930 = CARTESIAN_POINT('',(-18.52199218295,16.32996116128,
    0.572039925734));
#5931 = CARTESIAN_POINT('',(-18.48629851169,16.29426749002,
    0.587086627647));
#5932 = CARTESIAN_POINT('',(-18.44968711069,16.257656089012,
    0.596787364776));
#5933 = CARTESIAN_POINT('',(-18.41265953224,16.220628510569,
    0.601034169058));
#5934 = CARTESIAN_POINT('',(-18.3383380935,16.146307071823,
    0.598638702927));
#5935 = CARTESIAN_POINT('',(-18.30104276923,16.109011747555,
    0.591864515299));
#5936 = CARTESIAN_POINT('',(-18.26435944629,16.072328424618,
    0.579537655515));
#5937 = CARTESIAN_POINT('',(-18.22880383584,16.036772814165,
    0.561805006959));
#5938 = CARTESIAN_POINT('',(-18.19486613446,16.002835112783,
    0.538936867364));
#5939 = CARTESIAN_POINT('',(-18.14743943946,15.955408417783,
    0.497842383809));
#5940 = CARTESIAN_POINT('',(-18.13237638949,15.940345367817,
    0.483233278397));
#5941 = CARTESIAN_POINT('',(-18.11785672737,15.925825705701,
    0.467537698967));
#5942 = CARTESIAN_POINT('',(-18.103929175,15.911898153328,0.450806294347
    ));
#5943 = CARTESIAN_POINT('',(-18.09063921319,15.898608191521,
    0.433095438041));
#5944 = CARTESIAN_POINT('',(-18.04082482832,15.848793806644,
    0.359507560442));
#5945 = CARTESIAN_POINT('',(-18.00952865993,15.817497638258,
    0.296548788276));
#5946 = CARTESIAN_POINT('',(-17.9852418007,15.793210779027,
    0.227199147168));
#5947 = CARTESIAN_POINT('',(-17.9687309688,15.776699947127,
    0.153428989946));
#5948 = CARTESIAN_POINT('',(-17.96041491725,15.768383895571,
    7.740913301491E-02));
#5949 = CARTESIAN_POINT('',(-17.96018272712,15.768151705449,
    -6.505584780558E-02));
#5950 = CARTESIAN_POINT('',(-17.9663295986,15.774298576922,
    -0.131520863154));
#5951 = CARTESIAN_POINT('',(-17.97873692526,15.78670590359,
    -0.196526962706));
#5952 = CARTESIAN_POINT('',(-17.99716746714,15.805136445465,
    -0.258618792848));
#5953 = CARTESIAN_POINT('',(-18.02117435526,15.829143333585,
    -0.316443702587));
#5954 = CARTESIAN_POINT('',(-18.05421198321,15.862180961537,
    -0.376267586656));
#5955 = CARTESIAN_POINT('',(-18.05841659832,15.866385576646,
    -0.383592218182));
#5956 = CARTESIAN_POINT('',(-18.0627186317,15.870687610027,
    -0.390804262279));
#5957 = CARTESIAN_POINT('',(-18.06711618318,15.875085161505,
    -0.397900503808));
#5958 = CARTESIAN_POINT('',(-18.07160728217,15.879576260495,
    -0.404877813848));
#5959 = CARTESIAN_POINT('',(-18.07832849136,15.886297469684,
    -0.414932387876));
#5960 = CARTESIAN_POINT('',(-18.0804870345,15.888456012831,
    -0.418105076945));
#5961 = CARTESIAN_POINT('',(-18.08266531017,15.890634288501,
    -0.421250907403));
#5962 = CARTESIAN_POINT('',(-18.08486310828,15.89283208661,
    -0.424369574131));
#5963 = CARTESIAN_POINT('',(-18.0870802156,15.895049193926,
    -0.427460776388));
#5964 = CARTESIAN_POINT('',(-18.09174682701,15.899715805332,
    -0.433853715196));
#5965 = CARTESIAN_POINT('',(-18.0942004048,15.902169383129,
    -0.437151177541));
#5966 = CARTESIAN_POINT('',(-18.09667568096,15.904644659285,
    -0.440414753565));
#5967 = CARTESIAN_POINT('',(-18.09917206027,15.907141038595,
    -0.443643681926));
#5968 = CARTESIAN_POINT('',(-18.10168982049,15.90965879882,
    -0.446838291225));
#5969 = CARTESIAN_POINT('',(-18.10423011237,15.912199090695,-0.45));
#5970 = ORIENTED_EDGE('',*,*,#777,.T.);
#5971 = PLANE('',#5972);
#5972 = AXIS2_PLACEMENT_3D('',#5973,#5974,#5975);
#5973 = CARTESIAN_POINT('',(-18.76205169204,16.570020670367,0.));
#5974 = DIRECTION('',(-0.707106781187,-0.707106781187,0.));
#5975 = DIRECTION('',(0.,0.,1.));
#5976 = ADVANCED_FACE('',(#5977),#6011,.F.);
#5977 = FACE_BOUND('',#5978,.F.);
#5978 = EDGE_LOOP('',(#5979,#5985,#5986,#5995,#6003,#6009,#6010));
#5979 = ORIENTED_EDGE('',*,*,#5980,.F.);
#5980 = EDGE_CURVE('',#1833,#973,#5981,.T.);
#5981 = LINE('',#5982,#5983);
#5982 = CARTESIAN_POINT('',(-13.75927121515,-15.95130223682,0.));
#5983 = VECTOR('',#5984,1.);
#5984 = DIRECTION('',(0.,0.,-1.));
#5985 = ORIENTED_EDGE('',*,*,#1841,.T.);
#5986 = ORIENTED_EDGE('',*,*,#5987,.F.);
#5987 = EDGE_CURVE('',#5988,#1842,#5990,.T.);
#5988 = VERTEX_POINT('',#5989);
#5989 = CARTESIAN_POINT('',(-17.78731046738,-19.97934148906,2.5));
#5990 = HYPERBOLA('',#5991,1.55,1.55);
#5991 = AXIS2_PLACEMENT_3D('',#5992,#5993,#5994);
#5992 = CARTESIAN_POINT('',(1.096015510839,-1.096015510839,29.25));
#5993 = DIRECTION('',(0.707106781187,-0.707106781187,1.1E-16));
#5994 = DIRECTION('',(7.778174593052E-17,-7.778174593052E-17,-1.));
#5995 = ORIENTED_EDGE('',*,*,#5996,.T.);
#5996 = EDGE_CURVE('',#5988,#5997,#5999,.T.);
#5997 = VERTEX_POINT('',#5998);
#5998 = CARTESIAN_POINT('',(-17.78731046738,-19.97934148906,0.));
#5999 = LINE('',#6000,#6001);
#6000 = CARTESIAN_POINT('',(-17.78731046738,-19.97934148906,1.7E-16));
#6001 = VECTOR('',#6002,1.);
#6002 = DIRECTION('',(-0.,-0.,-1.));
#6003 = ORIENTED_EDGE('',*,*,#6004,.T.);
#6004 = EDGE_CURVE('',#5997,#5816,#6005,.T.);
#6005 = LINE('',#6006,#6007);
#6006 = CARTESIAN_POINT('',(-7.737002579764,-9.929033601442,0.));
#6007 = VECTOR('',#6008,1.);
#6008 = DIRECTION('',(0.707106781187,0.707106781187,0.));
#6009 = ORIENTED_EDGE('',*,*,#5826,.T.);
#6010 = ORIENTED_EDGE('',*,*,#981,.T.);
#6011 = PLANE('',#6012);
#6012 = AXIS2_PLACEMENT_3D('',#6013,#6014,#6015);
#6013 = CARTESIAN_POINT('',(-16.57002067036,-18.76205169204,0.));
#6014 = DIRECTION('',(0.707106781187,-0.707106781187,0.));
#6015 = DIRECTION('',(0.,0.,1.));
#6016 = ADVANCED_FACE('',(#6017),#6085,.F.);
#6017 = FACE_BOUND('',#6018,.F.);
#6018 = EDGE_LOOP('',(#6019,#6020,#6029,#6084));
#6019 = ORIENTED_EDGE('',*,*,#5916,.F.);
#6020 = ORIENTED_EDGE('',*,*,#6021,.T.);
#6021 = EDGE_CURVE('',#5909,#6022,#6024,.T.);
#6022 = VERTEX_POINT('',#6023);
#6023 = CARTESIAN_POINT('',(-20.92075131218,13.868387236225,-2.E-15));
#6024 = CIRCLE('',#6025,25.1);
#6025 = AXIS2_PLACEMENT_3D('',#6026,#6027,#6028);
#6026 = CARTESIAN_POINT('',(0.,0.,0.));
#6027 = DIRECTION('',(-0.,2.2E-16,1.));
#6028 = DIRECTION('',(1.,0.,0.));
#6029 = ORIENTED_EDGE('',*,*,#6030,.T.);
#6030 = EDGE_CURVE('',#6022,#786,#6031,.T.);
#6031 = B_SPLINE_CURVE_WITH_KNOTS('',6,(#6032,#6033,#6034,#6035,#6036,
    #6037,#6038,#6039,#6040,#6041,#6042,#6043,#6044,#6045,#6046,#6047,
    #6048,#6049,#6050,#6051,#6052,#6053,#6054,#6055,#6056,#6057,#6058,
    #6059,#6060,#6061,#6062,#6063,#6064,#6065,#6066,#6067,#6068,#6069,
    #6070,#6071,#6072,#6073,#6074,#6075,#6076,#6077,#6078,#6079,#6080,
    #6081,#6082,#6083),.UNSPECIFIED.,.F.,.F.,(7,5,5,5,5,5,5,5,5,5,7),(0.
    ,0.202545733235,0.268699382766,0.399449676019,0.531775068197,
    0.596353311407,0.786881485096,0.953369085934,0.976992981774,
    0.988017747198,1.),.UNSPECIFIED.);
#6032 = CARTESIAN_POINT('',(-20.92075131218,13.868387236225,-3.05E-15));
#6033 = CARTESIAN_POINT('',(-20.92075131218,13.868387236225,
    8.082487539117E-02));
#6034 = CARTESIAN_POINT('',(-20.90941460349,13.86184198441,
    0.161673320681));
#6035 = CARTESIAN_POINT('',(-20.88673020681,13.848745141882,
    0.239847188826));
#6036 = CARTESIAN_POINT('',(-20.85335025786,13.82947321937,
    0.312742492154));
#6037 = CARTESIAN_POINT('',(-20.81046220718,13.804711791766,
    0.378022754197));
#6038 = CARTESIAN_POINT('',(-20.7432076421,13.765882350511,
    0.452070172382));
#6039 = CARTESIAN_POINT('',(-20.7258148913,13.755840641157,
    0.469293030409));
#6040 = CARTESIAN_POINT('',(-20.70764561253,13.745350603168,
    0.485444528932));
#6041 = CARTESIAN_POINT('',(-20.68876209158,13.734448197267,
    0.500467427762));
#6042 = CARTESIAN_POINT('',(-20.6692307165,13.723171752604,
    0.514311027869));
#6043 = CARTESIAN_POINT('',(-20.60937778304,13.688615645357,
    0.551874428111));
#6044 = CARTESIAN_POINT('',(-20.56737555824,13.664365649565,
    0.572039925703));
#6045 = CARTESIAN_POINT('',(-20.52365991743,13.639126412573,
    0.587086627624));
#6046 = CARTESIAN_POINT('',(-20.47882029181,13.613238242653,
    0.596787364761));
#6047 = CARTESIAN_POINT('',(-20.43347095501,13.587055790845,
    0.601034169052));
#6048 = CARTESIAN_POINT('',(-20.34244615407,13.53450259752,
    0.598638702938));
#6049 = CARTESIAN_POINT('',(-20.29676889695,13.508130820823,
    0.591864515318));
#6050 = CARTESIAN_POINT('',(-20.25184118531,13.482191794417,
    0.579537655542));
#6051 = CARTESIAN_POINT('',(-20.20829463376,13.457050181155,
    0.561805006994));
#6052 = CARTESIAN_POINT('',(-20.16672960804,13.433052602368,
    0.538936867407));
#6053 = CARTESIAN_POINT('',(-20.10864400657,13.39951686472,
    0.497842383862));
#6054 = CARTESIAN_POINT('',(-20.09019561337,13.388865679943,
    0.483233278453));
#6055 = CARTESIAN_POINT('',(-20.07241273166,13.378598728399,
    0.467537699027));
#6056 = CARTESIAN_POINT('',(-20.05535503332,13.36875046167,0.45080629441
    ));
#6057 = CARTESIAN_POINT('',(-20.03907822075,13.359353039553,
    0.433095438107));
#6058 = CARTESIAN_POINT('',(-19.97806830834,13.324128950199,
    0.359507560519));
#6059 = CARTESIAN_POINT('',(-19.93973848661,13.301999217304,
    0.29654878836));
#6060 = CARTESIAN_POINT('',(-19.90999328031,13.284825814442,
    0.227199147258));
#6061 = CARTESIAN_POINT('',(-19.88977172361,13.273150893237,
    0.153428990039));
#6062 = CARTESIAN_POINT('',(-19.87958668211,13.267270556783,
    7.74091331099E-02));
#6063 = CARTESIAN_POINT('',(-19.87930230843,13.267106373562,
    -6.505584747237E-02));
#6064 = CARTESIAN_POINT('',(-19.88683065767,13.271452868027,
    -0.131520862584));
#6065 = CARTESIAN_POINT('',(-19.90202646726,13.280226172782,
    -0.196526961916));
#6066 = CARTESIAN_POINT('',(-19.92459917873,13.293258533825,
    -0.258618791871));
#6067 = CARTESIAN_POINT('',(-19.95400149162,13.310233967088,
    -0.316443701469));
#6068 = CARTESIAN_POINT('',(-19.99446415676,13.333595097698,
    -0.376267585469));
#6069 = CARTESIAN_POINT('',(-19.99961373753,13.336568209545,
    -0.38359221701));
#6070 = CARTESIAN_POINT('',(-20.00488263084,13.339610206512,
    -0.390804261122));
#6071 = CARTESIAN_POINT('',(-20.01026850944,13.342719744974,
    -0.397900502667));
#6072 = CARTESIAN_POINT('',(-20.01576895988,13.345895431516,
    -0.404877812723));
#6073 = CARTESIAN_POINT('',(-20.02400072634,13.350648044098,
    -0.414932386775));
#6074 = CARTESIAN_POINT('',(-20.02664439099,13.352174364591,
    -0.418105075852));
#6075 = CARTESIAN_POINT('',(-20.02931222293,13.353714638084,
    -0.421250906318));
#6076 = CARTESIAN_POINT('',(-20.03200396489,13.355268716027,
    -0.424369573053));
#6077 = CARTESIAN_POINT('',(-20.0347193557,13.356836447641,
    -0.427460775318));
#6078 = CARTESIAN_POINT('',(-20.04043476423,13.360136240294,
    -0.43385371432));
#6079 = CARTESIAN_POINT('',(-20.0434397712,13.361871181881,
    -0.437151176847));
#6080 = CARTESIAN_POINT('',(-20.04647135314,13.363621466527,
    -0.440414753049));
#6081 = CARTESIAN_POINT('',(-20.04952878105,13.365386673358,
    -0.443643681586));
#6082 = CARTESIAN_POINT('',(-20.05261239514,13.367166998781,
    -0.446838291057));
#6083 = CARTESIAN_POINT('',(-20.05572360475,13.368963256487,-0.45));
#6084 = ORIENTED_EDGE('',*,*,#785,.F.);
#6085 = TOROIDAL_SURFACE('',#6086,24.5,0.6);
#6086 = AXIS2_PLACEMENT_3D('',#6087,#6088,#6089);
#6087 = CARTESIAN_POINT('',(0.,0.,0.));
#6088 = DIRECTION('',(0.,2.2E-16,1.));
#6089 = DIRECTION('',(1.,0.,0.));
#6090 = ADVANCED_FACE('',(#6091),#6102,.F.);
#6091 = FACE_BOUND('',#6092,.T.);
#6092 = EDGE_LOOP('',(#6093,#6094,#6100,#6101));
#6093 = ORIENTED_EDGE('',*,*,#1832,.F.);
#6094 = ORIENTED_EDGE('',*,*,#6095,.F.);
#6095 = EDGE_CURVE('',#965,#1825,#6096,.T.);
#6096 = LINE('',#6097,#6098);
#6097 = CARTESIAN_POINT('',(-15.95130223682,-13.75927121515,0.));
#6098 = VECTOR('',#6099,1.);
#6099 = DIRECTION('',(0.,0.,1.));
#6100 = ORIENTED_EDGE('',*,*,#972,.T.);
#6101 = ORIENTED_EDGE('',*,*,#5980,.F.);
#6102 = CYLINDRICAL_SURFACE('',#6103,1.55);
#6103 = AXIS2_PLACEMENT_3D('',#6104,#6105,#6106);
#6104 = CARTESIAN_POINT('',(-14.85528672598,-14.85528672598,0.));
#6105 = DIRECTION('',(0.,0.,-1.));
#6106 = DIRECTION('',(-0.707106781187,-0.707106781187,0.));
#6107 = ADVANCED_FACE('',(#6108),#6142,.F.);
#6108 = FACE_BOUND('',#6109,.F.);
#6109 = EDGE_LOOP('',(#6110,#6111,#6117,#6118,#6119,#6127,#6135));
#6110 = ORIENTED_EDGE('',*,*,#1654,.F.);
#6111 = ORIENTED_EDGE('',*,*,#6112,.F.);
#6112 = EDGE_CURVE('',#795,#1655,#6113,.T.);
#6113 = LINE('',#6114,#6115);
#6114 = CARTESIAN_POINT('',(-17.4189362307,11.846613356284,0.));
#6115 = VECTOR('',#6116,1.);
#6116 = DIRECTION('',(0.,0.,1.));
#6117 = ORIENTED_EDGE('',*,*,#794,.T.);
#6118 = ORIENTED_EDGE('',*,*,#6030,.F.);
#6119 = ORIENTED_EDGE('',*,*,#6120,.T.);
#6120 = EDGE_CURVE('',#6022,#6121,#6123,.T.);
#6121 = VERTEX_POINT('',#6122);
#6122 = CARTESIAN_POINT('',(-22.35225664665,14.694867226427,0.));
#6123 = LINE('',#6124,#6125);
#6124 = CARTESIAN_POINT('',(-10.04319360537,7.588226366075,0.));
#6125 = VECTOR('',#6126,1.);
#6126 = DIRECTION('',(-0.866025403784,0.5,0.));
#6127 = ORIENTED_EDGE('',*,*,#6128,.F.);
#6128 = EDGE_CURVE('',#6129,#6121,#6131,.T.);
#6129 = VERTEX_POINT('',#6130);
#6130 = CARTESIAN_POINT('',(-22.35225664665,14.694867226427,2.5));
#6131 = LINE('',#6132,#6133);
#6132 = CARTESIAN_POINT('',(-22.35225664665,14.694867226427,-4.1E-16));
#6133 = VECTOR('',#6134,1.);
#6134 = DIRECTION('',(-0.,-0.,-1.));
#6135 = ORIENTED_EDGE('',*,*,#6136,.F.);
#6136 = EDGE_CURVE('',#1646,#6129,#6137,.T.);
#6137 = HYPERBOLA('',#6138,1.55,1.55);
#6138 = AXIS2_PLACEMENT_3D('',#6139,#6140,#6141);
#6139 = CARTESIAN_POINT('',(0.775,1.342339375866,29.25));
#6140 = DIRECTION('',(0.5,0.866025403784,-2.6E-16));
#6141 = DIRECTION('',(-1.279070785648E-16,-2.26374953738E-16,-1.));
#6142 = PLANE('',#6143);
#6143 = AXIS2_PLACEMENT_3D('',#6144,#6145,#6146);
#6144 = CARTESIAN_POINT('',(-20.86138721075,13.834113356284,0.));
#6145 = DIRECTION('',(0.5,0.866025403784,-0.));
#6146 = DIRECTION('',(-0.,0.,-1.));
#6147 = ADVANCED_FACE('',(#6148),#6233,.F.);
#6148 = FACE_BOUND('',#6149,.F.);
#6149 = EDGE_LOOP('',(#6150,#6151,#6152,#6153,#6210,#6218,#6226));
#6150 = ORIENTED_EDGE('',*,*,#1824,.F.);
#6151 = ORIENTED_EDGE('',*,*,#6095,.F.);
#6152 = ORIENTED_EDGE('',*,*,#964,.T.);
#6153 = ORIENTED_EDGE('',*,*,#6154,.F.);
#6154 = EDGE_CURVE('',#6155,#956,#6157,.T.);
#6155 = VERTEX_POINT('',#6156);
#6156 = CARTESIAN_POINT('',(-18.81052227789,-16.61849125621,2.E-15));
#6157 = B_SPLINE_CURVE_WITH_KNOTS('',6,(#6158,#6159,#6160,#6161,#6162,
    #6163,#6164,#6165,#6166,#6167,#6168,#6169,#6170,#6171,#6172,#6173,
    #6174,#6175,#6176,#6177,#6178,#6179,#6180,#6181,#6182,#6183,#6184,
    #6185,#6186,#6187,#6188,#6189,#6190,#6191,#6192,#6193,#6194,#6195,
    #6196,#6197,#6198,#6199,#6200,#6201,#6202,#6203,#6204,#6205,#6206,
    #6207,#6208,#6209),.UNSPECIFIED.,.F.,.F.,(7,5,5,5,5,5,5,5,5,5,7),(0.
    ,0.202545733235,0.268699382766,0.399449676018,0.531775068196,
    0.596353311407,0.786881485095,0.953369085799,0.97699298164,
    0.988017747064,1.),.UNSPECIFIED.);
#6158 = CARTESIAN_POINT('',(-18.81052227789,-16.61849125621,3.66E-15));
#6159 = CARTESIAN_POINT('',(-18.81052227789,-16.61849125621,
    8.082487539116E-02));
#6160 = CARTESIAN_POINT('',(-18.801265894,-16.60923487233,0.161673320681
    ));
#6161 = CARTESIAN_POINT('',(-18.78274416168,-16.59071314,0.239847188825)
  );
#6162 = CARTESIAN_POINT('',(-18.75548954749,-16.56345852581,
    0.312742492154));
#6163 = CARTESIAN_POINT('',(-18.72047160074,-16.52844057907,
    0.378022754197));
#6164 = CARTESIAN_POINT('',(-18.6655584783,-16.47352745662,
    0.452070172382));
#6165 = CARTESIAN_POINT('',(-18.65135735675,-16.45932633507,
    0.469293030409));
#6166 = CARTESIAN_POINT('',(-18.63652220275,-16.44449118107,
    0.485444528932));
#6167 = CARTESIAN_POINT('',(-18.62110387246,-16.42907285078,
    0.500467427762));
#6168 = CARTESIAN_POINT('',(-18.60515657149,-16.41312554981,
    0.514311027869));
#6169 = CARTESIAN_POINT('',(-18.55628685595,-16.36425583428,
    0.551874428111));
#6170 = CARTESIAN_POINT('',(-18.52199218302,-16.32996116134,
    0.572039925703));
#6171 = CARTESIAN_POINT('',(-18.48629851176,-16.29426749008,
    0.587086627624));
#6172 = CARTESIAN_POINT('',(-18.44968711075,-16.25765608907,
    0.596787364761));
#6173 = CARTESIAN_POINT('',(-18.41265953231,-16.22062851063,
    0.601034169052));
#6174 = CARTESIAN_POINT('',(-18.33833809356,-16.14630707189,
    0.598638702938));
#6175 = CARTESIAN_POINT('',(-18.3010427693,-16.10901174762,
    0.591864515318));
#6176 = CARTESIAN_POINT('',(-18.26435944636,-16.07232842468,
    0.579537655542));
#6177 = CARTESIAN_POINT('',(-18.2288038359,-16.03677281422,
    0.561805006994));
#6178 = CARTESIAN_POINT('',(-18.19486613452,-16.00283511284,
    0.538936867407));
#6179 = CARTESIAN_POINT('',(-18.14743943951,-15.95540841783,
    0.497842383862));
#6180 = CARTESIAN_POINT('',(-18.13237638954,-15.94034536787,
    0.483233278453));
#6181 = CARTESIAN_POINT('',(-18.11785672743,-15.92582570575,
    0.467537699027));
#6182 = CARTESIAN_POINT('',(-18.10392917505,-15.91189815337,
    0.45080629441));
#6183 = CARTESIAN_POINT('',(-18.09063921324,-15.89860819156,
    0.433095438107));
#6184 = CARTESIAN_POINT('',(-18.04082482836,-15.84879380668,
    0.359507560519));
#6185 = CARTESIAN_POINT('',(-18.00952865997,-15.81749763829,
    0.29654878836));
#6186 = CARTESIAN_POINT('',(-17.98524180073,-15.79321077905,
    0.227199147258));
#6187 = CARTESIAN_POINT('',(-17.96873096882,-15.77669994714,
    0.153428990039));
#6188 = CARTESIAN_POINT('',(-17.96041491725,-15.76838389558,
    7.740913310988E-02));
#6189 = CARTESIAN_POINT('',(-17.96018272712,-15.76815170544,
    -6.505584741879E-02));
#6190 = CARTESIAN_POINT('',(-17.96632959853,-15.77429857685,
    -0.131520862476));
#6191 = CARTESIAN_POINT('',(-17.97873692508,-15.7867059034,
    -0.196526961759));
#6192 = CARTESIAN_POINT('',(-17.99716746679,-15.80513644511,
    -0.25861879167));
#6193 = CARTESIAN_POINT('',(-18.0211743547,-15.82914333302,
    -0.316443701235));
#6194 = CARTESIAN_POINT('',(-18.05421198239,-15.86218096071,
    -0.376267585218));
#6195 = CARTESIAN_POINT('',(-18.05841659748,-15.86638557581,
    -0.383592216762));
#6196 = CARTESIAN_POINT('',(-18.06271863085,-15.87068760917,
    -0.390804260877));
#6197 = CARTESIAN_POINT('',(-18.06711618231,-15.87508516063,
    -0.397900502425));
#6198 = CARTESIAN_POINT('',(-18.07160728129,-15.87957625961,
    -0.404877812485));
#6199 = CARTESIAN_POINT('',(-18.07832849045,-15.88629746877,
    -0.414932386542));
#6200 = CARTESIAN_POINT('',(-18.08048703359,-15.88845601191,
    -0.418105075621));
#6201 = CARTESIAN_POINT('',(-18.08266530926,-15.89063428758,
    -0.421250906088));
#6202 = CARTESIAN_POINT('',(-18.08486310736,-15.89283208568,
    -0.424369572825));
#6203 = CARTESIAN_POINT('',(-18.08708021467,-15.89504919299,
    -0.427460775092));
#6204 = CARTESIAN_POINT('',(-18.09174682622,-15.89971580454,
    -0.433853714135));
#6205 = CARTESIAN_POINT('',(-18.09420040416,-15.90216938249,
    -0.4371511767));
#6206 = CARTESIAN_POINT('',(-18.09667568048,-15.9046446588,
    -0.44041475294));
#6207 = CARTESIAN_POINT('',(-18.09917205994,-15.90714103827,
    -0.443643681515));
#6208 = CARTESIAN_POINT('',(-18.10168982033,-15.90965879865,
    -0.446838291022));
#6209 = CARTESIAN_POINT('',(-18.10423011237,-15.91219909069,-0.45));
#6210 = ORIENTED_EDGE('',*,*,#6211,.T.);
#6211 = EDGE_CURVE('',#6155,#6212,#6214,.T.);
#6212 = VERTEX_POINT('',#6213);
#6213 = CARTESIAN_POINT('',(-19.97934148906,-17.78731046738,0.));
#6214 = LINE('',#6215,#6216);
#6215 = CARTESIAN_POINT('',(-9.929033601442,-7.737002579764,0.));
#6216 = VECTOR('',#6217,1.);
#6217 = DIRECTION('',(-0.707106781187,-0.707106781187,0.));
#6218 = ORIENTED_EDGE('',*,*,#6219,.F.);
#6219 = EDGE_CURVE('',#6220,#6212,#6222,.T.);
#6220 = VERTEX_POINT('',#6221);
#6221 = CARTESIAN_POINT('',(-19.97934148906,-17.78731046738,2.5));
#6222 = LINE('',#6223,#6224);
#6223 = CARTESIAN_POINT('',(-19.97934148906,-17.78731046738,-1.7E-16));
#6224 = VECTOR('',#6225,1.);
#6225 = DIRECTION('',(-0.,-0.,-1.));
#6226 = ORIENTED_EDGE('',*,*,#6227,.F.);
#6227 = EDGE_CURVE('',#1816,#6220,#6228,.T.);
#6228 = HYPERBOLA('',#6229,1.55,1.55);
#6229 = AXIS2_PLACEMENT_3D('',#6230,#6231,#6232);
#6230 = CARTESIAN_POINT('',(-1.096015510839,1.096015510839,29.25));
#6231 = DIRECTION('',(-0.707106781187,0.707106781187,-1.1E-16));
#6232 = DIRECTION('',(7.778174593052E-17,-7.778174593052E-17,-1.));
#6233 = PLANE('',#6234);
#6234 = AXIS2_PLACEMENT_3D('',#6235,#6236,#6237);
#6235 = CARTESIAN_POINT('',(-18.76205169204,-16.57002067036,0.));
#6236 = DIRECTION('',(-0.707106781187,0.707106781187,-0.));
#6237 = DIRECTION('',(0.,-0.,-1.));
#6238 = ADVANCED_FACE('',(#6239),#6250,.F.);
#6239 = FACE_BOUND('',#6240,.T.);
#6240 = EDGE_LOOP('',(#6241,#6242,#6243,#6244));
#6241 = ORIENTED_EDGE('',*,*,#1662,.F.);
#6242 = ORIENTED_EDGE('',*,*,#6112,.F.);
#6243 = ORIENTED_EDGE('',*,*,#802,.T.);
#6244 = ORIENTED_EDGE('',*,*,#6245,.F.);
#6245 = EDGE_CURVE('',#1663,#803,#6246,.T.);
#6246 = LINE('',#6247,#6248);
#6247 = CARTESIAN_POINT('',(-18.9689362307,9.161934604552,0.));
#6248 = VECTOR('',#6249,1.);
#6249 = DIRECTION('',(0.,0.,-1.));
#6250 = CYLINDRICAL_SURFACE('',#6251,1.55);
#6251 = AXIS2_PLACEMENT_3D('',#6252,#6253,#6254);
#6252 = CARTESIAN_POINT('',(-18.1939362307,10.504273980418,0.));
#6253 = DIRECTION('',(0.,0.,-1.));
#6254 = DIRECTION('',(-0.866025403784,0.5,0.));
#6255 = ADVANCED_FACE('',(#6256),#6324,.F.);
#6256 = FACE_BOUND('',#6257,.F.);
#6257 = EDGE_LOOP('',(#6258,#6267,#6268,#6269));
#6258 = ORIENTED_EDGE('',*,*,#6259,.T.);
#6259 = EDGE_CURVE('',#6260,#6155,#6262,.T.);
#6260 = VERTEX_POINT('',#6261);
#6261 = CARTESIAN_POINT('',(-20.92075131218,-13.86838723622,2.E-15));
#6262 = CIRCLE('',#6263,25.1);
#6263 = AXIS2_PLACEMENT_3D('',#6264,#6265,#6266);
#6264 = CARTESIAN_POINT('',(0.,0.,0.));
#6265 = DIRECTION('',(-0.,2.2E-16,1.));
#6266 = DIRECTION('',(1.,0.,0.));
#6267 = ORIENTED_EDGE('',*,*,#6154,.T.);
#6268 = ORIENTED_EDGE('',*,*,#955,.F.);
#6269 = ORIENTED_EDGE('',*,*,#6270,.F.);
#6270 = EDGE_CURVE('',#6260,#948,#6271,.T.);
#6271 = B_SPLINE_CURVE_WITH_KNOTS('',6,(#6272,#6273,#6274,#6275,#6276,
    #6277,#6278,#6279,#6280,#6281,#6282,#6283,#6284,#6285,#6286,#6287,
    #6288,#6289,#6290,#6291,#6292,#6293,#6294,#6295,#6296,#6297,#6298,
    #6299,#6300,#6301,#6302,#6303,#6304,#6305,#6306,#6307,#6308,#6309,
    #6310,#6311,#6312,#6313,#6314,#6315,#6316,#6317,#6318,#6319,#6320,
    #6321,#6322,#6323),.UNSPECIFIED.,.F.,.F.,(7,5,5,5,5,5,5,5,5,5,7),(0.
    ,0.202545733274,0.268699382805,0.399449676058,0.531775068236,
    0.596353311447,0.786881485135,0.95336908657,0.976992982411,
    0.988017747835,1.),.UNSPECIFIED.);
#6272 = CARTESIAN_POINT('',(-20.92075131218,-13.86838723622,3.1E-15));
#6273 = CARTESIAN_POINT('',(-20.92075131218,-13.86838723622,
    8.082487540699E-02));
#6274 = CARTESIAN_POINT('',(-20.90941460348,-13.8618419844,
    0.161673320713));
#6275 = CARTESIAN_POINT('',(-20.88673020679,-13.84874514187,
    0.239847188871));
#6276 = CARTESIAN_POINT('',(-20.85335025783,-13.82947321935,
    0.312742492211));
#6277 = CARTESIAN_POINT('',(-20.81046220714,-13.80471179174,
    0.378022754261));
#6278 = CARTESIAN_POINT('',(-20.74320764203,-13.76588235047,
    0.452070172445));
#6279 = CARTESIAN_POINT('',(-20.72581489124,-13.75584064112,
    0.469293030469));
#6280 = CARTESIAN_POINT('',(-20.70764561246,-13.74535060312,
    0.485444528988));
#6281 = CARTESIAN_POINT('',(-20.68876209152,-13.73444819722,
    0.500467427815));
#6282 = CARTESIAN_POINT('',(-20.66923071643,-13.72317175256,
    0.514311027918));
#6283 = CARTESIAN_POINT('',(-20.60937778296,-13.68861564531,
    0.551874428149));
#6284 = CARTESIAN_POINT('',(-20.56737555816,-13.66436564952,
    0.572039925734));
#6285 = CARTESIAN_POINT('',(-20.52365991735,-13.63912641252,
    0.587086627647));
#6286 = CARTESIAN_POINT('',(-20.47882029173,-13.6132382426,
    0.596787364776));
#6287 = CARTESIAN_POINT('',(-20.43347095493,-13.58705579079,
    0.601034169058));
#6288 = CARTESIAN_POINT('',(-20.34244615399,-13.53450259747,
    0.598638702927));
#6289 = CARTESIAN_POINT('',(-20.29676889687,-13.50813082077,0.5918645153
    ));
#6290 = CARTESIAN_POINT('',(-20.25184118523,-13.48219179437,
    0.579537655515));
#6291 = CARTESIAN_POINT('',(-20.20829463368,-13.45705018111,
    0.561805006959));
#6292 = CARTESIAN_POINT('',(-20.16672960797,-13.43305260232,
    0.538936867364));
#6293 = CARTESIAN_POINT('',(-20.1086440065,-13.39951686468,
    0.497842383809));
#6294 = CARTESIAN_POINT('',(-20.09019561331,-13.3888656799,
    0.483233278397));
#6295 = CARTESIAN_POINT('',(-20.07241273159,-13.37859872836,
    0.467537698967));
#6296 = CARTESIAN_POINT('',(-20.05535503326,-13.36875046163,
    0.450806294347));
#6297 = CARTESIAN_POINT('',(-20.03907822069,-13.35935303951,
    0.433095438041));
#6298 = CARTESIAN_POINT('',(-19.97806830829,-13.32412895017,
    0.359507560442));
#6299 = CARTESIAN_POINT('',(-19.93973848657,-13.30199921728,
    0.296548788277));
#6300 = CARTESIAN_POINT('',(-19.90999328028,-13.28482581442,
    0.227199147168));
#6301 = CARTESIAN_POINT('',(-19.88977172359,-13.27315089322,
    0.153428989946));
#6302 = CARTESIAN_POINT('',(-19.8795866821,-13.26727055677,
    7.740913301487E-02));
#6303 = CARTESIAN_POINT('',(-19.87930230843,-13.26710637356,
    -6.505584780563E-02));
#6304 = CARTESIAN_POINT('',(-19.88683065775,-13.27145286806,
    -0.131520863154));
#6305 = CARTESIAN_POINT('',(-19.90202646745,-13.28022617289,
    -0.196526962706));
#6306 = CARTESIAN_POINT('',(-19.92459917909,-13.29325853403,
    -0.258618792848));
#6307 = CARTESIAN_POINT('',(-19.95400149219,-13.31023396741,
    -0.316443702587));
#6308 = CARTESIAN_POINT('',(-19.99446415759,-13.33359509817,
    -0.376267586656));
#6309 = CARTESIAN_POINT('',(-19.99961373838,-13.33656821003,
    -0.383592218182));
#6310 = CARTESIAN_POINT('',(-20.0048826317,-13.339610207,-0.390804262279
    ));
#6311 = CARTESIAN_POINT('',(-20.01026851032,-13.34271974548,
    -0.397900503808));
#6312 = CARTESIAN_POINT('',(-20.01576896077,-13.34589543203,
    -0.404877813848));
#6313 = CARTESIAN_POINT('',(-20.02400072726,-13.35064804462,
    -0.414932387876));
#6314 = CARTESIAN_POINT('',(-20.02664439191,-13.35217436512,
    -0.418105076945));
#6315 = CARTESIAN_POINT('',(-20.02931222386,-13.35371463862,
    -0.421250907403));
#6316 = CARTESIAN_POINT('',(-20.03200396582,-13.35526871656,
    -0.424369574131));
#6317 = CARTESIAN_POINT('',(-20.03471935664,-13.35683644818,
    -0.427460776388));
#6318 = CARTESIAN_POINT('',(-20.04043476503,-13.36013624075,
    -0.433853715196));
#6319 = CARTESIAN_POINT('',(-20.04343977185,-13.36187118225,
    -0.437151177541));
#6320 = CARTESIAN_POINT('',(-20.04647135363,-13.3636214668,
    -0.440414753565));
#6321 = CARTESIAN_POINT('',(-20.04952878138,-13.36538667354,
    -0.443643681926));
#6322 = CARTESIAN_POINT('',(-20.05261239531,-13.36716699887,
    -0.446838291225));
#6323 = CARTESIAN_POINT('',(-20.05572360475,-13.36896325648,-0.45));
#6324 = TOROIDAL_SURFACE('',#6325,24.5,0.6);
#6325 = AXIS2_PLACEMENT_3D('',#6326,#6327,#6328);
#6326 = CARTESIAN_POINT('',(0.,0.,0.));
#6327 = DIRECTION('',(0.,2.2E-16,1.));
#6328 = DIRECTION('',(1.,0.,0.));
#6329 = ADVANCED_FACE('',(#6330),#6415,.F.);
#6330 = FACE_BOUND('',#6331,.F.);
#6331 = EDGE_LOOP('',(#6332,#6333,#6334,#6343,#6351,#6359,#6414));
#6332 = ORIENTED_EDGE('',*,*,#6245,.F.);
#6333 = ORIENTED_EDGE('',*,*,#1671,.T.);
#6334 = ORIENTED_EDGE('',*,*,#6335,.F.);
#6335 = EDGE_CURVE('',#6336,#1672,#6338,.T.);
#6336 = VERTEX_POINT('',#6337);
#6337 = CARTESIAN_POINT('',(-23.90225664665,12.010188474695,2.5));
#6338 = HYPERBOLA('',#6339,1.55,1.55);
#6339 = AXIS2_PLACEMENT_3D('',#6340,#6341,#6342);
#6340 = CARTESIAN_POINT('',(-0.775,-1.342339375866,29.25));
#6341 = DIRECTION('',(-0.5,-0.866025403784,2.6E-16));
#6342 = DIRECTION('',(-1.279070785648E-16,-2.26374953738E-16,-1.));
#6343 = ORIENTED_EDGE('',*,*,#6344,.T.);
#6344 = EDGE_CURVE('',#6336,#6345,#6347,.T.);
#6345 = VERTEX_POINT('',#6346);
#6346 = CARTESIAN_POINT('',(-23.90225664665,12.010188474695,0.));
#6347 = LINE('',#6348,#6349);
#6348 = CARTESIAN_POINT('',(-23.90225664665,12.010188474695,4.1E-16));
#6349 = VECTOR('',#6350,1.);
#6350 = DIRECTION('',(-0.,-0.,-1.));
#6351 = ORIENTED_EDGE('',*,*,#6352,.T.);
#6352 = EDGE_CURVE('',#6345,#6353,#6355,.T.);
#6353 = VERTEX_POINT('',#6354);
#6354 = CARTESIAN_POINT('',(-22.47075131218,11.183708484493,-1.E-15));
#6355 = LINE('',#6356,#6357);
#6356 = CARTESIAN_POINT('',(-11.59319360537,4.903547614343,0.));
#6357 = VECTOR('',#6358,1.);
#6358 = DIRECTION('',(0.866025403784,-0.5,0.));
#6359 = ORIENTED_EDGE('',*,*,#6360,.T.);
#6360 = EDGE_CURVE('',#6353,#812,#6361,.T.);
#6361 = B_SPLINE_CURVE_WITH_KNOTS('',6,(#6362,#6363,#6364,#6365,#6366,
    #6367,#6368,#6369,#6370,#6371,#6372,#6373,#6374,#6375,#6376,#6377,
    #6378,#6379,#6380,#6381,#6382,#6383,#6384,#6385,#6386,#6387,#6388,
    #6389,#6390,#6391,#6392,#6393,#6394,#6395,#6396,#6397,#6398,#6399,
    #6400,#6401,#6402,#6403,#6404,#6405,#6406,#6407,#6408,#6409,#6410,
    #6411,#6412,#6413),.UNSPECIFIED.,.F.,.F.,(7,5,5,5,5,5,5,5,5,5,7),(0.
    ,0.202545733274,0.268699382805,0.399449676058,0.531775068236,
    0.596353311447,0.786881485135,0.953369086418,0.976992982259,
    0.988017747683,1.),.UNSPECIFIED.);
#6362 = CARTESIAN_POINT('',(-22.47075131218,11.183708484493,-2.51E-15));
#6363 = CARTESIAN_POINT('',(-22.47075131218,11.183708484493,
    8.082487540699E-02));
#6364 = CARTESIAN_POINT('',(-22.45941460348,11.177163232676,
    0.161673320713));
#6365 = CARTESIAN_POINT('',(-22.43673020679,11.164066390143,
    0.239847188871));
#6366 = CARTESIAN_POINT('',(-22.40335025783,11.144794467623,
    0.312742492211));
#6367 = CARTESIAN_POINT('',(-22.36046220714,11.12003304001,
    0.378022754261));
#6368 = CARTESIAN_POINT('',(-22.29320764203,11.081203598743,
    0.452070172445));
#6369 = CARTESIAN_POINT('',(-22.27581489124,11.071161889388,
    0.469293030469));
#6370 = CARTESIAN_POINT('',(-22.25764561246,11.060671851398,
    0.485444528988));
#6371 = CARTESIAN_POINT('',(-22.23876209152,11.049769445495,
    0.500467427815));
#6372 = CARTESIAN_POINT('',(-22.21923071643,11.038493000831,
    0.514311027918));
#6373 = CARTESIAN_POINT('',(-22.15937778296,11.003936893581,
    0.551874428149));
#6374 = CARTESIAN_POINT('',(-22.11737555816,10.979686897788,
    0.572039925734));
#6375 = CARTESIAN_POINT('',(-22.07365991735,10.954447660795,
    0.587086627647));
#6376 = CARTESIAN_POINT('',(-22.02882029173,10.928559490874,
    0.596787364776));
#6377 = CARTESIAN_POINT('',(-21.98347095493,10.902377039065,
    0.601034169058));
#6378 = CARTESIAN_POINT('',(-21.89244615399,10.849823845741,
    0.598638702927));
#6379 = CARTESIAN_POINT('',(-21.84676889687,10.823452069044,
    0.591864515299));
#6380 = CARTESIAN_POINT('',(-21.80184118523,10.797513042639,
    0.579537655515));
#6381 = CARTESIAN_POINT('',(-21.75829463368,10.772371429378,
    0.561805006959));
#6382 = CARTESIAN_POINT('',(-21.71672960797,10.748373850593,
    0.538936867364));
#6383 = CARTESIAN_POINT('',(-21.6586440065,10.714838112949,
    0.497842383809));
#6384 = CARTESIAN_POINT('',(-21.64019561331,10.704186928173,
    0.483233278397));
#6385 = CARTESIAN_POINT('',(-21.62241273159,10.69391997663,
    0.467537698967));
#6386 = CARTESIAN_POINT('',(-21.60535503326,10.684071709902,
    0.450806294347));
#6387 = CARTESIAN_POINT('',(-21.58907822069,10.674674287786,
    0.433095438041));
#6388 = CARTESIAN_POINT('',(-21.52806830829,10.639450198439,
    0.359507560442));
#6389 = CARTESIAN_POINT('',(-21.48973848657,10.617320465549,
    0.296548788276));
#6390 = CARTESIAN_POINT('',(-21.45999328028,10.600147062693,
    0.227199147168));
#6391 = CARTESIAN_POINT('',(-21.43977172359,10.588472141493,
    0.153428989946));
#6392 = CARTESIAN_POINT('',(-21.4295866821,10.582591805045,
    7.740913301492E-02));
#6393 = CARTESIAN_POINT('',(-21.42930230843,10.582427621835,
    -6.505584774498E-02));
#6394 = CARTESIAN_POINT('',(-21.43683065773,10.586774116329,
    -0.131520863033));
#6395 = CARTESIAN_POINT('',(-21.45202646741,10.595547421136,
    -0.196526962528));
#6396 = CARTESIAN_POINT('',(-21.47459917901,10.608579782253,
    -0.258618792621));
#6397 = CARTESIAN_POINT('',(-21.50400149206,10.625555215608,
    -0.316443702323));
#6398 = CARTESIAN_POINT('',(-21.54446415739,10.648916346331,
    -0.376267586373));
#6399 = CARTESIAN_POINT('',(-21.54961373818,10.651889458185,
    -0.383592217902));
#6400 = CARTESIAN_POINT('',(-21.55488263149,10.654931455159,
    -0.390804262002));
#6401 = CARTESIAN_POINT('',(-21.56026851011,10.658040993627,
    -0.397900503535));
#6402 = CARTESIAN_POINT('',(-21.56576896056,10.661216680176,
    -0.404877813579));
#6403 = CARTESIAN_POINT('',(-21.57400072704,10.665969292768,
    -0.414932387613));
#6404 = CARTESIAN_POINT('',(-21.57664439169,10.667495613264,
    -0.418105076684));
#6405 = CARTESIAN_POINT('',(-21.57931222364,10.669035886761,
    -0.421250907144));
#6406 = CARTESIAN_POINT('',(-21.5820039656,10.670589964706,
    -0.424369573873));
#6407 = CARTESIAN_POINT('',(-21.58471935641,10.672157696323,
    -0.427460776132));
#6408 = CARTESIAN_POINT('',(-21.59043476484,10.675457488913,
    -0.433853714987));
#6409 = CARTESIAN_POINT('',(-21.59343977169,10.677192430433,
    -0.437151177375));
#6410 = CARTESIAN_POINT('',(-21.59647135351,10.67894271501,
    -0.440414753441));
#6411 = CARTESIAN_POINT('',(-21.5995287813,10.68070792177,
    -0.443643681845));
#6412 = CARTESIAN_POINT('',(-21.60261239527,10.682488247121,
    -0.446838291185));
#6413 = CARTESIAN_POINT('',(-21.60572360475,10.684284504755,-0.45));
#6414 = ORIENTED_EDGE('',*,*,#811,.T.);
#6415 = PLANE('',#6416);
#6416 = AXIS2_PLACEMENT_3D('',#6417,#6418,#6419);
#6417 = CARTESIAN_POINT('',(-22.41138721075,11.149434604552,0.));
#6418 = DIRECTION('',(-0.5,-0.866025403784,0.));
#6419 = DIRECTION('',(0.,0.,1.));
#6420 = ADVANCED_FACE('',(#6421),#6455,.F.);
#6421 = FACE_BOUND('',#6422,.F.);
#6422 = EDGE_LOOP('',(#6423,#6429,#6430,#6439,#6447,#6453,#6454));
#6423 = ORIENTED_EDGE('',*,*,#6424,.F.);
#6424 = EDGE_CURVE('',#1799,#939,#6425,.T.);
#6425 = LINE('',#6426,#6427);
#6426 = CARTESIAN_POINT('',(-17.4189362307,-11.84661335628,0.));
#6427 = VECTOR('',#6428,1.);
#6428 = DIRECTION('',(0.,0.,-1.));
#6429 = ORIENTED_EDGE('',*,*,#1807,.T.);
#6430 = ORIENTED_EDGE('',*,*,#6431,.F.);
#6431 = EDGE_CURVE('',#6432,#1808,#6434,.T.);
#6432 = VERTEX_POINT('',#6433);
#6433 = CARTESIAN_POINT('',(-22.35225664665,-14.69486722642,2.5));
#6434 = HYPERBOLA('',#6435,1.55,1.55);
#6435 = AXIS2_PLACEMENT_3D('',#6436,#6437,#6438);
#6436 = CARTESIAN_POINT('',(0.775,-1.342339375866,29.25));
#6437 = DIRECTION('',(0.5,-0.866025403784,1.5E-16));
#6438 = DIRECTION('',(7.870834875401E-17,-1.277627944163E-16,-1.));
#6439 = ORIENTED_EDGE('',*,*,#6440,.T.);
#6440 = EDGE_CURVE('',#6432,#6441,#6443,.T.);
#6441 = VERTEX_POINT('',#6442);
#6442 = CARTESIAN_POINT('',(-22.35225664665,-14.69486722642,0.));
#6443 = LINE('',#6444,#6445);
#6444 = CARTESIAN_POINT('',(-22.35225664665,-14.69486722642,2.4E-16));
#6445 = VECTOR('',#6446,1.);
#6446 = DIRECTION('',(-0.,-0.,-1.));
#6447 = ORIENTED_EDGE('',*,*,#6448,.T.);
#6448 = EDGE_CURVE('',#6441,#6260,#6449,.T.);
#6449 = LINE('',#6450,#6451);
#6450 = CARTESIAN_POINT('',(-10.04319360537,-7.588226366075,0.));
#6451 = VECTOR('',#6452,1.);
#6452 = DIRECTION('',(0.866025403784,0.5,0.));
#6453 = ORIENTED_EDGE('',*,*,#6270,.T.);
#6454 = ORIENTED_EDGE('',*,*,#947,.T.);
#6455 = PLANE('',#6456);
#6456 = AXIS2_PLACEMENT_3D('',#6457,#6458,#6459);
#6457 = CARTESIAN_POINT('',(-20.86138721075,-13.83411335628,0.));
#6458 = DIRECTION('',(0.5,-0.866025403784,0.));
#6459 = DIRECTION('',(0.,0.,1.));
#6460 = ADVANCED_FACE('',(#6461),#6529,.F.);
#6461 = FACE_BOUND('',#6462,.F.);
#6462 = EDGE_LOOP('',(#6463,#6464,#6473,#6528));
#6463 = ORIENTED_EDGE('',*,*,#6360,.F.);
#6464 = ORIENTED_EDGE('',*,*,#6465,.T.);
#6465 = EDGE_CURVE('',#6353,#6466,#6468,.T.);
#6466 = VERTEX_POINT('',#6467);
#6467 = CARTESIAN_POINT('',(-23.79729673939,7.981144523,-1.E-15));
#6468 = CIRCLE('',#6469,25.1);
#6469 = AXIS2_PLACEMENT_3D('',#6470,#6471,#6472);
#6470 = CARTESIAN_POINT('',(0.,0.,0.));
#6471 = DIRECTION('',(-0.,2.2E-16,1.));
#6472 = DIRECTION('',(1.,0.,0.));
#6473 = ORIENTED_EDGE('',*,*,#6474,.T.);
#6474 = EDGE_CURVE('',#6466,#820,#6475,.T.);
#6475 = B_SPLINE_CURVE_WITH_KNOTS('',6,(#6476,#6477,#6478,#6479,#6480,
    #6481,#6482,#6483,#6484,#6485,#6486,#6487,#6488,#6489,#6490,#6491,
    #6492,#6493,#6494,#6495,#6496,#6497,#6498,#6499,#6500,#6501,#6502,
    #6503,#6504,#6505,#6506,#6507,#6508,#6509,#6510,#6511,#6512,#6513,
    #6514,#6515,#6516,#6517,#6518,#6519,#6520,#6521,#6522,#6523,#6524,
    #6525,#6526,#6527),.UNSPECIFIED.,.F.,.F.,(7,5,5,5,5,5,5,5,5,5,7),(0.
    ,0.202545733235,0.268699382766,0.399449676019,0.531775068197,
    0.596353311407,0.786881485096,0.953369085775,0.976992981616,
    0.98801774704,1.),.UNSPECIFIED.);
#6476 = CARTESIAN_POINT('',(-23.79729673939,7.981144523001,-1.74E-15));
#6477 = CARTESIAN_POINT('',(-23.79729673939,7.981144523001,
    8.082487539117E-02));
#6478 = CARTESIAN_POINT('',(-23.78465228386,7.977756451352,
    0.161673320681));
#6479 = CARTESIAN_POINT('',(-23.75935112698,7.970977026798,
    0.239847188826));
#6480 = CARTESIAN_POINT('',(-23.72212063163,7.961001145634,
    0.312742492154));
#6481 = CARTESIAN_POINT('',(-23.67428522679,7.948183687538,
    0.378022754197));
#6482 = CARTESIAN_POINT('',(-23.59927250653,7.928084089724,
    0.452070172382));
#6483 = CARTESIAN_POINT('',(-23.57987341372,7.922886118471,
    0.469293030409));
#6484 = CARTESIAN_POINT('',(-23.5596082165,7.91745607524,0.485444528932)
  );
#6485 = CARTESIAN_POINT('',(-23.53854638564,7.911812574671,
    0.500467427762));
#6486 = CARTESIAN_POINT('',(-23.51676196738,7.905975457391,
    0.514311027869));
#6487 = CARTESIAN_POINT('',(-23.45000469449,7.888087900031,
    0.551874428111));
#6488 = CARTESIAN_POINT('',(-23.40315730004,7.875535178522,
    0.572039925703));
#6489 = CARTESIAN_POINT('',(-23.35439883835,7.862470388087,
    0.587086627624));
#6490 = CARTESIAN_POINT('',(-23.30438673451,7.849069685251,
    0.596787364761));
#6491 = CARTESIAN_POINT('',(-23.25380612171,7.8355166509,0.601034169052)
  );
#6492 = CARTESIAN_POINT('',(-23.15228114834,7.808313116273,
    0.598638702938));
#6493 = CARTESIAN_POINT('',(-23.10133478795,7.794662080148,
    0.591864515318));
#6494 = CARTESIAN_POINT('',(-23.05122443692,7.781235052058,
    0.579537655542));
#6495 = CARTESIAN_POINT('',(-23.00265456979,7.768220795384,
    0.561805006994));
#6496 = CARTESIAN_POINT('',(-22.95629480755,7.755798734531,
    0.538936867407));
#6497 = CARTESIAN_POINT('',(-22.89150873736,7.738439359342,
    0.497842383862));
#6498 = CARTESIAN_POINT('',(-22.87093222844,7.732925900395,
    0.483233278453));
#6499 = CARTESIAN_POINT('',(-22.85109800114,7.727611335206,
    0.467537699027));
#6500 = CARTESIAN_POINT('',(-22.83207261078,7.722513497224,0.45080629441
    ));
#6501 = CARTESIAN_POINT('',(-22.81391818533,7.717649033587,
    0.433095438107));
#6502 = CARTESIAN_POINT('',(-22.74587047011,7.699415703245,
    0.359507560519));
#6503 = CARTESIAN_POINT('',(-22.70311910904,7.687960510572,0.29654878836
    ));
#6504 = CARTESIAN_POINT('',(-22.66994264234,7.679070903112,
    0.227199147258));
#6505 = CARTESIAN_POINT('',(-22.64738842652,7.673027519196,
    0.153428990039));
#6506 = CARTESIAN_POINT('',(-22.63602848882,7.669983633065,
    7.740913310994E-02));
#6507 = CARTESIAN_POINT('',(-22.6357113112,7.669898645576,
    -6.505584740914E-02));
#6508 = CARTESIAN_POINT('',(-22.6441080937,7.672148556665,
    -0.131520862457));
#6509 = CARTESIAN_POINT('',(-22.66105681695,7.676689953375,
    -0.19652696173));
#6510 = CARTESIAN_POINT('',(-22.68623340512,7.683435999843,
    -0.258618791634));
#6511 = CARTESIAN_POINT('',(-22.71902742386,7.692223130682,
    -0.316443701193));
#6512 = CARTESIAN_POINT('',(-22.76415766257,7.704315741696,
    -0.376267585174));
#6513 = CARTESIAN_POINT('',(-22.76990127359,7.705854737633,
    -0.383592216718));
#6514 = CARTESIAN_POINT('',(-22.77577796046,7.707429391132,
    -0.390804260834));
#6515 = CARTESIAN_POINT('',(-22.78178512747,7.709039006682,
    -0.397900502382));
#6516 = CARTESIAN_POINT('',(-22.78792008276,7.710682862997,
    -0.404877812443));
#6517 = CARTESIAN_POINT('',(-22.79710142523,7.713142996296,
    -0.414932386501));
#6518 = CARTESIAN_POINT('',(-22.80005004999,7.713933077921,
    -0.41810507558));
#6519 = CARTESIAN_POINT('',(-22.80302562988,7.71473038215,
    -0.421250906047));
#6520 = CARTESIAN_POINT('',(-22.80602787792,7.715534832088,
    -0.424369572785));
#6521 = CARTESIAN_POINT('',(-22.80905650283,7.716346349686,
    -0.427460775052));
#6522 = CARTESIAN_POINT('',(-22.81543121276,7.718054448064,
    -0.433853714102));
#6523 = CARTESIAN_POINT('',(-22.81878286257,7.718952519925,
    -0.437151176674));
#6524 = CARTESIAN_POINT('',(-22.8221641529,7.719858533938,
    -0.440414752921));
#6525 = CARTESIAN_POINT('',(-22.82557427068,7.720772272242,
    -0.443643681502));
#6526 = CARTESIAN_POINT('',(-22.82901359534,7.721693836506,
    -0.446838291015));
#6527 = CARTESIAN_POINT('',(-22.8324836988,7.722623647927,-0.45));
#6528 = ORIENTED_EDGE('',*,*,#819,.F.);
#6529 = TOROIDAL_SURFACE('',#6530,24.5,0.6);
#6530 = AXIS2_PLACEMENT_3D('',#6531,#6532,#6533);
#6531 = CARTESIAN_POINT('',(0.,0.,0.));
#6532 = DIRECTION('',(0.,2.2E-16,1.));
#6533 = DIRECTION('',(1.,0.,0.));
#6534 = ADVANCED_FACE('',(#6535),#6546,.F.);
#6535 = FACE_BOUND('',#6536,.T.);
#6536 = EDGE_LOOP('',(#6537,#6538,#6544,#6545));
#6537 = ORIENTED_EDGE('',*,*,#1798,.F.);
#6538 = ORIENTED_EDGE('',*,*,#6539,.F.);
#6539 = EDGE_CURVE('',#931,#1791,#6540,.T.);
#6540 = LINE('',#6541,#6542);
#6541 = CARTESIAN_POINT('',(-18.9689362307,-9.161934604552,0.));
#6542 = VECTOR('',#6543,1.);
#6543 = DIRECTION('',(0.,0.,1.));
#6544 = ORIENTED_EDGE('',*,*,#938,.T.);
#6545 = ORIENTED_EDGE('',*,*,#6424,.F.);
#6546 = CYLINDRICAL_SURFACE('',#6547,1.55);
#6547 = AXIS2_PLACEMENT_3D('',#6548,#6549,#6550);
#6548 = CARTESIAN_POINT('',(-18.1939362307,-10.50427398041,0.));
#6549 = DIRECTION('',(0.,0.,-1.));
#6550 = DIRECTION('',(-0.866025403784,-0.5,0.));
#6551 = ADVANCED_FACE('',(#6552),#6586,.F.);
#6552 = FACE_BOUND('',#6553,.F.);
#6553 = EDGE_LOOP('',(#6554,#6555,#6561,#6562,#6563,#6571,#6579));
#6554 = ORIENTED_EDGE('',*,*,#1688,.F.);
#6555 = ORIENTED_EDGE('',*,*,#6556,.F.);
#6556 = EDGE_CURVE('',#829,#1689,#6557,.T.);
#6557 = LINE('',#6558,#6559);
#6558 = CARTESIAN_POINT('',(-19.89152952829,6.934597352962,0.));
#6559 = VECTOR('',#6560,1.);
#6560 = DIRECTION('',(0.,0.,1.));
#6561 = ORIENTED_EDGE('',*,*,#828,.T.);
#6562 = ORIENTED_EDGE('',*,*,#6474,.F.);
#6563 = ORIENTED_EDGE('',*,*,#6564,.T.);
#6564 = EDGE_CURVE('',#6466,#6565,#6567,.T.);
#6565 = VERTEX_POINT('',#6566);
#6566 = CARTESIAN_POINT('',(-25.39393347429,8.408962046722,0.));
#6567 = LINE('',#6568,#6569);
#6568 = CARTESIAN_POINT('',(-11.66495758394,4.730294043996,0.));
#6569 = VECTOR('',#6570,1.);
#6570 = DIRECTION('',(-0.965925826289,0.258819045103,0.));
#6571 = ORIENTED_EDGE('',*,*,#6572,.F.);
#6572 = EDGE_CURVE('',#6573,#6565,#6575,.T.);
#6573 = VERTEX_POINT('',#6574);
#6574 = CARTESIAN_POINT('',(-25.39393347429,8.408962046722,2.5));
#6575 = LINE('',#6576,#6577);
#6576 = CARTESIAN_POINT('',(-25.39393347429,8.408962046722,-3.8E-16));
#6577 = VECTOR('',#6578,1.);
#6578 = DIRECTION('',(-0.,-0.,-1.));
#6579 = ORIENTED_EDGE('',*,*,#6580,.F.);
#6580 = EDGE_CURVE('',#1680,#6573,#6581,.T.);
#6581 = HYPERBOLA('',#6582,1.55,1.55);
#6582 = AXIS2_PLACEMENT_3D('',#6583,#6584,#6585);
#6583 = CARTESIAN_POINT('',(0.401169519909,1.497185030748,29.25));
#6584 = DIRECTION('',(0.258819045103,0.965925826289,-2.5E-16));
#6585 = DIRECTION('',(-6.068552338916E-17,-2.425584081181E-16,-1.));
#6586 = PLANE('',#6587);
#6587 = AXIS2_PLACEMENT_3D('',#6588,#6589,#6590);
#6588 = CARTESIAN_POINT('',(-23.73108468779,7.963403057244,0.));
#6589 = DIRECTION('',(0.258819045103,0.965925826289,0.));
#6590 = DIRECTION('',(0.,-0.,-1.));
#6591 = ADVANCED_FACE('',(#6592),#6677,.F.);
#6592 = FACE_BOUND('',#6593,.F.);
#6593 = EDGE_LOOP('',(#6594,#6595,#6596,#6597,#6654,#6662,#6670));
#6594 = ORIENTED_EDGE('',*,*,#1790,.F.);
#6595 = ORIENTED_EDGE('',*,*,#6539,.F.);
#6596 = ORIENTED_EDGE('',*,*,#930,.T.);
#6597 = ORIENTED_EDGE('',*,*,#6598,.F.);
#6598 = EDGE_CURVE('',#6599,#922,#6601,.T.);
#6599 = VERTEX_POINT('',#6600);
#6600 = CARTESIAN_POINT('',(-22.47075131218,-11.18370848449,1.E-15));
#6601 = B_SPLINE_CURVE_WITH_KNOTS('',6,(#6602,#6603,#6604,#6605,#6606,
    #6607,#6608,#6609,#6610,#6611,#6612,#6613,#6614,#6615,#6616,#6617,
    #6618,#6619,#6620,#6621,#6622,#6623,#6624,#6625,#6626,#6627,#6628,
    #6629,#6630,#6631,#6632,#6633,#6634,#6635,#6636,#6637,#6638,#6639,
    #6640,#6641,#6642,#6643,#6644,#6645,#6646,#6647,#6648,#6649,#6650,
    #6651,#6652,#6653),.UNSPECIFIED.,.F.,.F.,(7,5,5,5,5,5,5,5,5,5,7),(0.
    ,0.202545733235,0.268699382766,0.399449676019,0.531775068197,
    0.596353311408,0.786881485096,0.953369085799,0.97699298164,
    0.988017747064,1.),.UNSPECIFIED.);
#6602 = CARTESIAN_POINT('',(-22.47075131218,-11.18370848449,2.46E-15));
#6603 = CARTESIAN_POINT('',(-22.47075131218,-11.18370848449,
    8.082487539117E-02));
#6604 = CARTESIAN_POINT('',(-22.45941460349,-11.17716323267,
    0.161673320681));
#6605 = CARTESIAN_POINT('',(-22.43673020681,-11.16406639015,
    0.239847188826));
#6606 = CARTESIAN_POINT('',(-22.40335025786,-11.14479446763,
    0.312742492154));
#6607 = CARTESIAN_POINT('',(-22.36046220718,-11.12003304003,
    0.378022754197));
#6608 = CARTESIAN_POINT('',(-22.2932076421,-11.08120359877,
    0.452070172382));
#6609 = CARTESIAN_POINT('',(-22.2758148913,-11.07116188942,
    0.469293030409));
#6610 = CARTESIAN_POINT('',(-22.25764561253,-11.06067185143,
    0.485444528932));
#6611 = CARTESIAN_POINT('',(-22.23876209158,-11.04976944553,
    0.500467427762));
#6612 = CARTESIAN_POINT('',(-22.2192307165,-11.03849300087,
    0.514311027869));
#6613 = CARTESIAN_POINT('',(-22.15937778304,-11.00393689362,
    0.551874428111));
#6614 = CARTESIAN_POINT('',(-22.11737555824,-10.97968689783,
    0.572039925703));
#6615 = CARTESIAN_POINT('',(-22.07365991743,-10.95444766084,
    0.587086627624));
#6616 = CARTESIAN_POINT('',(-22.02882029181,-10.92855949092,
    0.596787364761));
#6617 = CARTESIAN_POINT('',(-21.98347095501,-10.90237703911,
    0.601034169052));
#6618 = CARTESIAN_POINT('',(-21.89244615407,-10.84982384578,
    0.598638702938));
#6619 = CARTESIAN_POINT('',(-21.84676889695,-10.82345206909,
    0.591864515318));
#6620 = CARTESIAN_POINT('',(-21.80184118531,-10.79751304268,
    0.579537655542));
#6621 = CARTESIAN_POINT('',(-21.75829463376,-10.77237142942,
    0.561805006994));
#6622 = CARTESIAN_POINT('',(-21.71672960804,-10.74837385063,
    0.538936867407));
#6623 = CARTESIAN_POINT('',(-21.65864400657,-10.71483811298,
    0.497842383862));
#6624 = CARTESIAN_POINT('',(-21.64019561337,-10.70418692821,
    0.483233278453));
#6625 = CARTESIAN_POINT('',(-21.62241273166,-10.69391997666,
    0.467537699027));
#6626 = CARTESIAN_POINT('',(-21.60535503332,-10.68407170993,
    0.45080629441));
#6627 = CARTESIAN_POINT('',(-21.58907822075,-10.67467428782,
    0.433095438107));
#6628 = CARTESIAN_POINT('',(-21.52806830834,-10.63945019846,
    0.359507560519));
#6629 = CARTESIAN_POINT('',(-21.48973848661,-10.61732046557,
    0.29654878836));
#6630 = CARTESIAN_POINT('',(-21.45999328031,-10.60014706271,
    0.227199147258));
#6631 = CARTESIAN_POINT('',(-21.43977172361,-10.5884721415,
    0.153428990039));
#6632 = CARTESIAN_POINT('',(-21.42958668211,-10.58259180505,
    7.740913310995E-02));
#6633 = CARTESIAN_POINT('',(-21.42930230843,-10.58242762183,
    -6.505584741871E-02));
#6634 = CARTESIAN_POINT('',(-21.43683065766,-10.58677411628,
    -0.131520862476));
#6635 = CARTESIAN_POINT('',(-21.45202646722,-10.59554742102,
    -0.196526961758));
#6636 = CARTESIAN_POINT('',(-21.47459917866,-10.60857978205,
    -0.25861879167));
#6637 = CARTESIAN_POINT('',(-21.5040014915,-10.62555521528,
    -0.316443701235));
#6638 = CARTESIAN_POINT('',(-21.54446415658,-10.64891634586,
    -0.376267585218));
#6639 = CARTESIAN_POINT('',(-21.54961373736,-10.65188945771,
    -0.383592216762));
#6640 = CARTESIAN_POINT('',(-21.55488263066,-10.65493145467,
    -0.390804260877));
#6641 = CARTESIAN_POINT('',(-21.56026850926,-10.65804099313,
    -0.397900502425));
#6642 = CARTESIAN_POINT('',(-21.56576895969,-10.66121667967,
    -0.404877812485));
#6643 = CARTESIAN_POINT('',(-21.57400072615,-10.66596929225,
    -0.414932386542));
#6644 = CARTESIAN_POINT('',(-21.57664439079,-10.66749561274,
    -0.418105075621));
#6645 = CARTESIAN_POINT('',(-21.57931222274,-10.66903588623,
    -0.421250906088));
#6646 = CARTESIAN_POINT('',(-21.58200396469,-10.67058996418,
    -0.424369572825));
#6647 = CARTESIAN_POINT('',(-21.5847193555,-10.67215769579,
    -0.427460775092));
#6648 = CARTESIAN_POINT('',(-21.59043476406,-10.67545748846,
    -0.433853714135));
#6649 = CARTESIAN_POINT('',(-21.59343977107,-10.67719243007,
    -0.4371511767));
#6650 = CARTESIAN_POINT('',(-21.59647135304,-10.67894271473,
    -0.44041475294));
#6651 = CARTESIAN_POINT('',(-21.59952878099,-10.68070792158,
    -0.443643681515));
#6652 = CARTESIAN_POINT('',(-21.60261239511,-10.68248824702,
    -0.446838291022));
#6653 = CARTESIAN_POINT('',(-21.60572360475,-10.68428450475,-0.45));
#6654 = ORIENTED_EDGE('',*,*,#6655,.T.);
#6655 = EDGE_CURVE('',#6599,#6656,#6658,.T.);
#6656 = VERTEX_POINT('',#6657);
#6657 = CARTESIAN_POINT('',(-23.90225664665,-12.01018847469,0.));
#6658 = LINE('',#6659,#6660);
#6659 = CARTESIAN_POINT('',(-11.59319360537,-4.903547614343,0.));
#6660 = VECTOR('',#6661,1.);
#6661 = DIRECTION('',(-0.866025403784,-0.5,0.));
#6662 = ORIENTED_EDGE('',*,*,#6663,.F.);
#6663 = EDGE_CURVE('',#6664,#6656,#6666,.T.);
#6664 = VERTEX_POINT('',#6665);
#6665 = CARTESIAN_POINT('',(-23.90225664665,-12.01018847469,2.5));
#6666 = LINE('',#6667,#6668);
#6667 = CARTESIAN_POINT('',(-23.90225664665,-12.01018847469,-2.4E-16));
#6668 = VECTOR('',#6669,1.);
#6669 = DIRECTION('',(-0.,-0.,-1.));
#6670 = ORIENTED_EDGE('',*,*,#6671,.F.);
#6671 = EDGE_CURVE('',#1782,#6664,#6672,.T.);
#6672 = HYPERBOLA('',#6673,1.55,1.55);
#6673 = AXIS2_PLACEMENT_3D('',#6674,#6675,#6676);
#6674 = CARTESIAN_POINT('',(-0.775,1.342339375866,29.25));
#6675 = DIRECTION('',(-0.5,0.866025403784,-1.5E-16));
#6676 = DIRECTION('',(7.870834875401E-17,-1.277627944163E-16,-1.));
#6677 = PLANE('',#6678);
#6678 = AXIS2_PLACEMENT_3D('',#6679,#6680,#6681);
#6679 = CARTESIAN_POINT('',(-22.41138721075,-11.14943460455,0.));
#6680 = DIRECTION('',(-0.5,0.866025403784,-0.));
#6681 = DIRECTION('',(0.,-0.,-1.));
#6682 = ADVANCED_FACE('',(#6683),#6694,.F.);
#6683 = FACE_BOUND('',#6684,.T.);
#6684 = EDGE_LOOP('',(#6685,#6686,#6687,#6688));
#6685 = ORIENTED_EDGE('',*,*,#1696,.F.);
#6686 = ORIENTED_EDGE('',*,*,#6556,.F.);
#6687 = ORIENTED_EDGE('',*,*,#836,.T.);
#6688 = ORIENTED_EDGE('',*,*,#6689,.F.);
#6689 = EDGE_CURVE('',#1697,#837,#6690,.T.);
#6690 = LINE('',#6691,#6692);
#6691 = CARTESIAN_POINT('',(-20.69386856811,3.940227291466,0.));
#6692 = VECTOR('',#6693,1.);
#6693 = DIRECTION('',(0.,0.,-1.));
#6694 = CYLINDRICAL_SURFACE('',#6695,1.55);
#6695 = AXIS2_PLACEMENT_3D('',#6696,#6697,#6698);
#6696 = CARTESIAN_POINT('',(-20.2926990482,5.437412322214,0.));
#6697 = DIRECTION('',(0.,0.,-1.));
#6698 = DIRECTION('',(-0.965925826289,0.258819045103,0.));
#6699 = ADVANCED_FACE('',(#6700),#6768,.F.);
#6700 = FACE_BOUND('',#6701,.F.);
#6701 = EDGE_LOOP('',(#6702,#6711,#6712,#6713));
#6702 = ORIENTED_EDGE('',*,*,#6703,.T.);
#6703 = EDGE_CURVE('',#6704,#6599,#6706,.T.);
#6704 = VERTEX_POINT('',#6705);
#6705 = CARTESIAN_POINT('',(-23.79729673939,-7.981144523,1.E-15));
#6706 = CIRCLE('',#6707,25.1);
#6707 = AXIS2_PLACEMENT_3D('',#6708,#6709,#6710);
#6708 = CARTESIAN_POINT('',(0.,0.,0.));
#6709 = DIRECTION('',(-0.,2.2E-16,1.));
#6710 = DIRECTION('',(1.,0.,0.));
#6711 = ORIENTED_EDGE('',*,*,#6598,.T.);
#6712 = ORIENTED_EDGE('',*,*,#921,.F.);
#6713 = ORIENTED_EDGE('',*,*,#6714,.F.);
#6714 = EDGE_CURVE('',#6704,#914,#6715,.T.);
#6715 = B_SPLINE_CURVE_WITH_KNOTS('',6,(#6716,#6717,#6718,#6719,#6720,
    #6721,#6722,#6723,#6724,#6725,#6726,#6727,#6728,#6729,#6730,#6731,
    #6732,#6733,#6734,#6735,#6736,#6737,#6738,#6739,#6740,#6741,#6742,
    #6743,#6744,#6745,#6746,#6747,#6748,#6749,#6750,#6751,#6752,#6753,
    #6754,#6755,#6756,#6757,#6758,#6759,#6760,#6761,#6762,#6763,#6764,
    #6765,#6766,#6767),.UNSPECIFIED.,.F.,.F.,(7,5,5,5,5,5,5,5,5,5,7),(0.
    ,0.202545733274,0.268699382805,0.399449676058,0.531775068236,
    0.596353311447,0.786881485135,0.953369086546,0.976992982387,
    0.988017747811,1.),.UNSPECIFIED.);
#6716 = CARTESIAN_POINT('',(-23.79729673939,-7.981144523001,1.76E-15));
#6717 = CARTESIAN_POINT('',(-23.79729673939,-7.981144523001,
    8.082487540701E-02));
#6718 = CARTESIAN_POINT('',(-23.78465228385,-7.977756451351,
    0.161673320713));
#6719 = CARTESIAN_POINT('',(-23.75935112696,-7.970977026794,
    0.239847188871));
#6720 = CARTESIAN_POINT('',(-23.7221206316,-7.961001145627,
    0.312742492211));
#6721 = CARTESIAN_POINT('',(-23.67428522674,-7.948183687526,
    0.378022754261));
#6722 = CARTESIAN_POINT('',(-23.59927250646,-7.928084089705,
    0.452070172445));
#6723 = CARTESIAN_POINT('',(-23.57987341365,-7.922886118452,
    0.469293030469));
#6724 = CARTESIAN_POINT('',(-23.55960821642,-7.91745607522,
    0.485444528988));
#6725 = CARTESIAN_POINT('',(-23.53854638556,-7.91181257465,
    0.500467427815));
#6726 = CARTESIAN_POINT('',(-23.5167619673,-7.90597545737,0.514311027918
    ));
#6727 = CARTESIAN_POINT('',(-23.4500046944,-7.888087900009,
    0.551874428149));
#6728 = CARTESIAN_POINT('',(-23.40315729996,-7.875535178499,
    0.572039925734));
#6729 = CARTESIAN_POINT('',(-23.35439883826,-7.862470388063,
    0.587086627647));
#6730 = CARTESIAN_POINT('',(-23.30438673442,-7.849069685226,
    0.596787364776));
#6731 = CARTESIAN_POINT('',(-23.25380612162,-7.835516650875,
    0.601034169058));
#6732 = CARTESIAN_POINT('',(-23.15228114825,-7.808313116249,
    0.598638702927));
#6733 = CARTESIAN_POINT('',(-23.10133478786,-7.794662080124,0.5918645153
    ));
#6734 = CARTESIAN_POINT('',(-23.05122443683,-7.781235052034,
    0.579537655515));
#6735 = CARTESIAN_POINT('',(-23.0026545697,-7.768220795361,
    0.561805006959));
#6736 = CARTESIAN_POINT('',(-22.95629480747,-7.755798734509,
    0.538936867364));
#6737 = CARTESIAN_POINT('',(-22.89150873728,-7.738439359321,
    0.497842383809));
#6738 = CARTESIAN_POINT('',(-22.87093222837,-7.732925900376,
    0.483233278397));
#6739 = CARTESIAN_POINT('',(-22.85109800107,-7.727611335187,
    0.467537698967));
#6740 = CARTESIAN_POINT('',(-22.83207261071,-7.722513497206,
    0.450806294347));
#6741 = CARTESIAN_POINT('',(-22.81391818527,-7.717649033569,
    0.433095438041));
#6742 = CARTESIAN_POINT('',(-22.74587047005,-7.69941570323,
    0.359507560442));
#6743 = CARTESIAN_POINT('',(-22.703119109,-7.68796051056,0.296548788276)
  );
#6744 = CARTESIAN_POINT('',(-22.66994264231,-7.679070903103,
    0.227199147168));
#6745 = CARTESIAN_POINT('',(-22.6473884265,-7.67302751919,0.153428989946
    ));
#6746 = CARTESIAN_POINT('',(-22.63602848881,-7.669983633061,
    7.740913301492E-02));
#6747 = CARTESIAN_POINT('',(-22.6357113112,-7.669898645578,
    -6.505584779609E-02));
#6748 = CARTESIAN_POINT('',(-22.64410809379,-7.672148556691,
    -0.131520863135));
#6749 = CARTESIAN_POINT('',(-22.66105681721,-7.676689953443,
    -0.196526962678));
#6750 = CARTESIAN_POINT('',(-22.6862334056,-7.683435999972,
    -0.258618792812));
#6751 = CARTESIAN_POINT('',(-22.71902742463,-7.692223130888,
    -0.316443702545));
#6752 = CARTESIAN_POINT('',(-22.76415766369,-7.704315741996,
    -0.376267586612));
#6753 = CARTESIAN_POINT('',(-22.76990127474,-7.705854737939,
    -0.383592218138));
#6754 = CARTESIAN_POINT('',(-22.77577796162,-7.707429391444,
    -0.390804262235));
#6755 = CARTESIAN_POINT('',(-22.78178512866,-7.709039006999,
    -0.397900503765));
#6756 = CARTESIAN_POINT('',(-22.78792008397,-7.71068286332,
    -0.404877813806));
#6757 = CARTESIAN_POINT('',(-22.79710142646,-7.713142996627,
    -0.414932387835));
#6758 = CARTESIAN_POINT('',(-22.80005005123,-7.713933078254,
    -0.418105076904));
#6759 = CARTESIAN_POINT('',(-22.80302563114,-7.714730382486,
    -0.421250907362));
#6760 = CARTESIAN_POINT('',(-22.80602787919,-7.715534832426,
    -0.42436957409));
#6761 = CARTESIAN_POINT('',(-22.8090565041,-7.716346350027,
    -0.427460776348));
#6762 = CARTESIAN_POINT('',(-22.81543121384,-7.718054448353,
    -0.433853715163));
#6763 = CARTESIAN_POINT('',(-22.81878286344,-7.718952520158,
    -0.437151177515));
#6764 = CARTESIAN_POINT('',(-22.82216415356,-7.719858534114,
    -0.440414753545));
#6765 = CARTESIAN_POINT('',(-22.82557427112,-7.720772272361,
    -0.443643681914));
#6766 = CARTESIAN_POINT('',(-22.82901359556,-7.721693836566,
    -0.446838291219));
#6767 = CARTESIAN_POINT('',(-22.8324836988,-7.722623647927,-0.45));
#6768 = TOROIDAL_SURFACE('',#6769,24.5,0.6);
#6769 = AXIS2_PLACEMENT_3D('',#6770,#6771,#6772);
#6770 = CARTESIAN_POINT('',(0.,0.,0.));
#6771 = DIRECTION('',(0.,2.2E-16,1.));
#6772 = DIRECTION('',(1.,0.,0.));
#6773 = ADVANCED_FACE('',(#6774),#6859,.F.);
#6774 = FACE_BOUND('',#6775,.F.);
#6775 = EDGE_LOOP('',(#6776,#6777,#6778,#6787,#6795,#6803,#6858));
#6776 = ORIENTED_EDGE('',*,*,#6689,.F.);
#6777 = ORIENTED_EDGE('',*,*,#1705,.T.);
#6778 = ORIENTED_EDGE('',*,*,#6779,.F.);
#6779 = EDGE_CURVE('',#6780,#1706,#6782,.T.);
#6780 = VERTEX_POINT('',#6781);
#6781 = CARTESIAN_POINT('',(-26.19627251411,5.414591985226,2.5));
#6782 = HYPERBOLA('',#6783,1.55,1.55);
#6783 = AXIS2_PLACEMENT_3D('',#6784,#6785,#6786);
#6784 = CARTESIAN_POINT('',(-0.401169519909,-1.497185030748,29.25));
#6785 = DIRECTION('',(-0.258819045103,-0.965925826289,2.5E-16));
#6786 = DIRECTION('',(-6.068552338916E-17,-2.425584081181E-16,-1.));
#6787 = ORIENTED_EDGE('',*,*,#6788,.T.);
#6788 = EDGE_CURVE('',#6780,#6789,#6791,.T.);
#6789 = VERTEX_POINT('',#6790);
#6790 = CARTESIAN_POINT('',(-26.19627251411,5.414591985226,0.));
#6791 = LINE('',#6792,#6793);
#6792 = CARTESIAN_POINT('',(-26.19627251411,5.414591985226,3.8E-16));
#6793 = VECTOR('',#6794,1.);
#6794 = DIRECTION('',(-0.,-0.,-1.));
#6795 = ORIENTED_EDGE('',*,*,#6796,.T.);
#6796 = EDGE_CURVE('',#6789,#6797,#6799,.T.);
#6797 = VERTEX_POINT('',#6798);
#6798 = CARTESIAN_POINT('',(-24.59963577921,4.986774461505,-1.E-15));
#6799 = LINE('',#6800,#6801);
#6800 = CARTESIAN_POINT('',(-12.46729662376,1.7359239825,0.));
#6801 = VECTOR('',#6802,1.);
#6802 = DIRECTION('',(0.965925826289,-0.258819045103,0.));
#6803 = ORIENTED_EDGE('',*,*,#6804,.T.);
#6804 = EDGE_CURVE('',#6797,#846,#6805,.T.);
#6805 = B_SPLINE_CURVE_WITH_KNOTS('',6,(#6806,#6807,#6808,#6809,#6810,
    #6811,#6812,#6813,#6814,#6815,#6816,#6817,#6818,#6819,#6820,#6821,
    #6822,#6823,#6824,#6825,#6826,#6827,#6828,#6829,#6830,#6831,#6832,
    #6833,#6834,#6835,#6836,#6837,#6838,#6839,#6840,#6841,#6842,#6843,
    #6844,#6845,#6846,#6847,#6848,#6849,#6850,#6851,#6852,#6853,#6854,
    #6855,#6856,#6857),.UNSPECIFIED.,.F.,.F.,(7,5,5,5,5,5,5,5,5,5,7),(0.
    ,0.202545733274,0.268699382805,0.399449676058,0.531775068236,
    0.596353311447,0.786881485135,0.95336908657,0.976992982411,
    0.988017747835,1.),.UNSPECIFIED.);
#6806 = CARTESIAN_POINT('',(-24.59963577921,4.986774461505,-1.09E-15));
#6807 = CARTESIAN_POINT('',(-24.59963577921,4.986774461505,
    8.082487540698E-02));
#6808 = CARTESIAN_POINT('',(-24.58699132367,4.983386389855,
    0.161673320713));
#6809 = CARTESIAN_POINT('',(-24.56169016678,4.976606965298,
    0.239847188871));
#6810 = CARTESIAN_POINT('',(-24.52445967141,4.966631084131,
    0.312742492211));
#6811 = CARTESIAN_POINT('',(-24.47662426656,4.95381362603,0.378022754261
    ));
#6812 = CARTESIAN_POINT('',(-24.40161154628,4.933714028209,
    0.452070172445));
#6813 = CARTESIAN_POINT('',(-24.38221245347,4.928516056956,
    0.469293030469));
#6814 = CARTESIAN_POINT('',(-24.36194725624,4.923086013724,
    0.485444528988));
#6815 = CARTESIAN_POINT('',(-24.34088542538,4.917442513154,
    0.500467427815));
#6816 = CARTESIAN_POINT('',(-24.31910100712,4.911605395874,
    0.514311027918));
#6817 = CARTESIAN_POINT('',(-24.25234373422,4.893717838512,
    0.551874428149));
#6818 = CARTESIAN_POINT('',(-24.20549633977,4.881165117003,
    0.572039925734));
#6819 = CARTESIAN_POINT('',(-24.15673787808,4.868100326567,
    0.587086627647));
#6820 = CARTESIAN_POINT('',(-24.10672577423,4.85469962373,0.596787364776
    ));
#6821 = CARTESIAN_POINT('',(-24.05614516144,4.841146589379,
    0.601034169058));
#6822 = CARTESIAN_POINT('',(-23.95462018807,4.813943054753,
    0.598638702927));
#6823 = CARTESIAN_POINT('',(-23.90367382767,4.800292018628,0.5918645153)
  );
#6824 = CARTESIAN_POINT('',(-23.85356347665,4.786864990538,
    0.579537655515));
#6825 = CARTESIAN_POINT('',(-23.80499360952,4.773850733865,
    0.561805006959));
#6826 = CARTESIAN_POINT('',(-23.75863384729,4.761428673013,
    0.538936867364));
#6827 = CARTESIAN_POINT('',(-23.6938477771,4.744069297825,0.497842383809
    ));
#6828 = CARTESIAN_POINT('',(-23.67327126819,4.738555838879,
    0.483233278397));
#6829 = CARTESIAN_POINT('',(-23.65343704088,4.733241273691,
    0.467537698967));
#6830 = CARTESIAN_POINT('',(-23.63441165053,4.72814343571,0.450806294347
    ));
#6831 = CARTESIAN_POINT('',(-23.61625722509,4.723278972073,
    0.433095438041));
#6832 = CARTESIAN_POINT('',(-23.54820950987,4.705045641734,
    0.359507560442));
#6833 = CARTESIAN_POINT('',(-23.50545814881,4.693590449064,
    0.296548788276));
#6834 = CARTESIAN_POINT('',(-23.47228168213,4.684700841607,
    0.227199147168));
#6835 = CARTESIAN_POINT('',(-23.44972746631,4.678657457694,
    0.153428989946));
#6836 = CARTESIAN_POINT('',(-23.43836752863,4.675613571565,
    7.740913301488E-02));
#6837 = CARTESIAN_POINT('',(-23.43805035102,4.675528584082,
    -6.505584780553E-02));
#6838 = CARTESIAN_POINT('',(-23.44644713361,4.677778495195,
    -0.131520863154));
#6839 = CARTESIAN_POINT('',(-23.46339585703,4.682319891949,
    -0.196526962706));
#6840 = CARTESIAN_POINT('',(-23.48857244544,4.68906593848,
    -0.258618792848));
#6841 = CARTESIAN_POINT('',(-23.52136646447,4.697853069398,
    -0.316443702587));
#6842 = CARTESIAN_POINT('',(-23.56649670354,4.709945680509,
    -0.376267586656));
#6843 = CARTESIAN_POINT('',(-23.57224031459,4.711484676452,
    -0.383592218182));
#6844 = CARTESIAN_POINT('',(-23.57811700148,4.713059329958,
    -0.390804262279));
#6845 = CARTESIAN_POINT('',(-23.58412416851,4.714668945513,
    -0.397900503808));
#6846 = CARTESIAN_POINT('',(-23.59025912382,4.716312801834,
    -0.404877813848));
#6847 = CARTESIAN_POINT('',(-23.59944046632,4.718772935142,
    -0.414932387876));
#6848 = CARTESIAN_POINT('',(-23.60238909109,4.719563016769,
    -0.418105076945));
#6849 = CARTESIAN_POINT('',(-23.60536467099,4.720360321,-0.421250907403)
  );
#6850 = CARTESIAN_POINT('',(-23.60836691904,4.721164770941,
    -0.424369574131));
#6851 = CARTESIAN_POINT('',(-23.61139554396,4.721976288541,
    -0.427460776388));
#6852 = CARTESIAN_POINT('',(-23.61777025369,4.723684386865,
    -0.433853715196));
#6853 = CARTESIAN_POINT('',(-23.62112190329,4.724582458669,
    -0.437151177541));
#6854 = CARTESIAN_POINT('',(-23.6245031934,4.725488472624,
    -0.440414753565));
#6855 = CARTESIAN_POINT('',(-23.62791331095,4.726402210868,
    -0.443643681926));
#6856 = CARTESIAN_POINT('',(-23.63135263538,4.727323775072,
    -0.446838291225));
#6857 = CARTESIAN_POINT('',(-23.63482273862,4.728253586431,-0.45));
#6858 = ORIENTED_EDGE('',*,*,#845,.T.);
#6859 = PLANE('',#6860);
#6860 = AXIS2_PLACEMENT_3D('',#6861,#6862,#6863);
#6861 = CARTESIAN_POINT('',(-24.53342372761,4.969032995748,0.));
#6862 = DIRECTION('',(-0.258819045103,-0.965925826289,0.));
#6863 = DIRECTION('',(0.,0.,1.));
#6864 = ADVANCED_FACE('',(#6865),#6899,.F.);
#6865 = FACE_BOUND('',#6866,.F.);
#6866 = EDGE_LOOP('',(#6867,#6873,#6874,#6883,#6891,#6897,#6898));
#6867 = ORIENTED_EDGE('',*,*,#6868,.F.);
#6868 = EDGE_CURVE('',#1765,#905,#6869,.T.);
#6869 = LINE('',#6870,#6871);
#6870 = CARTESIAN_POINT('',(-19.89152952829,-6.934597352962,0.));
#6871 = VECTOR('',#6872,1.);
#6872 = DIRECTION('',(0.,0.,-1.));
#6873 = ORIENTED_EDGE('',*,*,#1773,.T.);
#6874 = ORIENTED_EDGE('',*,*,#6875,.F.);
#6875 = EDGE_CURVE('',#6876,#1774,#6878,.T.);
#6876 = VERTEX_POINT('',#6877);
#6877 = CARTESIAN_POINT('',(-25.39393347429,-8.408962046722,2.5));
#6878 = HYPERBOLA('',#6879,1.55,1.55);
#6879 = AXIS2_PLACEMENT_3D('',#6880,#6881,#6882);
#6880 = CARTESIAN_POINT('',(0.401169519909,-1.497185030748,29.25));
#6881 = DIRECTION('',(0.258819045103,-0.965925826289,1.9E-16));
#6882 = DIRECTION('',(5.082625366409E-17,-1.830836206543E-16,-1.));
#6883 = ORIENTED_EDGE('',*,*,#6884,.T.);
#6884 = EDGE_CURVE('',#6876,#6885,#6887,.T.);
#6885 = VERTEX_POINT('',#6886);
#6886 = CARTESIAN_POINT('',(-25.39393347429,-8.408962046722,0.));
#6887 = LINE('',#6888,#6889);
#6888 = CARTESIAN_POINT('',(-25.39393347429,-8.408962046722,2.9E-16));
#6889 = VECTOR('',#6890,1.);
#6890 = DIRECTION('',(-0.,-0.,-1.));
#6891 = ORIENTED_EDGE('',*,*,#6892,.T.);
#6892 = EDGE_CURVE('',#6885,#6704,#6893,.T.);
#6893 = LINE('',#6894,#6895);
#6894 = CARTESIAN_POINT('',(-11.66495758394,-4.730294043996,0.));
#6895 = VECTOR('',#6896,1.);
#6896 = DIRECTION('',(0.965925826289,0.258819045103,0.));
#6897 = ORIENTED_EDGE('',*,*,#6714,.T.);
#6898 = ORIENTED_EDGE('',*,*,#913,.T.);
#6899 = PLANE('',#6900);
#6900 = AXIS2_PLACEMENT_3D('',#6901,#6902,#6903);
#6901 = CARTESIAN_POINT('',(-23.73108468779,-7.963403057244,0.));
#6902 = DIRECTION('',(0.258819045103,-0.965925826289,0.));
#6903 = DIRECTION('',(0.,0.,1.));
#6904 = ADVANCED_FACE('',(#6905),#6973,.F.);
#6905 = FACE_BOUND('',#6906,.F.);
#6906 = EDGE_LOOP('',(#6907,#6908,#6917,#6972));
#6907 = ORIENTED_EDGE('',*,*,#6804,.F.);
#6908 = ORIENTED_EDGE('',*,*,#6909,.T.);
#6909 = EDGE_CURVE('',#6797,#6910,#6912,.T.);
#6910 = VERTEX_POINT('',#6911);
#6911 = CARTESIAN_POINT('',(-25.05209572071,1.55,0.));
#6912 = CIRCLE('',#6913,25.1);
#6913 = AXIS2_PLACEMENT_3D('',#6914,#6915,#6916);
#6914 = CARTESIAN_POINT('',(0.,0.,0.));
#6915 = DIRECTION('',(-0.,2.2E-16,1.));
#6916 = DIRECTION('',(1.,0.,0.));
#6917 = ORIENTED_EDGE('',*,*,#6918,.T.);
#6918 = EDGE_CURVE('',#6910,#854,#6919,.T.);
#6919 = B_SPLINE_CURVE_WITH_KNOTS('',6,(#6920,#6921,#6922,#6923,#6924,
    #6925,#6926,#6927,#6928,#6929,#6930,#6931,#6932,#6933,#6934,#6935,
    #6936,#6937,#6938,#6939,#6940,#6941,#6942,#6943,#6944,#6945,#6946,
    #6947,#6948,#6949,#6950,#6951,#6952,#6953,#6954,#6955,#6956,#6957,
    #6958,#6959,#6960,#6961,#6962,#6963,#6964,#6965,#6966,#6967,#6968,
    #6969,#6970,#6971),.UNSPECIFIED.,.F.,.F.,(7,5,5,5,5,5,5,5,5,5,7),(0.
    ,0.202545733235,0.268699382766,0.399449676019,0.531775068197,
    0.596353311407,0.786881485096,0.953369085799,0.97699298164,
    0.988017747064,1.),.UNSPECIFIED.);
#6920 = CARTESIAN_POINT('',(-25.05209572071,1.55,-3.3E-16));
#6921 = CARTESIAN_POINT('',(-25.05209572071,1.55,8.082487539115E-02));
#6922 = CARTESIAN_POINT('',(-25.03900521708,1.55,0.161673320681));
#6923 = CARTESIAN_POINT('',(-25.01281153203,1.55,0.239847188825));
#6924 = CARTESIAN_POINT('',(-24.974267687,1.55,0.312742492154));
#6925 = CARTESIAN_POINT('',(-24.9247448318,1.55,0.378022754197));
#6926 = CARTESIAN_POINT('',(-24.84708594929,1.55,0.452070172382));
#6927 = CARTESIAN_POINT('',(-24.82700253058,1.55,0.469293030409));
#6928 = CARTESIAN_POINT('',(-24.8060224546,1.55,0.485444528932));
#6929 = CARTESIAN_POINT('',(-24.7842176428,1.55,0.500467427762));
#6930 = CARTESIAN_POINT('',(-24.76166475347,1.55,0.514311027869));
#6931 = CARTESIAN_POINT('',(-24.69255253898,1.55,0.551874428111));
#6932 = CARTESIAN_POINT('',(-24.64405254739,1.55,0.572039925703));
#6933 = CARTESIAN_POINT('',(-24.59357407341,1.55,0.587086627624));
#6934 = CARTESIAN_POINT('',(-24.54179773357,1.55,0.596787364761));
#6935 = CARTESIAN_POINT('',(-24.48943282995,1.55,0.601034169052));
#6936 = CARTESIAN_POINT('',(-24.3843264433,1.55,0.598638702938));
#6937 = CARTESIAN_POINT('',(-24.33158288991,1.55,0.591864515318));
#6938 = CARTESIAN_POINT('',(-24.2797048371,1.55,0.579537655542));
#6939 = CARTESIAN_POINT('',(-24.22942161057,1.55,0.561805006994));
#6940 = CARTESIAN_POINT('',(-24.181426453,1.55,0.538936867407));
#6941 = CARTESIAN_POINT('',(-24.1143549777,1.55,0.497842383862));
#6942 = CARTESIAN_POINT('',(-24.09305260815,1.55,0.483233278453));
#6943 = CARTESIAN_POINT('',(-24.07251870506,1.55,0.467537699027));
#6944 = CARTESIAN_POINT('',(-24.0528221716,1.55,0.45080629441));
#6945 = CARTESIAN_POINT('',(-24.03402732737,1.55,0.433095438107));
#6946 = CARTESIAN_POINT('',(-23.96357914866,1.55,0.359507560519));
#6947 = CARTESIAN_POINT('',(-23.91931968287,1.55,0.29654878836));
#6948 = CARTESIAN_POINT('',(-23.88497287715,1.55,0.227199147258));
#6949 = CARTESIAN_POINT('',(-23.86162303474,1.55,0.153428990039));
#6950 = CARTESIAN_POINT('',(-23.84986236183,1.55,7.740913310992E-02));
#6951 = CARTESIAN_POINT('',(-23.84953399539,1.55,-6.505584741871E-02));
#6952 = CARTESIAN_POINT('',(-23.8582269843,1.55,-0.131520862476));
#6953 = CARTESIAN_POINT('',(-23.87577359379,1.55,-0.196526961758));
#6954 = CARTESIAN_POINT('',(-23.90183831583,1.55,-0.25861879167));
#6955 = CARTESIAN_POINT('',(-23.9357891823,1.55,-0.316443701235));
#6956 = CARTESIAN_POINT('',(-23.98251144346,1.55,-0.376267585218));
#6957 = CARTESIAN_POINT('',(-23.98845766715,1.55,-0.383592216762));
#6958 = CARTESIAN_POINT('',(-23.99454166108,1.55,-0.390804260877));
#6959 = CARTESIAN_POINT('',(-24.000760738,1.55,-0.397900502425));
#6960 = CARTESIAN_POINT('',(-24.00711211108,1.55,-0.404877812485));
#6961 = CARTESIAN_POINT('',(-24.01661733624,1.55,-0.414932386542));
#6962 = CARTESIAN_POINT('',(-24.01966997722,1.55,-0.418105075621));
#6963 = CARTESIAN_POINT('',(-24.02275052421,1.55,-0.421250906088));
#6964 = CARTESIAN_POINT('',(-24.02585868009,1.55,-0.424369572825));
#6965 = CARTESIAN_POINT('',(-24.02899414332,1.55,-0.427460775092));
#6966 = CARTESIAN_POINT('',(-24.03559372866,1.55,-0.433853714135));
#6967 = CARTESIAN_POINT('',(-24.03906361187,1.55,-0.4371511767));
#6968 = CARTESIAN_POINT('',(-24.0425641812,1.55,-0.44041475294));
#6969 = CARTESIAN_POINT('',(-24.0460945949,1.55,-0.443643681515));
#6970 = CARTESIAN_POINT('',(-24.04965524578,1.55,-0.446838291022));
#6971 = CARTESIAN_POINT('',(-24.05324776124,1.55,-0.45));
#6972 = ORIENTED_EDGE('',*,*,#853,.F.);
#6973 = TOROIDAL_SURFACE('',#6974,24.5,0.6);
#6974 = AXIS2_PLACEMENT_3D('',#6975,#6976,#6977);
#6975 = CARTESIAN_POINT('',(0.,0.,0.));
#6976 = DIRECTION('',(0.,2.2E-16,1.));
#6977 = DIRECTION('',(1.,0.,0.));
#6978 = ADVANCED_FACE('',(#6979),#6990,.F.);
#6979 = FACE_BOUND('',#6980,.T.);
#6980 = EDGE_LOOP('',(#6981,#6982,#6988,#6989));
#6981 = ORIENTED_EDGE('',*,*,#1764,.F.);
#6982 = ORIENTED_EDGE('',*,*,#6983,.F.);
#6983 = EDGE_CURVE('',#897,#1757,#6984,.T.);
#6984 = LINE('',#6985,#6986);
#6985 = CARTESIAN_POINT('',(-20.69386856811,-3.940227291466,0.));
#6986 = VECTOR('',#6987,1.);
#6987 = DIRECTION('',(0.,0.,1.));
#6988 = ORIENTED_EDGE('',*,*,#904,.T.);
#6989 = ORIENTED_EDGE('',*,*,#6868,.F.);
#6990 = CYLINDRICAL_SURFACE('',#6991,1.55);
#6991 = AXIS2_PLACEMENT_3D('',#6992,#6993,#6994);
#6992 = CARTESIAN_POINT('',(-20.2926990482,-5.437412322214,0.));
#6993 = DIRECTION('',(0.,0.,-1.));
#6994 = DIRECTION('',(-0.965925826289,-0.258819045103,0.));
#6995 = ADVANCED_FACE('',(#6996),#7030,.F.);
#6996 = FACE_BOUND('',#6997,.F.);
#6997 = EDGE_LOOP('',(#6998,#6999,#7005,#7006,#7007,#7015,#7023));
#6998 = ORIENTED_EDGE('',*,*,#1722,.F.);
#6999 = ORIENTED_EDGE('',*,*,#7000,.F.);
#7000 = EDGE_CURVE('',#863,#1723,#7001,.T.);
#7001 = LINE('',#7002,#7003);
#7002 = CARTESIAN_POINT('',(-21.00854796083,1.55,0.));
#7003 = VECTOR('',#7004,1.);
#7004 = DIRECTION('',(0.,0.,1.));
#7005 = ORIENTED_EDGE('',*,*,#862,.T.);
#7006 = ORIENTED_EDGE('',*,*,#6918,.F.);
#7007 = ORIENTED_EDGE('',*,*,#7008,.T.);
#7008 = EDGE_CURVE('',#6910,#7009,#7011,.T.);
#7009 = VERTEX_POINT('',#7010);
#7010 = CARTESIAN_POINT('',(-26.70505570112,1.55,0.));
#7011 = LINE('',#7012,#7013);
#7012 = CARTESIAN_POINT('',(-12.49177398041,1.55,0.));
#7013 = VECTOR('',#7014,1.);
#7014 = DIRECTION('',(-1.,1.2E-16,0.));
#7015 = ORIENTED_EDGE('',*,*,#7016,.F.);
#7016 = EDGE_CURVE('',#7017,#7009,#7019,.T.);
#7017 = VERTEX_POINT('',#7018);
#7018 = CARTESIAN_POINT('',(-26.70505570112,1.55,2.5));
#7019 = LINE('',#7020,#7021);
#7020 = CARTESIAN_POINT('',(-26.70505570112,1.55,-3.4E-16));
#7021 = VECTOR('',#7022,1.);
#7022 = DIRECTION('',(-0.,-0.,-1.));
#7023 = ORIENTED_EDGE('',*,*,#7024,.F.);
#7024 = EDGE_CURVE('',#1714,#7017,#7025,.T.);
#7025 = HYPERBOLA('',#7026,1.55,1.55);
#7026 = AXIS2_PLACEMENT_3D('',#7027,#7028,#7029);
#7027 = CARTESIAN_POINT('',(1.9E-16,1.55,29.25));
#7028 = DIRECTION('',(1.2E-16,1.,-2.2E-16));
#7029 = DIRECTION('',(0.,-2.2E-16,-1.));
#7030 = PLANE('',#7031);
#7031 = AXIS2_PLACEMENT_3D('',#7032,#7033,#7034);
#7032 = CARTESIAN_POINT('',(-24.98354796083,1.55,0.));
#7033 = DIRECTION('',(-0.,1.,0.));
#7034 = DIRECTION('',(0.,0.,-1.));
#7035 = ADVANCED_FACE('',(#7036),#7121,.F.);
#7036 = FACE_BOUND('',#7037,.F.);
#7037 = EDGE_LOOP('',(#7038,#7039,#7040,#7041,#7098,#7106,#7114));
#7038 = ORIENTED_EDGE('',*,*,#1756,.F.);
#7039 = ORIENTED_EDGE('',*,*,#6983,.F.);
#7040 = ORIENTED_EDGE('',*,*,#896,.T.);
#7041 = ORIENTED_EDGE('',*,*,#7042,.F.);
#7042 = EDGE_CURVE('',#7043,#888,#7045,.T.);
#7043 = VERTEX_POINT('',#7044);
#7044 = CARTESIAN_POINT('',(-24.59963577921,-4.986774461505,1.E-15));
#7045 = B_SPLINE_CURVE_WITH_KNOTS('',6,(#7046,#7047,#7048,#7049,#7050,
    #7051,#7052,#7053,#7054,#7055,#7056,#7057,#7058,#7059,#7060,#7061,
    #7062,#7063,#7064,#7065,#7066,#7067,#7068,#7069,#7070,#7071,#7072,
    #7073,#7074,#7075,#7076,#7077,#7078,#7079,#7080,#7081,#7082,#7083,
    #7084,#7085,#7086,#7087,#7088,#7089,#7090,#7091,#7092,#7093,#7094,
    #7095,#7096,#7097),.UNSPECIFIED.,.F.,.F.,(7,5,5,5,5,5,5,5,5,5,7),(0.
    ,0.202545733235,0.268699382766,0.399449676018,0.531775068197,
    0.596353311407,0.786881485096,0.953369085934,0.976992981774,
    0.988017747198,1.),.UNSPECIFIED.);
#7046 = CARTESIAN_POINT('',(-24.59963577921,-4.986774461505,1.12E-15));
#7047 = CARTESIAN_POINT('',(-24.59963577921,-4.986774461505,
    8.082487539115E-02));
#7048 = CARTESIAN_POINT('',(-24.58699132368,-4.983386389856,
    0.161673320681));
#7049 = CARTESIAN_POINT('',(-24.5616901668,-4.976606965302,
    0.239847188825));
#7050 = CARTESIAN_POINT('',(-24.52445967144,-4.966631084138,
    0.312742492154));
#7051 = CARTESIAN_POINT('',(-24.4766242666,-4.953813626042,
    0.378022754197));
#7052 = CARTESIAN_POINT('',(-24.40161154635,-4.933714028227,
    0.452070172382));
#7053 = CARTESIAN_POINT('',(-24.38221245354,-4.928516056975,
    0.469293030409));
#7054 = CARTESIAN_POINT('',(-24.36194725631,-4.923086013744,
    0.485444528932));
#7055 = CARTESIAN_POINT('',(-24.34088542546,-4.917442513175,
    0.500467427762));
#7056 = CARTESIAN_POINT('',(-24.3191010072,-4.911605395895,
    0.514311027869));
#7057 = CARTESIAN_POINT('',(-24.25234373431,-4.893717838535,
    0.551874428111));
#7058 = CARTESIAN_POINT('',(-24.20549633986,-4.881165117026,
    0.572039925703));
#7059 = CARTESIAN_POINT('',(-24.15673787817,-4.868100326591,
    0.587086627624));
#7060 = CARTESIAN_POINT('',(-24.10672577433,-4.854699623755,
    0.596787364761));
#7061 = CARTESIAN_POINT('',(-24.05614516153,-4.841146589404,
    0.601034169052));
#7062 = CARTESIAN_POINT('',(-23.95462018816,-4.813943054777,
    0.598638702938));
#7063 = CARTESIAN_POINT('',(-23.90367382776,-4.800292018652,
    0.591864515318));
#7064 = CARTESIAN_POINT('',(-23.85356347674,-4.786864990562,
    0.579537655542));
#7065 = CARTESIAN_POINT('',(-23.80499360961,-4.773850733888,
    0.561805006994));
#7066 = CARTESIAN_POINT('',(-23.75863384737,-4.761428673035,
    0.538936867407));
#7067 = CARTESIAN_POINT('',(-23.69384777718,-4.744069297846,
    0.497842383862));
#7068 = CARTESIAN_POINT('',(-23.67327126826,-4.738555838899,
    0.483233278453));
#7069 = CARTESIAN_POINT('',(-23.65343704095,-4.73324127371,
    0.467537699027));
#7070 = CARTESIAN_POINT('',(-23.6344116506,-4.728143435728,0.45080629441
    ));
#7071 = CARTESIAN_POINT('',(-23.61625722515,-4.723278972091,
    0.433095438107));
#7072 = CARTESIAN_POINT('',(-23.54820950992,-4.705045641749,
    0.359507560519));
#7073 = CARTESIAN_POINT('',(-23.50545814886,-4.693590449076,
    0.296548788361));
#7074 = CARTESIAN_POINT('',(-23.47228168216,-4.684700841616,
    0.227199147258));
#7075 = CARTESIAN_POINT('',(-23.44972746634,-4.6786574577,0.153428990039
    ));
#7076 = CARTESIAN_POINT('',(-23.43836752864,-4.675613571569,
    7.740913310989E-02));
#7077 = CARTESIAN_POINT('',(-23.43805035101,-4.675528584079,
    -6.505584747239E-02));
#7078 = CARTESIAN_POINT('',(-23.44644713353,-4.677778495174,
    -0.131520862584));
#7079 = CARTESIAN_POINT('',(-23.46339585682,-4.682319891892,
    -0.196526961916));
#7080 = CARTESIAN_POINT('',(-23.48857244504,-4.689065938373,
    -0.258618791871));
#7081 = CARTESIAN_POINT('',(-23.52136646384,-4.697853069227,
    -0.316443701469));
#7082 = CARTESIAN_POINT('',(-23.56649670261,-4.709945680262,
    -0.376267585469));
#7083 = CARTESIAN_POINT('',(-23.57224031365,-4.7114846762,-0.38359221701
    ));
#7084 = CARTESIAN_POINT('',(-23.57811700052,-4.7130593297,
    -0.390804261122));
#7085 = CARTESIAN_POINT('',(-23.58412416753,-4.714668945251,
    -0.397900502667));
#7086 = CARTESIAN_POINT('',(-23.59025912283,-4.716312801568,
    -0.404877812723));
#7087 = CARTESIAN_POINT('',(-23.5994404653,-4.718772934868,
    -0.414932386775));
#7088 = CARTESIAN_POINT('',(-23.60238909006,-4.719563016493,
    -0.418105075852));
#7089 = CARTESIAN_POINT('',(-23.60536466996,-4.720360320723,
    -0.421250906318));
#7090 = CARTESIAN_POINT('',(-23.608366918,-4.721164770661,
    -0.424369573053));
#7091 = CARTESIAN_POINT('',(-23.61139554291,-4.72197628826,
    -0.427460775318));
#7092 = CARTESIAN_POINT('',(-23.6177702528,-4.723684386627,
    -0.43385371432));
#7093 = CARTESIAN_POINT('',(-23.62112190257,-4.724582458476,
    -0.437151176847));
#7094 = CARTESIAN_POINT('',(-23.62450319286,-4.725488472478,
    -0.440414753049));
#7095 = CARTESIAN_POINT('',(-23.62791331059,-4.72640221077,
    -0.443643681586));
#7096 = CARTESIAN_POINT('',(-23.6313526352,-4.727323775022,
    -0.446838291057));
#7097 = CARTESIAN_POINT('',(-23.63482273862,-4.728253586431,-0.45));
#7098 = ORIENTED_EDGE('',*,*,#7099,.T.);
#7099 = EDGE_CURVE('',#7043,#7100,#7102,.T.);
#7100 = VERTEX_POINT('',#7101);
#7101 = CARTESIAN_POINT('',(-26.19627251411,-5.414591985226,0.));
#7102 = LINE('',#7103,#7104);
#7103 = CARTESIAN_POINT('',(-12.46729662376,-1.7359239825,0.));
#7104 = VECTOR('',#7105,1.);
#7105 = DIRECTION('',(-0.965925826289,-0.258819045103,0.));
#7106 = ORIENTED_EDGE('',*,*,#7107,.F.);
#7107 = EDGE_CURVE('',#7108,#7100,#7110,.T.);
#7108 = VERTEX_POINT('',#7109);
#7109 = CARTESIAN_POINT('',(-26.19627251411,-5.414591985226,2.5));
#7110 = LINE('',#7111,#7112);
#7111 = CARTESIAN_POINT('',(-26.19627251411,-5.414591985226,-2.9E-16));
#7112 = VECTOR('',#7113,1.);
#7113 = DIRECTION('',(-0.,-0.,-1.));
#7114 = ORIENTED_EDGE('',*,*,#7115,.F.);
#7115 = EDGE_CURVE('',#1748,#7108,#7116,.T.);
#7116 = HYPERBOLA('',#7117,1.55,1.55);
#7117 = AXIS2_PLACEMENT_3D('',#7118,#7119,#7120);
#7118 = CARTESIAN_POINT('',(-0.401169519909,1.497185030748,29.25));
#7119 = DIRECTION('',(-0.258819045103,0.965925826289,-1.9E-16));
#7120 = DIRECTION('',(5.082625366409E-17,-1.830836206543E-16,-1.));
#7121 = PLANE('',#7122);
#7122 = AXIS2_PLACEMENT_3D('',#7123,#7124,#7125);
#7123 = CARTESIAN_POINT('',(-24.53342372761,-4.969032995748,0.));
#7124 = DIRECTION('',(-0.258819045103,0.965925826289,0.));
#7125 = DIRECTION('',(0.,0.,-1.));
#7126 = ADVANCED_FACE('',(#7127),#7138,.F.);
#7127 = FACE_BOUND('',#7128,.T.);
#7128 = EDGE_LOOP('',(#7129,#7130,#7131,#7132));
#7129 = ORIENTED_EDGE('',*,*,#1730,.F.);
#7130 = ORIENTED_EDGE('',*,*,#7000,.F.);
#7131 = ORIENTED_EDGE('',*,*,#870,.T.);
#7132 = ORIENTED_EDGE('',*,*,#7133,.F.);
#7133 = EDGE_CURVE('',#1731,#871,#7134,.T.);
#7134 = LINE('',#7135,#7136);
#7135 = CARTESIAN_POINT('',(-21.00854796083,-1.55,0.));
#7136 = VECTOR('',#7137,1.);
#7137 = DIRECTION('',(0.,0.,-1.));
#7138 = CYLINDRICAL_SURFACE('',#7139,1.55);
#7139 = AXIS2_PLACEMENT_3D('',#7140,#7141,#7142);
#7140 = CARTESIAN_POINT('',(-21.00854796083,0.,0.));
#7141 = DIRECTION('',(0.,0.,-1.));
#7142 = DIRECTION('',(-1.,0.,0.));
#7143 = ADVANCED_FACE('',(#7144),#7212,.F.);
#7144 = FACE_BOUND('',#7145,.F.);
#7145 = EDGE_LOOP('',(#7146,#7155,#7156,#7157));
#7146 = ORIENTED_EDGE('',*,*,#7147,.T.);
#7147 = EDGE_CURVE('',#7148,#7043,#7150,.T.);
#7148 = VERTEX_POINT('',#7149);
#7149 = CARTESIAN_POINT('',(-25.05209572071,-1.55,0.));
#7150 = CIRCLE('',#7151,25.1);
#7151 = AXIS2_PLACEMENT_3D('',#7152,#7153,#7154);
#7152 = CARTESIAN_POINT('',(0.,0.,0.));
#7153 = DIRECTION('',(-0.,2.2E-16,1.));
#7154 = DIRECTION('',(1.,0.,0.));
#7155 = ORIENTED_EDGE('',*,*,#7042,.T.);
#7156 = ORIENTED_EDGE('',*,*,#887,.F.);
#7157 = ORIENTED_EDGE('',*,*,#7158,.F.);
#7158 = EDGE_CURVE('',#7148,#880,#7159,.T.);
#7159 = B_SPLINE_CURVE_WITH_KNOTS('',6,(#7160,#7161,#7162,#7163,#7164,
    #7165,#7166,#7167,#7168,#7169,#7170,#7171,#7172,#7173,#7174,#7175,
    #7176,#7177,#7178,#7179,#7180,#7181,#7182,#7183,#7184,#7185,#7186,
    #7187,#7188,#7189,#7190,#7191,#7192,#7193,#7194,#7195,#7196,#7197,
    #7198,#7199,#7200,#7201,#7202,#7203,#7204,#7205,#7206,#7207,#7208,
    #7209,#7210,#7211),.UNSPECIFIED.,.F.,.F.,(7,5,5,5,5,5,5,5,5,5,7),(0.
    ,0.202545733274,0.268699382805,0.399449676058,0.531775068236,
    0.596353311447,0.786881485135,0.953369086546,0.976992982387,
    0.988017747811,1.),.UNSPECIFIED.);
#7160 = CARTESIAN_POINT('',(-25.05209572071,-1.55,3.6E-16));
#7161 = CARTESIAN_POINT('',(-25.05209572071,-1.55,8.0824875407E-02));
#7162 = CARTESIAN_POINT('',(-25.03900521708,-1.55,0.161673320713));
#7163 = CARTESIAN_POINT('',(-25.01281153201,-1.55,0.239847188871));
#7164 = CARTESIAN_POINT('',(-24.97426768697,-1.55,0.312742492211));
#7165 = CARTESIAN_POINT('',(-24.92474483175,-1.55,0.378022754261));
#7166 = CARTESIAN_POINT('',(-24.84708594921,-1.55,0.452070172445));
#7167 = CARTESIAN_POINT('',(-24.8270025305,-1.55,0.469293030469));
#7168 = CARTESIAN_POINT('',(-24.80602245452,-1.55,0.485444528988));
#7169 = CARTESIAN_POINT('',(-24.78421764272,-1.55,0.500467427815));
#7170 = CARTESIAN_POINT('',(-24.76166475339,-1.55,0.514311027918));
#7171 = CARTESIAN_POINT('',(-24.69255253889,-1.55,0.551874428149));
#7172 = CARTESIAN_POINT('',(-24.6440525473,-1.55,0.572039925734));
#7173 = CARTESIAN_POINT('',(-24.59357407332,-1.55,0.587086627647));
#7174 = CARTESIAN_POINT('',(-24.54179773347,-1.55,0.596787364776));
#7175 = CARTESIAN_POINT('',(-24.48943282986,-1.55,0.601034169058));
#7176 = CARTESIAN_POINT('',(-24.38432644321,-1.55,0.598638702927));
#7177 = CARTESIAN_POINT('',(-24.33158288981,-1.55,0.5918645153));
#7178 = CARTESIAN_POINT('',(-24.27970483701,-1.55,0.579537655515));
#7179 = CARTESIAN_POINT('',(-24.22942161048,-1.55,0.561805006959));
#7180 = CARTESIAN_POINT('',(-24.18142645291,-1.55,0.538936867364));
#7181 = CARTESIAN_POINT('',(-24.11435497763,-1.55,0.497842383809));
#7182 = CARTESIAN_POINT('',(-24.09305260807,-1.55,0.483233278397));
#7183 = CARTESIAN_POINT('',(-24.07251870499,-1.55,0.467537698967));
#7184 = CARTESIAN_POINT('',(-24.05282217153,-1.55,0.450806294347));
#7185 = CARTESIAN_POINT('',(-24.0340273273,-1.55,0.433095438041));
#7186 = CARTESIAN_POINT('',(-23.96357914861,-1.55,0.359507560442));
#7187 = CARTESIAN_POINT('',(-23.91931968282,-1.55,0.296548788276));
#7188 = CARTESIAN_POINT('',(-23.88497287711,-1.55,0.227199147168));
#7189 = CARTESIAN_POINT('',(-23.86162303471,-1.55,0.153428989946));
#7190 = CARTESIAN_POINT('',(-23.84986236182,-1.55,7.740913301489E-02));
#7191 = CARTESIAN_POINT('',(-23.8495339954,-1.55,-6.505584779605E-02));
#7192 = CARTESIAN_POINT('',(-23.8582269844,-1.55,-0.131520863135));
#7193 = CARTESIAN_POINT('',(-23.87577359404,-1.55,-0.196526962678));
#7194 = CARTESIAN_POINT('',(-23.90183831631,-1.55,-0.258618792812));
#7195 = CARTESIAN_POINT('',(-23.93578918307,-1.55,-0.316443702545));
#7196 = CARTESIAN_POINT('',(-23.98251144458,-1.55,-0.376267586612));
#7197 = CARTESIAN_POINT('',(-23.98845766829,-1.55,-0.383592218138));
#7198 = CARTESIAN_POINT('',(-23.99454166224,-1.55,-0.390804262235));
#7199 = CARTESIAN_POINT('',(-24.00076073919,-1.55,-0.397900503765));
#7200 = CARTESIAN_POINT('',(-24.00711211229,-1.55,-0.404877813806));
#7201 = CARTESIAN_POINT('',(-24.01661733748,-1.55,-0.414932387835));
#7202 = CARTESIAN_POINT('',(-24.01966997847,-1.55,-0.418105076904));
#7203 = CARTESIAN_POINT('',(-24.02275052546,-1.55,-0.421250907362));
#7204 = CARTESIAN_POINT('',(-24.02585868136,-1.55,-0.42436957409));
#7205 = CARTESIAN_POINT('',(-24.02899414459,-1.55,-0.427460776348));
#7206 = CARTESIAN_POINT('',(-24.03559372974,-1.55,-0.433853715163));
#7207 = CARTESIAN_POINT('',(-24.03906361274,-1.55,-0.437151177515));
#7208 = CARTESIAN_POINT('',(-24.04256418186,-1.55,-0.440414753545));
#7209 = CARTESIAN_POINT('',(-24.04609459534,-1.55,-0.443643681914));
#7210 = CARTESIAN_POINT('',(-24.04965524601,-1.55,-0.446838291219));
#7211 = CARTESIAN_POINT('',(-24.05324776124,-1.55,-0.45));
#7212 = TOROIDAL_SURFACE('',#7213,24.5,0.6);
#7213 = AXIS2_PLACEMENT_3D('',#7214,#7215,#7216);
#7214 = CARTESIAN_POINT('',(0.,0.,0.));
#7215 = DIRECTION('',(0.,2.2E-16,1.));
#7216 = DIRECTION('',(1.,0.,0.));
#7217 = ADVANCED_FACE('',(#7218),#7247,.F.);
#7218 = FACE_BOUND('',#7219,.F.);
#7219 = EDGE_LOOP('',(#7220,#7221,#7222,#7231,#7239,#7245,#7246));
#7220 = ORIENTED_EDGE('',*,*,#7133,.F.);
#7221 = ORIENTED_EDGE('',*,*,#1739,.T.);
#7222 = ORIENTED_EDGE('',*,*,#7223,.F.);
#7223 = EDGE_CURVE('',#7224,#1740,#7226,.T.);
#7224 = VERTEX_POINT('',#7225);
#7225 = CARTESIAN_POINT('',(-26.70505570112,-1.55,2.5));
#7226 = HYPERBOLA('',#7227,1.55,1.55);
#7227 = AXIS2_PLACEMENT_3D('',#7228,#7229,#7230);
#7228 = CARTESIAN_POINT('',(-1.9E-16,-1.55,29.25));
#7229 = DIRECTION('',(-1.2E-16,-1.,2.2E-16));
#7230 = DIRECTION('',(0.,-2.2E-16,-1.));
#7231 = ORIENTED_EDGE('',*,*,#7232,.T.);
#7232 = EDGE_CURVE('',#7224,#7233,#7235,.T.);
#7233 = VERTEX_POINT('',#7234);
#7234 = CARTESIAN_POINT('',(-26.70505570112,-1.55,0.));
#7235 = LINE('',#7236,#7237);
#7236 = CARTESIAN_POINT('',(-26.70505570112,-1.55,3.4E-16));
#7237 = VECTOR('',#7238,1.);
#7238 = DIRECTION('',(-0.,-0.,-1.));
#7239 = ORIENTED_EDGE('',*,*,#7240,.T.);
#7240 = EDGE_CURVE('',#7233,#7148,#7241,.T.);
#7241 = LINE('',#7242,#7243);
#7242 = CARTESIAN_POINT('',(-12.49177398041,-1.55,0.));
#7243 = VECTOR('',#7244,1.);
#7244 = DIRECTION('',(1.,-1.2E-16,0.));
#7245 = ORIENTED_EDGE('',*,*,#7158,.T.);
#7246 = ORIENTED_EDGE('',*,*,#879,.T.);
#7247 = PLANE('',#7248);
#7248 = AXIS2_PLACEMENT_3D('',#7249,#7250,#7251);
#7249 = CARTESIAN_POINT('',(-24.98354796083,-1.55,0.));
#7250 = DIRECTION('',(0.,-1.,0.));
#7251 = DIRECTION('',(0.,0.,1.));
#7252 = ADVANCED_FACE('',(#7253),#7271,.F.);
#7253 = FACE_BOUND('',#7254,.F.);
#7254 = EDGE_LOOP('',(#7255,#7256,#7263,#7270));
#7255 = ORIENTED_EDGE('',*,*,#1279,.T.);
#7256 = ORIENTED_EDGE('',*,*,#7257,.T.);
#7257 = EDGE_CURVE('',#1280,#7258,#7260,.T.);
#7258 = VERTEX_POINT('',#7259);
#7259 = CARTESIAN_POINT('',(1.6,-6.4,3.5));
#7260 = B_SPLINE_CURVE_WITH_KNOTS('',1,(#7261,#7262),.UNSPECIFIED.,.F.,
  .F.,(2,2),(-152.8478086594,152.84780865946),.PIECEWISE_BEZIER_KNOTS.);
#7261 = CARTESIAN_POINT('',(1.6,-6.4,-152.8478086594));
#7262 = CARTESIAN_POINT('',(1.6,-6.4,152.84780865946));
#7263 = ORIENTED_EDGE('',*,*,#7264,.F.);
#7264 = EDGE_CURVE('',#7258,#7258,#7265,.T.);
#7265 = CIRCLE('',#7266,1.6);
#7266 = AXIS2_PLACEMENT_3D('',#7267,#7268,#7269);
#7267 = CARTESIAN_POINT('',(0.,-6.4,3.5));
#7268 = DIRECTION('',(0.,0.,1.));
#7269 = DIRECTION('',(1.,0.,-0.));
#7270 = ORIENTED_EDGE('',*,*,#7257,.F.);
#7271 = CYLINDRICAL_SURFACE('',#7272,1.6);
#7272 = AXIS2_PLACEMENT_3D('',#7273,#7274,#7275);
#7273 = CARTESIAN_POINT('',(0.,-6.4,0.));
#7274 = DIRECTION('',(0.,0.,1.));
#7275 = DIRECTION('',(1.,0.,-0.));
#7276 = ADVANCED_FACE('',(#7277),#7295,.F.);
#7277 = FACE_BOUND('',#7278,.F.);
#7278 = EDGE_LOOP('',(#7279,#7280,#7287,#7294));
#7279 = ORIENTED_EDGE('',*,*,#1290,.T.);
#7280 = ORIENTED_EDGE('',*,*,#7281,.T.);
#7281 = EDGE_CURVE('',#1291,#7282,#7284,.T.);
#7282 = VERTEX_POINT('',#7283);
#7283 = CARTESIAN_POINT('',(-4.8,0.,3.5));
#7284 = B_SPLINE_CURVE_WITH_KNOTS('',1,(#7285,#7286),.UNSPECIFIED.,.F.,
  .F.,(2,2),(-152.8478086594,152.84780865946),.PIECEWISE_BEZIER_KNOTS.);
#7285 = CARTESIAN_POINT('',(-4.8,0.,-152.8478086594));
#7286 = CARTESIAN_POINT('',(-4.8,0.,152.84780865946));
#7287 = ORIENTED_EDGE('',*,*,#7288,.F.);
#7288 = EDGE_CURVE('',#7282,#7282,#7289,.T.);
#7289 = CIRCLE('',#7290,1.6);
#7290 = AXIS2_PLACEMENT_3D('',#7291,#7292,#7293);
#7291 = CARTESIAN_POINT('',(-6.4,0.,3.5));
#7292 = DIRECTION('',(0.,0.,1.));
#7293 = DIRECTION('',(1.,0.,-0.));
#7294 = ORIENTED_EDGE('',*,*,#7281,.F.);
#7295 = CYLINDRICAL_SURFACE('',#7296,1.6);
#7296 = AXIS2_PLACEMENT_3D('',#7297,#7298,#7299);
#7297 = CARTESIAN_POINT('',(-6.4,0.,0.));
#7298 = DIRECTION('',(0.,0.,1.));
#7299 = DIRECTION('',(1.,0.,-0.));
#7300 = ADVANCED_FACE('',(#7301),#7319,.F.);
#7301 = FACE_BOUND('',#7302,.F.);
#7302 = EDGE_LOOP('',(#7303,#7304,#7311,#7318));
#7303 = ORIENTED_EDGE('',*,*,#1301,.T.);
#7304 = ORIENTED_EDGE('',*,*,#7305,.T.);
#7305 = EDGE_CURVE('',#1302,#7306,#7308,.T.);
#7306 = VERTEX_POINT('',#7307);
#7307 = CARTESIAN_POINT('',(2.25,0.,3.5));
#7308 = B_SPLINE_CURVE_WITH_KNOTS('',1,(#7309,#7310),.UNSPECIFIED.,.F.,
  .F.,(2,2),(-152.8478086594,152.84780865946),.PIECEWISE_BEZIER_KNOTS.);
#7309 = CARTESIAN_POINT('',(2.25,0.,-152.8478086594));
#7310 = CARTESIAN_POINT('',(2.25,0.,152.84780865946));
#7311 = ORIENTED_EDGE('',*,*,#7312,.F.);
#7312 = EDGE_CURVE('',#7306,#7306,#7313,.T.);
#7313 = CIRCLE('',#7314,2.25);
#7314 = AXIS2_PLACEMENT_3D('',#7315,#7316,#7317);
#7315 = CARTESIAN_POINT('',(0.,0.,3.5));
#7316 = DIRECTION('',(0.,0.,1.));
#7317 = DIRECTION('',(1.,0.,-0.));
#7318 = ORIENTED_EDGE('',*,*,#7305,.F.);
#7319 = CYLINDRICAL_SURFACE('',#7320,2.25);
#7320 = AXIS2_PLACEMENT_3D('',#7321,#7322,#7323);
#7321 = CARTESIAN_POINT('',(0.,0.,0.));
#7322 = DIRECTION('',(0.,0.,1.));
#7323 = DIRECTION('',(1.,0.,-0.));
#7324 = ADVANCED_FACE('',(#7325),#7343,.F.);
#7325 = FACE_BOUND('',#7326,.F.);
#7326 = EDGE_LOOP('',(#7327,#7328,#7335,#7342));
#7327 = ORIENTED_EDGE('',*,*,#1312,.T.);
#7328 = ORIENTED_EDGE('',*,*,#7329,.T.);
#7329 = EDGE_CURVE('',#1313,#7330,#7332,.T.);
#7330 = VERTEX_POINT('',#7331);
#7331 = CARTESIAN_POINT('',(8.,0.,3.5));
#7332 = B_SPLINE_CURVE_WITH_KNOTS('',1,(#7333,#7334),.UNSPECIFIED.,.F.,
  .F.,(2,2),(-152.8478086594,152.84780865946),.PIECEWISE_BEZIER_KNOTS.);
#7333 = CARTESIAN_POINT('',(8.,0.,-152.8478086594));
#7334 = CARTESIAN_POINT('',(8.,0.,152.84780865946));
#7335 = ORIENTED_EDGE('',*,*,#7336,.F.);
#7336 = EDGE_CURVE('',#7330,#7330,#7337,.T.);
#7337 = CIRCLE('',#7338,1.6);
#7338 = AXIS2_PLACEMENT_3D('',#7339,#7340,#7341);
#7339 = CARTESIAN_POINT('',(6.4,0.,3.5));
#7340 = DIRECTION('',(0.,0.,1.));
#7341 = DIRECTION('',(1.,0.,-0.));
#7342 = ORIENTED_EDGE('',*,*,#7329,.F.);
#7343 = CYLINDRICAL_SURFACE('',#7344,1.6);
#7344 = AXIS2_PLACEMENT_3D('',#7345,#7346,#7347);
#7345 = CARTESIAN_POINT('',(6.4,0.,0.));
#7346 = DIRECTION('',(0.,0.,1.));
#7347 = DIRECTION('',(1.,0.,-0.));
#7348 = ADVANCED_FACE('',(#7349),#7367,.F.);
#7349 = FACE_BOUND('',#7350,.F.);
#7350 = EDGE_LOOP('',(#7351,#7352,#7359,#7366));
#7351 = ORIENTED_EDGE('',*,*,#1323,.T.);
#7352 = ORIENTED_EDGE('',*,*,#7353,.T.);
#7353 = EDGE_CURVE('',#1324,#7354,#7356,.T.);
#7354 = VERTEX_POINT('',#7355);
#7355 = CARTESIAN_POINT('',(1.6,6.4,3.5));
#7356 = B_SPLINE_CURVE_WITH_KNOTS('',1,(#7357,#7358),.UNSPECIFIED.,.F.,
  .F.,(2,2),(-152.8478086594,152.84780865946),.PIECEWISE_BEZIER_KNOTS.);
#7357 = CARTESIAN_POINT('',(1.6,6.4,-152.8478086594));
#7358 = CARTESIAN_POINT('',(1.6,6.4,152.84780865946));
#7359 = ORIENTED_EDGE('',*,*,#7360,.F.);
#7360 = EDGE_CURVE('',#7354,#7354,#7361,.T.);
#7361 = CIRCLE('',#7362,1.6);
#7362 = AXIS2_PLACEMENT_3D('',#7363,#7364,#7365);
#7363 = CARTESIAN_POINT('',(0.,6.4,3.5));
#7364 = DIRECTION('',(0.,0.,1.));
#7365 = DIRECTION('',(1.,0.,-0.));
#7366 = ORIENTED_EDGE('',*,*,#7353,.F.);
#7367 = CYLINDRICAL_SURFACE('',#7368,1.6);
#7368 = AXIS2_PLACEMENT_3D('',#7369,#7370,#7371);
#7369 = CARTESIAN_POINT('',(0.,6.4,0.));
#7370 = DIRECTION('',(0.,0.,1.));
#7371 = DIRECTION('',(1.,0.,-0.));
#7372 = ADVANCED_FACE('',(#7373),#7385,.T.);
#7373 = FACE_BOUND('',#7374,.T.);
#7374 = EDGE_LOOP('',(#7375,#7376,#7383,#7384));
#7375 = ORIENTED_EDGE('',*,*,#2435,.F.);
#7376 = ORIENTED_EDGE('',*,*,#7377,.T.);
#7377 = EDGE_CURVE('',#2436,#2241,#7378,.T.);
#7378 = CIRCLE('',#7379,26.75);
#7379 = AXIS2_PLACEMENT_3D('',#7380,#7381,#7382);
#7380 = CARTESIAN_POINT('',(0.,0.,2.5));
#7381 = DIRECTION('',(0.,0.,1.));
#7382 = DIRECTION('',(1.,0.,0.));
#7383 = ORIENTED_EDGE('',*,*,#2248,.F.);
#7384 = ORIENTED_EDGE('',*,*,#2121,.F.);
#7385 = CONICAL_SURFACE('',#7386,26.75,0.785398163397);
#7386 = AXIS2_PLACEMENT_3D('',#7387,#7388,#7389);
#7387 = CARTESIAN_POINT('',(0.,0.,2.5));
#7388 = DIRECTION('',(-0.,-0.,-1.));
#7389 = DIRECTION('',(1.,0.,0.));
#7390 = ADVANCED_FACE('',(#7391),#7403,.T.);
#7391 = FACE_BOUND('',#7392,.T.);
#7392 = EDGE_LOOP('',(#7393,#7394,#7401,#7402));
#7393 = ORIENTED_EDGE('',*,*,#2879,.F.);
#7394 = ORIENTED_EDGE('',*,*,#7395,.T.);
#7395 = EDGE_CURVE('',#2880,#2668,#7396,.T.);
#7396 = CIRCLE('',#7397,26.75);
#7397 = AXIS2_PLACEMENT_3D('',#7398,#7399,#7400);
#7398 = CARTESIAN_POINT('',(0.,0.,2.5));
#7399 = DIRECTION('',(0.,0.,1.));
#7400 = DIRECTION('',(1.,0.,0.));
#7401 = ORIENTED_EDGE('',*,*,#2675,.F.);
#7402 = ORIENTED_EDGE('',*,*,#2087,.F.);
#7403 = CONICAL_SURFACE('',#7404,26.75,0.785398163397);
#7404 = AXIS2_PLACEMENT_3D('',#7405,#7406,#7407);
#7405 = CARTESIAN_POINT('',(0.,0.,2.5));
#7406 = DIRECTION('',(-0.,-0.,-1.));
#7407 = DIRECTION('',(1.,0.,0.));
#7408 = ADVANCED_FACE('',(#7409),#7421,.T.);
#7409 = FACE_BOUND('',#7410,.T.);
#7410 = EDGE_LOOP('',(#7411,#7412,#7419,#7420));
#7411 = ORIENTED_EDGE('',*,*,#2339,.F.);
#7412 = ORIENTED_EDGE('',*,*,#7413,.T.);
#7413 = EDGE_CURVE('',#2340,#2577,#7414,.T.);
#7414 = CIRCLE('',#7415,26.75);
#7415 = AXIS2_PLACEMENT_3D('',#7416,#7417,#7418);
#7416 = CARTESIAN_POINT('',(0.,0.,2.5));
#7417 = DIRECTION('',(0.,0.,1.));
#7418 = DIRECTION('',(1.,0.,0.));
#7419 = ORIENTED_EDGE('',*,*,#2584,.F.);
#7420 = ORIENTED_EDGE('',*,*,#1373,.F.);
#7421 = CONICAL_SURFACE('',#7422,26.75,0.785398163397);
#7422 = AXIS2_PLACEMENT_3D('',#7423,#7424,#7425);
#7423 = CARTESIAN_POINT('',(0.,0.,2.5));
#7424 = DIRECTION('',(-0.,-0.,-1.));
#7425 = DIRECTION('',(1.,0.,0.));
#7426 = ADVANCED_FACE('',(#7427),#7439,.T.);
#7427 = FACE_BOUND('',#7428,.T.);
#7428 = EDGE_LOOP('',(#7429,#7430,#7437,#7438));
#7429 = ORIENTED_EDGE('',*,*,#3323,.F.);
#7430 = ORIENTED_EDGE('',*,*,#7431,.T.);
#7431 = EDGE_CURVE('',#3324,#3044,#7432,.T.);
#7432 = CIRCLE('',#7433,26.75);
#7433 = AXIS2_PLACEMENT_3D('',#7434,#7435,#7436);
#7434 = CARTESIAN_POINT('',(0.,0.,2.5));
#7435 = DIRECTION('',(0.,0.,1.));
#7436 = DIRECTION('',(1.,0.,0.));
#7437 = ORIENTED_EDGE('',*,*,#3043,.F.);
#7438 = ORIENTED_EDGE('',*,*,#2053,.F.);
#7439 = CONICAL_SURFACE('',#7440,26.75,0.785398163397);
#7440 = AXIS2_PLACEMENT_3D('',#7441,#7442,#7443);
#7441 = CARTESIAN_POINT('',(0.,0.,2.5));
#7442 = DIRECTION('',(-0.,-0.,-1.));
#7443 = DIRECTION('',(1.,0.,0.));
#7444 = ADVANCED_FACE('',(#7445),#7457,.T.);
#7445 = FACE_BOUND('',#7446,.T.);
#7446 = EDGE_LOOP('',(#7447,#7448,#7455,#7456));
#7447 = ORIENTED_EDGE('',*,*,#2783,.F.);
#7448 = ORIENTED_EDGE('',*,*,#7449,.T.);
#7449 = EDGE_CURVE('',#2784,#3021,#7450,.T.);
#7450 = CIRCLE('',#7451,26.75);
#7451 = AXIS2_PLACEMENT_3D('',#7452,#7453,#7454);
#7452 = CARTESIAN_POINT('',(0.,0.,2.5));
#7453 = DIRECTION('',(0.,0.,1.));
#7454 = DIRECTION('',(1.,0.,0.));
#7455 = ORIENTED_EDGE('',*,*,#3028,.F.);
#7456 = ORIENTED_EDGE('',*,*,#1407,.F.);
#7457 = CONICAL_SURFACE('',#7458,26.75,0.785398163397);
#7458 = AXIS2_PLACEMENT_3D('',#7459,#7460,#7461);
#7459 = CARTESIAN_POINT('',(0.,0.,2.5));
#7460 = DIRECTION('',(-0.,-0.,-1.));
#7461 = DIRECTION('',(1.,0.,0.));
#7462 = ADVANCED_FACE('',(#7463),#7475,.T.);
#7463 = FACE_BOUND('',#7464,.T.);
#7464 = EDGE_LOOP('',(#7465,#7466,#7473,#7474));
#7465 = ORIENTED_EDGE('',*,*,#3767,.F.);
#7466 = ORIENTED_EDGE('',*,*,#7467,.T.);
#7467 = EDGE_CURVE('',#3768,#3556,#7468,.T.);
#7468 = CIRCLE('',#7469,26.75);
#7469 = AXIS2_PLACEMENT_3D('',#7470,#7471,#7472);
#7470 = CARTESIAN_POINT('',(0.,0.,2.5));
#7471 = DIRECTION('',(0.,0.,1.));
#7472 = DIRECTION('',(1.,0.,0.));
#7473 = ORIENTED_EDGE('',*,*,#3563,.F.);
#7474 = ORIENTED_EDGE('',*,*,#2019,.F.);
#7475 = CONICAL_SURFACE('',#7476,26.75,0.785398163397);
#7476 = AXIS2_PLACEMENT_3D('',#7477,#7478,#7479);
#7477 = CARTESIAN_POINT('',(0.,0.,2.5));
#7478 = DIRECTION('',(-0.,-0.,-1.));
#7479 = DIRECTION('',(1.,0.,0.));
#7480 = ADVANCED_FACE('',(#7481),#7493,.T.);
#7481 = FACE_BOUND('',#7482,.T.);
#7482 = EDGE_LOOP('',(#7483,#7484,#7491,#7492));
#7483 = ORIENTED_EDGE('',*,*,#3227,.F.);
#7484 = ORIENTED_EDGE('',*,*,#7485,.T.);
#7485 = EDGE_CURVE('',#3228,#3465,#7486,.T.);
#7486 = CIRCLE('',#7487,26.75);
#7487 = AXIS2_PLACEMENT_3D('',#7488,#7489,#7490);
#7488 = CARTESIAN_POINT('',(0.,0.,2.5));
#7489 = DIRECTION('',(0.,0.,1.));
#7490 = DIRECTION('',(1.,0.,0.));
#7491 = ORIENTED_EDGE('',*,*,#3472,.F.);
#7492 = ORIENTED_EDGE('',*,*,#1441,.F.);
#7493 = CONICAL_SURFACE('',#7494,26.75,0.785398163397);
#7494 = AXIS2_PLACEMENT_3D('',#7495,#7496,#7497);
#7495 = CARTESIAN_POINT('',(0.,0.,2.5));
#7496 = DIRECTION('',(-0.,-0.,-1.));
#7497 = DIRECTION('',(1.,0.,0.));
#7498 = ADVANCED_FACE('',(#7499),#7511,.T.);
#7499 = FACE_BOUND('',#7500,.T.);
#7500 = EDGE_LOOP('',(#7501,#7502,#7509,#7510));
#7501 = ORIENTED_EDGE('',*,*,#4211,.F.);
#7502 = ORIENTED_EDGE('',*,*,#7503,.T.);
#7503 = EDGE_CURVE('',#4212,#4000,#7504,.T.);
#7504 = CIRCLE('',#7505,26.75);
#7505 = AXIS2_PLACEMENT_3D('',#7506,#7507,#7508);
#7506 = CARTESIAN_POINT('',(0.,0.,2.5));
#7507 = DIRECTION('',(0.,0.,1.));
#7508 = DIRECTION('',(1.,0.,0.));
#7509 = ORIENTED_EDGE('',*,*,#4007,.F.);
#7510 = ORIENTED_EDGE('',*,*,#1985,.F.);
#7511 = CONICAL_SURFACE('',#7512,26.75,0.785398163397);
#7512 = AXIS2_PLACEMENT_3D('',#7513,#7514,#7515);
#7513 = CARTESIAN_POINT('',(0.,0.,2.5));
#7514 = DIRECTION('',(-0.,-0.,-1.));
#7515 = DIRECTION('',(1.,0.,0.));
#7516 = ADVANCED_FACE('',(#7517),#7529,.T.);
#7517 = FACE_BOUND('',#7518,.T.);
#7518 = EDGE_LOOP('',(#7519,#7520,#7527,#7528));
#7519 = ORIENTED_EDGE('',*,*,#3671,.F.);
#7520 = ORIENTED_EDGE('',*,*,#7521,.T.);
#7521 = EDGE_CURVE('',#3672,#3909,#7522,.T.);
#7522 = CIRCLE('',#7523,26.75);
#7523 = AXIS2_PLACEMENT_3D('',#7524,#7525,#7526);
#7524 = CARTESIAN_POINT('',(0.,0.,2.5));
#7525 = DIRECTION('',(0.,0.,1.));
#7526 = DIRECTION('',(1.,0.,0.));
#7527 = ORIENTED_EDGE('',*,*,#3916,.F.);
#7528 = ORIENTED_EDGE('',*,*,#1475,.F.);
#7529 = CONICAL_SURFACE('',#7530,26.75,0.785398163397);
#7530 = AXIS2_PLACEMENT_3D('',#7531,#7532,#7533);
#7531 = CARTESIAN_POINT('',(0.,0.,2.5));
#7532 = DIRECTION('',(-0.,-0.,-1.));
#7533 = DIRECTION('',(1.,0.,0.));
#7534 = ADVANCED_FACE('',(#7535),#7547,.T.);
#7535 = FACE_BOUND('',#7536,.T.);
#7536 = EDGE_LOOP('',(#7537,#7538,#7545,#7546));
#7537 = ORIENTED_EDGE('',*,*,#4655,.F.);
#7538 = ORIENTED_EDGE('',*,*,#7539,.T.);
#7539 = EDGE_CURVE('',#4656,#4444,#7540,.T.);
#7540 = CIRCLE('',#7541,26.75);
#7541 = AXIS2_PLACEMENT_3D('',#7542,#7543,#7544);
#7542 = CARTESIAN_POINT('',(0.,0.,2.5));
#7543 = DIRECTION('',(0.,0.,1.));
#7544 = DIRECTION('',(1.,0.,0.));
#7545 = ORIENTED_EDGE('',*,*,#4451,.F.);
#7546 = ORIENTED_EDGE('',*,*,#1951,.F.);
#7547 = CONICAL_SURFACE('',#7548,26.75,0.785398163397);
#7548 = AXIS2_PLACEMENT_3D('',#7549,#7550,#7551);
#7549 = CARTESIAN_POINT('',(0.,0.,2.5));
#7550 = DIRECTION('',(-0.,-0.,-1.));
#7551 = DIRECTION('',(1.,0.,0.));
#7552 = ADVANCED_FACE('',(#7553),#7565,.T.);
#7553 = FACE_BOUND('',#7554,.T.);
#7554 = EDGE_LOOP('',(#7555,#7556,#7563,#7564));
#7555 = ORIENTED_EDGE('',*,*,#4115,.F.);
#7556 = ORIENTED_EDGE('',*,*,#7557,.T.);
#7557 = EDGE_CURVE('',#4116,#4353,#7558,.T.);
#7558 = CIRCLE('',#7559,26.75);
#7559 = AXIS2_PLACEMENT_3D('',#7560,#7561,#7562);
#7560 = CARTESIAN_POINT('',(0.,0.,2.5));
#7561 = DIRECTION('',(0.,0.,1.));
#7562 = DIRECTION('',(1.,0.,0.));
#7563 = ORIENTED_EDGE('',*,*,#4360,.F.);
#7564 = ORIENTED_EDGE('',*,*,#1509,.F.);
#7565 = CONICAL_SURFACE('',#7566,26.75,0.785398163397);
#7566 = AXIS2_PLACEMENT_3D('',#7567,#7568,#7569);
#7567 = CARTESIAN_POINT('',(0.,0.,2.5));
#7568 = DIRECTION('',(-0.,-0.,-1.));
#7569 = DIRECTION('',(1.,0.,0.));
#7570 = ADVANCED_FACE('',(#7571),#7583,.T.);
#7571 = FACE_BOUND('',#7572,.T.);
#7572 = EDGE_LOOP('',(#7573,#7574,#7581,#7582));
#7573 = ORIENTED_EDGE('',*,*,#5099,.F.);
#7574 = ORIENTED_EDGE('',*,*,#7575,.T.);
#7575 = EDGE_CURVE('',#5100,#4888,#7576,.T.);
#7576 = CIRCLE('',#7577,26.75);
#7577 = AXIS2_PLACEMENT_3D('',#7578,#7579,#7580);
#7578 = CARTESIAN_POINT('',(0.,0.,2.5));
#7579 = DIRECTION('',(0.,0.,1.));
#7580 = DIRECTION('',(1.,0.,0.));
#7581 = ORIENTED_EDGE('',*,*,#4895,.F.);
#7582 = ORIENTED_EDGE('',*,*,#1917,.F.);
#7583 = CONICAL_SURFACE('',#7584,26.75,0.785398163397);
#7584 = AXIS2_PLACEMENT_3D('',#7585,#7586,#7587);
#7585 = CARTESIAN_POINT('',(0.,0.,2.5));
#7586 = DIRECTION('',(-0.,-0.,-1.));
#7587 = DIRECTION('',(1.,0.,0.));
#7588 = ADVANCED_FACE('',(#7589),#7601,.T.);
#7589 = FACE_BOUND('',#7590,.T.);
#7590 = EDGE_LOOP('',(#7591,#7592,#7599,#7600));
#7591 = ORIENTED_EDGE('',*,*,#4559,.F.);
#7592 = ORIENTED_EDGE('',*,*,#7593,.T.);
#7593 = EDGE_CURVE('',#4560,#4797,#7594,.T.);
#7594 = CIRCLE('',#7595,26.75);
#7595 = AXIS2_PLACEMENT_3D('',#7596,#7597,#7598);
#7596 = CARTESIAN_POINT('',(0.,0.,2.5));
#7597 = DIRECTION('',(0.,0.,1.));
#7598 = DIRECTION('',(1.,0.,0.));
#7599 = ORIENTED_EDGE('',*,*,#4804,.F.);
#7600 = ORIENTED_EDGE('',*,*,#1543,.F.);
#7601 = CONICAL_SURFACE('',#7602,26.75,0.785398163397);
#7602 = AXIS2_PLACEMENT_3D('',#7603,#7604,#7605);
#7603 = CARTESIAN_POINT('',(0.,0.,2.5));
#7604 = DIRECTION('',(-0.,-0.,-1.));
#7605 = DIRECTION('',(1.,0.,0.));
#7606 = ADVANCED_FACE('',(#7607),#7619,.T.);
#7607 = FACE_BOUND('',#7608,.T.);
#7608 = EDGE_LOOP('',(#7609,#7610,#7617,#7618));
#7609 = ORIENTED_EDGE('',*,*,#5543,.F.);
#7610 = ORIENTED_EDGE('',*,*,#7611,.T.);
#7611 = EDGE_CURVE('',#5544,#5332,#7612,.T.);
#7612 = CIRCLE('',#7613,26.75);
#7613 = AXIS2_PLACEMENT_3D('',#7614,#7615,#7616);
#7614 = CARTESIAN_POINT('',(0.,0.,2.5));
#7615 = DIRECTION('',(0.,0.,1.));
#7616 = DIRECTION('',(1.,0.,0.));
#7617 = ORIENTED_EDGE('',*,*,#5339,.F.);
#7618 = ORIENTED_EDGE('',*,*,#1883,.F.);
#7619 = CONICAL_SURFACE('',#7620,26.75,0.785398163397);
#7620 = AXIS2_PLACEMENT_3D('',#7621,#7622,#7623);
#7621 = CARTESIAN_POINT('',(0.,0.,2.5));
#7622 = DIRECTION('',(-0.,-0.,-1.));
#7623 = DIRECTION('',(1.,0.,0.));
#7624 = ADVANCED_FACE('',(#7625),#7637,.T.);
#7625 = FACE_BOUND('',#7626,.T.);
#7626 = EDGE_LOOP('',(#7627,#7628,#7635,#7636));
#7627 = ORIENTED_EDGE('',*,*,#5003,.F.);
#7628 = ORIENTED_EDGE('',*,*,#7629,.T.);
#7629 = EDGE_CURVE('',#5004,#5241,#7630,.T.);
#7630 = CIRCLE('',#7631,26.75);
#7631 = AXIS2_PLACEMENT_3D('',#7632,#7633,#7634);
#7632 = CARTESIAN_POINT('',(0.,0.,2.5));
#7633 = DIRECTION('',(0.,0.,1.));
#7634 = DIRECTION('',(1.,0.,0.));
#7635 = ORIENTED_EDGE('',*,*,#5248,.F.);
#7636 = ORIENTED_EDGE('',*,*,#1577,.F.);
#7637 = CONICAL_SURFACE('',#7638,26.75,0.785398163397);
#7638 = AXIS2_PLACEMENT_3D('',#7639,#7640,#7641);
#7639 = CARTESIAN_POINT('',(0.,0.,2.5));
#7640 = DIRECTION('',(-0.,-0.,-1.));
#7641 = DIRECTION('',(1.,0.,0.));
#7642 = ADVANCED_FACE('',(#7643),#7655,.T.);
#7643 = FACE_BOUND('',#7644,.T.);
#7644 = EDGE_LOOP('',(#7645,#7646,#7653,#7654));
#7645 = ORIENTED_EDGE('',*,*,#5987,.F.);
#7646 = ORIENTED_EDGE('',*,*,#7647,.T.);
#7647 = EDGE_CURVE('',#5988,#5776,#7648,.T.);
#7648 = CIRCLE('',#7649,26.75);
#7649 = AXIS2_PLACEMENT_3D('',#7650,#7651,#7652);
#7650 = CARTESIAN_POINT('',(0.,0.,2.5));
#7651 = DIRECTION('',(0.,0.,1.));
#7652 = DIRECTION('',(1.,0.,0.));
#7653 = ORIENTED_EDGE('',*,*,#5783,.F.);
#7654 = ORIENTED_EDGE('',*,*,#1849,.F.);
#7655 = CONICAL_SURFACE('',#7656,26.75,0.785398163397);
#7656 = AXIS2_PLACEMENT_3D('',#7657,#7658,#7659);
#7657 = CARTESIAN_POINT('',(0.,0.,2.5));
#7658 = DIRECTION('',(-0.,-0.,-1.));
#7659 = DIRECTION('',(1.,0.,0.));
#7660 = ADVANCED_FACE('',(#7661),#7673,.T.);
#7661 = FACE_BOUND('',#7662,.T.);
#7662 = EDGE_LOOP('',(#7663,#7664,#7671,#7672));
#7663 = ORIENTED_EDGE('',*,*,#5447,.F.);
#7664 = ORIENTED_EDGE('',*,*,#7665,.T.);
#7665 = EDGE_CURVE('',#5448,#5685,#7666,.T.);
#7666 = CIRCLE('',#7667,26.75);
#7667 = AXIS2_PLACEMENT_3D('',#7668,#7669,#7670);
#7668 = CARTESIAN_POINT('',(0.,0.,2.5));
#7669 = DIRECTION('',(0.,0.,1.));
#7670 = DIRECTION('',(1.,0.,0.));
#7671 = ORIENTED_EDGE('',*,*,#5692,.F.);
#7672 = ORIENTED_EDGE('',*,*,#1611,.F.);
#7673 = CONICAL_SURFACE('',#7674,26.75,0.785398163397);
#7674 = AXIS2_PLACEMENT_3D('',#7675,#7676,#7677);
#7675 = CARTESIAN_POINT('',(0.,0.,2.5));
#7676 = DIRECTION('',(-0.,-0.,-1.));
#7677 = DIRECTION('',(1.,0.,0.));
#7678 = ADVANCED_FACE('',(#7679),#7691,.T.);
#7679 = FACE_BOUND('',#7680,.T.);
#7680 = EDGE_LOOP('',(#7681,#7682,#7689,#7690));
#7681 = ORIENTED_EDGE('',*,*,#6431,.F.);
#7682 = ORIENTED_EDGE('',*,*,#7683,.T.);
#7683 = EDGE_CURVE('',#6432,#6220,#7684,.T.);
#7684 = CIRCLE('',#7685,26.75);
#7685 = AXIS2_PLACEMENT_3D('',#7686,#7687,#7688);
#7686 = CARTESIAN_POINT('',(0.,0.,2.5));
#7687 = DIRECTION('',(0.,0.,1.));
#7688 = DIRECTION('',(1.,0.,0.));
#7689 = ORIENTED_EDGE('',*,*,#6227,.F.);
#7690 = ORIENTED_EDGE('',*,*,#1815,.F.);
#7691 = CONICAL_SURFACE('',#7692,26.75,0.785398163397);
#7692 = AXIS2_PLACEMENT_3D('',#7693,#7694,#7695);
#7693 = CARTESIAN_POINT('',(0.,0.,2.5));
#7694 = DIRECTION('',(-0.,-0.,-1.));
#7695 = DIRECTION('',(1.,0.,0.));
#7696 = ADVANCED_FACE('',(#7697),#7709,.T.);
#7697 = FACE_BOUND('',#7698,.T.);
#7698 = EDGE_LOOP('',(#7699,#7700,#7707,#7708));
#7699 = ORIENTED_EDGE('',*,*,#5891,.F.);
#7700 = ORIENTED_EDGE('',*,*,#7701,.T.);
#7701 = EDGE_CURVE('',#5892,#6129,#7702,.T.);
#7702 = CIRCLE('',#7703,26.75);
#7703 = AXIS2_PLACEMENT_3D('',#7704,#7705,#7706);
#7704 = CARTESIAN_POINT('',(0.,0.,2.5));
#7705 = DIRECTION('',(0.,0.,1.));
#7706 = DIRECTION('',(1.,0.,0.));
#7707 = ORIENTED_EDGE('',*,*,#6136,.F.);
#7708 = ORIENTED_EDGE('',*,*,#1645,.F.);
#7709 = CONICAL_SURFACE('',#7710,26.75,0.785398163397);
#7710 = AXIS2_PLACEMENT_3D('',#7711,#7712,#7713);
#7711 = CARTESIAN_POINT('',(0.,0.,2.5));
#7712 = DIRECTION('',(-0.,-0.,-1.));
#7713 = DIRECTION('',(1.,0.,0.));
#7714 = ADVANCED_FACE('',(#7715),#7727,.T.);
#7715 = FACE_BOUND('',#7716,.T.);
#7716 = EDGE_LOOP('',(#7717,#7718,#7725,#7726));
#7717 = ORIENTED_EDGE('',*,*,#6875,.F.);
#7718 = ORIENTED_EDGE('',*,*,#7719,.T.);
#7719 = EDGE_CURVE('',#6876,#6664,#7720,.T.);
#7720 = CIRCLE('',#7721,26.75);
#7721 = AXIS2_PLACEMENT_3D('',#7722,#7723,#7724);
#7722 = CARTESIAN_POINT('',(0.,0.,2.5));
#7723 = DIRECTION('',(0.,0.,1.));
#7724 = DIRECTION('',(1.,0.,0.));
#7725 = ORIENTED_EDGE('',*,*,#6671,.F.);
#7726 = ORIENTED_EDGE('',*,*,#1781,.F.);
#7727 = CONICAL_SURFACE('',#7728,26.75,0.785398163397);
#7728 = AXIS2_PLACEMENT_3D('',#7729,#7730,#7731);
#7729 = CARTESIAN_POINT('',(0.,0.,2.5));
#7730 = DIRECTION('',(-0.,-0.,-1.));
#7731 = DIRECTION('',(1.,0.,0.));
#7732 = ADVANCED_FACE('',(#7733),#7745,.T.);
#7733 = FACE_BOUND('',#7734,.T.);
#7734 = EDGE_LOOP('',(#7735,#7736,#7743,#7744));
#7735 = ORIENTED_EDGE('',*,*,#6335,.F.);
#7736 = ORIENTED_EDGE('',*,*,#7737,.T.);
#7737 = EDGE_CURVE('',#6336,#6573,#7738,.T.);
#7738 = CIRCLE('',#7739,26.75);
#7739 = AXIS2_PLACEMENT_3D('',#7740,#7741,#7742);
#7740 = CARTESIAN_POINT('',(0.,0.,2.5));
#7741 = DIRECTION('',(0.,0.,1.));
#7742 = DIRECTION('',(1.,0.,0.));
#7743 = ORIENTED_EDGE('',*,*,#6580,.F.);
#7744 = ORIENTED_EDGE('',*,*,#1679,.F.);
#7745 = CONICAL_SURFACE('',#7746,26.75,0.785398163397);
#7746 = AXIS2_PLACEMENT_3D('',#7747,#7748,#7749);
#7747 = CARTESIAN_POINT('',(0.,0.,2.5));
#7748 = DIRECTION('',(-0.,-0.,-1.));
#7749 = DIRECTION('',(1.,0.,0.));
#7750 = ADVANCED_FACE('',(#7751),#7763,.T.);
#7751 = FACE_BOUND('',#7752,.T.);
#7752 = EDGE_LOOP('',(#7753,#7754,#7761,#7762));
#7753 = ORIENTED_EDGE('',*,*,#7223,.F.);
#7754 = ORIENTED_EDGE('',*,*,#7755,.T.);
#7755 = EDGE_CURVE('',#7224,#7108,#7756,.T.);
#7756 = CIRCLE('',#7757,26.75);
#7757 = AXIS2_PLACEMENT_3D('',#7758,#7759,#7760);
#7758 = CARTESIAN_POINT('',(0.,0.,2.5));
#7759 = DIRECTION('',(0.,0.,1.));
#7760 = DIRECTION('',(1.,0.,0.));
#7761 = ORIENTED_EDGE('',*,*,#7115,.F.);
#7762 = ORIENTED_EDGE('',*,*,#1747,.F.);
#7763 = CONICAL_SURFACE('',#7764,26.75,0.785398163397);
#7764 = AXIS2_PLACEMENT_3D('',#7765,#7766,#7767);
#7765 = CARTESIAN_POINT('',(0.,0.,2.5));
#7766 = DIRECTION('',(-0.,-0.,-1.));
#7767 = DIRECTION('',(1.,0.,0.));
#7768 = ADVANCED_FACE('',(#7769),#7781,.T.);
#7769 = FACE_BOUND('',#7770,.T.);
#7770 = EDGE_LOOP('',(#7771,#7772,#7779,#7780));
#7771 = ORIENTED_EDGE('',*,*,#6779,.F.);
#7772 = ORIENTED_EDGE('',*,*,#7773,.T.);
#7773 = EDGE_CURVE('',#6780,#7017,#7774,.T.);
#7774 = CIRCLE('',#7775,26.75);
#7775 = AXIS2_PLACEMENT_3D('',#7776,#7777,#7778);
#7776 = CARTESIAN_POINT('',(0.,0.,2.5));
#7777 = DIRECTION('',(0.,0.,1.));
#7778 = DIRECTION('',(1.,0.,0.));
#7779 = ORIENTED_EDGE('',*,*,#7024,.F.);
#7780 = ORIENTED_EDGE('',*,*,#1713,.F.);
#7781 = CONICAL_SURFACE('',#7782,26.75,0.785398163397);
#7782 = AXIS2_PLACEMENT_3D('',#7783,#7784,#7785);
#7783 = CARTESIAN_POINT('',(0.,0.,2.5));
#7784 = DIRECTION('',(-0.,-0.,-1.));
#7785 = DIRECTION('',(1.,0.,0.));
#7786 = ADVANCED_FACE('',(#7787),#7806,.F.);
#7787 = FACE_BOUND('',#7788,.F.);
#7788 = EDGE_LOOP('',(#7789,#7797,#7804,#7805));
#7789 = ORIENTED_EDGE('',*,*,#7790,.T.);
#7790 = EDGE_CURVE('',#2139,#7791,#7793,.T.);
#7791 = VERTEX_POINT('',#7792);
#7792 = CARTESIAN_POINT('',(10.,0.,3.5));
#7793 = LINE('',#7794,#7795);
#7794 = CARTESIAN_POINT('',(10.,0.,4.5));
#7795 = VECTOR('',#7796,1.);
#7796 = DIRECTION('',(-0.,-0.,-1.));
#7797 = ORIENTED_EDGE('',*,*,#7798,.T.);
#7798 = EDGE_CURVE('',#7791,#7791,#7799,.T.);
#7799 = CIRCLE('',#7800,10.);
#7800 = AXIS2_PLACEMENT_3D('',#7801,#7802,#7803);
#7801 = CARTESIAN_POINT('',(0.,0.,3.5));
#7802 = DIRECTION('',(0.,0.,1.));
#7803 = DIRECTION('',(1.,0.,0.));
#7804 = ORIENTED_EDGE('',*,*,#7790,.F.);
#7805 = ORIENTED_EDGE('',*,*,#2138,.F.);
#7806 = CYLINDRICAL_SURFACE('',#7807,10.);
#7807 = AXIS2_PLACEMENT_3D('',#7808,#7809,#7810);
#7808 = CARTESIAN_POINT('',(0.,0.,4.5));
#7809 = DIRECTION('',(0.,0.,1.));
#7810 = DIRECTION('',(1.,0.,0.));
#7811 = ADVANCED_FACE('',(#7812),#7824,.T.);
#7812 = FACE_BOUND('',#7813,.F.);
#7813 = EDGE_LOOP('',(#7814,#7815,#7816,#7817));
#7814 = ORIENTED_EDGE('',*,*,#2444,.F.);
#7815 = ORIENTED_EDGE('',*,*,#7377,.T.);
#7816 = ORIENTED_EDGE('',*,*,#2240,.T.);
#7817 = ORIENTED_EDGE('',*,*,#7818,.F.);
#7818 = EDGE_CURVE('',#2445,#2233,#7819,.T.);
#7819 = CIRCLE('',#7820,26.75);
#7820 = AXIS2_PLACEMENT_3D('',#7821,#7822,#7823);
#7821 = CARTESIAN_POINT('',(0.,0.,0.));
#7822 = DIRECTION('',(0.,0.,1.));
#7823 = DIRECTION('',(1.,0.,0.));
#7824 = CYLINDRICAL_SURFACE('',#7825,26.75);
#7825 = AXIS2_PLACEMENT_3D('',#7826,#7827,#7828);
#7826 = CARTESIAN_POINT('',(0.,0.,0.));
#7827 = DIRECTION('',(-0.,-0.,-1.));
#7828 = DIRECTION('',(1.,0.,0.));
#7829 = ADVANCED_FACE('',(#7830),#7836,.F.);
#7830 = FACE_BOUND('',#7831,.F.);
#7831 = EDGE_LOOP('',(#7832,#7833,#7834,#7835));
#7832 = ORIENTED_EDGE('',*,*,#2232,.F.);
#7833 = ORIENTED_EDGE('',*,*,#2263,.F.);
#7834 = ORIENTED_EDGE('',*,*,#2452,.F.);
#7835 = ORIENTED_EDGE('',*,*,#7818,.T.);
#7836 = PLANE('',#7837);
#7837 = AXIS2_PLACEMENT_3D('',#7838,#7839,#7840);
#7838 = CARTESIAN_POINT('',(-1.64E-15,2.18E-15,0.));
#7839 = DIRECTION('',(0.,0.,1.));
#7840 = DIRECTION('',(1.,0.,0.));
#7841 = ADVANCED_FACE('',(#7842),#7854,.F.);
#7842 = FACE_BOUND('',#7843,.F.);
#7843 = EDGE_LOOP('',(#7844,#7845,#7846,#7853));
#7844 = ORIENTED_EDGE('',*,*,#2469,.F.);
#7845 = ORIENTED_EDGE('',*,*,#2356,.F.);
#7846 = ORIENTED_EDGE('',*,*,#7847,.T.);
#7847 = EDGE_CURVE('',#2349,#2569,#7848,.T.);
#7848 = CIRCLE('',#7849,26.75);
#7849 = AXIS2_PLACEMENT_3D('',#7850,#7851,#7852);
#7850 = CARTESIAN_POINT('',(0.,0.,0.));
#7851 = DIRECTION('',(0.,0.,1.));
#7852 = DIRECTION('',(1.,0.,0.));
#7853 = ORIENTED_EDGE('',*,*,#2568,.F.);
#7854 = PLANE('',#7855);
#7855 = AXIS2_PLACEMENT_3D('',#7856,#7857,#7858);
#7856 = CARTESIAN_POINT('',(-1.64E-15,2.18E-15,0.));
#7857 = DIRECTION('',(0.,0.,1.));
#7858 = DIRECTION('',(1.,0.,0.));
#7859 = ADVANCED_FACE('',(#7860),#7866,.T.);
#7860 = FACE_BOUND('',#7861,.F.);
#7861 = EDGE_LOOP('',(#7862,#7863,#7864,#7865));
#7862 = ORIENTED_EDGE('',*,*,#2348,.F.);
#7863 = ORIENTED_EDGE('',*,*,#7413,.T.);
#7864 = ORIENTED_EDGE('',*,*,#2576,.T.);
#7865 = ORIENTED_EDGE('',*,*,#7847,.F.);
#7866 = CYLINDRICAL_SURFACE('',#7867,26.75);
#7867 = AXIS2_PLACEMENT_3D('',#7868,#7869,#7870);
#7868 = CARTESIAN_POINT('',(0.,0.,0.));
#7869 = DIRECTION('',(-0.,-0.,-1.));
#7870 = DIRECTION('',(1.,0.,0.));
#7871 = ADVANCED_FACE('',(#7872),#7884,.T.);
#7872 = FACE_BOUND('',#7873,.F.);
#7873 = EDGE_LOOP('',(#7874,#7875,#7876,#7877));
#7874 = ORIENTED_EDGE('',*,*,#2888,.F.);
#7875 = ORIENTED_EDGE('',*,*,#7395,.T.);
#7876 = ORIENTED_EDGE('',*,*,#2667,.T.);
#7877 = ORIENTED_EDGE('',*,*,#7878,.F.);
#7878 = EDGE_CURVE('',#2889,#2660,#7879,.T.);
#7879 = CIRCLE('',#7880,26.75);
#7880 = AXIS2_PLACEMENT_3D('',#7881,#7882,#7883);
#7881 = CARTESIAN_POINT('',(0.,0.,0.));
#7882 = DIRECTION('',(0.,0.,1.));
#7883 = DIRECTION('',(1.,0.,0.));
#7884 = CYLINDRICAL_SURFACE('',#7885,26.75);
#7885 = AXIS2_PLACEMENT_3D('',#7886,#7887,#7888);
#7886 = CARTESIAN_POINT('',(0.,0.,0.));
#7887 = DIRECTION('',(-0.,-0.,-1.));
#7888 = DIRECTION('',(1.,0.,0.));
#7889 = ADVANCED_FACE('',(#7890),#7896,.F.);
#7890 = FACE_BOUND('',#7891,.F.);
#7891 = EDGE_LOOP('',(#7892,#7893,#7894,#7895));
#7892 = ORIENTED_EDGE('',*,*,#2659,.F.);
#7893 = ORIENTED_EDGE('',*,*,#2707,.F.);
#7894 = ORIENTED_EDGE('',*,*,#2896,.F.);
#7895 = ORIENTED_EDGE('',*,*,#7878,.T.);
#7896 = PLANE('',#7897);
#7897 = AXIS2_PLACEMENT_3D('',#7898,#7899,#7900);
#7898 = CARTESIAN_POINT('',(-1.64E-15,2.18E-15,0.));
#7899 = DIRECTION('',(0.,0.,1.));
#7900 = DIRECTION('',(1.,0.,0.));
#7901 = ADVANCED_FACE('',(#7902),#7914,.F.);
#7902 = FACE_BOUND('',#7903,.F.);
#7903 = EDGE_LOOP('',(#7904,#7905,#7906,#7913));
#7904 = ORIENTED_EDGE('',*,*,#2913,.F.);
#7905 = ORIENTED_EDGE('',*,*,#2800,.F.);
#7906 = ORIENTED_EDGE('',*,*,#7907,.T.);
#7907 = EDGE_CURVE('',#2793,#3013,#7908,.T.);
#7908 = CIRCLE('',#7909,26.75);
#7909 = AXIS2_PLACEMENT_3D('',#7910,#7911,#7912);
#7910 = CARTESIAN_POINT('',(0.,0.,0.));
#7911 = DIRECTION('',(0.,0.,1.));
#7912 = DIRECTION('',(1.,0.,0.));
#7913 = ORIENTED_EDGE('',*,*,#3012,.F.);
#7914 = PLANE('',#7915);
#7915 = AXIS2_PLACEMENT_3D('',#7916,#7917,#7918);
#7916 = CARTESIAN_POINT('',(-1.64E-15,2.18E-15,0.));
#7917 = DIRECTION('',(0.,0.,1.));
#7918 = DIRECTION('',(1.,0.,0.));
#7919 = ADVANCED_FACE('',(#7920),#7926,.T.);
#7920 = FACE_BOUND('',#7921,.F.);
#7921 = EDGE_LOOP('',(#7922,#7923,#7924,#7925));
#7922 = ORIENTED_EDGE('',*,*,#2792,.F.);
#7923 = ORIENTED_EDGE('',*,*,#7449,.T.);
#7924 = ORIENTED_EDGE('',*,*,#3020,.T.);
#7925 = ORIENTED_EDGE('',*,*,#7907,.F.);
#7926 = CYLINDRICAL_SURFACE('',#7927,26.75);
#7927 = AXIS2_PLACEMENT_3D('',#7928,#7929,#7930);
#7928 = CARTESIAN_POINT('',(0.,0.,0.));
#7929 = DIRECTION('',(-0.,-0.,-1.));
#7930 = DIRECTION('',(1.,0.,0.));
#7931 = ADVANCED_FACE('',(#7932),#7944,.T.);
#7932 = FACE_BOUND('',#7933,.F.);
#7933 = EDGE_LOOP('',(#7934,#7935,#7936,#7937));
#7934 = ORIENTED_EDGE('',*,*,#3332,.F.);
#7935 = ORIENTED_EDGE('',*,*,#7431,.T.);
#7936 = ORIENTED_EDGE('',*,*,#3120,.T.);
#7937 = ORIENTED_EDGE('',*,*,#7938,.F.);
#7938 = EDGE_CURVE('',#3333,#3113,#7939,.T.);
#7939 = CIRCLE('',#7940,26.75);
#7940 = AXIS2_PLACEMENT_3D('',#7941,#7942,#7943);
#7941 = CARTESIAN_POINT('',(0.,0.,0.));
#7942 = DIRECTION('',(0.,0.,1.));
#7943 = DIRECTION('',(1.,0.,0.));
#7944 = CYLINDRICAL_SURFACE('',#7945,26.75);
#7945 = AXIS2_PLACEMENT_3D('',#7946,#7947,#7948);
#7946 = CARTESIAN_POINT('',(0.,0.,0.));
#7947 = DIRECTION('',(-0.,-0.,-1.));
#7948 = DIRECTION('',(1.,0.,0.));
#7949 = ADVANCED_FACE('',(#7950),#7956,.F.);
#7950 = FACE_BOUND('',#7951,.F.);
#7951 = EDGE_LOOP('',(#7952,#7953,#7954,#7955));
#7952 = ORIENTED_EDGE('',*,*,#3112,.F.);
#7953 = ORIENTED_EDGE('',*,*,#3151,.F.);
#7954 = ORIENTED_EDGE('',*,*,#3340,.F.);
#7955 = ORIENTED_EDGE('',*,*,#7938,.T.);
#7956 = PLANE('',#7957);
#7957 = AXIS2_PLACEMENT_3D('',#7958,#7959,#7960);
#7958 = CARTESIAN_POINT('',(-1.64E-15,2.18E-15,0.));
#7959 = DIRECTION('',(0.,0.,1.));
#7960 = DIRECTION('',(1.,0.,0.));
#7961 = ADVANCED_FACE('',(#7962),#7974,.F.);
#7962 = FACE_BOUND('',#7963,.F.);
#7963 = EDGE_LOOP('',(#7964,#7965,#7966,#7973));
#7964 = ORIENTED_EDGE('',*,*,#3357,.F.);
#7965 = ORIENTED_EDGE('',*,*,#3244,.F.);
#7966 = ORIENTED_EDGE('',*,*,#7967,.T.);
#7967 = EDGE_CURVE('',#3237,#3457,#7968,.T.);
#7968 = CIRCLE('',#7969,26.75);
#7969 = AXIS2_PLACEMENT_3D('',#7970,#7971,#7972);
#7970 = CARTESIAN_POINT('',(0.,0.,0.));
#7971 = DIRECTION('',(0.,0.,1.));
#7972 = DIRECTION('',(1.,0.,0.));
#7973 = ORIENTED_EDGE('',*,*,#3456,.F.);
#7974 = PLANE('',#7975);
#7975 = AXIS2_PLACEMENT_3D('',#7976,#7977,#7978);
#7976 = CARTESIAN_POINT('',(-1.64E-15,2.18E-15,0.));
#7977 = DIRECTION('',(0.,0.,1.));
#7978 = DIRECTION('',(1.,0.,0.));
#7979 = ADVANCED_FACE('',(#7980),#7986,.T.);
#7980 = FACE_BOUND('',#7981,.F.);
#7981 = EDGE_LOOP('',(#7982,#7983,#7984,#7985));
#7982 = ORIENTED_EDGE('',*,*,#3236,.F.);
#7983 = ORIENTED_EDGE('',*,*,#7485,.T.);
#7984 = ORIENTED_EDGE('',*,*,#3464,.T.);
#7985 = ORIENTED_EDGE('',*,*,#7967,.F.);
#7986 = CYLINDRICAL_SURFACE('',#7987,26.75);
#7987 = AXIS2_PLACEMENT_3D('',#7988,#7989,#7990);
#7988 = CARTESIAN_POINT('',(0.,0.,0.));
#7989 = DIRECTION('',(-0.,-0.,-1.));
#7990 = DIRECTION('',(1.,0.,0.));
#7991 = ADVANCED_FACE('',(#7992),#8004,.T.);
#7992 = FACE_BOUND('',#7993,.F.);
#7993 = EDGE_LOOP('',(#7994,#7995,#7996,#7997));
#7994 = ORIENTED_EDGE('',*,*,#3776,.F.);
#7995 = ORIENTED_EDGE('',*,*,#7467,.T.);
#7996 = ORIENTED_EDGE('',*,*,#3555,.T.);
#7997 = ORIENTED_EDGE('',*,*,#7998,.F.);
#7998 = EDGE_CURVE('',#3777,#3548,#7999,.T.);
#7999 = CIRCLE('',#8000,26.75);
#8000 = AXIS2_PLACEMENT_3D('',#8001,#8002,#8003);
#8001 = CARTESIAN_POINT('',(0.,0.,0.));
#8002 = DIRECTION('',(0.,0.,1.));
#8003 = DIRECTION('',(1.,0.,0.));
#8004 = CYLINDRICAL_SURFACE('',#8005,26.75);
#8005 = AXIS2_PLACEMENT_3D('',#8006,#8007,#8008);
#8006 = CARTESIAN_POINT('',(0.,0.,0.));
#8007 = DIRECTION('',(-0.,-0.,-1.));
#8008 = DIRECTION('',(1.,0.,0.));
#8009 = ADVANCED_FACE('',(#8010),#8016,.F.);
#8010 = FACE_BOUND('',#8011,.F.);
#8011 = EDGE_LOOP('',(#8012,#8013,#8014,#8015));
#8012 = ORIENTED_EDGE('',*,*,#3547,.F.);
#8013 = ORIENTED_EDGE('',*,*,#3595,.F.);
#8014 = ORIENTED_EDGE('',*,*,#3784,.F.);
#8015 = ORIENTED_EDGE('',*,*,#7998,.T.);
#8016 = PLANE('',#8017);
#8017 = AXIS2_PLACEMENT_3D('',#8018,#8019,#8020);
#8018 = CARTESIAN_POINT('',(-1.64E-15,2.18E-15,0.));
#8019 = DIRECTION('',(0.,0.,1.));
#8020 = DIRECTION('',(1.,0.,0.));
#8021 = ADVANCED_FACE('',(#8022),#8034,.F.);
#8022 = FACE_BOUND('',#8023,.F.);
#8023 = EDGE_LOOP('',(#8024,#8025,#8026,#8033));
#8024 = ORIENTED_EDGE('',*,*,#3801,.F.);
#8025 = ORIENTED_EDGE('',*,*,#3688,.F.);
#8026 = ORIENTED_EDGE('',*,*,#8027,.T.);
#8027 = EDGE_CURVE('',#3681,#3901,#8028,.T.);
#8028 = CIRCLE('',#8029,26.75);
#8029 = AXIS2_PLACEMENT_3D('',#8030,#8031,#8032);
#8030 = CARTESIAN_POINT('',(0.,0.,0.));
#8031 = DIRECTION('',(0.,0.,1.));
#8032 = DIRECTION('',(1.,0.,0.));
#8033 = ORIENTED_EDGE('',*,*,#3900,.F.);
#8034 = PLANE('',#8035);
#8035 = AXIS2_PLACEMENT_3D('',#8036,#8037,#8038);
#8036 = CARTESIAN_POINT('',(-1.64E-15,2.18E-15,0.));
#8037 = DIRECTION('',(0.,0.,1.));
#8038 = DIRECTION('',(1.,0.,0.));
#8039 = ADVANCED_FACE('',(#8040),#8046,.T.);
#8040 = FACE_BOUND('',#8041,.F.);
#8041 = EDGE_LOOP('',(#8042,#8043,#8044,#8045));
#8042 = ORIENTED_EDGE('',*,*,#3680,.F.);
#8043 = ORIENTED_EDGE('',*,*,#7521,.T.);
#8044 = ORIENTED_EDGE('',*,*,#3908,.T.);
#8045 = ORIENTED_EDGE('',*,*,#8027,.F.);
#8046 = CYLINDRICAL_SURFACE('',#8047,26.75);
#8047 = AXIS2_PLACEMENT_3D('',#8048,#8049,#8050);
#8048 = CARTESIAN_POINT('',(0.,0.,0.));
#8049 = DIRECTION('',(-0.,-0.,-1.));
#8050 = DIRECTION('',(1.,0.,0.));
#8051 = ADVANCED_FACE('',(#8052),#8064,.T.);
#8052 = FACE_BOUND('',#8053,.F.);
#8053 = EDGE_LOOP('',(#8054,#8055,#8056,#8057));
#8054 = ORIENTED_EDGE('',*,*,#4220,.F.);
#8055 = ORIENTED_EDGE('',*,*,#7503,.T.);
#8056 = ORIENTED_EDGE('',*,*,#3999,.T.);
#8057 = ORIENTED_EDGE('',*,*,#8058,.F.);
#8058 = EDGE_CURVE('',#4221,#3992,#8059,.T.);
#8059 = CIRCLE('',#8060,26.75);
#8060 = AXIS2_PLACEMENT_3D('',#8061,#8062,#8063);
#8061 = CARTESIAN_POINT('',(0.,0.,0.));
#8062 = DIRECTION('',(0.,0.,1.));
#8063 = DIRECTION('',(1.,0.,0.));
#8064 = CYLINDRICAL_SURFACE('',#8065,26.75);
#8065 = AXIS2_PLACEMENT_3D('',#8066,#8067,#8068);
#8066 = CARTESIAN_POINT('',(0.,0.,0.));
#8067 = DIRECTION('',(-0.,-0.,-1.));
#8068 = DIRECTION('',(1.,0.,0.));
#8069 = ADVANCED_FACE('',(#8070),#8076,.F.);
#8070 = FACE_BOUND('',#8071,.F.);
#8071 = EDGE_LOOP('',(#8072,#8073,#8074,#8075));
#8072 = ORIENTED_EDGE('',*,*,#3991,.F.);
#8073 = ORIENTED_EDGE('',*,*,#4039,.F.);
#8074 = ORIENTED_EDGE('',*,*,#4228,.F.);
#8075 = ORIENTED_EDGE('',*,*,#8058,.T.);
#8076 = PLANE('',#8077);
#8077 = AXIS2_PLACEMENT_3D('',#8078,#8079,#8080);
#8078 = CARTESIAN_POINT('',(-1.64E-15,2.18E-15,0.));
#8079 = DIRECTION('',(0.,0.,1.));
#8080 = DIRECTION('',(1.,0.,0.));
#8081 = ADVANCED_FACE('',(#8082),#8094,.F.);
#8082 = FACE_BOUND('',#8083,.F.);
#8083 = EDGE_LOOP('',(#8084,#8085,#8086,#8093));
#8084 = ORIENTED_EDGE('',*,*,#4245,.F.);
#8085 = ORIENTED_EDGE('',*,*,#4132,.F.);
#8086 = ORIENTED_EDGE('',*,*,#8087,.T.);
#8087 = EDGE_CURVE('',#4125,#4345,#8088,.T.);
#8088 = CIRCLE('',#8089,26.75);
#8089 = AXIS2_PLACEMENT_3D('',#8090,#8091,#8092);
#8090 = CARTESIAN_POINT('',(0.,0.,0.));
#8091 = DIRECTION('',(0.,0.,1.));
#8092 = DIRECTION('',(1.,0.,0.));
#8093 = ORIENTED_EDGE('',*,*,#4344,.F.);
#8094 = PLANE('',#8095);
#8095 = AXIS2_PLACEMENT_3D('',#8096,#8097,#8098);
#8096 = CARTESIAN_POINT('',(-1.64E-15,2.18E-15,0.));
#8097 = DIRECTION('',(0.,0.,1.));
#8098 = DIRECTION('',(1.,0.,0.));
#8099 = ADVANCED_FACE('',(#8100),#8106,.T.);
#8100 = FACE_BOUND('',#8101,.F.);
#8101 = EDGE_LOOP('',(#8102,#8103,#8104,#8105));
#8102 = ORIENTED_EDGE('',*,*,#4124,.F.);
#8103 = ORIENTED_EDGE('',*,*,#7557,.T.);
#8104 = ORIENTED_EDGE('',*,*,#4352,.T.);
#8105 = ORIENTED_EDGE('',*,*,#8087,.F.);
#8106 = CYLINDRICAL_SURFACE('',#8107,26.75);
#8107 = AXIS2_PLACEMENT_3D('',#8108,#8109,#8110);
#8108 = CARTESIAN_POINT('',(0.,0.,0.));
#8109 = DIRECTION('',(-0.,-0.,-1.));
#8110 = DIRECTION('',(1.,0.,0.));
#8111 = ADVANCED_FACE('',(#8112),#8124,.T.);
#8112 = FACE_BOUND('',#8113,.F.);
#8113 = EDGE_LOOP('',(#8114,#8115,#8116,#8117));
#8114 = ORIENTED_EDGE('',*,*,#4664,.F.);
#8115 = ORIENTED_EDGE('',*,*,#7539,.T.);
#8116 = ORIENTED_EDGE('',*,*,#4443,.T.);
#8117 = ORIENTED_EDGE('',*,*,#8118,.F.);
#8118 = EDGE_CURVE('',#4665,#4436,#8119,.T.);
#8119 = CIRCLE('',#8120,26.75);
#8120 = AXIS2_PLACEMENT_3D('',#8121,#8122,#8123);
#8121 = CARTESIAN_POINT('',(0.,0.,0.));
#8122 = DIRECTION('',(0.,0.,1.));
#8123 = DIRECTION('',(1.,0.,0.));
#8124 = CYLINDRICAL_SURFACE('',#8125,26.75);
#8125 = AXIS2_PLACEMENT_3D('',#8126,#8127,#8128);
#8126 = CARTESIAN_POINT('',(0.,0.,0.));
#8127 = DIRECTION('',(-0.,-0.,-1.));
#8128 = DIRECTION('',(1.,0.,0.));
#8129 = ADVANCED_FACE('',(#8130),#8136,.F.);
#8130 = FACE_BOUND('',#8131,.F.);
#8131 = EDGE_LOOP('',(#8132,#8133,#8134,#8135));
#8132 = ORIENTED_EDGE('',*,*,#4435,.F.);
#8133 = ORIENTED_EDGE('',*,*,#4483,.F.);
#8134 = ORIENTED_EDGE('',*,*,#4672,.F.);
#8135 = ORIENTED_EDGE('',*,*,#8118,.T.);
#8136 = PLANE('',#8137);
#8137 = AXIS2_PLACEMENT_3D('',#8138,#8139,#8140);
#8138 = CARTESIAN_POINT('',(-1.64E-15,2.18E-15,0.));
#8139 = DIRECTION('',(0.,0.,1.));
#8140 = DIRECTION('',(1.,0.,0.));
#8141 = ADVANCED_FACE('',(#8142),#8154,.F.);
#8142 = FACE_BOUND('',#8143,.F.);
#8143 = EDGE_LOOP('',(#8144,#8145,#8146,#8153));
#8144 = ORIENTED_EDGE('',*,*,#4689,.F.);
#8145 = ORIENTED_EDGE('',*,*,#4576,.F.);
#8146 = ORIENTED_EDGE('',*,*,#8147,.T.);
#8147 = EDGE_CURVE('',#4569,#4789,#8148,.T.);
#8148 = CIRCLE('',#8149,26.75);
#8149 = AXIS2_PLACEMENT_3D('',#8150,#8151,#8152);
#8150 = CARTESIAN_POINT('',(0.,0.,0.));
#8151 = DIRECTION('',(0.,0.,1.));
#8152 = DIRECTION('',(1.,0.,0.));
#8153 = ORIENTED_EDGE('',*,*,#4788,.F.);
#8154 = PLANE('',#8155);
#8155 = AXIS2_PLACEMENT_3D('',#8156,#8157,#8158);
#8156 = CARTESIAN_POINT('',(-1.64E-15,2.18E-15,0.));
#8157 = DIRECTION('',(0.,0.,1.));
#8158 = DIRECTION('',(1.,0.,0.));
#8159 = ADVANCED_FACE('',(#8160),#8166,.T.);
#8160 = FACE_BOUND('',#8161,.F.);
#8161 = EDGE_LOOP('',(#8162,#8163,#8164,#8165));
#8162 = ORIENTED_EDGE('',*,*,#4568,.F.);
#8163 = ORIENTED_EDGE('',*,*,#7593,.T.);
#8164 = ORIENTED_EDGE('',*,*,#4796,.T.);
#8165 = ORIENTED_EDGE('',*,*,#8147,.F.);
#8166 = CYLINDRICAL_SURFACE('',#8167,26.75);
#8167 = AXIS2_PLACEMENT_3D('',#8168,#8169,#8170);
#8168 = CARTESIAN_POINT('',(0.,0.,0.));
#8169 = DIRECTION('',(-0.,-0.,-1.));
#8170 = DIRECTION('',(1.,0.,0.));
#8171 = ADVANCED_FACE('',(#8172),#8184,.T.);
#8172 = FACE_BOUND('',#8173,.F.);
#8173 = EDGE_LOOP('',(#8174,#8175,#8176,#8177));
#8174 = ORIENTED_EDGE('',*,*,#5108,.F.);
#8175 = ORIENTED_EDGE('',*,*,#7575,.T.);
#8176 = ORIENTED_EDGE('',*,*,#4887,.T.);
#8177 = ORIENTED_EDGE('',*,*,#8178,.F.);
#8178 = EDGE_CURVE('',#5109,#4880,#8179,.T.);
#8179 = CIRCLE('',#8180,26.75);
#8180 = AXIS2_PLACEMENT_3D('',#8181,#8182,#8183);
#8181 = CARTESIAN_POINT('',(0.,0.,0.));
#8182 = DIRECTION('',(0.,0.,1.));
#8183 = DIRECTION('',(1.,0.,0.));
#8184 = CYLINDRICAL_SURFACE('',#8185,26.75);
#8185 = AXIS2_PLACEMENT_3D('',#8186,#8187,#8188);
#8186 = CARTESIAN_POINT('',(0.,0.,0.));
#8187 = DIRECTION('',(-0.,-0.,-1.));
#8188 = DIRECTION('',(1.,0.,0.));
#8189 = ADVANCED_FACE('',(#8190),#8196,.F.);
#8190 = FACE_BOUND('',#8191,.F.);
#8191 = EDGE_LOOP('',(#8192,#8193,#8194,#8195));
#8192 = ORIENTED_EDGE('',*,*,#4879,.F.);
#8193 = ORIENTED_EDGE('',*,*,#4927,.F.);
#8194 = ORIENTED_EDGE('',*,*,#5116,.F.);
#8195 = ORIENTED_EDGE('',*,*,#8178,.T.);
#8196 = PLANE('',#8197);
#8197 = AXIS2_PLACEMENT_3D('',#8198,#8199,#8200);
#8198 = CARTESIAN_POINT('',(-1.64E-15,2.18E-15,0.));
#8199 = DIRECTION('',(0.,0.,1.));
#8200 = DIRECTION('',(1.,0.,0.));
#8201 = ADVANCED_FACE('',(#8202),#8214,.F.);
#8202 = FACE_BOUND('',#8203,.F.);
#8203 = EDGE_LOOP('',(#8204,#8205,#8206,#8213));
#8204 = ORIENTED_EDGE('',*,*,#5133,.F.);
#8205 = ORIENTED_EDGE('',*,*,#5020,.F.);
#8206 = ORIENTED_EDGE('',*,*,#8207,.T.);
#8207 = EDGE_CURVE('',#5013,#5233,#8208,.T.);
#8208 = CIRCLE('',#8209,26.75);
#8209 = AXIS2_PLACEMENT_3D('',#8210,#8211,#8212);
#8210 = CARTESIAN_POINT('',(0.,0.,0.));
#8211 = DIRECTION('',(0.,0.,1.));
#8212 = DIRECTION('',(1.,0.,0.));
#8213 = ORIENTED_EDGE('',*,*,#5232,.F.);
#8214 = PLANE('',#8215);
#8215 = AXIS2_PLACEMENT_3D('',#8216,#8217,#8218);
#8216 = CARTESIAN_POINT('',(-1.64E-15,2.18E-15,0.));
#8217 = DIRECTION('',(0.,0.,1.));
#8218 = DIRECTION('',(1.,0.,0.));
#8219 = ADVANCED_FACE('',(#8220),#8226,.T.);
#8220 = FACE_BOUND('',#8221,.F.);
#8221 = EDGE_LOOP('',(#8222,#8223,#8224,#8225));
#8222 = ORIENTED_EDGE('',*,*,#5012,.F.);
#8223 = ORIENTED_EDGE('',*,*,#7629,.T.);
#8224 = ORIENTED_EDGE('',*,*,#5240,.T.);
#8225 = ORIENTED_EDGE('',*,*,#8207,.F.);
#8226 = CYLINDRICAL_SURFACE('',#8227,26.75);
#8227 = AXIS2_PLACEMENT_3D('',#8228,#8229,#8230);
#8228 = CARTESIAN_POINT('',(0.,0.,0.));
#8229 = DIRECTION('',(-0.,-0.,-1.));
#8230 = DIRECTION('',(1.,0.,0.));
#8231 = ADVANCED_FACE('',(#8232),#8244,.T.);
#8232 = FACE_BOUND('',#8233,.F.);
#8233 = EDGE_LOOP('',(#8234,#8235,#8236,#8237));
#8234 = ORIENTED_EDGE('',*,*,#5552,.F.);
#8235 = ORIENTED_EDGE('',*,*,#7611,.T.);
#8236 = ORIENTED_EDGE('',*,*,#5331,.T.);
#8237 = ORIENTED_EDGE('',*,*,#8238,.F.);
#8238 = EDGE_CURVE('',#5553,#5324,#8239,.T.);
#8239 = CIRCLE('',#8240,26.75);
#8240 = AXIS2_PLACEMENT_3D('',#8241,#8242,#8243);
#8241 = CARTESIAN_POINT('',(0.,0.,0.));
#8242 = DIRECTION('',(0.,0.,1.));
#8243 = DIRECTION('',(1.,0.,0.));
#8244 = CYLINDRICAL_SURFACE('',#8245,26.75);
#8245 = AXIS2_PLACEMENT_3D('',#8246,#8247,#8248);
#8246 = CARTESIAN_POINT('',(0.,0.,0.));
#8247 = DIRECTION('',(-0.,-0.,-1.));
#8248 = DIRECTION('',(1.,0.,0.));
#8249 = ADVANCED_FACE('',(#8250),#8256,.F.);
#8250 = FACE_BOUND('',#8251,.F.);
#8251 = EDGE_LOOP('',(#8252,#8253,#8254,#8255));
#8252 = ORIENTED_EDGE('',*,*,#5323,.F.);
#8253 = ORIENTED_EDGE('',*,*,#5371,.F.);
#8254 = ORIENTED_EDGE('',*,*,#5560,.F.);
#8255 = ORIENTED_EDGE('',*,*,#8238,.T.);
#8256 = PLANE('',#8257);
#8257 = AXIS2_PLACEMENT_3D('',#8258,#8259,#8260);
#8258 = CARTESIAN_POINT('',(-1.64E-15,2.18E-15,0.));
#8259 = DIRECTION('',(0.,0.,1.));
#8260 = DIRECTION('',(1.,0.,0.));
#8261 = ADVANCED_FACE('',(#8262),#8274,.F.);
#8262 = FACE_BOUND('',#8263,.F.);
#8263 = EDGE_LOOP('',(#8264,#8265,#8266,#8273));
#8264 = ORIENTED_EDGE('',*,*,#5577,.F.);
#8265 = ORIENTED_EDGE('',*,*,#5464,.F.);
#8266 = ORIENTED_EDGE('',*,*,#8267,.T.);
#8267 = EDGE_CURVE('',#5457,#5677,#8268,.T.);
#8268 = CIRCLE('',#8269,26.75);
#8269 = AXIS2_PLACEMENT_3D('',#8270,#8271,#8272);
#8270 = CARTESIAN_POINT('',(0.,0.,0.));
#8271 = DIRECTION('',(0.,0.,1.));
#8272 = DIRECTION('',(1.,0.,0.));
#8273 = ORIENTED_EDGE('',*,*,#5676,.F.);
#8274 = PLANE('',#8275);
#8275 = AXIS2_PLACEMENT_3D('',#8276,#8277,#8278);
#8276 = CARTESIAN_POINT('',(-1.64E-15,2.18E-15,0.));
#8277 = DIRECTION('',(0.,0.,1.));
#8278 = DIRECTION('',(1.,0.,0.));
#8279 = ADVANCED_FACE('',(#8280),#8286,.T.);
#8280 = FACE_BOUND('',#8281,.F.);
#8281 = EDGE_LOOP('',(#8282,#8283,#8284,#8285));
#8282 = ORIENTED_EDGE('',*,*,#5456,.F.);
#8283 = ORIENTED_EDGE('',*,*,#7665,.T.);
#8284 = ORIENTED_EDGE('',*,*,#5684,.T.);
#8285 = ORIENTED_EDGE('',*,*,#8267,.F.);
#8286 = CYLINDRICAL_SURFACE('',#8287,26.75);
#8287 = AXIS2_PLACEMENT_3D('',#8288,#8289,#8290);
#8288 = CARTESIAN_POINT('',(0.,0.,0.));
#8289 = DIRECTION('',(-0.,-0.,-1.));
#8290 = DIRECTION('',(1.,0.,0.));
#8291 = ADVANCED_FACE('',(#8292),#8304,.T.);
#8292 = FACE_BOUND('',#8293,.F.);
#8293 = EDGE_LOOP('',(#8294,#8295,#8296,#8297));
#8294 = ORIENTED_EDGE('',*,*,#5996,.F.);
#8295 = ORIENTED_EDGE('',*,*,#7647,.T.);
#8296 = ORIENTED_EDGE('',*,*,#5775,.T.);
#8297 = ORIENTED_EDGE('',*,*,#8298,.F.);
#8298 = EDGE_CURVE('',#5997,#5768,#8299,.T.);
#8299 = CIRCLE('',#8300,26.75);
#8300 = AXIS2_PLACEMENT_3D('',#8301,#8302,#8303);
#8301 = CARTESIAN_POINT('',(0.,0.,0.));
#8302 = DIRECTION('',(0.,0.,1.));
#8303 = DIRECTION('',(1.,0.,0.));
#8304 = CYLINDRICAL_SURFACE('',#8305,26.75);
#8305 = AXIS2_PLACEMENT_3D('',#8306,#8307,#8308);
#8306 = CARTESIAN_POINT('',(0.,0.,0.));
#8307 = DIRECTION('',(-0.,-0.,-1.));
#8308 = DIRECTION('',(1.,0.,0.));
#8309 = ADVANCED_FACE('',(#8310),#8316,.F.);
#8310 = FACE_BOUND('',#8311,.F.);
#8311 = EDGE_LOOP('',(#8312,#8313,#8314,#8315));
#8312 = ORIENTED_EDGE('',*,*,#5767,.F.);
#8313 = ORIENTED_EDGE('',*,*,#5815,.F.);
#8314 = ORIENTED_EDGE('',*,*,#6004,.F.);
#8315 = ORIENTED_EDGE('',*,*,#8298,.T.);
#8316 = PLANE('',#8317);
#8317 = AXIS2_PLACEMENT_3D('',#8318,#8319,#8320);
#8318 = CARTESIAN_POINT('',(-1.64E-15,2.18E-15,0.));
#8319 = DIRECTION('',(0.,0.,1.));
#8320 = DIRECTION('',(1.,0.,0.));
#8321 = ADVANCED_FACE('',(#8322),#8334,.F.);
#8322 = FACE_BOUND('',#8323,.F.);
#8323 = EDGE_LOOP('',(#8324,#8325,#8326,#8333));
#8324 = ORIENTED_EDGE('',*,*,#6021,.F.);
#8325 = ORIENTED_EDGE('',*,*,#5908,.F.);
#8326 = ORIENTED_EDGE('',*,*,#8327,.T.);
#8327 = EDGE_CURVE('',#5901,#6121,#8328,.T.);
#8328 = CIRCLE('',#8329,26.75);
#8329 = AXIS2_PLACEMENT_3D('',#8330,#8331,#8332);
#8330 = CARTESIAN_POINT('',(0.,0.,0.));
#8331 = DIRECTION('',(0.,0.,1.));
#8332 = DIRECTION('',(1.,0.,0.));
#8333 = ORIENTED_EDGE('',*,*,#6120,.F.);
#8334 = PLANE('',#8335);
#8335 = AXIS2_PLACEMENT_3D('',#8336,#8337,#8338);
#8336 = CARTESIAN_POINT('',(-1.64E-15,2.18E-15,0.));
#8337 = DIRECTION('',(0.,0.,1.));
#8338 = DIRECTION('',(1.,0.,0.));
#8339 = ADVANCED_FACE('',(#8340),#8346,.T.);
#8340 = FACE_BOUND('',#8341,.F.);
#8341 = EDGE_LOOP('',(#8342,#8343,#8344,#8345));
#8342 = ORIENTED_EDGE('',*,*,#5900,.F.);
#8343 = ORIENTED_EDGE('',*,*,#7701,.T.);
#8344 = ORIENTED_EDGE('',*,*,#6128,.T.);
#8345 = ORIENTED_EDGE('',*,*,#8327,.F.);
#8346 = CYLINDRICAL_SURFACE('',#8347,26.75);
#8347 = AXIS2_PLACEMENT_3D('',#8348,#8349,#8350);
#8348 = CARTESIAN_POINT('',(0.,0.,0.));
#8349 = DIRECTION('',(-0.,-0.,-1.));
#8350 = DIRECTION('',(1.,0.,0.));
#8351 = ADVANCED_FACE('',(#8352),#8364,.T.);
#8352 = FACE_BOUND('',#8353,.F.);
#8353 = EDGE_LOOP('',(#8354,#8355,#8356,#8357));
#8354 = ORIENTED_EDGE('',*,*,#6440,.F.);
#8355 = ORIENTED_EDGE('',*,*,#7683,.T.);
#8356 = ORIENTED_EDGE('',*,*,#6219,.T.);
#8357 = ORIENTED_EDGE('',*,*,#8358,.F.);
#8358 = EDGE_CURVE('',#6441,#6212,#8359,.T.);
#8359 = CIRCLE('',#8360,26.75);
#8360 = AXIS2_PLACEMENT_3D('',#8361,#8362,#8363);
#8361 = CARTESIAN_POINT('',(0.,0.,0.));
#8362 = DIRECTION('',(0.,0.,1.));
#8363 = DIRECTION('',(1.,0.,0.));
#8364 = CYLINDRICAL_SURFACE('',#8365,26.75);
#8365 = AXIS2_PLACEMENT_3D('',#8366,#8367,#8368);
#8366 = CARTESIAN_POINT('',(0.,0.,0.));
#8367 = DIRECTION('',(-0.,-0.,-1.));
#8368 = DIRECTION('',(1.,0.,0.));
#8369 = ADVANCED_FACE('',(#8370),#8376,.F.);
#8370 = FACE_BOUND('',#8371,.F.);
#8371 = EDGE_LOOP('',(#8372,#8373,#8374,#8375));
#8372 = ORIENTED_EDGE('',*,*,#6211,.F.);
#8373 = ORIENTED_EDGE('',*,*,#6259,.F.);
#8374 = ORIENTED_EDGE('',*,*,#6448,.F.);
#8375 = ORIENTED_EDGE('',*,*,#8358,.T.);
#8376 = PLANE('',#8377);
#8377 = AXIS2_PLACEMENT_3D('',#8378,#8379,#8380);
#8378 = CARTESIAN_POINT('',(-1.64E-15,2.18E-15,0.));
#8379 = DIRECTION('',(0.,0.,1.));
#8380 = DIRECTION('',(1.,0.,0.));
#8381 = ADVANCED_FACE('',(#8382),#8394,.F.);
#8382 = FACE_BOUND('',#8383,.F.);
#8383 = EDGE_LOOP('',(#8384,#8385,#8386,#8393));
#8384 = ORIENTED_EDGE('',*,*,#6465,.F.);
#8385 = ORIENTED_EDGE('',*,*,#6352,.F.);
#8386 = ORIENTED_EDGE('',*,*,#8387,.T.);
#8387 = EDGE_CURVE('',#6345,#6565,#8388,.T.);
#8388 = CIRCLE('',#8389,26.75);
#8389 = AXIS2_PLACEMENT_3D('',#8390,#8391,#8392);
#8390 = CARTESIAN_POINT('',(0.,0.,0.));
#8391 = DIRECTION('',(0.,0.,1.));
#8392 = DIRECTION('',(1.,0.,0.));
#8393 = ORIENTED_EDGE('',*,*,#6564,.F.);
#8394 = PLANE('',#8395);
#8395 = AXIS2_PLACEMENT_3D('',#8396,#8397,#8398);
#8396 = CARTESIAN_POINT('',(-1.64E-15,2.18E-15,0.));
#8397 = DIRECTION('',(0.,0.,1.));
#8398 = DIRECTION('',(1.,0.,0.));
#8399 = ADVANCED_FACE('',(#8400),#8406,.T.);
#8400 = FACE_BOUND('',#8401,.F.);
#8401 = EDGE_LOOP('',(#8402,#8403,#8404,#8405));
#8402 = ORIENTED_EDGE('',*,*,#6344,.F.);
#8403 = ORIENTED_EDGE('',*,*,#7737,.T.);
#8404 = ORIENTED_EDGE('',*,*,#6572,.T.);
#8405 = ORIENTED_EDGE('',*,*,#8387,.F.);
#8406 = CYLINDRICAL_SURFACE('',#8407,26.75);
#8407 = AXIS2_PLACEMENT_3D('',#8408,#8409,#8410);
#8408 = CARTESIAN_POINT('',(0.,0.,0.));
#8409 = DIRECTION('',(-0.,-0.,-1.));
#8410 = DIRECTION('',(1.,0.,0.));
#8411 = ADVANCED_FACE('',(#8412),#8424,.T.);
#8412 = FACE_BOUND('',#8413,.F.);
#8413 = EDGE_LOOP('',(#8414,#8415,#8416,#8417));
#8414 = ORIENTED_EDGE('',*,*,#6884,.F.);
#8415 = ORIENTED_EDGE('',*,*,#7719,.T.);
#8416 = ORIENTED_EDGE('',*,*,#6663,.T.);
#8417 = ORIENTED_EDGE('',*,*,#8418,.F.);
#8418 = EDGE_CURVE('',#6885,#6656,#8419,.T.);
#8419 = CIRCLE('',#8420,26.75);
#8420 = AXIS2_PLACEMENT_3D('',#8421,#8422,#8423);
#8421 = CARTESIAN_POINT('',(0.,0.,0.));
#8422 = DIRECTION('',(0.,0.,1.));
#8423 = DIRECTION('',(1.,0.,0.));
#8424 = CYLINDRICAL_SURFACE('',#8425,26.75);
#8425 = AXIS2_PLACEMENT_3D('',#8426,#8427,#8428);
#8426 = CARTESIAN_POINT('',(0.,0.,0.));
#8427 = DIRECTION('',(-0.,-0.,-1.));
#8428 = DIRECTION('',(1.,0.,0.));
#8429 = ADVANCED_FACE('',(#8430),#8436,.F.);
#8430 = FACE_BOUND('',#8431,.F.);
#8431 = EDGE_LOOP('',(#8432,#8433,#8434,#8435));
#8432 = ORIENTED_EDGE('',*,*,#6655,.F.);
#8433 = ORIENTED_EDGE('',*,*,#6703,.F.);
#8434 = ORIENTED_EDGE('',*,*,#6892,.F.);
#8435 = ORIENTED_EDGE('',*,*,#8418,.T.);
#8436 = PLANE('',#8437);
#8437 = AXIS2_PLACEMENT_3D('',#8438,#8439,#8440);
#8438 = CARTESIAN_POINT('',(-1.64E-15,2.18E-15,0.));
#8439 = DIRECTION('',(0.,0.,1.));
#8440 = DIRECTION('',(1.,0.,0.));
#8441 = ADVANCED_FACE('',(#8442),#8454,.F.);
#8442 = FACE_BOUND('',#8443,.F.);
#8443 = EDGE_LOOP('',(#8444,#8445,#8446,#8453));
#8444 = ORIENTED_EDGE('',*,*,#6909,.F.);
#8445 = ORIENTED_EDGE('',*,*,#6796,.F.);
#8446 = ORIENTED_EDGE('',*,*,#8447,.T.);
#8447 = EDGE_CURVE('',#6789,#7009,#8448,.T.);
#8448 = CIRCLE('',#8449,26.75);
#8449 = AXIS2_PLACEMENT_3D('',#8450,#8451,#8452);
#8450 = CARTESIAN_POINT('',(0.,0.,0.));
#8451 = DIRECTION('',(0.,0.,1.));
#8452 = DIRECTION('',(1.,0.,0.));
#8453 = ORIENTED_EDGE('',*,*,#7008,.F.);
#8454 = PLANE('',#8455);
#8455 = AXIS2_PLACEMENT_3D('',#8456,#8457,#8458);
#8456 = CARTESIAN_POINT('',(-1.64E-15,2.18E-15,0.));
#8457 = DIRECTION('',(0.,0.,1.));
#8458 = DIRECTION('',(1.,0.,0.));
#8459 = ADVANCED_FACE('',(#8460),#8466,.T.);
#8460 = FACE_BOUND('',#8461,.F.);
#8461 = EDGE_LOOP('',(#8462,#8463,#8464,#8465));
#8462 = ORIENTED_EDGE('',*,*,#6788,.F.);
#8463 = ORIENTED_EDGE('',*,*,#7773,.T.);
#8464 = ORIENTED_EDGE('',*,*,#7016,.T.);
#8465 = ORIENTED_EDGE('',*,*,#8447,.F.);
#8466 = CYLINDRICAL_SURFACE('',#8467,26.75);
#8467 = AXIS2_PLACEMENT_3D('',#8468,#8469,#8470);
#8468 = CARTESIAN_POINT('',(0.,0.,0.));
#8469 = DIRECTION('',(-0.,-0.,-1.));
#8470 = DIRECTION('',(1.,0.,0.));
#8471 = ADVANCED_FACE('',(#8472),#8484,.T.);
#8472 = FACE_BOUND('',#8473,.F.);
#8473 = EDGE_LOOP('',(#8474,#8475,#8476,#8477));
#8474 = ORIENTED_EDGE('',*,*,#7232,.F.);
#8475 = ORIENTED_EDGE('',*,*,#7755,.T.);
#8476 = ORIENTED_EDGE('',*,*,#7107,.T.);
#8477 = ORIENTED_EDGE('',*,*,#8478,.F.);
#8478 = EDGE_CURVE('',#7233,#7100,#8479,.T.);
#8479 = CIRCLE('',#8480,26.75);
#8480 = AXIS2_PLACEMENT_3D('',#8481,#8482,#8483);
#8481 = CARTESIAN_POINT('',(0.,0.,0.));
#8482 = DIRECTION('',(0.,0.,1.));
#8483 = DIRECTION('',(1.,0.,0.));
#8484 = CYLINDRICAL_SURFACE('',#8485,26.75);
#8485 = AXIS2_PLACEMENT_3D('',#8486,#8487,#8488);
#8486 = CARTESIAN_POINT('',(0.,0.,0.));
#8487 = DIRECTION('',(-0.,-0.,-1.));
#8488 = DIRECTION('',(1.,0.,0.));
#8489 = ADVANCED_FACE('',(#8490),#8496,.F.);
#8490 = FACE_BOUND('',#8491,.F.);
#8491 = EDGE_LOOP('',(#8492,#8493,#8494,#8495));
#8492 = ORIENTED_EDGE('',*,*,#7099,.F.);
#8493 = ORIENTED_EDGE('',*,*,#7147,.F.);
#8494 = ORIENTED_EDGE('',*,*,#7240,.F.);
#8495 = ORIENTED_EDGE('',*,*,#8478,.T.);
#8496 = PLANE('',#8497);
#8497 = AXIS2_PLACEMENT_3D('',#8498,#8499,#8500);
#8498 = CARTESIAN_POINT('',(-1.64E-15,2.18E-15,0.));
#8499 = DIRECTION('',(0.,0.,1.));
#8500 = DIRECTION('',(1.,0.,0.));
#8501 = ADVANCED_FACE('',(#8502,#8505,#8508,#8511,#8514,#8517),#8520,.T.
  );
#8502 = FACE_BOUND('',#8503,.T.);
#8503 = EDGE_LOOP('',(#8504));
#8504 = ORIENTED_EDGE('',*,*,#7798,.T.);
#8505 = FACE_BOUND('',#8506,.T.);
#8506 = EDGE_LOOP('',(#8507));
#8507 = ORIENTED_EDGE('',*,*,#7264,.F.);
#8508 = FACE_BOUND('',#8509,.T.);
#8509 = EDGE_LOOP('',(#8510));
#8510 = ORIENTED_EDGE('',*,*,#7288,.F.);
#8511 = FACE_BOUND('',#8512,.T.);
#8512 = EDGE_LOOP('',(#8513));
#8513 = ORIENTED_EDGE('',*,*,#7312,.F.);
#8514 = FACE_BOUND('',#8515,.T.);
#8515 = EDGE_LOOP('',(#8516));
#8516 = ORIENTED_EDGE('',*,*,#7336,.F.);
#8517 = FACE_BOUND('',#8518,.T.);
#8518 = EDGE_LOOP('',(#8519));
#8519 = ORIENTED_EDGE('',*,*,#7360,.F.);
#8520 = PLANE('',#8521);
#8521 = AXIS2_PLACEMENT_3D('',#8522,#8523,#8524);
#8522 = CARTESIAN_POINT('',(-5.5E-16,6.9E-16,3.5));
#8523 = DIRECTION('',(0.,0.,1.));
#8524 = DIRECTION('',(1.,0.,0.));
#8525 = ( GEOMETRIC_REPRESENTATION_CONTEXT(3) 
GLOBAL_UNCERTAINTY_ASSIGNED_CONTEXT((#8529)) 
GLOBAL_UNIT_ASSIGNED_CONTEXT((#8526,#8527,#8528)) REPRESENTATION_CONTEXT
('Context #1','3D Context with UNIT and UNCERTAINTY') );
#8526 = ( LENGTH_UNIT() NAMED_UNIT(*) SI_UNIT(.MILLI.,.METRE.) );
#8527 = ( NAMED_UNIT(*) PLANE_ANGLE_UNIT() SI_UNIT($,.RADIAN.) );
#8528 = ( NAMED_UNIT(*) SI_UNIT($,.STERADIAN.) SOLID_ANGLE_UNIT() );
#8529 = UNCERTAINTY_MEASURE_WITH_UNIT(LENGTH_MEASURE(2.E-05),#8526,
  'distance_accuracy_value','confusion accuracy');
#8530 = CONTEXT_DEPENDENT_SHAPE_REPRESENTATION(#8531,#8533);
#8531 = ( REPRESENTATION_RELATIONSHIP('','',#159,#136) 
REPRESENTATION_RELATIONSHIP_WITH_TRANSFORMATION(#8532) 
SHAPE_REPRESENTATION_RELATIONSHIP() );
#8532 = ITEM_DEFINED_TRANSFORMATION('','',#11,#137);
#8533 = PRODUCT_DEFINITION_SHAPE('Placement','Placement of an item',
  #8534);
#8534 = NEXT_ASSEMBLY_USAGE_OCCURRENCE('1','Body','',#131,#154,$);
#8535 = PRODUCT_RELATED_PRODUCT_CATEGORY('part',$,(#156));
#8536 = CONTEXT_DEPENDENT_SHAPE_REPRESENTATION(#8537,#8539);
#8537 = ( REPRESENTATION_RELATIONSHIP('','',#136,#10) 
REPRESENTATION_RELATIONSHIP_WITH_TRANSFORMATION(#8538) 
SHAPE_REPRESENTATION_RELATIONSHIP() );
#8538 = ITEM_DEFINED_TRANSFORMATION('','',#11,#19);
#8539 = PRODUCT_DEFINITION_SHAPE('Placement','Placement of an item',
  #8540);
#8540 = NEXT_ASSEMBLY_USAGE_OCCURRENCE('3','WheelBase002','',#5,#131,$);
#8541 = SHAPE_DEFINITION_REPRESENTATION(#8542,#8548);
#8542 = PRODUCT_DEFINITION_SHAPE('','',#8543);
#8543 = PRODUCT_DEFINITION('design','',#8544,#8547);
#8544 = PRODUCT_DEFINITION_FORMATION('','',#8545);
#8545 = PRODUCT('SmallWheel','SmallWheel','',(#8546));
#8546 = PRODUCT_CONTEXT('',#2,'mechanical');
#8547 = PRODUCT_DEFINITION_CONTEXT('part definition',#2,'design');
#8548 = SHAPE_REPRESENTATION('',(#11,#8549,#8553),#8557);
#8549 = AXIS2_PLACEMENT_3D('',#8550,#8551,#8552);
#8550 = CARTESIAN_POINT('',(-4.E-15,0.,0.));
#8551 = DIRECTION('',(0.,-1.,0.));
#8552 = DIRECTION('',(1.,0.,0.));
#8553 = AXIS2_PLACEMENT_3D('',#8554,#8555,#8556);
#8554 = CARTESIAN_POINT('',(0.,0.,0.));
#8555 = DIRECTION('',(0.,0.,1.));
#8556 = DIRECTION('',(1.,0.,0.));
#8557 = ( GEOMETRIC_REPRESENTATION_CONTEXT(3) 
GLOBAL_UNCERTAINTY_ASSIGNED_CONTEXT((#8561)) 
GLOBAL_UNIT_ASSIGNED_CONTEXT((#8558,#8559,#8560)) REPRESENTATION_CONTEXT
('Context #1','3D Context with UNIT and UNCERTAINTY') );
#8558 = ( LENGTH_UNIT() NAMED_UNIT(*) SI_UNIT(.MILLI.,.METRE.) );
#8559 = ( NAMED_UNIT(*) PLANE_ANGLE_UNIT() SI_UNIT($,.RADIAN.) );
#8560 = ( NAMED_UNIT(*) SI_UNIT($,.STERADIAN.) SOLID_ANGLE_UNIT() );
#8561 = UNCERTAINTY_MEASURE_WITH_UNIT(LENGTH_MEASURE(1.E-07),#8558,
  'distance_accuracy_value','confusion accuracy');
#8562 = CONTEXT_DEPENDENT_SHAPE_REPRESENTATION(#8563,#8565);
#8563 = ( REPRESENTATION_RELATIONSHIP('','',#8548,#10) 
REPRESENTATION_RELATIONSHIP_WITH_TRANSFORMATION(#8564) 
SHAPE_REPRESENTATION_RELATIONSHIP() );
#8564 = ITEM_DEFINED_TRANSFORMATION('','',#11,#23);
#8565 = PRODUCT_DEFINITION_SHAPE('Placement','Placement of an item',
  #8566);
#8566 = NEXT_ASSEMBLY_USAGE_OCCURRENCE('6','Link000','',#5,#8543,$);
#8567 = PRODUCT_RELATED_PRODUCT_CATEGORY('part',$,(#8545));
#8568 = SHAPE_DEFINITION_REPRESENTATION(#8569,#8575);
#8569 = PRODUCT_DEFINITION_SHAPE('','',#8570);
#8570 = PRODUCT_DEFINITION('design','',#8571,#8574);
#8571 = PRODUCT_DEFINITION_FORMATION('','',#8572);
#8572 = PRODUCT('SmallWheelBaseBody','SmallWheelBaseBody','',(#8573));
#8573 = PRODUCT_CONTEXT('',#2,'mechanical');
#8574 = PRODUCT_DEFINITION_CONTEXT('part definition',#2,'design');
#8575 = ADVANCED_BREP_SHAPE_REPRESENTATION('',(#11,#8576),#8689);
#8576 = MANIFOLD_SOLID_BREP('',#8577);
#8577 = CLOSED_SHELL('',(#8578,#8615,#8651,#8676));
#8578 = ADVANCED_FACE('',(#8579,#8599),#8610,.F.);
#8579 = FACE_BOUND('',#8580,.F.);
#8580 = EDGE_LOOP('',(#8581,#8592));
#8581 = ORIENTED_EDGE('',*,*,#8582,.T.);
#8582 = EDGE_CURVE('',#8583,#8585,#8587,.T.);
#8583 = VERTEX_POINT('',#8584);
#8584 = CARTESIAN_POINT('',(3.75,0.,0.));
#8585 = VERTEX_POINT('',#8586);
#8586 = CARTESIAN_POINT('',(-3.75,0.,6.1E-14));
#8587 = CIRCLE('',#8588,3.75);
#8588 = AXIS2_PLACEMENT_3D('',#8589,#8590,#8591);
#8589 = CARTESIAN_POINT('',(0.,0.,0.));
#8590 = DIRECTION('',(0.,0.,1.));
#8591 = DIRECTION('',(1.,0.,0.));
#8592 = ORIENTED_EDGE('',*,*,#8593,.T.);
#8593 = EDGE_CURVE('',#8585,#8583,#8594,.T.);
#8594 = CIRCLE('',#8595,3.75);
#8595 = AXIS2_PLACEMENT_3D('',#8596,#8597,#8598);
#8596 = CARTESIAN_POINT('',(0.,0.,0.));
#8597 = DIRECTION('',(0.,0.,1.));
#8598 = DIRECTION('',(1.,0.,0.));
#8599 = FACE_BOUND('',#8600,.F.);
#8600 = EDGE_LOOP('',(#8601));
#8601 = ORIENTED_EDGE('',*,*,#8602,.F.);
#8602 = EDGE_CURVE('',#8603,#8603,#8605,.T.);
#8603 = VERTEX_POINT('',#8604);
#8604 = CARTESIAN_POINT('',(0.8,0.,0.));
#8605 = CIRCLE('',#8606,0.8);
#8606 = AXIS2_PLACEMENT_3D('',#8607,#8608,#8609);
#8607 = CARTESIAN_POINT('',(0.,0.,0.));
#8608 = DIRECTION('',(0.,0.,1.));
#8609 = DIRECTION('',(1.,0.,-0.));
#8610 = PLANE('',#8611);
#8611 = AXIS2_PLACEMENT_3D('',#8612,#8613,#8614);
#8612 = CARTESIAN_POINT('',(-1.8E-16,3.E-17,0.));
#8613 = DIRECTION('',(0.,0.,1.));
#8614 = DIRECTION('',(1.,0.,0.));
#8615 = ADVANCED_FACE('',(#8616),#8646,.F.);
#8616 = FACE_BOUND('',#8617,.F.);
#8617 = EDGE_LOOP('',(#8618,#8619,#8620,#8629,#8638,#8645));
#8618 = ORIENTED_EDGE('',*,*,#8582,.F.);
#8619 = ORIENTED_EDGE('',*,*,#8593,.F.);
#8620 = ORIENTED_EDGE('',*,*,#8621,.T.);
#8621 = EDGE_CURVE('',#8585,#8622,#8624,.T.);
#8622 = VERTEX_POINT('',#8623);
#8623 = CARTESIAN_POINT('',(-3.75,1.E-15,2.7));
#8624 = CIRCLE('',#8625,1.35);
#8625 = AXIS2_PLACEMENT_3D('',#8626,#8627,#8628);
#8626 = CARTESIAN_POINT('',(-3.75,0.,1.35));
#8627 = DIRECTION('',(0.,-1.,0.));
#8628 = DIRECTION('',(1.,0.,0.));
#8629 = ORIENTED_EDGE('',*,*,#8630,.T.);
#8630 = EDGE_CURVE('',#8622,#8631,#8633,.T.);
#8631 = VERTEX_POINT('',#8632);
#8632 = CARTESIAN_POINT('',(3.75,0.,2.7));
#8633 = CIRCLE('',#8634,3.75);
#8634 = AXIS2_PLACEMENT_3D('',#8635,#8636,#8637);
#8635 = CARTESIAN_POINT('',(0.,0.,2.7));
#8636 = DIRECTION('',(0.,0.,1.));
#8637 = DIRECTION('',(1.,0.,0.));
#8638 = ORIENTED_EDGE('',*,*,#8639,.T.);
#8639 = EDGE_CURVE('',#8631,#8622,#8640,.T.);
#8640 = CIRCLE('',#8641,3.75);
#8641 = AXIS2_PLACEMENT_3D('',#8642,#8643,#8644);
#8642 = CARTESIAN_POINT('',(0.,0.,2.7));
#8643 = DIRECTION('',(0.,0.,1.));
#8644 = DIRECTION('',(1.,0.,0.));
#8645 = ORIENTED_EDGE('',*,*,#8621,.F.);
#8646 = TOROIDAL_SURFACE('',#8647,3.75,1.35);
#8647 = AXIS2_PLACEMENT_3D('',#8648,#8649,#8650);
#8648 = CARTESIAN_POINT('',(0.,3.E-16,1.35));
#8649 = DIRECTION('',(-0.,-2.2E-16,-1.));
#8650 = DIRECTION('',(-1.,0.,0.));
#8651 = ADVANCED_FACE('',(#8652),#8671,.F.);
#8652 = FACE_BOUND('',#8653,.F.);
#8653 = EDGE_LOOP('',(#8654,#8662,#8669,#8670));
#8654 = ORIENTED_EDGE('',*,*,#8655,.F.);
#8655 = EDGE_CURVE('',#8656,#8603,#8658,.T.);
#8656 = VERTEX_POINT('',#8657);
#8657 = CARTESIAN_POINT('',(0.8,0.,2.7));
#8658 = LINE('',#8659,#8660);
#8659 = CARTESIAN_POINT('',(0.8,0.,2.7));
#8660 = VECTOR('',#8661,1.);
#8661 = DIRECTION('',(-0.,-0.,-1.));
#8662 = ORIENTED_EDGE('',*,*,#8663,.F.);
#8663 = EDGE_CURVE('',#8656,#8656,#8664,.T.);
#8664 = CIRCLE('',#8665,0.8);
#8665 = AXIS2_PLACEMENT_3D('',#8666,#8667,#8668);
#8666 = CARTESIAN_POINT('',(0.,0.,2.7));
#8667 = DIRECTION('',(0.,0.,1.));
#8668 = DIRECTION('',(1.,0.,0.));
#8669 = ORIENTED_EDGE('',*,*,#8655,.T.);
#8670 = ORIENTED_EDGE('',*,*,#8602,.T.);
#8671 = CYLINDRICAL_SURFACE('',#8672,0.8);
#8672 = AXIS2_PLACEMENT_3D('',#8673,#8674,#8675);
#8673 = CARTESIAN_POINT('',(0.,0.,2.7));
#8674 = DIRECTION('',(0.,0.,1.));
#8675 = DIRECTION('',(1.,0.,-0.));
#8676 = ADVANCED_FACE('',(#8677,#8681),#8684,.T.);
#8677 = FACE_BOUND('',#8678,.T.);
#8678 = EDGE_LOOP('',(#8679,#8680));
#8679 = ORIENTED_EDGE('',*,*,#8639,.T.);
#8680 = ORIENTED_EDGE('',*,*,#8630,.T.);
#8681 = FACE_BOUND('',#8682,.T.);
#8682 = EDGE_LOOP('',(#8683));
#8683 = ORIENTED_EDGE('',*,*,#8663,.F.);
#8684 = PLANE('',#8685);
#8685 = AXIS2_PLACEMENT_3D('',#8686,#8687,#8688);
#8686 = CARTESIAN_POINT('',(-1.8E-16,3.E-17,2.7));
#8687 = DIRECTION('',(0.,0.,1.));
#8688 = DIRECTION('',(1.,0.,0.));
#8689 = ( GEOMETRIC_REPRESENTATION_CONTEXT(3) 
GLOBAL_UNCERTAINTY_ASSIGNED_CONTEXT((#8693)) 
GLOBAL_UNIT_ASSIGNED_CONTEXT((#8690,#8691,#8692)) REPRESENTATION_CONTEXT
('Context #1','3D Context with UNIT and UNCERTAINTY') );
#8690 = ( LENGTH_UNIT() NAMED_UNIT(*) SI_UNIT(.MILLI.,.METRE.) );
#8691 = ( NAMED_UNIT(*) PLANE_ANGLE_UNIT() SI_UNIT($,.RADIAN.) );
#8692 = ( NAMED_UNIT(*) SI_UNIT($,.STERADIAN.) SOLID_ANGLE_UNIT() );
#8693 = UNCERTAINTY_MEASURE_WITH_UNIT(LENGTH_MEASURE(1.E-07),#8690,
  'distance_accuracy_value','confusion accuracy');
#8694 = CONTEXT_DEPENDENT_SHAPE_REPRESENTATION(#8695,#8697);
#8695 = ( REPRESENTATION_RELATIONSHIP('','',#8575,#8548) 
REPRESENTATION_RELATIONSHIP_WITH_TRANSFORMATION(#8696) 
SHAPE_REPRESENTATION_RELATIONSHIP() );
#8696 = ITEM_DEFINED_TRANSFORMATION('','',#11,#8549);
#8697 = PRODUCT_DEFINITION_SHAPE('Placement','Placement of an item',
  #8698);
#8698 = NEXT_ASSEMBLY_USAGE_OCCURRENCE('4','SmallWheelBaseBody','',#8543
  ,#8570,$);
#8699 = PRODUCT_RELATED_PRODUCT_CATEGORY('part',$,(#8572));
#8700 = SHAPE_DEFINITION_REPRESENTATION(#8701,#8707);
#8701 = PRODUCT_DEFINITION_SHAPE('','',#8702);
#8702 = PRODUCT_DEFINITION('design','',#8703,#8706);
#8703 = PRODUCT_DEFINITION_FORMATION('','',#8704);
#8704 = PRODUCT('SmallWheelRubberBody','SmallWheelRubberBody','',(#8705)
  );
#8705 = PRODUCT_CONTEXT('',#2,'mechanical');
#8706 = PRODUCT_DEFINITION_CONTEXT('part definition',#2,'design');
#8707 = ADVANCED_BREP_SHAPE_REPRESENTATION('',(#11,#8708),#8736);
#8708 = MANIFOLD_SOLID_BREP('',#8709);
#8709 = CLOSED_SHELL('',(#8710));
#8710 = ADVANCED_FACE('',(#8711),#8731,.T.);
#8711 = FACE_BOUND('',#8712,.F.);
#8712 = EDGE_LOOP('',(#8713,#8722,#8729,#8730));
#8713 = ORIENTED_EDGE('',*,*,#8714,.T.);
#8714 = EDGE_CURVE('',#8715,#8715,#8717,.T.);
#8715 = VERTEX_POINT('',#8716);
#8716 = CARTESIAN_POINT('',(-2.4,-1.35,0.));
#8717 = CIRCLE('',#8718,2.4);
#8718 = AXIS2_PLACEMENT_3D('',#8719,#8720,#8721);
#8719 = CARTESIAN_POINT('',(0.,-1.35,0.));
#8720 = DIRECTION('',(0.,1.,-0.));
#8721 = DIRECTION('',(-1.,0.,0.));
#8722 = ORIENTED_EDGE('',*,*,#8723,.F.);
#8723 = EDGE_CURVE('',#8715,#8715,#8724,.T.);
#8724 = CIRCLE('',#8725,1.05);
#8725 = AXIS2_PLACEMENT_3D('',#8726,#8727,#8728);
#8726 = CARTESIAN_POINT('',(-3.45,-1.35,0.));
#8727 = DIRECTION('',(0.,0.,1.));
#8728 = DIRECTION('',(1.,0.,0.));
#8729 = ORIENTED_EDGE('',*,*,#8714,.F.);
#8730 = ORIENTED_EDGE('',*,*,#8723,.T.);
#8731 = TOROIDAL_SURFACE('',#8732,3.45,1.05);
#8732 = AXIS2_PLACEMENT_3D('',#8733,#8734,#8735);
#8733 = CARTESIAN_POINT('',(0.,-1.35,0.));
#8734 = DIRECTION('',(-0.,-1.,-0.));
#8735 = DIRECTION('',(-1.,0.,0.));
#8736 = ( GEOMETRIC_REPRESENTATION_CONTEXT(3) 
GLOBAL_UNCERTAINTY_ASSIGNED_CONTEXT((#8740)) 
GLOBAL_UNIT_ASSIGNED_CONTEXT((#8737,#8738,#8739)) REPRESENTATION_CONTEXT
('Context #1','3D Context with UNIT and UNCERTAINTY') );
#8737 = ( LENGTH_UNIT() NAMED_UNIT(*) SI_UNIT(.MILLI.,.METRE.) );
#8738 = ( NAMED_UNIT(*) PLANE_ANGLE_UNIT() SI_UNIT($,.RADIAN.) );
#8739 = ( NAMED_UNIT(*) SI_UNIT($,.STERADIAN.) SOLID_ANGLE_UNIT() );
#8740 = UNCERTAINTY_MEASURE_WITH_UNIT(LENGTH_MEASURE(1.E-07),#8737,
  'distance_accuracy_value','confusion accuracy');
#8741 = CONTEXT_DEPENDENT_SHAPE_REPRESENTATION(#8742,#8744);
#8742 = ( REPRESENTATION_RELATIONSHIP('','',#8707,#8548) 
REPRESENTATION_RELATIONSHIP_WITH_TRANSFORMATION(#8743) 
SHAPE_REPRESENTATION_RELATIONSHIP() );
#8743 = ITEM_DEFINED_TRANSFORMATION('','',#11,#8553);
#8744 = PRODUCT_DEFINITION_SHAPE('Placement','Placement of an item',
  #8745);
#8745 = NEXT_ASSEMBLY_USAGE_OCCURRENCE('5','SmallWheelRubberBody','',
  #8543,#8702,$);
#8746 = PRODUCT_RELATED_PRODUCT_CATEGORY('part',$,(#8704));
#8747 = CONTEXT_DEPENDENT_SHAPE_REPRESENTATION(#8748,#8750);
#8748 = ( REPRESENTATION_RELATIONSHIP('','',#8548,#10) 
REPRESENTATION_RELATIONSHIP_WITH_TRANSFORMATION(#8749) 
SHAPE_REPRESENTATION_RELATIONSHIP() );
#8749 = ITEM_DEFINED_TRANSFORMATION('','',#11,#27);
#8750 = PRODUCT_DEFINITION_SHAPE('Placement','Placement of an item',
  #8751);
#8751 = NEXT_ASSEMBLY_USAGE_OCCURRENCE('7','Link001','',#5,#8543,$);
#8752 = CONTEXT_DEPENDENT_SHAPE_REPRESENTATION(#8753,#8755);
#8753 = ( REPRESENTATION_RELATIONSHIP('','',#8548,#10) 
REPRESENTATION_RELATIONSHIP_WITH_TRANSFORMATION(#8754) 
SHAPE_REPRESENTATION_RELATIONSHIP() );
#8754 = ITEM_DEFINED_TRANSFORMATION('','',#11,#31);
#8755 = PRODUCT_DEFINITION_SHAPE('Placement','Placement of an item',
  #8756);
#8756 = NEXT_ASSEMBLY_USAGE_OCCURRENCE('8','Link002','',#5,#8543,$);
#8757 = CONTEXT_DEPENDENT_SHAPE_REPRESENTATION(#8758,#8760);
#8758 = ( REPRESENTATION_RELATIONSHIP('','',#8548,#10) 
REPRESENTATION_RELATIONSHIP_WITH_TRANSFORMATION(#8759) 
SHAPE_REPRESENTATION_RELATIONSHIP() );
#8759 = ITEM_DEFINED_TRANSFORMATION('','',#11,#35);
#8760 = PRODUCT_DEFINITION_SHAPE('Placement','Placement of an item',
  #8761);
#8761 = NEXT_ASSEMBLY_USAGE_OCCURRENCE('9','Link003','',#5,#8543,$);
#8762 = CONTEXT_DEPENDENT_SHAPE_REPRESENTATION(#8763,#8765);
#8763 = ( REPRESENTATION_RELATIONSHIP('','',#8548,#10) 
REPRESENTATION_RELATIONSHIP_WITH_TRANSFORMATION(#8764) 
SHAPE_REPRESENTATION_RELATIONSHIP() );
#8764 = ITEM_DEFINED_TRANSFORMATION('','',#11,#39);
#8765 = PRODUCT_DEFINITION_SHAPE('Placement','Placement of an item',
  #8766);
#8766 = NEXT_ASSEMBLY_USAGE_OCCURRENCE('10','Link004','',#5,#8543,$);
#8767 = CONTEXT_DEPENDENT_SHAPE_REPRESENTATION(#8768,#8770);
#8768 = ( REPRESENTATION_RELATIONSHIP('','',#8548,#10) 
REPRESENTATION_RELATIONSHIP_WITH_TRANSFORMATION(#8769) 
SHAPE_REPRESENTATION_RELATIONSHIP() );
#8769 = ITEM_DEFINED_TRANSFORMATION('','',#11,#43);
#8770 = PRODUCT_DEFINITION_SHAPE('Placement','Placement of an item',
  #8771);
#8771 = NEXT_ASSEMBLY_USAGE_OCCURRENCE('11','Link005','',#5,#8543,$);
#8772 = CONTEXT_DEPENDENT_SHAPE_REPRESENTATION(#8773,#8775);
#8773 = ( REPRESENTATION_RELATIONSHIP('','',#8548,#10) 
REPRESENTATION_RELATIONSHIP_WITH_TRANSFORMATION(#8774) 
SHAPE_REPRESENTATION_RELATIONSHIP() );
#8774 = ITEM_DEFINED_TRANSFORMATION('','',#11,#47);
#8775 = PRODUCT_DEFINITION_SHAPE('Placement','Placement of an item',
  #8776);
#8776 = NEXT_ASSEMBLY_USAGE_OCCURRENCE('12','Link006','',#5,#8543,$);
#8777 = CONTEXT_DEPENDENT_SHAPE_REPRESENTATION(#8778,#8780);
#8778 = ( REPRESENTATION_RELATIONSHIP('','',#8548,#10) 
REPRESENTATION_RELATIONSHIP_WITH_TRANSFORMATION(#8779) 
SHAPE_REPRESENTATION_RELATIONSHIP() );
#8779 = ITEM_DEFINED_TRANSFORMATION('','',#11,#51);
#8780 = PRODUCT_DEFINITION_SHAPE('Placement','Placement of an item',
  #8781);
#8781 = NEXT_ASSEMBLY_USAGE_OCCURRENCE('13','Link007','',#5,#8543,$);
#8782 = CONTEXT_DEPENDENT_SHAPE_REPRESENTATION(#8783,#8785);
#8783 = ( REPRESENTATION_RELATIONSHIP('','',#8548,#10) 
REPRESENTATION_RELATIONSHIP_WITH_TRANSFORMATION(#8784) 
SHAPE_REPRESENTATION_RELATIONSHIP() );
#8784 = ITEM_DEFINED_TRANSFORMATION('','',#11,#55);
#8785 = PRODUCT_DEFINITION_SHAPE('Placement','Placement of an item',
  #8786);
#8786 = NEXT_ASSEMBLY_USAGE_OCCURRENCE('14','Link008','',#5,#8543,$);
#8787 = CONTEXT_DEPENDENT_SHAPE_REPRESENTATION(#8788,#8790);
#8788 = ( REPRESENTATION_RELATIONSHIP('','',#8548,#10) 
REPRESENTATION_RELATIONSHIP_WITH_TRANSFORMATION(#8789) 
SHAPE_REPRESENTATION_RELATIONSHIP() );
#8789 = ITEM_DEFINED_TRANSFORMATION('','',#11,#59);
#8790 = PRODUCT_DEFINITION_SHAPE('Placement','Placement of an item',
  #8791);
#8791 = NEXT_ASSEMBLY_USAGE_OCCURRENCE('15','Link009','',#5,#8543,$);
#8792 = CONTEXT_DEPENDENT_SHAPE_REPRESENTATION(#8793,#8795);
#8793 = ( REPRESENTATION_RELATIONSHIP('','',#8548,#10) 
REPRESENTATION_RELATIONSHIP_WITH_TRANSFORMATION(#8794) 
SHAPE_REPRESENTATION_RELATIONSHIP() );
#8794 = ITEM_DEFINED_TRANSFORMATION('','',#11,#63);
#8795 = PRODUCT_DEFINITION_SHAPE('Placement','Placement of an item',
  #8796);
#8796 = NEXT_ASSEMBLY_USAGE_OCCURRENCE('16','Link010','',#5,#8543,$);
#8797 = CONTEXT_DEPENDENT_SHAPE_REPRESENTATION(#8798,#8800);
#8798 = ( REPRESENTATION_RELATIONSHIP('','',#8548,#10) 
REPRESENTATION_RELATIONSHIP_WITH_TRANSFORMATION(#8799) 
SHAPE_REPRESENTATION_RELATIONSHIP() );
#8799 = ITEM_DEFINED_TRANSFORMATION('','',#11,#67);
#8800 = PRODUCT_DEFINITION_SHAPE('Placement','Placement of an item',
  #8801);
#8801 = NEXT_ASSEMBLY_USAGE_OCCURRENCE('17','Link011','',#5,#8543,$);
#8802 = CONTEXT_DEPENDENT_SHAPE_REPRESENTATION(#8803,#8805);
#8803 = ( REPRESENTATION_RELATIONSHIP('','',#8548,#10) 
REPRESENTATION_RELATIONSHIP_WITH_TRANSFORMATION(#8804) 
SHAPE_REPRESENTATION_RELATIONSHIP() );
#8804 = ITEM_DEFINED_TRANSFORMATION('','',#11,#71);
#8805 = PRODUCT_DEFINITION_SHAPE('Placement','Placement of an item',
  #8806);
#8806 = NEXT_ASSEMBLY_USAGE_OCCURRENCE('18','Link012','',#5,#8543,$);
#8807 = CONTEXT_DEPENDENT_SHAPE_REPRESENTATION(#8808,#8810);
#8808 = ( REPRESENTATION_RELATIONSHIP('','',#8548,#10) 
REPRESENTATION_RELATIONSHIP_WITH_TRANSFORMATION(#8809) 
SHAPE_REPRESENTATION_RELATIONSHIP() );
#8809 = ITEM_DEFINED_TRANSFORMATION('','',#11,#75);
#8810 = PRODUCT_DEFINITION_SHAPE('Placement','Placement of an item',
  #8811);
#8811 = NEXT_ASSEMBLY_USAGE_OCCURRENCE('19','Link013','',#5,#8543,$);
#8812 = CONTEXT_DEPENDENT_SHAPE_REPRESENTATION(#8813,#8815);
#8813 = ( REPRESENTATION_RELATIONSHIP('','',#8548,#10) 
REPRESENTATION_RELATIONSHIP_WITH_TRANSFORMATION(#8814) 
SHAPE_REPRESENTATION_RELATIONSHIP() );
#8814 = ITEM_DEFINED_TRANSFORMATION('','',#11,#79);
#8815 = PRODUCT_DEFINITION_SHAPE('Placement','Placement of an item',
  #8816);
#8816 = NEXT_ASSEMBLY_USAGE_OCCURRENCE('20','Link014','',#5,#8543,$);
#8817 = CONTEXT_DEPENDENT_SHAPE_REPRESENTATION(#8818,#8820);
#8818 = ( REPRESENTATION_RELATIONSHIP('','',#8548,#10) 
REPRESENTATION_RELATIONSHIP_WITH_TRANSFORMATION(#8819) 
SHAPE_REPRESENTATION_RELATIONSHIP() );
#8819 = ITEM_DEFINED_TRANSFORMATION('','',#11,#83);
#8820 = PRODUCT_DEFINITION_SHAPE('Placement','Placement of an item',
  #8821);
#8821 = NEXT_ASSEMBLY_USAGE_OCCURRENCE('21','Link015','',#5,#8543,$);
#8822 = CONTEXT_DEPENDENT_SHAPE_REPRESENTATION(#8823,#8825);
#8823 = ( REPRESENTATION_RELATIONSHIP('','',#8548,#10) 
REPRESENTATION_RELATIONSHIP_WITH_TRANSFORMATION(#8824) 
SHAPE_REPRESENTATION_RELATIONSHIP() );
#8824 = ITEM_DEFINED_TRANSFORMATION('','',#11,#87);
#8825 = PRODUCT_DEFINITION_SHAPE('Placement','Placement of an item',
  #8826);
#8826 = NEXT_ASSEMBLY_USAGE_OCCURRENCE('22','Link016','',#5,#8543,$);
#8827 = CONTEXT_DEPENDENT_SHAPE_REPRESENTATION(#8828,#8830);
#8828 = ( REPRESENTATION_RELATIONSHIP('','',#8548,#10) 
REPRESENTATION_RELATIONSHIP_WITH_TRANSFORMATION(#8829) 
SHAPE_REPRESENTATION_RELATIONSHIP() );
#8829 = ITEM_DEFINED_TRANSFORMATION('','',#11,#91);
#8830 = PRODUCT_DEFINITION_SHAPE('Placement','Placement of an item',
  #8831);
#8831 = NEXT_ASSEMBLY_USAGE_OCCURRENCE('23','Link017','',#5,#8543,$);
#8832 = CONTEXT_DEPENDENT_SHAPE_REPRESENTATION(#8833,#8835);
#8833 = ( REPRESENTATION_RELATIONSHIP('','',#8548,#10) 
REPRESENTATION_RELATIONSHIP_WITH_TRANSFORMATION(#8834) 
SHAPE_REPRESENTATION_RELATIONSHIP() );
#8834 = ITEM_DEFINED_TRANSFORMATION('','',#11,#95);
#8835 = PRODUCT_DEFINITION_SHAPE('Placement','Placement of an item',
  #8836);
#8836 = NEXT_ASSEMBLY_USAGE_OCCURRENCE('24','Link018','',#5,#8543,$);
#8837 = CONTEXT_DEPENDENT_SHAPE_REPRESENTATION(#8838,#8840);
#8838 = ( REPRESENTATION_RELATIONSHIP('','',#8548,#10) 
REPRESENTATION_RELATIONSHIP_WITH_TRANSFORMATION(#8839) 
SHAPE_REPRESENTATION_RELATIONSHIP() );
#8839 = ITEM_DEFINED_TRANSFORMATION('','',#11,#99);
#8840 = PRODUCT_DEFINITION_SHAPE('Placement','Placement of an item',
  #8841);
#8841 = NEXT_ASSEMBLY_USAGE_OCCURRENCE('25','Link019','',#5,#8543,$);
#8842 = CONTEXT_DEPENDENT_SHAPE_REPRESENTATION(#8843,#8845);
#8843 = ( REPRESENTATION_RELATIONSHIP('','',#8548,#10) 
REPRESENTATION_RELATIONSHIP_WITH_TRANSFORMATION(#8844) 
SHAPE_REPRESENTATION_RELATIONSHIP() );
#8844 = ITEM_DEFINED_TRANSFORMATION('','',#11,#103);
#8845 = PRODUCT_DEFINITION_SHAPE('Placement','Placement of an item',
  #8846);
#8846 = NEXT_ASSEMBLY_USAGE_OCCURRENCE('26','Link020','',#5,#8543,$);
#8847 = CONTEXT_DEPENDENT_SHAPE_REPRESENTATION(#8848,#8850);
#8848 = ( REPRESENTATION_RELATIONSHIP('','',#8548,#10) 
REPRESENTATION_RELATIONSHIP_WITH_TRANSFORMATION(#8849) 
SHAPE_REPRESENTATION_RELATIONSHIP() );
#8849 = ITEM_DEFINED_TRANSFORMATION('','',#11,#107);
#8850 = PRODUCT_DEFINITION_SHAPE('Placement','Placement of an item',
  #8851);
#8851 = NEXT_ASSEMBLY_USAGE_OCCURRENCE('27','Link021','',#5,#8543,$);
#8852 = CONTEXT_DEPENDENT_SHAPE_REPRESENTATION(#8853,#8855);
#8853 = ( REPRESENTATION_RELATIONSHIP('','',#8548,#10) 
REPRESENTATION_RELATIONSHIP_WITH_TRANSFORMATION(#8854) 
SHAPE_REPRESENTATION_RELATIONSHIP() );
#8854 = ITEM_DEFINED_TRANSFORMATION('','',#11,#111);
#8855 = PRODUCT_DEFINITION_SHAPE('Placement','Placement of an item',
  #8856);
#8856 = NEXT_ASSEMBLY_USAGE_OCCURRENCE('28','Link022','',#5,#8543,$);
#8857 = CONTEXT_DEPENDENT_SHAPE_REPRESENTATION(#8858,#8860);
#8858 = ( REPRESENTATION_RELATIONSHIP('','',#8548,#10) 
REPRESENTATION_RELATIONSHIP_WITH_TRANSFORMATION(#8859) 
SHAPE_REPRESENTATION_RELATIONSHIP() );
#8859 = ITEM_DEFINED_TRANSFORMATION('','',#11,#115);
#8860 = PRODUCT_DEFINITION_SHAPE('Placement','Placement of an item',
  #8861);
#8861 = NEXT_ASSEMBLY_USAGE_OCCURRENCE('29','Link023','',#5,#8543,$);
#8862 = SHAPE_DEFINITION_REPRESENTATION(#8863,#8869);
#8863 = PRODUCT_DEFINITION_SHAPE('','',#8864);
#8864 = PRODUCT_DEFINITION('design','',#8865,#8868);
#8865 = PRODUCT_DEFINITION_FORMATION('','',#8866);
#8866 = PRODUCT('AluminiumHub','AluminiumHub','',(#8867));
#8867 = PRODUCT_CONTEXT('',#2,'mechanical');
#8868 = PRODUCT_DEFINITION_CONTEXT('part definition',#2,'design');
#8869 = SHAPE_REPRESENTATION('',(#11,#8870),#8874);
#8870 = AXIS2_PLACEMENT_3D('',#8871,#8872,#8873);
#8871 = CARTESIAN_POINT('',(0.,0.,0.));
#8872 = DIRECTION('',(0.,0.,1.));
#8873 = DIRECTION('',(1.,0.,0.));
#8874 = ( GEOMETRIC_REPRESENTATION_CONTEXT(3) 
GLOBAL_UNCERTAINTY_ASSIGNED_CONTEXT((#8878)) 
GLOBAL_UNIT_ASSIGNED_CONTEXT((#8875,#8876,#8877)) REPRESENTATION_CONTEXT
('Context #1','3D Context with UNIT and UNCERTAINTY') );
#8875 = ( LENGTH_UNIT() NAMED_UNIT(*) SI_UNIT(.MILLI.,.METRE.) );
#8876 = ( NAMED_UNIT(*) PLANE_ANGLE_UNIT() SI_UNIT($,.RADIAN.) );
#8877 = ( NAMED_UNIT(*) SI_UNIT($,.STERADIAN.) SOLID_ANGLE_UNIT() );
#8878 = UNCERTAINTY_MEASURE_WITH_UNIT(LENGTH_MEASURE(1.E-05),#8875,
  'distance_accuracy_value','confusion accuracy');
#8879 = CONTEXT_DEPENDENT_SHAPE_REPRESENTATION(#8880,#8882);
#8880 = ( REPRESENTATION_RELATIONSHIP('','',#8869,#10) 
REPRESENTATION_RELATIONSHIP_WITH_TRANSFORMATION(#8881) 
SHAPE_REPRESENTATION_RELATIONSHIP() );
#8881 = ITEM_DEFINED_TRANSFORMATION('','',#11,#119);
#8882 = PRODUCT_DEFINITION_SHAPE('Placement','Placement of an item',
  #8883);
#8883 = NEXT_ASSEMBLY_USAGE_OCCURRENCE('31','AluminiumHub001','',#5,
  #8864,$);
#8884 = PRODUCT_RELATED_PRODUCT_CATEGORY('part',$,(#8866));
#8885 = SHAPE_DEFINITION_REPRESENTATION(#8886,#8892);
#8886 = PRODUCT_DEFINITION_SHAPE('','',#8887);
#8887 = PRODUCT_DEFINITION('design','',#8888,#8891);
#8888 = PRODUCT_DEFINITION_FORMATION('','',#8889);
#8889 = PRODUCT('AlumuniumHubBody','AlumuniumHubBody','',(#8890));
#8890 = PRODUCT_CONTEXT('',#2,'mechanical');
#8891 = PRODUCT_DEFINITION_CONTEXT('part definition',#2,'design');
#8892 = ADVANCED_BREP_SHAPE_REPRESENTATION('',(#11,#8893),#9994);
#8893 = MANIFOLD_SOLID_BREP('',#8894);
#8894 = CLOSED_SHELL('',(#8895,#9036,#9061,#9086,#9405,#9469,#9533,#9656
    ,#9681,#9706,#9731,#9756,#9781,#9806,#9831,#9856,#9881,#9906,#9926,
    #9943,#9960,#9977));
#8895 = ADVANCED_FACE('',(#8896,#8923),#9031,.T.);
#8896 = FACE_BOUND('',#8897,.F.);
#8897 = EDGE_LOOP('',(#8898,#8908,#8915,#8916));
#8898 = ORIENTED_EDGE('',*,*,#8899,.F.);
#8899 = EDGE_CURVE('',#8900,#8902,#8904,.T.);
#8900 = VERTEX_POINT('',#8901);
#8901 = CARTESIAN_POINT('',(10.,0.,0.25));
#8902 = VERTEX_POINT('',#8903);
#8903 = CARTESIAN_POINT('',(10.,0.,4.75));
#8904 = LINE('',#8905,#8906);
#8905 = CARTESIAN_POINT('',(10.,0.,0.));
#8906 = VECTOR('',#8907,1.);
#8907 = DIRECTION('',(0.,0.,1.));
#8908 = ORIENTED_EDGE('',*,*,#8909,.F.);
#8909 = EDGE_CURVE('',#8900,#8900,#8910,.T.);
#8910 = CIRCLE('',#8911,10.);
#8911 = AXIS2_PLACEMENT_3D('',#8912,#8913,#8914);
#8912 = CARTESIAN_POINT('',(0.,0.,0.25));
#8913 = DIRECTION('',(0.,0.,1.));
#8914 = DIRECTION('',(1.,0.,-0.));
#8915 = ORIENTED_EDGE('',*,*,#8899,.T.);
#8916 = ORIENTED_EDGE('',*,*,#8917,.T.);
#8917 = EDGE_CURVE('',#8902,#8902,#8918,.T.);
#8918 = CIRCLE('',#8919,10.);
#8919 = AXIS2_PLACEMENT_3D('',#8920,#8921,#8922);
#8920 = CARTESIAN_POINT('',(0.,0.,4.75));
#8921 = DIRECTION('',(0.,0.,1.));
#8922 = DIRECTION('',(1.,0.,-0.));
#8923 = FACE_BOUND('',#8924,.F.);
#8924 = EDGE_LOOP('',(#8925));
#8925 = ORIENTED_EDGE('',*,*,#8926,.T.);
#8926 = EDGE_CURVE('',#8927,#8927,#8929,.T.);
#8927 = VERTEX_POINT('',#8928);
#8928 = CARTESIAN_POINT('',(1.744360822104,-9.846684991524,2.5));
#8929 = B_SPLINE_CURVE_WITH_KNOTS('',12,(#8930,#8931,#8932,#8933,#8934,
    #8935,#8936,#8937,#8938,#8939,#8940,#8941,#8942,#8943,#8944,#8945,
    #8946,#8947,#8948,#8949,#8950,#8951,#8952,#8953,#8954,#8955,#8956,
    #8957,#8958,#8959,#8960,#8961,#8962,#8963,#8964,#8965,#8966,#8967,
    #8968,#8969,#8970,#8971,#8972,#8973,#8974,#8975,#8976,#8977,#8978,
    #8979,#8980,#8981,#8982,#8983,#8984,#8985,#8986,#8987,#8988,#8989,
    #8990,#8991,#8992,#8993,#8994,#8995,#8996,#8997,#8998,#8999,#9000,
    #9001,#9002,#9003,#9004,#9005,#9006,#9007,#9008,#9009,#9010,#9011,
    #9012,#9013,#9014,#9015,#9016,#9017,#9018,#9019,#9020,#9021,#9022,
    #9023,#9024,#9025,#9026,#9027,#9028,#9029,#9030),.UNSPECIFIED.,.T.,
  .F.,(13,11,11,11,11,11,11,11,11,13),(6.9E-16,1.188454841612,
    2.257059015736,3.336589734528,4.615132564105,5.6104534035,
    6.600885196792,7.231295782281,7.546501075026,7.861706367771),
  .UNSPECIFIED.);
#8930 = CARTESIAN_POINT('',(1.744360822104,-9.846684991524,2.5));
#8931 = CARTESIAN_POINT('',(1.744360822104,-9.846684991525,
    2.623082102981));
#8932 = CARTESIAN_POINT('',(1.735045037496,-9.848337256299,
    2.746193577397));
#8933 = CARTESIAN_POINT('',(1.716314271061,-9.851654903493,
    2.868830593082));
#8934 = CARTESIAN_POINT('',(1.688150485847,-9.856601423759,2.99043822247
    ));
#8935 = CARTESIAN_POINT('',(1.650547402859,-9.863099501737,
    3.110431400024));
#8936 = CARTESIAN_POINT('',(1.603463344545,-9.871036347619,
    3.228204505367));
#8937 = CARTESIAN_POINT('',(1.546796324287,-9.880265539954,
    3.343129570455));
#8938 = CARTESIAN_POINT('',(1.480381381625,-9.89060537889,3.454543110339
    ));
#8939 = CARTESIAN_POINT('',(1.404010163521,-9.90183375067,3.561721578024
    ));
#8940 = CARTESIAN_POINT('',(1.317472751364,-9.913679502696,3.66384544294
    ));
#8941 = CARTESIAN_POINT('',(1.220621733967,-9.925810329633,
    3.759951893426));
#8942 = CARTESIAN_POINT('',(1.017102277123,-9.948613171607,
    3.928832794228));
#8943 = CARTESIAN_POINT('',(0.911209651274,-9.95943397662,4.003925595687
    ));
#8944 = CARTESIAN_POINT('',(0.796496986624,-9.969897910174,
    4.072194390239));
#8945 = CARTESIAN_POINT('',(0.673778739439,-9.979565700914,
    4.131963667898));
#8946 = CARTESIAN_POINT('',(0.544049635629,-9.987993210981,
    4.181834346446));
#8947 = CARTESIAN_POINT('',(0.408529943527,-9.99477576965,4.220680451914
    ));
#8948 = CARTESIAN_POINT('',(0.268673868254,-9.999584110342,
    4.247650718716));
#8949 = CARTESIAN_POINT('',(0.126141067687,-10.00219191178,4.26217510962
    ));
#8950 = CARTESIAN_POINT('',(-1.726870998178E-02,-10.00249494244,
    4.263976255359));
#8951 = CARTESIAN_POINT('',(-0.159717867087,-10.00052180905,
    4.25308581406));
#8952 = CARTESIAN_POINT('',(-0.29947007574,-9.996436308568,
    4.229865750363));
#8953 = CARTESIAN_POINT('',(-0.572048954863,-9.984566081334,
    4.159847166857));
#8954 = CARTESIAN_POINT('',(-0.702965423388,-9.976815601294,
    4.113267010157));
#8955 = CARTESIAN_POINT('',(-0.827192199387,-9.967591974553,
    4.056358438946));
#8956 = CARTESIAN_POINT('',(-0.944115020086,-9.957253711207,
    3.990218898994));
#8957 = CARTESIAN_POINT('',(-1.05319586054,-9.946176210161,
    3.915929486865));
#8958 = CARTESIAN_POINT('',(-1.154018095237,-9.934727843363,
    3.834520615111));
#8959 = CARTESIAN_POINT('',(-1.24630980248,-9.923251715399,
    3.746952762928));
#8960 = CARTESIAN_POINT('',(-1.329945211373,-9.912053097853,
    3.654112312238));
#8961 = CARTESIAN_POINT('',(-1.40492429163,-9.901392539101,
    3.556822469224));
#8962 = CARTESIAN_POINT('',(-1.471330485987,-9.891484648895,3.4558692713
    ));
#8963 = CARTESIAN_POINT('',(-1.529266585393,-9.882502558267,
    3.352042679525));
#8964 = CARTESIAN_POINT('',(-1.637396660375,-9.865214507158,
    3.120829339008));
#8965 = CARTESIAN_POINT('',(-1.684942865443,-9.857216698682,
    2.991046815733));
#8966 = CARTESIAN_POINT('',(-1.721206860685,-9.850881070712,
    2.857797125559));
#8967 = CARTESIAN_POINT('',(-1.746038242439,-9.846425420686,
    2.722019970241));
#8968 = CARTESIAN_POINT('',(-1.759333624333,-9.843999469481,
    2.584645741191));
#8969 = CARTESIAN_POINT('',(-1.761033556854,-9.843685428556,
    2.446598446209));
#8970 = CARTESIAN_POINT('',(-1.751119446881,-9.845498567987,
    2.30879863634));
#8971 = CARTESIAN_POINT('',(-1.729610477286,-9.849387783414,
    2.172166332603));
#8972 = CARTESIAN_POINT('',(-1.696560526446,-9.855236164103,
    2.037623952828));
#8973 = CARTESIAN_POINT('',(-1.652055087844,-9.862861560041,
    1.906099238415));
#8974 = CARTESIAN_POINT('',(-1.596208189603,-9.872017149745,
    1.778528181143));
#8975 = CARTESIAN_POINT('',(-1.476963062548,-9.890468633609,
    1.560361549937));
#8976 = CARTESIAN_POINT('',(-1.417498848661,-9.899359457183,
    1.466959002529));
#8977 = CARTESIAN_POINT('',(-1.350756386883,-9.908931546245,
    1.376379502633));
#8978 = CARTESIAN_POINT('',(-1.276681522748,-9.919027533379,
    1.289294352209));
#8979 = CARTESIAN_POINT('',(-1.195241276875,-9.929459588921,
    1.206363615227));
#8980 = CARTESIAN_POINT('',(-1.106472018027,-9.940007287449,
    1.128269951932));
#8981 = CARTESIAN_POINT('',(-1.010510764706,-9.950419364609,
    1.05573963206));
#8982 = CARTESIAN_POINT('',(-0.907609615973,-9.960419368392,
    0.989550727472));
#8983 = CARTESIAN_POINT('',(-0.798133310682,-9.9697152003,0.930528483695
    ));
#8984 = CARTESIAN_POINT('',(-0.682539915915,-9.978012550621,
    0.879527870836));
#8985 = CARTESIAN_POINT('',(-0.561344643984,-9.985032224558,
    0.837403313515));
#8986 = CARTESIAN_POINT('',(-0.309409233462,-9.996003486095,
    0.772687221589));
#8987 = CARTESIAN_POINT('',(-0.179992674243,-9.999919074664,
    0.750323389725));
#8988 = CARTESIAN_POINT('',(-4.802647404189E-02,-10.0020387793,
    0.738512202174));
#8989 = CARTESIAN_POINT('',(8.506648521085E-02,-10.00221669152,
    0.737611625085));
#8990 = CARTESIAN_POINT('',(0.21777911468,-10.00040805923,0.747715704739
    ));
#8991 = CARTESIAN_POINT('',(0.348622814494,-9.996670459282,
    0.768667875027));
#8992 = CARTESIAN_POINT('',(0.47620354365,-9.99115842281,0.800071360444)
  );
#8993 = CARTESIAN_POINT('',(0.599271264052,-9.98411151677,0.841296674935
    ));
#8994 = CARTESIAN_POINT('',(0.716742758586,-9.975835877884,
    0.891486216219));
#8995 = CARTESIAN_POINT('',(0.827697823314,-9.966679202528,
    0.949555955936));
#8996 = CARTESIAN_POINT('',(0.931348833724,-9.956999189799,
    1.014194225353));
#8997 = CARTESIAN_POINT('',(1.087855340297,-9.940840790085,
    1.128198385403));
#8998 = CARTESIAN_POINT('',(1.145831434051,-9.934443895127,
    1.174809432199));
#8999 = CARTESIAN_POINT('',(1.200899512302,-9.92800058067,1.223508184688
    ));
#9000 = CARTESIAN_POINT('',(1.253059887946,-9.921571193313,
    1.274123928754));
#9001 = CARTESIAN_POINT('',(1.30232307453,-9.915210917552,1.326497060265
    ));
#9002 = CARTESIAN_POINT('',(1.348707219998,-9.908970093352,
    1.380478356697));
#9003 = CARTESIAN_POINT('',(1.392235540402,-9.90289453326,1.435928248745
    ));
#9004 = CARTESIAN_POINT('',(1.432933753643,-9.897025840092,
    1.492716091934));
#9005 = CARTESIAN_POINT('',(1.470827513195,-9.891401724021,
    1.550719438242));
#9006 = CARTESIAN_POINT('',(1.505939841828,-9.886056320182,
    1.609823307707));
#9007 = CARTESIAN_POINT('',(1.538288565348,-9.881020505918,
    1.669919460046));
#9008 = CARTESIAN_POINT('',(1.582681336798,-9.873973074366,
    1.761398769377));
#9009 = CARTESIAN_POINT('',(1.596792061809,-9.871709810036,
    1.792112377892));
#9010 = CARTESIAN_POINT('',(1.610217523241,-9.869534962835,
    1.823034367976));
#9011 = CARTESIAN_POINT('',(1.622959322999,-9.867451070467,
    1.854152615816));
#9012 = CARTESIAN_POINT('',(1.635019062957,-9.865460670425,
    1.885454997548));
#9013 = CARTESIAN_POINT('',(1.646398345042,-9.863566300554,
    1.916929389393));
#9014 = CARTESIAN_POINT('',(1.657098771111,-9.861770498227,
    1.948563667462));
#9015 = CARTESIAN_POINT('',(1.667121943095,-9.860075801338,
    1.980345707981));
#9016 = CARTESIAN_POINT('',(1.676469462862,-9.858484747308,
    2.012263387076));
#9017 = CARTESIAN_POINT('',(1.685142932325,-9.856999873907,
    2.044304580945));
#9018 = CARTESIAN_POINT('',(1.693143953369,-9.8556237187,2.076457165745)
  );
#9019 = CARTESIAN_POINT('',(1.707804302418,-9.853093919986,
    2.140960869556));
#9020 = CARTESIAN_POINT('',(1.714463049623,-9.851938757173,
    2.173237788665));
#9021 = CARTESIAN_POINT('',(1.720451640248,-9.850894960294,2.20624601168
    ));
#9022 = CARTESIAN_POINT('',(1.72577127624,-9.849963960131,2.236677699679
    ));
#9023 = CARTESIAN_POINT('',(1.730423086751,-9.849146990633,
    2.274194377225));
#9024 = CARTESIAN_POINT('',(1.734408119488,-9.848445092453,
    2.298692630341));
#9025 = CARTESIAN_POINT('',(1.737727327666,-9.847859115593,
    2.341196001656));
#9026 = CARTESIAN_POINT('',(1.740381557549,-9.847389723985,
    2.365198828093));
#9027 = CARTESIAN_POINT('',(1.742371525124,-9.847037399628,
    2.403643911121));
#9028 = CARTESIAN_POINT('',(1.743697807568,-9.84680244594,2.433770726623
    ));
#9029 = CARTESIAN_POINT('',(1.744360822103,-9.846684991523,
    2.467355822919));
#9030 = CARTESIAN_POINT('',(1.744360822104,-9.846684991524,2.5));
#9031 = CYLINDRICAL_SURFACE('',#9032,10.);
#9032 = AXIS2_PLACEMENT_3D('',#9033,#9034,#9035);
#9033 = CARTESIAN_POINT('',(0.,0.,0.));
#9034 = DIRECTION('',(-0.,-0.,-1.));
#9035 = DIRECTION('',(1.,0.,0.));
#9036 = ADVANCED_FACE('',(#9037),#9056,.T.);
#9037 = FACE_BOUND('',#9038,.F.);
#9038 = EDGE_LOOP('',(#9039,#9047,#9048,#9049));
#9039 = ORIENTED_EDGE('',*,*,#9040,.F.);
#9040 = EDGE_CURVE('',#8900,#9041,#9043,.T.);
#9041 = VERTEX_POINT('',#9042);
#9042 = CARTESIAN_POINT('',(9.75,0.,0.));
#9043 = LINE('',#9044,#9045);
#9044 = CARTESIAN_POINT('',(10.,0.,0.25));
#9045 = VECTOR('',#9046,1.);
#9046 = DIRECTION('',(-0.707106781187,-0.,-0.707106781187));
#9047 = ORIENTED_EDGE('',*,*,#8909,.T.);
#9048 = ORIENTED_EDGE('',*,*,#9040,.T.);
#9049 = ORIENTED_EDGE('',*,*,#9050,.F.);
#9050 = EDGE_CURVE('',#9041,#9041,#9051,.T.);
#9051 = CIRCLE('',#9052,9.75);
#9052 = AXIS2_PLACEMENT_3D('',#9053,#9054,#9055);
#9053 = CARTESIAN_POINT('',(0.,0.,0.));
#9054 = DIRECTION('',(0.,0.,1.));
#9055 = DIRECTION('',(1.,0.,-0.));
#9056 = CONICAL_SURFACE('',#9057,10.,0.785398163397);
#9057 = AXIS2_PLACEMENT_3D('',#9058,#9059,#9060);
#9058 = CARTESIAN_POINT('',(0.,0.,0.25));
#9059 = DIRECTION('',(0.,0.,1.));
#9060 = DIRECTION('',(1.,0.,0.));
#9061 = ADVANCED_FACE('',(#9062),#9081,.T.);
#9062 = FACE_BOUND('',#9063,.T.);
#9063 = EDGE_LOOP('',(#9064,#9072,#9073,#9074));
#9064 = ORIENTED_EDGE('',*,*,#9065,.F.);
#9065 = EDGE_CURVE('',#8902,#9066,#9068,.T.);
#9066 = VERTEX_POINT('',#9067);
#9067 = CARTESIAN_POINT('',(9.75,0.,5.));
#9068 = LINE('',#9069,#9070);
#9069 = CARTESIAN_POINT('',(10.,0.,4.75));
#9070 = VECTOR('',#9071,1.);
#9071 = DIRECTION('',(-0.707106781187,0.,0.707106781187));
#9072 = ORIENTED_EDGE('',*,*,#8917,.T.);
#9073 = ORIENTED_EDGE('',*,*,#9065,.T.);
#9074 = ORIENTED_EDGE('',*,*,#9075,.F.);
#9075 = EDGE_CURVE('',#9066,#9066,#9076,.T.);
#9076 = CIRCLE('',#9077,9.75);
#9077 = AXIS2_PLACEMENT_3D('',#9078,#9079,#9080);
#9078 = CARTESIAN_POINT('',(0.,0.,5.));
#9079 = DIRECTION('',(0.,0.,1.));
#9080 = DIRECTION('',(1.,0.,-0.));
#9081 = CONICAL_SURFACE('',#9082,10.,0.785398163397);
#9082 = AXIS2_PLACEMENT_3D('',#9083,#9084,#9085);
#9083 = CARTESIAN_POINT('',(0.,0.,4.75));
#9084 = DIRECTION('',(-0.,-0.,-1.));
#9085 = DIRECTION('',(1.,0.,-0.));
#9086 = ADVANCED_FACE('',(#9087),#9202,.F.);
#9087 = FACE_BOUND('',#9088,.F.);
#9088 = EDGE_LOOP('',(#9089,#9096,#9200,#9201));
#9089 = ORIENTED_EDGE('',*,*,#9090,.T.);
#9090 = EDGE_CURVE('',#8927,#9091,#9093,.T.);
#9091 = VERTEX_POINT('',#9092);
#9092 = CARTESIAN_POINT('',(1.25,-9.421567416492,2.5));
#9093 = B_SPLINE_CURVE_WITH_KNOTS('',1,(#9094,#9095),.UNSPECIFIED.,.F.,
  .F.,(2,2),(0.,7.861706367771),.PIECEWISE_BEZIER_KNOTS.);
#9094 = CARTESIAN_POINT('',(1.744360822104,-9.846684991524,2.5));
#9095 = CARTESIAN_POINT('',(1.25,-9.421567416492,2.5));
#9096 = ORIENTED_EDGE('',*,*,#9097,.T.);
#9097 = EDGE_CURVE('',#9091,#9091,#9098,.T.);
#9098 = B_SPLINE_CURVE_WITH_KNOTS('',12,(#9099,#9100,#9101,#9102,#9103,
    #9104,#9105,#9106,#9107,#9108,#9109,#9110,#9111,#9112,#9113,#9114,
    #9115,#9116,#9117,#9118,#9119,#9120,#9121,#9122,#9123,#9124,#9125,
    #9126,#9127,#9128,#9129,#9130,#9131,#9132,#9133,#9134,#9135,#9136,
    #9137,#9138,#9139,#9140,#9141,#9142,#9143,#9144,#9145,#9146,#9147,
    #9148,#9149,#9150,#9151,#9152,#9153,#9154,#9155,#9156,#9157,#9158,
    #9159,#9160,#9161,#9162,#9163,#9164,#9165,#9166,#9167,#9168,#9169,
    #9170,#9171,#9172,#9173,#9174,#9175,#9176,#9177,#9178,#9179,#9180,
    #9181,#9182,#9183,#9184,#9185,#9186,#9187,#9188,#9189,#9190,#9191,
    #9192,#9193,#9194,#9195,#9196,#9197,#9198,#9199),.UNSPECIFIED.,.T.,
  .F.,(13,11,11,11,11,11,11,11,11,13),(6.9E-16,1.188454841612,
    2.257059015736,3.336589734528,4.615132564105,5.6104534035,
    6.600885196792,7.231295782281,7.546501075026,7.861706367771),
  .UNSPECIFIED.);
#9099 = CARTESIAN_POINT('',(1.25,-9.421567416492,2.5));
#9100 = CARTESIAN_POINT('',(1.25,-9.421567416493,2.592146820622));
#9101 = CARTESIAN_POINT('',(1.242566159122,-9.422457305098,
    2.684306951048));
#9102 = CARTESIAN_POINT('',(1.227754599365,-9.424234949147,2.77595149095
    ));
#9103 = CARTESIAN_POINT('',(1.205557835457,-9.426880394658,
    2.866520271981));
#9104 = CARTESIAN_POINT('',(1.175982970218,-9.430351142501,
    2.955429156301));
#9105 = CARTESIAN_POINT('',(1.1390981783,-9.434579463181,3.042079344706)
  );
#9106 = CARTESIAN_POINT('',(1.095047478352,-9.43947175188,3.125868694617
    ));
#9107 = CARTESIAN_POINT('',(1.044033793564,-9.44490992226,3.206205047573
    ));
#9108 = CARTESIAN_POINT('',(0.986270300629,-9.450754840662,
    3.282521566634));
#9109 = CARTESIAN_POINT('',(0.921900067092,-9.456851799194,
    3.354294083301));
#9110 = CARTESIAN_POINT('',(0.85088397711,-9.463038028887,3.421060454281
    ));
#9111 = CARTESIAN_POINT('',(0.702698611746,-9.474649881717,
    3.537633338247));
#9112 = CARTESIAN_POINT('',(0.626903345455,-9.480089915816,
    3.588479662564));
#9113 = CARTESIAN_POINT('',(0.545762136021,-9.485293242915,
    3.633999323124));
#9114 = CARTESIAN_POINT('',(0.459900643795,-9.49005677106,3.673379841155
    ));
#9115 = CARTESIAN_POINT('',(0.370115027656,-9.494177645104,
    3.705950815083));
#9116 = CARTESIAN_POINT('',(0.277256654877,-9.497473314778,
    3.731167793024));
#9117 = CARTESIAN_POINT('',(0.182165693358,-9.499797453182,3.74860703946
    ));
#9118 = CARTESIAN_POINT('',(8.565358626938E-02,-9.501051726238,
    3.75797119613));
#9119 = CARTESIAN_POINT('',(-1.146559093436E-02,-9.501193412504,
    3.759105837118));
#9120 = CARTESIAN_POINT('',(-0.108294891099,-9.50023887392,
    3.752026918137));
#9121 = CARTESIAN_POINT('',(-0.203725373574,-9.498262877017,
    3.736959120028));
#9122 = CARTESIAN_POINT('',(-0.389736979409,-9.492495315974,
    3.691580231944));
#9123 = CARTESIAN_POINT('',(-0.480456656177,-9.488680809263,
    3.661081825498));
#9124 = CARTESIAN_POINT('',(-0.567467725289,-9.484119023474,
    3.623504294566));
#9125 = CARTESIAN_POINT('',(-0.650163373298,-9.478979470769,
    3.57938075129));
#9126 = CARTESIAN_POINT('',(-0.728143852959,-9.473432497469,
    3.529216782765));
#9127 = CARTESIAN_POINT('',(-0.801114768037,-9.46764796874,
    3.473526437063));
#9128 = CARTESIAN_POINT('',(-0.868819168345,-9.461792538222,
    3.412850405004));
#9129 = CARTESIAN_POINT('',(-0.93100345494,-9.456025501249,
    3.347756397631));
#9130 = CARTESIAN_POINT('',(-0.987417095578,-9.450493233289,
    3.278821719475));
#9131 = CARTESIAN_POINT('',(-1.037846150328,-9.445322211955,
    3.206598037506));
#9132 = CARTESIAN_POINT('',(-1.082180607422,-9.440610623988,
    3.13155834586));
#9133 = CARTESIAN_POINT('',(-1.16591751613,-9.431453678335,
    2.962200797309));
#9134 = CARTESIAN_POINT('',(-1.203066110348,-9.427196936456,2.8667290491
    ));
#9135 = CARTESIAN_POINT('',(-1.23158765792,-9.42381446829,2.76802181133)
  );
#9136 = CARTESIAN_POINT('',(-1.251203038898,-9.42143188342,
    2.666737355615));
#9137 = CARTESIAN_POINT('',(-1.261724082769,-9.420134848016,
    2.563718691054));
#9138 = CARTESIAN_POINT('',(-1.2630499838,-9.419969669471,2.459930959709
    ));
#9139 = CARTESIAN_POINT('',(-1.255163716395,-9.420943881132,
    2.356398832159));
#9140 = CARTESIAN_POINT('',(-1.238128450436,-9.42302682694,
    2.254143902974));
#9141 = CARTESIAN_POINT('',(-1.212083966642,-9.426150246141,
    2.154122086262));
#9142 = CARTESIAN_POINT('',(-1.177243071912,-9.43020885795,
    2.057161011158));
#9143 = CARTESIAN_POINT('',(-1.13388801468,-9.435060946243,
    1.963897417355));
#9144 = CARTESIAN_POINT('',(-1.042258710166,-9.444785674803,
    1.805287415482));
#9145 = CARTESIAN_POINT('',(-0.997104281426,-9.449427509679,
    1.73827557425));
#9146 = CARTESIAN_POINT('',(-0.946835640114,-9.454397529329,
    1.673937926955));
#9147 = CARTESIAN_POINT('',(-0.891550991745,-9.459609590243,
    1.612657351499));
#9148 = CARTESIAN_POINT('',(-0.831435984925,-9.464956552482,
    1.554880523322));
#9149 = CARTESIAN_POINT('',(-0.766710186877,-9.470317251306,
    1.501072835148));
#9150 = CARTESIAN_POINT('',(-0.697598770471,-9.475562211409,
    1.451688416228));
#9151 = CARTESIAN_POINT('',(-0.624329413278,-9.480558105695,
    1.407155251849));
#9152 = CARTESIAN_POINT('',(-0.547154408045,-9.485170956496,
    1.367875402245));
#9153 = CARTESIAN_POINT('',(-0.466397985175,-9.489268081133,
    1.334240321729));
#9154 = CARTESIAN_POINT('',(-0.382528846738,-9.492718780382,
    1.306661277384));
#9155 = CARTESIAN_POINT('',(-0.210410743375,-9.498055621466,
    1.264671838759));
#9156 = CARTESIAN_POINT('',(-0.122047783383,-9.499952654134,
    1.250172120669));
#9157 = CARTESIAN_POINT('',(-3.234594430353E-02,-9.500978353019,
    1.242525551678));
#9158 = CARTESIAN_POINT('',(5.779697855448E-02,-9.501066717974,
    1.241939594661));
#9159 = CARTESIAN_POINT('',(0.147634609213,-9.5001961436,1.248456846151)
  );
#9160 = CARTESIAN_POINT('',(0.236479359448,-9.498390383493,
    1.261984187219));
#9161 = CARTESIAN_POINT('',(0.323644862913,-9.495716596407,
    1.282313575817));
#9162 = CARTESIAN_POINT('',(0.408423474991,-9.492280478716,
    1.309134481217));
#9163 = CARTESIAN_POINT('',(0.490098838344,-9.488218478119,
    1.342037959821));
#9164 = CARTESIAN_POINT('',(0.567993514192,-9.483687093489,
    1.380512373045));
#9165 = CARTESIAN_POINT('',(0.641551679295,-9.478849256861,
    1.423930746697));
#9166 = CARTESIAN_POINT('',(0.754315106519,-9.470680734434,
    1.501826588013));
#9167 = CARTESIAN_POINT('',(0.796271871045,-9.467441701904,
    1.533819080897));
#9168 = CARTESIAN_POINT('',(0.836359856633,-9.464168199083,
    1.567427262332));
#9169 = CARTESIAN_POINT('',(0.874593907054,-9.460887355704,
    1.602571423739));
#9170 = CARTESIAN_POINT('',(0.91097413152,-9.457625716299,1.63917172112)
  );
#9171 = CARTESIAN_POINT('',(0.945489000745,-9.454409021712,
    1.677147759599));
#9172 = CARTESIAN_POINT('',(0.978118443022,-9.451261990529,1.71641817805
    ));
#9173 = CARTESIAN_POINT('',(1.00883694028,-9.448208100541,1.756900233598
    ));
#9174 = CARTESIAN_POINT('',(1.037616624165,-9.445269370263,
    1.798509386273));
#9175 = CARTESIAN_POINT('',(1.064430372094,-9.442466140316,
    1.841158883511));
#9176 = CARTESIAN_POINT('',(1.089254903334,-9.439816854979,
    1.884759344781));
#9177 = CARTESIAN_POINT('',(1.123483360931,-9.436098337895,
    1.951447846802));
#9178 = CARTESIAN_POINT('',(1.13438952699,-9.434902324841,1.973892345384
    ));
#9179 = CARTESIAN_POINT('',(1.144790460431,-9.433751355932,
    1.996540723977));
#9180 = CARTESIAN_POINT('',(1.154684248454,-9.432646982813,
    2.019381864715));
#9181 = CARTESIAN_POINT('',(1.164068978235,-9.431590756833,
    2.042404649667));
#9182 = CARTESIAN_POINT('',(1.172942736991,-9.430584229824,
    2.065597961007));
#9183 = CARTESIAN_POINT('',(1.181303611884,-9.429628952983,
    2.088950680769));
#9184 = CARTESIAN_POINT('',(1.189149690135,-9.428726478188,2.11245169114
    ));
#9185 = CARTESIAN_POINT('',(1.196479058913,-9.42787835672,2.136089874171
    ));
#9186 = CARTESIAN_POINT('',(1.203289805425,-9.427086140285,
    2.159854112011));
#9187 = CARTESIAN_POINT('',(1.209580016856,-9.426351380348,
    2.183733286753));
#9188 = CARTESIAN_POINT('',(1.221115543944,-9.424999876608,
    2.231699274276));
#9189 = CARTESIAN_POINT('',(1.226362178939,-9.424382241208,
    2.255729648456));
#9190 = CARTESIAN_POINT('',(1.231086563417,-9.423823738109,
    2.280333689147));
#9191 = CARTESIAN_POINT('',(1.235287746738,-9.423325264296,
    2.303031931448));
#9192 = CARTESIAN_POINT('',(1.238964945078,-9.422887597953,
    2.331056028918));
#9193 = CARTESIAN_POINT('',(1.242117535845,-9.42251139989,2.349350153077
    ));
#9194 = CARTESIAN_POINT('',(1.24474505115,-9.422197213303,2.381141257889
    ));
#9195 = CARTESIAN_POINT('',(1.246847170796,-9.421945466086,
    2.399091688956));
#9196 = CARTESIAN_POINT('',(1.248423714426,-9.42175647056,2.427865379075
    ));
#9197 = CARTESIAN_POINT('',(1.249474633117,-9.421630425546,
    2.450416669192));
#9198 = CARTESIAN_POINT('',(1.25,-9.421567416491,2.475560564396));
#9199 = CARTESIAN_POINT('',(1.25,-9.421567416492,2.5));
#9200 = ORIENTED_EDGE('',*,*,#9090,.F.);
#9201 = ORIENTED_EDGE('',*,*,#8926,.F.);
#9202 = B_SPLINE_SURFACE_WITH_KNOTS('',1,12,(
    (#9203,#9204,#9205,#9206,#9207,#9208,#9209,#9210,#9211,#9212,#9213
      ,#9214,#9215,#9216,#9217,#9218,#9219,#9220,#9221,#9222,#9223,#9224
      ,#9225,#9226,#9227,#9228,#9229,#9230,#9231,#9232,#9233,#9234,#9235
      ,#9236,#9237,#9238,#9239,#9240,#9241,#9242,#9243,#9244,#9245,#9246
      ,#9247,#9248,#9249,#9250,#9251,#9252,#9253,#9254,#9255,#9256,#9257
      ,#9258,#9259,#9260,#9261,#9262,#9263,#9264,#9265,#9266,#9267,#9268
      ,#9269,#9270,#9271,#9272,#9273,#9274,#9275,#9276,#9277,#9278,#9279
      ,#9280,#9281,#9282,#9283,#9284,#9285,#9286,#9287,#9288,#9289,#9290
      ,#9291,#9292,#9293,#9294,#9295,#9296,#9297,#9298,#9299,#9300,#9301
      ,#9302,#9303)
    ,(#9304,#9305,#9306,#9307,#9308,#9309,#9310,#9311,#9312,#9313,#9314
      ,#9315,#9316,#9317,#9318,#9319,#9320,#9321,#9322,#9323,#9324,#9325
      ,#9326,#9327,#9328,#9329,#9330,#9331,#9332,#9333,#9334,#9335,#9336
      ,#9337,#9338,#9339,#9340,#9341,#9342,#9343,#9344,#9345,#9346,#9347
      ,#9348,#9349,#9350,#9351,#9352,#9353,#9354,#9355,#9356,#9357,#9358
      ,#9359,#9360,#9361,#9362,#9363,#9364,#9365,#9366,#9367,#9368,#9369
      ,#9370,#9371,#9372,#9373,#9374,#9375,#9376,#9377,#9378,#9379,#9380
      ,#9381,#9382,#9383,#9384,#9385,#9386,#9387,#9388,#9389,#9390,#9391
      ,#9392,#9393,#9394,#9395,#9396,#9397,#9398,#9399,#9400,#9401,#9402
      ,#9403,#9404
    )),.UNSPECIFIED.,.F.,.T.,.F.,(2,2),(13,11,11,11,11,11,11,11,11,13),(
    0.,7.861706367771),(6.9E-16,1.188454841612,2.257059015736,
    3.336589734528,4.615132564105,5.6104534035,6.600885196792,
    7.231295782281,7.546501075026,7.861706367771),.UNSPECIFIED.);
#9203 = CARTESIAN_POINT('',(1.744360822104,-9.846684991524,2.5));
#9204 = CARTESIAN_POINT('',(1.744360822104,-9.846684991525,
    2.623082102981));
#9205 = CARTESIAN_POINT('',(1.735045037496,-9.848337256299,
    2.746193577397));
#9206 = CARTESIAN_POINT('',(1.716314271061,-9.851654903493,
    2.868830593082));
#9207 = CARTESIAN_POINT('',(1.688150485847,-9.856601423759,2.99043822247
    ));
#9208 = CARTESIAN_POINT('',(1.650547402859,-9.863099501737,
    3.110431400024));
#9209 = CARTESIAN_POINT('',(1.603463344545,-9.871036347619,
    3.228204505367));
#9210 = CARTESIAN_POINT('',(1.546796324287,-9.880265539954,
    3.343129570455));
#9211 = CARTESIAN_POINT('',(1.480381381625,-9.89060537889,3.454543110339
    ));
#9212 = CARTESIAN_POINT('',(1.404010163521,-9.90183375067,3.561721578024
    ));
#9213 = CARTESIAN_POINT('',(1.317472751364,-9.913679502696,3.66384544294
    ));
#9214 = CARTESIAN_POINT('',(1.220621733967,-9.925810329633,
    3.759951893426));
#9215 = CARTESIAN_POINT('',(1.017102277123,-9.948613171607,
    3.928832794228));
#9216 = CARTESIAN_POINT('',(0.911209651274,-9.95943397662,4.003925595687
    ));
#9217 = CARTESIAN_POINT('',(0.796496986624,-9.969897910174,
    4.072194390239));
#9218 = CARTESIAN_POINT('',(0.673778739439,-9.979565700914,
    4.131963667898));
#9219 = CARTESIAN_POINT('',(0.544049635629,-9.987993210981,
    4.181834346446));
#9220 = CARTESIAN_POINT('',(0.408529943527,-9.99477576965,4.220680451914
    ));
#9221 = CARTESIAN_POINT('',(0.268673868254,-9.999584110342,
    4.247650718716));
#9222 = CARTESIAN_POINT('',(0.126141067687,-10.00219191178,4.26217510962
    ));
#9223 = CARTESIAN_POINT('',(-1.726870998178E-02,-10.00249494244,
    4.263976255359));
#9224 = CARTESIAN_POINT('',(-0.159717867087,-10.00052180905,
    4.25308581406));
#9225 = CARTESIAN_POINT('',(-0.29947007574,-9.996436308568,
    4.229865750363));
#9226 = CARTESIAN_POINT('',(-0.572048954863,-9.984566081334,
    4.159847166857));
#9227 = CARTESIAN_POINT('',(-0.702965423388,-9.976815601294,
    4.113267010157));
#9228 = CARTESIAN_POINT('',(-0.827192199387,-9.967591974553,
    4.056358438946));
#9229 = CARTESIAN_POINT('',(-0.944115020086,-9.957253711207,
    3.990218898994));
#9230 = CARTESIAN_POINT('',(-1.05319586054,-9.946176210161,
    3.915929486865));
#9231 = CARTESIAN_POINT('',(-1.154018095237,-9.934727843363,
    3.834520615111));
#9232 = CARTESIAN_POINT('',(-1.24630980248,-9.923251715399,
    3.746952762928));
#9233 = CARTESIAN_POINT('',(-1.329945211373,-9.912053097853,
    3.654112312238));
#9234 = CARTESIAN_POINT('',(-1.40492429163,-9.901392539101,
    3.556822469224));
#9235 = CARTESIAN_POINT('',(-1.471330485987,-9.891484648895,3.4558692713
    ));
#9236 = CARTESIAN_POINT('',(-1.529266585393,-9.882502558267,
    3.352042679525));
#9237 = CARTESIAN_POINT('',(-1.637396660375,-9.865214507158,
    3.120829339008));
#9238 = CARTESIAN_POINT('',(-1.684942865443,-9.857216698682,
    2.991046815733));
#9239 = CARTESIAN_POINT('',(-1.721206860685,-9.850881070712,
    2.857797125559));
#9240 = CARTESIAN_POINT('',(-1.746038242439,-9.846425420686,
    2.722019970241));
#9241 = CARTESIAN_POINT('',(-1.759333624333,-9.843999469481,
    2.584645741191));
#9242 = CARTESIAN_POINT('',(-1.761033556854,-9.843685428556,
    2.446598446209));
#9243 = CARTESIAN_POINT('',(-1.751119446881,-9.845498567987,
    2.30879863634));
#9244 = CARTESIAN_POINT('',(-1.729610477286,-9.849387783414,
    2.172166332603));
#9245 = CARTESIAN_POINT('',(-1.696560526446,-9.855236164103,
    2.037623952828));
#9246 = CARTESIAN_POINT('',(-1.652055087844,-9.862861560041,
    1.906099238415));
#9247 = CARTESIAN_POINT('',(-1.596208189603,-9.872017149745,
    1.778528181143));
#9248 = CARTESIAN_POINT('',(-1.476963062548,-9.890468633609,
    1.560361549937));
#9249 = CARTESIAN_POINT('',(-1.417498848661,-9.899359457183,
    1.466959002529));
#9250 = CARTESIAN_POINT('',(-1.350756386883,-9.908931546245,
    1.376379502633));
#9251 = CARTESIAN_POINT('',(-1.276681522748,-9.919027533379,
    1.289294352209));
#9252 = CARTESIAN_POINT('',(-1.195241276875,-9.929459588921,
    1.206363615227));
#9253 = CARTESIAN_POINT('',(-1.106472018027,-9.940007287449,
    1.128269951932));
#9254 = CARTESIAN_POINT('',(-1.010510764706,-9.950419364609,
    1.05573963206));
#9255 = CARTESIAN_POINT('',(-0.907609615973,-9.960419368392,
    0.989550727472));
#9256 = CARTESIAN_POINT('',(-0.798133310682,-9.9697152003,0.930528483695
    ));
#9257 = CARTESIAN_POINT('',(-0.682539915915,-9.978012550621,
    0.879527870836));
#9258 = CARTESIAN_POINT('',(-0.561344643984,-9.985032224558,
    0.837403313515));
#9259 = CARTESIAN_POINT('',(-0.309409233462,-9.996003486095,
    0.772687221589));
#9260 = CARTESIAN_POINT('',(-0.179992674243,-9.999919074664,
    0.750323389725));
#9261 = CARTESIAN_POINT('',(-4.802647404189E-02,-10.0020387793,
    0.738512202174));
#9262 = CARTESIAN_POINT('',(8.506648521085E-02,-10.00221669152,
    0.737611625085));
#9263 = CARTESIAN_POINT('',(0.21777911468,-10.00040805923,0.747715704739
    ));
#9264 = CARTESIAN_POINT('',(0.348622814494,-9.996670459282,
    0.768667875027));
#9265 = CARTESIAN_POINT('',(0.47620354365,-9.99115842281,0.800071360444)
  );
#9266 = CARTESIAN_POINT('',(0.599271264052,-9.98411151677,0.841296674935
    ));
#9267 = CARTESIAN_POINT('',(0.716742758586,-9.975835877884,
    0.891486216219));
#9268 = CARTESIAN_POINT('',(0.827697823314,-9.966679202528,
    0.949555955936));
#9269 = CARTESIAN_POINT('',(0.931348833724,-9.956999189799,
    1.014194225353));
#9270 = CARTESIAN_POINT('',(1.087855340297,-9.940840790085,
    1.128198385403));
#9271 = CARTESIAN_POINT('',(1.145831434051,-9.934443895127,
    1.174809432199));
#9272 = CARTESIAN_POINT('',(1.200899512302,-9.92800058067,1.223508184688
    ));
#9273 = CARTESIAN_POINT('',(1.253059887946,-9.921571193313,
    1.274123928754));
#9274 = CARTESIAN_POINT('',(1.30232307453,-9.915210917552,1.326497060265
    ));
#9275 = CARTESIAN_POINT('',(1.348707219998,-9.908970093352,
    1.380478356697));
#9276 = CARTESIAN_POINT('',(1.392235540402,-9.90289453326,1.435928248745
    ));
#9277 = CARTESIAN_POINT('',(1.432933753643,-9.897025840092,
    1.492716091934));
#9278 = CARTESIAN_POINT('',(1.470827513195,-9.891401724021,
    1.550719438242));
#9279 = CARTESIAN_POINT('',(1.505939841828,-9.886056320182,
    1.609823307707));
#9280 = CARTESIAN_POINT('',(1.538288565348,-9.881020505918,
    1.669919460046));
#9281 = CARTESIAN_POINT('',(1.582681336798,-9.873973074366,
    1.761398769377));
#9282 = CARTESIAN_POINT('',(1.596792061809,-9.871709810036,
    1.792112377892));
#9283 = CARTESIAN_POINT('',(1.610217523241,-9.869534962835,
    1.823034367976));
#9284 = CARTESIAN_POINT('',(1.622959322999,-9.867451070467,
    1.854152615816));
#9285 = CARTESIAN_POINT('',(1.635019062957,-9.865460670425,
    1.885454997548));
#9286 = CARTESIAN_POINT('',(1.646398345042,-9.863566300554,
    1.916929389393));
#9287 = CARTESIAN_POINT('',(1.657098771111,-9.861770498227,
    1.948563667462));
#9288 = CARTESIAN_POINT('',(1.667121943095,-9.860075801338,
    1.980345707981));
#9289 = CARTESIAN_POINT('',(1.676469462862,-9.858484747308,
    2.012263387076));
#9290 = CARTESIAN_POINT('',(1.685142932325,-9.856999873907,
    2.044304580945));
#9291 = CARTESIAN_POINT('',(1.693143953369,-9.8556237187,2.076457165745)
  );
#9292 = CARTESIAN_POINT('',(1.707804302418,-9.853093919986,
    2.140960869556));
#9293 = CARTESIAN_POINT('',(1.714463049623,-9.851938757173,
    2.173237788665));
#9294 = CARTESIAN_POINT('',(1.720451640248,-9.850894960294,2.20624601168
    ));
#9295 = CARTESIAN_POINT('',(1.72577127624,-9.849963960131,2.236677699679
    ));
#9296 = CARTESIAN_POINT('',(1.730423086751,-9.849146990633,
    2.274194377225));
#9297 = CARTESIAN_POINT('',(1.734408119488,-9.848445092453,
    2.298692630341));
#9298 = CARTESIAN_POINT('',(1.737727327666,-9.847859115593,
    2.341196001656));
#9299 = CARTESIAN_POINT('',(1.740381557549,-9.847389723985,
    2.365198828093));
#9300 = CARTESIAN_POINT('',(1.742371525124,-9.847037399628,
    2.403643911121));
#9301 = CARTESIAN_POINT('',(1.743697807568,-9.84680244594,2.433770726623
    ));
#9302 = CARTESIAN_POINT('',(1.744360822103,-9.846684991523,
    2.467355822919));
#9303 = CARTESIAN_POINT('',(1.744360822104,-9.846684991524,2.5));
#9304 = CARTESIAN_POINT('',(1.25,-9.421567416492,2.5));
#9305 = CARTESIAN_POINT('',(1.25,-9.421567416493,2.592146820622));
#9306 = CARTESIAN_POINT('',(1.242566159122,-9.422457305098,
    2.684306951048));
#9307 = CARTESIAN_POINT('',(1.227754599365,-9.424234949147,2.77595149095
    ));
#9308 = CARTESIAN_POINT('',(1.205557835457,-9.426880394658,
    2.866520271981));
#9309 = CARTESIAN_POINT('',(1.175982970218,-9.430351142501,
    2.955429156301));
#9310 = CARTESIAN_POINT('',(1.1390981783,-9.434579463181,3.042079344706)
  );
#9311 = CARTESIAN_POINT('',(1.095047478352,-9.43947175188,3.125868694617
    ));
#9312 = CARTESIAN_POINT('',(1.044033793564,-9.44490992226,3.206205047573
    ));
#9313 = CARTESIAN_POINT('',(0.986270300629,-9.450754840662,
    3.282521566634));
#9314 = CARTESIAN_POINT('',(0.921900067092,-9.456851799194,
    3.354294083301));
#9315 = CARTESIAN_POINT('',(0.85088397711,-9.463038028887,3.421060454281
    ));
#9316 = CARTESIAN_POINT('',(0.702698611746,-9.474649881717,
    3.537633338247));
#9317 = CARTESIAN_POINT('',(0.626903345455,-9.480089915816,
    3.588479662564));
#9318 = CARTESIAN_POINT('',(0.545762136021,-9.485293242915,
    3.633999323124));
#9319 = CARTESIAN_POINT('',(0.459900643795,-9.49005677106,3.673379841155
    ));
#9320 = CARTESIAN_POINT('',(0.370115027656,-9.494177645104,
    3.705950815083));
#9321 = CARTESIAN_POINT('',(0.277256654877,-9.497473314778,
    3.731167793024));
#9322 = CARTESIAN_POINT('',(0.182165693358,-9.499797453182,3.74860703946
    ));
#9323 = CARTESIAN_POINT('',(8.565358626938E-02,-9.501051726238,
    3.75797119613));
#9324 = CARTESIAN_POINT('',(-1.146559093436E-02,-9.501193412504,
    3.759105837118));
#9325 = CARTESIAN_POINT('',(-0.108294891099,-9.50023887392,
    3.752026918137));
#9326 = CARTESIAN_POINT('',(-0.203725373574,-9.498262877017,
    3.736959120028));
#9327 = CARTESIAN_POINT('',(-0.389736979409,-9.492495315974,
    3.691580231944));
#9328 = CARTESIAN_POINT('',(-0.480456656177,-9.488680809263,
    3.661081825498));
#9329 = CARTESIAN_POINT('',(-0.567467725289,-9.484119023474,
    3.623504294566));
#9330 = CARTESIAN_POINT('',(-0.650163373298,-9.478979470769,
    3.57938075129));
#9331 = CARTESIAN_POINT('',(-0.728143852959,-9.473432497469,
    3.529216782765));
#9332 = CARTESIAN_POINT('',(-0.801114768037,-9.46764796874,
    3.473526437063));
#9333 = CARTESIAN_POINT('',(-0.868819168345,-9.461792538222,
    3.412850405004));
#9334 = CARTESIAN_POINT('',(-0.93100345494,-9.456025501249,
    3.347756397631));
#9335 = CARTESIAN_POINT('',(-0.987417095578,-9.450493233289,
    3.278821719475));
#9336 = CARTESIAN_POINT('',(-1.037846150328,-9.445322211955,
    3.206598037506));
#9337 = CARTESIAN_POINT('',(-1.082180607422,-9.440610623988,
    3.13155834586));
#9338 = CARTESIAN_POINT('',(-1.16591751613,-9.431453678335,
    2.962200797309));
#9339 = CARTESIAN_POINT('',(-1.203066110348,-9.427196936456,2.8667290491
    ));
#9340 = CARTESIAN_POINT('',(-1.23158765792,-9.42381446829,2.76802181133)
  );
#9341 = CARTESIAN_POINT('',(-1.251203038898,-9.42143188342,
    2.666737355615));
#9342 = CARTESIAN_POINT('',(-1.261724082769,-9.420134848016,
    2.563718691054));
#9343 = CARTESIAN_POINT('',(-1.2630499838,-9.419969669471,2.459930959709
    ));
#9344 = CARTESIAN_POINT('',(-1.255163716395,-9.420943881132,
    2.356398832159));
#9345 = CARTESIAN_POINT('',(-1.238128450436,-9.42302682694,
    2.254143902974));
#9346 = CARTESIAN_POINT('',(-1.212083966642,-9.426150246141,
    2.154122086262));
#9347 = CARTESIAN_POINT('',(-1.177243071912,-9.43020885795,
    2.057161011158));
#9348 = CARTESIAN_POINT('',(-1.13388801468,-9.435060946243,
    1.963897417355));
#9349 = CARTESIAN_POINT('',(-1.042258710166,-9.444785674803,
    1.805287415482));
#9350 = CARTESIAN_POINT('',(-0.997104281426,-9.449427509679,
    1.73827557425));
#9351 = CARTESIAN_POINT('',(-0.946835640114,-9.454397529329,
    1.673937926955));
#9352 = CARTESIAN_POINT('',(-0.891550991745,-9.459609590243,
    1.612657351499));
#9353 = CARTESIAN_POINT('',(-0.831435984925,-9.464956552482,
    1.554880523322));
#9354 = CARTESIAN_POINT('',(-0.766710186877,-9.470317251306,
    1.501072835148));
#9355 = CARTESIAN_POINT('',(-0.697598770471,-9.475562211409,
    1.451688416228));
#9356 = CARTESIAN_POINT('',(-0.624329413278,-9.480558105695,
    1.407155251849));
#9357 = CARTESIAN_POINT('',(-0.547154408045,-9.485170956496,
    1.367875402245));
#9358 = CARTESIAN_POINT('',(-0.466397985175,-9.489268081133,
    1.334240321729));
#9359 = CARTESIAN_POINT('',(-0.382528846738,-9.492718780382,
    1.306661277384));
#9360 = CARTESIAN_POINT('',(-0.210410743375,-9.498055621466,
    1.264671838759));
#9361 = CARTESIAN_POINT('',(-0.122047783383,-9.499952654134,
    1.250172120669));
#9362 = CARTESIAN_POINT('',(-3.234594430353E-02,-9.500978353019,
    1.242525551678));
#9363 = CARTESIAN_POINT('',(5.779697855448E-02,-9.501066717974,
    1.241939594661));
#9364 = CARTESIAN_POINT('',(0.147634609213,-9.5001961436,1.248456846151)
  );
#9365 = CARTESIAN_POINT('',(0.236479359448,-9.498390383493,
    1.261984187219));
#9366 = CARTESIAN_POINT('',(0.323644862913,-9.495716596407,
    1.282313575817));
#9367 = CARTESIAN_POINT('',(0.408423474991,-9.492280478716,
    1.309134481217));
#9368 = CARTESIAN_POINT('',(0.490098838344,-9.488218478119,
    1.342037959821));
#9369 = CARTESIAN_POINT('',(0.567993514192,-9.483687093489,
    1.380512373045));
#9370 = CARTESIAN_POINT('',(0.641551679295,-9.478849256861,
    1.423930746697));
#9371 = CARTESIAN_POINT('',(0.754315106519,-9.470680734434,
    1.501826588013));
#9372 = CARTESIAN_POINT('',(0.796271871045,-9.467441701904,
    1.533819080897));
#9373 = CARTESIAN_POINT('',(0.836359856633,-9.464168199083,
    1.567427262332));
#9374 = CARTESIAN_POINT('',(0.874593907054,-9.460887355704,
    1.602571423739));
#9375 = CARTESIAN_POINT('',(0.91097413152,-9.457625716299,1.63917172112)
  );
#9376 = CARTESIAN_POINT('',(0.945489000745,-9.454409021712,
    1.677147759599));
#9377 = CARTESIAN_POINT('',(0.978118443022,-9.451261990529,1.71641817805
    ));
#9378 = CARTESIAN_POINT('',(1.00883694028,-9.448208100541,1.756900233598
    ));
#9379 = CARTESIAN_POINT('',(1.037616624165,-9.445269370263,
    1.798509386273));
#9380 = CARTESIAN_POINT('',(1.064430372094,-9.442466140316,
    1.841158883511));
#9381 = CARTESIAN_POINT('',(1.089254903334,-9.439816854979,
    1.884759344781));
#9382 = CARTESIAN_POINT('',(1.123483360931,-9.436098337895,
    1.951447846802));
#9383 = CARTESIAN_POINT('',(1.13438952699,-9.434902324841,1.973892345384
    ));
#9384 = CARTESIAN_POINT('',(1.144790460431,-9.433751355932,
    1.996540723977));
#9385 = CARTESIAN_POINT('',(1.154684248454,-9.432646982813,
    2.019381864715));
#9386 = CARTESIAN_POINT('',(1.164068978235,-9.431590756833,
    2.042404649667));
#9387 = CARTESIAN_POINT('',(1.172942736991,-9.430584229824,
    2.065597961007));
#9388 = CARTESIAN_POINT('',(1.181303611884,-9.429628952983,
    2.088950680769));
#9389 = CARTESIAN_POINT('',(1.189149690135,-9.428726478188,2.11245169114
    ));
#9390 = CARTESIAN_POINT('',(1.196479058913,-9.42787835672,2.136089874171
    ));
#9391 = CARTESIAN_POINT('',(1.203289805425,-9.427086140285,
    2.159854112011));
#9392 = CARTESIAN_POINT('',(1.209580016856,-9.426351380348,
    2.183733286753));
#9393 = CARTESIAN_POINT('',(1.221115543944,-9.424999876608,
    2.231699274276));
#9394 = CARTESIAN_POINT('',(1.226362178939,-9.424382241208,
    2.255729648456));
#9395 = CARTESIAN_POINT('',(1.231086563417,-9.423823738109,
    2.280333689147));
#9396 = CARTESIAN_POINT('',(1.235287746738,-9.423325264296,
    2.303031931448));
#9397 = CARTESIAN_POINT('',(1.238964945078,-9.422887597953,
    2.331056028918));
#9398 = CARTESIAN_POINT('',(1.242117535845,-9.42251139989,2.349350153077
    ));
#9399 = CARTESIAN_POINT('',(1.24474505115,-9.422197213303,2.381141257889
    ));
#9400 = CARTESIAN_POINT('',(1.246847170796,-9.421945466086,
    2.399091688956));
#9401 = CARTESIAN_POINT('',(1.248423714426,-9.42175647056,2.427865379075
    ));
#9402 = CARTESIAN_POINT('',(1.249474633117,-9.421630425546,
    2.450416669192));
#9403 = CARTESIAN_POINT('',(1.25,-9.421567416491,2.475560564396));
#9404 = CARTESIAN_POINT('',(1.25,-9.421567416492,2.5));
#9405 = ADVANCED_FACE('',(#9406,#9417,#9428,#9439,#9450,#9461),#9464,.F.
  );
#9406 = FACE_BOUND('',#9407,.F.);
#9407 = EDGE_LOOP('',(#9408));
#9408 = ORIENTED_EDGE('',*,*,#9409,.F.);
#9409 = EDGE_CURVE('',#9410,#9410,#9412,.T.);
#9410 = VERTEX_POINT('',#9411);
#9411 = CARTESIAN_POINT('',(-2.675483399594,-4.525483399594,0.));
#9412 = CIRCLE('',#9413,1.85);
#9413 = AXIS2_PLACEMENT_3D('',#9414,#9415,#9416);
#9414 = CARTESIAN_POINT('',(-4.525483399594,-4.525483399594,0.));
#9415 = DIRECTION('',(0.,0.,1.));
#9416 = DIRECTION('',(1.,0.,-0.));
#9417 = FACE_BOUND('',#9418,.F.);
#9418 = EDGE_LOOP('',(#9419));
#9419 = ORIENTED_EDGE('',*,*,#9420,.F.);
#9420 = EDGE_CURVE('',#9421,#9421,#9423,.T.);
#9421 = VERTEX_POINT('',#9422);
#9422 = CARTESIAN_POINT('',(2.5,0.,0.));
#9423 = CIRCLE('',#9424,2.5);
#9424 = AXIS2_PLACEMENT_3D('',#9425,#9426,#9427);
#9425 = CARTESIAN_POINT('',(0.,0.,0.));
#9426 = DIRECTION('',(0.,0.,1.));
#9427 = DIRECTION('',(1.,0.,-0.));
#9428 = FACE_BOUND('',#9429,.F.);
#9429 = EDGE_LOOP('',(#9430));
#9430 = ORIENTED_EDGE('',*,*,#9431,.F.);
#9431 = EDGE_CURVE('',#9432,#9432,#9434,.T.);
#9432 = VERTEX_POINT('',#9433);
#9433 = CARTESIAN_POINT('',(6.375483399594,-4.525483399594,0.));
#9434 = CIRCLE('',#9435,1.85);
#9435 = AXIS2_PLACEMENT_3D('',#9436,#9437,#9438);
#9436 = CARTESIAN_POINT('',(4.525483399594,-4.525483399594,0.));
#9437 = DIRECTION('',(0.,0.,1.));
#9438 = DIRECTION('',(1.,0.,-0.));
#9439 = FACE_BOUND('',#9440,.F.);
#9440 = EDGE_LOOP('',(#9441));
#9441 = ORIENTED_EDGE('',*,*,#9442,.F.);
#9442 = EDGE_CURVE('',#9443,#9443,#9445,.T.);
#9443 = VERTEX_POINT('',#9444);
#9444 = CARTESIAN_POINT('',(6.375483399594,4.525483399594,0.));
#9445 = CIRCLE('',#9446,1.85);
#9446 = AXIS2_PLACEMENT_3D('',#9447,#9448,#9449);
#9447 = CARTESIAN_POINT('',(4.525483399594,4.525483399594,0.));
#9448 = DIRECTION('',(0.,0.,1.));
#9449 = DIRECTION('',(1.,0.,-0.));
#9450 = FACE_BOUND('',#9451,.F.);
#9451 = EDGE_LOOP('',(#9452));
#9452 = ORIENTED_EDGE('',*,*,#9453,.F.);
#9453 = EDGE_CURVE('',#9454,#9454,#9456,.T.);
#9454 = VERTEX_POINT('',#9455);
#9455 = CARTESIAN_POINT('',(-2.675483399594,4.525483399594,0.));
#9456 = CIRCLE('',#9457,1.85);
#9457 = AXIS2_PLACEMENT_3D('',#9458,#9459,#9460);
#9458 = CARTESIAN_POINT('',(-4.525483399594,4.525483399594,0.));
#9459 = DIRECTION('',(0.,0.,1.));
#9460 = DIRECTION('',(1.,0.,-0.));
#9461 = FACE_BOUND('',#9462,.F.);
#9462 = EDGE_LOOP('',(#9463));
#9463 = ORIENTED_EDGE('',*,*,#9050,.T.);
#9464 = PLANE('',#9465);
#9465 = AXIS2_PLACEMENT_3D('',#9466,#9467,#9468);
#9466 = CARTESIAN_POINT('',(-6.E-16,3.6E-16,0.));
#9467 = DIRECTION('',(0.,0.,1.));
#9468 = DIRECTION('',(1.,0.,0.));
#9469 = ADVANCED_FACE('',(#9470,#9481,#9492,#9503,#9514,#9525),#9528,.T.
  );
#9470 = FACE_BOUND('',#9471,.T.);
#9471 = EDGE_LOOP('',(#9472));
#9472 = ORIENTED_EDGE('',*,*,#9473,.F.);
#9473 = EDGE_CURVE('',#9474,#9474,#9476,.T.);
#9474 = VERTEX_POINT('',#9475);
#9475 = CARTESIAN_POINT('',(6.375483399594,-4.525483399594,5.));
#9476 = CIRCLE('',#9477,1.85);
#9477 = AXIS2_PLACEMENT_3D('',#9478,#9479,#9480);
#9478 = CARTESIAN_POINT('',(4.525483399594,-4.525483399594,5.));
#9479 = DIRECTION('',(0.,0.,1.));
#9480 = DIRECTION('',(1.,0.,-0.));
#9481 = FACE_BOUND('',#9482,.T.);
#9482 = EDGE_LOOP('',(#9483));
#9483 = ORIENTED_EDGE('',*,*,#9484,.F.);
#9484 = EDGE_CURVE('',#9485,#9485,#9487,.T.);
#9485 = VERTEX_POINT('',#9486);
#9486 = CARTESIAN_POINT('',(6.375483399594,4.525483399594,5.));
#9487 = CIRCLE('',#9488,1.85);
#9488 = AXIS2_PLACEMENT_3D('',#9489,#9490,#9491);
#9489 = CARTESIAN_POINT('',(4.525483399594,4.525483399594,5.));
#9490 = DIRECTION('',(0.,0.,1.));
#9491 = DIRECTION('',(1.,0.,-0.));
#9492 = FACE_BOUND('',#9493,.T.);
#9493 = EDGE_LOOP('',(#9494));
#9494 = ORIENTED_EDGE('',*,*,#9495,.F.);
#9495 = EDGE_CURVE('',#9496,#9496,#9498,.T.);
#9496 = VERTEX_POINT('',#9497);
#9497 = CARTESIAN_POINT('',(2.5,0.,5.));
#9498 = CIRCLE('',#9499,2.5);
#9499 = AXIS2_PLACEMENT_3D('',#9500,#9501,#9502);
#9500 = CARTESIAN_POINT('',(0.,0.,5.));
#9501 = DIRECTION('',(0.,0.,1.));
#9502 = DIRECTION('',(1.,0.,-0.));
#9503 = FACE_BOUND('',#9504,.T.);
#9504 = EDGE_LOOP('',(#9505));
#9505 = ORIENTED_EDGE('',*,*,#9506,.F.);
#9506 = EDGE_CURVE('',#9507,#9507,#9509,.T.);
#9507 = VERTEX_POINT('',#9508);
#9508 = CARTESIAN_POINT('',(-2.675483399594,4.525483399594,5.));
#9509 = CIRCLE('',#9510,1.85);
#9510 = AXIS2_PLACEMENT_3D('',#9511,#9512,#9513);
#9511 = CARTESIAN_POINT('',(-4.525483399594,4.525483399594,5.));
#9512 = DIRECTION('',(0.,0.,1.));
#9513 = DIRECTION('',(1.,0.,-0.));
#9514 = FACE_BOUND('',#9515,.T.);
#9515 = EDGE_LOOP('',(#9516));
#9516 = ORIENTED_EDGE('',*,*,#9517,.F.);
#9517 = EDGE_CURVE('',#9518,#9518,#9520,.T.);
#9518 = VERTEX_POINT('',#9519);
#9519 = CARTESIAN_POINT('',(-2.675483399594,-4.525483399594,5.));
#9520 = CIRCLE('',#9521,1.85);
#9521 = AXIS2_PLACEMENT_3D('',#9522,#9523,#9524);
#9522 = CARTESIAN_POINT('',(-4.525483399594,-4.525483399594,5.));
#9523 = DIRECTION('',(0.,0.,1.));
#9524 = DIRECTION('',(1.,0.,-0.));
#9525 = FACE_BOUND('',#9526,.T.);
#9526 = EDGE_LOOP('',(#9527));
#9527 = ORIENTED_EDGE('',*,*,#9075,.T.);
#9528 = PLANE('',#9529);
#9529 = AXIS2_PLACEMENT_3D('',#9530,#9531,#9532);
#9530 = CARTESIAN_POINT('',(-6.E-16,3.6E-16,5.));
#9531 = DIRECTION('',(0.,0.,1.));
#9532 = DIRECTION('',(1.,0.,0.));
#9533 = ADVANCED_FACE('',(#9534),#9651,.F.);
#9534 = FACE_BOUND('',#9535,.T.);
#9535 = EDGE_LOOP('',(#9536,#9544,#9649,#9650));
#9536 = ORIENTED_EDGE('',*,*,#9537,.F.);
#9537 = EDGE_CURVE('',#9538,#9091,#9540,.T.);
#9538 = VERTEX_POINT('',#9539);
#9539 = CARTESIAN_POINT('',(1.25,-1.870828693387,2.5));
#9540 = LINE('',#9541,#9542);
#9541 = CARTESIAN_POINT('',(1.25,5.6E-16,2.5));
#9542 = VECTOR('',#9543,1.);
#9543 = DIRECTION('',(0.,-1.,2.2E-16));
#9544 = ORIENTED_EDGE('',*,*,#9545,.F.);
#9545 = EDGE_CURVE('',#9538,#9538,#9546,.T.);
#9546 = B_SPLINE_CURVE_WITH_KNOTS('',6,(#9547,#9548,#9549,#9550,#9551,
    #9552,#9553,#9554,#9555,#9556,#9557,#9558,#9559,#9560,#9561,#9562,
    #9563,#9564,#9565,#9566,#9567,#9568,#9569,#9570,#9571,#9572,#9573,
    #9574,#9575,#9576,#9577,#9578,#9579,#9580,#9581,#9582,#9583,#9584,
    #9585,#9586,#9587,#9588,#9589,#9590,#9591,#9592,#9593,#9594,#9595,
    #9596,#9597,#9598,#9599,#9600,#9601,#9602,#9603,#9604,#9605,#9606,
    #9607,#9608,#9609,#9610,#9611,#9612,#9613,#9614,#9615,#9616,#9617,
    #9618,#9619,#9620,#9621,#9622,#9623,#9624,#9625,#9626,#9627,#9628,
    #9629,#9630,#9631,#9632,#9633,#9634,#9635,#9636,#9637,#9638,#9639,
    #9640,#9641,#9642,#9643,#9644,#9645,#9646,#9647,#9648),
  .UNSPECIFIED.,.T.,.F.,(7,5,5,5,5,5,5,5,5,5,5,5,5,5,5,5,5,5,5,5,7),(0.,
    4.98087676377E-02,9.833877068754E-02,0.141765951096,0.184586826205,
    0.249810072918,0.315020590874,0.357280431234,0.401273341222,
    0.450043445242,0.499616889522,0.549424595534,0.597953564213,
    0.659151775848,0.706652348319,0.749507358576,0.814896906842,
    0.857272768245,0.901386457281,0.950290455757,1.),.UNSPECIFIED.);
#9547 = CARTESIAN_POINT('',(1.25,-1.870828693387,2.5));
#9548 = CARTESIAN_POINT('',(1.25,-1.870828693387,2.561304617933));
#9549 = CARTESIAN_POINT('',(1.246391980103,-1.87323890189,2.622569199572
    ));
#9550 = CARTESIAN_POINT('',(1.23918519861,-1.878055550399,2.683553067337
    ));
#9551 = CARTESIAN_POINT('',(1.22840412537,-1.885182038621,2.744002975987
    ));
#9552 = CARTESIAN_POINT('',(1.214100484405,-1.894438842922,
    2.803653815818));
#9553 = CARTESIAN_POINT('',(1.179085432713,-1.916422143148,
    2.919300978726));
#9554 = CARTESIAN_POINT('',(1.1585463563,-1.929054935761,2.975357511565)
  );
#9555 = CARTESIAN_POINT('',(1.134796474204,-1.943262657485,
    3.030259009858));
#9556 = CARTESIAN_POINT('',(1.107875145986,-1.958800676888,
    3.083849644909));
#9557 = CARTESIAN_POINT('',(1.077822206946,-1.975398424217,
    3.135956378721));
#9558 = CARTESIAN_POINT('',(1.015036817662,-2.008312983211,
    3.231516239183));
#9559 = CARTESIAN_POINT('',(0.982904817808,-2.024482971406,
    3.275323971955));
#9560 = CARTESIAN_POINT('',(0.948299673376,-2.041086291346,
    3.317706244615));
#9561 = CARTESIAN_POINT('',(0.911224532081,-2.057921948835,
    3.358539413654));
#9562 = CARTESIAN_POINT('',(0.871680367318,-2.074780965572,
    3.397679304051));
#9563 = CARTESIAN_POINT('',(0.788243849177,-2.107879909238,
    3.471719586083));
#9564 = CARTESIAN_POINT('',(0.744397899655,-2.124133895791,
    3.506691000987));
#9565 = CARTESIAN_POINT('',(0.698159539518,-2.139987908226,
    3.539682200059));
#9566 = CARTESIAN_POINT('',(0.649569387691,-2.155213770309,3.57048883887
    ));
#9567 = CARTESIAN_POINT('',(0.598682699961,-2.169579678998,
    3.598891972082));
#9568 = CARTESIAN_POINT('',(0.4646754964,-2.203072790367,3.663899019129)
  );
#9569 = CARTESIAN_POINT('',(0.37817604737,-2.220869835992,3.697234152119
    ));
#9570 = CARTESIAN_POINT('',(0.287138080992,-2.235144531912,
    3.723259220381));
#9571 = CARTESIAN_POINT('',(0.192834311844,-2.2450179188,3.741032503533)
  );
#9572 = CARTESIAN_POINT('',(9.664965532769E-02,-2.25,3.75));
#9573 = CARTESIAN_POINT('',(-9.663079349467E-02,-2.25,3.75));
#9574 = CARTESIAN_POINT('',(-0.192794609802,-2.245019861408,
    3.741036004095));
#9575 = CARTESIAN_POINT('',(-0.28707749336,-2.235150732915,
    3.723270373976));
#9576 = CARTESIAN_POINT('',(-0.378096599217,-2.220882262235,
    3.697256781085));
#9577 = CARTESIAN_POINT('',(-0.464581329633,-2.203092272285,
    3.663935552154));
#9578 = CARTESIAN_POINT('',(-0.59788852328,-2.169780794414,
    3.599283146494));
#9579 = CARTESIAN_POINT('',(-0.648142508556,-2.155618202666,
    3.571289251985));
#9580 = CARTESIAN_POINT('',(-0.696160775905,-2.140614659053,
    3.540950818266));
#9581 = CARTESIAN_POINT('',(-0.741889492003,-2.124993151079,
    3.508478813095));
#9582 = CARTESIAN_POINT('',(-0.785288834633,-2.108973325634,
    3.474070510108));
#9583 = CARTESIAN_POINT('',(-0.869055518353,-2.075898002889,
    3.400269318622));
#9584 = CARTESIAN_POINT('',(-0.90924840134,-2.058817976508,
    3.360709808756));
#9585 = CARTESIAN_POINT('',(-0.946907440246,-2.041753380069,
    3.319406632279));
#9586 = CARTESIAN_POINT('',(-0.982031655408,-2.024921710924,
    3.276510281827));
#9587 = CARTESIAN_POINT('',(-1.014617856028,-2.008532044253,
    3.232149559177));
#9588 = CARTESIAN_POINT('',(-1.077959324805,-1.975327178556,
    3.13575249423));
#9589 = CARTESIAN_POINT('',(-1.108148858007,-1.958649902028,
    3.083379162022));
#9590 = CARTESIAN_POINT('',(-1.135175337562,-1.943044171152,
    3.029507833088));
#9591 = CARTESIAN_POINT('',(-1.158998247489,-1.928784627329,
    2.97431429238));
#9592 = CARTESIAN_POINT('',(-1.179577615364,-1.916119359533,
    2.917956788462));
#9593 = CARTESIAN_POINT('',(-1.214435584739,-1.894221952057,
    2.802252745027));
#9594 = CARTESIAN_POINT('',(-1.2286061548,-1.885048475569,2.742867401165
    ));
#9595 = CARTESIAN_POINT('',(-1.239286533098,-1.877987820041,
    2.682693776669));
#9596 = CARTESIAN_POINT('',(-1.246425841381,-1.873216290263,
    2.621993422519));
#9597 = CARTESIAN_POINT('',(-1.25,-1.870828693387,2.56101628251));
#9598 = CARTESIAN_POINT('',(-1.25,-1.870828693387,2.438695382067));
#9599 = CARTESIAN_POINT('',(-1.246391980103,-1.87323890189,
    2.377430800428));
#9600 = CARTESIAN_POINT('',(-1.23918519861,-1.878055550399,
    2.316446932663));
#9601 = CARTESIAN_POINT('',(-1.22840412537,-1.885182038621,
    2.255997024013));
#9602 = CARTESIAN_POINT('',(-1.214100484405,-1.894438842922,
    2.196346184182));
#9603 = CARTESIAN_POINT('',(-1.179085432713,-1.916422143148,
    2.080699021274));
#9604 = CARTESIAN_POINT('',(-1.1585463563,-1.929054935761,2.024642488435
    ));
#9605 = CARTESIAN_POINT('',(-1.134796474204,-1.943262657485,
    1.969740990142));
#9606 = CARTESIAN_POINT('',(-1.107875145986,-1.958800676888,
    1.916150355091));
#9607 = CARTESIAN_POINT('',(-1.077822206946,-1.975398424217,
    1.864043621279));
#9608 = CARTESIAN_POINT('',(-1.002902441974,-2.014674297985,
    1.750015144777));
#9609 = CARTESIAN_POINT('',(-0.956187758096,-2.037823891374,
    1.689037626569));
#9610 = CARTESIAN_POINT('',(-0.904563511773,-2.061679183819,
    1.630973162861));
#9611 = CARTESIAN_POINT('',(-0.848035282666,-2.085666604583,
    1.576193074184));
#9612 = CARTESIAN_POINT('',(-0.786611226525,-2.109179760756,
    1.525155257301));
#9613 = CARTESIAN_POINT('',(-0.668864831729,-2.14896945508,
    1.442132500772));
#9614 = CARTESIAN_POINT('',(-0.614421980203,-2.165706557688,
    1.408401076173));
#9615 = CARTESIAN_POINT('',(-0.557117524638,-2.181449006081,
    1.377577730287));
#9616 = CARTESIAN_POINT('',(-0.497112292077,-2.195856410023,
    1.350006771361));
#9617 = CARTESIAN_POINT('',(-0.434601169805,-2.208604952537,
    1.326023027911));
#9618 = CARTESIAN_POINT('',(-0.311361642834,-2.229140054234,
    1.287853865128));
#9619 = CARTESIAN_POINT('',(-0.251059544526,-2.237289682031,
    1.272940557799));
#9620 = CARTESIAN_POINT('',(-0.189321637,-2.243591158798,1.2615349291));
#9621 = CARTESIAN_POINT('',(-0.126591704249,-2.24786119129,
    1.253850411881));
#9622 = CARTESIAN_POINT('',(-6.332990143285E-02,-2.25,1.25));
#9623 = CARTESIAN_POINT('',(9.663079349461E-02,-2.25,1.25));
#9624 = CARTESIAN_POINT('',(0.192794609801,-2.245019861408,
    1.258963995905));
#9625 = CARTESIAN_POINT('',(0.28707749336,-2.235150732915,1.276729626024
    ));
#9626 = CARTESIAN_POINT('',(0.378096599217,-2.220882262236,
    1.302743218915));
#9627 = CARTESIAN_POINT('',(0.464581329633,-2.203092272285,
    1.336064447846));
#9628 = CARTESIAN_POINT('',(0.59788852328,-2.169780794414,1.400716853506
    ));
#9629 = CARTESIAN_POINT('',(0.648142508556,-2.155618202666,
    1.428710748015));
#9630 = CARTESIAN_POINT('',(0.696160775905,-2.140614659053,
    1.459049181734));
#9631 = CARTESIAN_POINT('',(0.741889492003,-2.124993151079,
    1.491521186905));
#9632 = CARTESIAN_POINT('',(0.785288834633,-2.108973325634,
    1.525929489892));
#9633 = CARTESIAN_POINT('',(0.869055518353,-2.075898002889,
    1.599730681378));
#9634 = CARTESIAN_POINT('',(0.90924840134,-2.058817976508,1.639290191244
    ));
#9635 = CARTESIAN_POINT('',(0.946907440246,-2.041753380069,
    1.680593367721));
#9636 = CARTESIAN_POINT('',(0.982031655408,-2.024921710924,
    1.723489718173));
#9637 = CARTESIAN_POINT('',(1.014617856028,-2.008532044253,
    1.767850440823));
#9638 = CARTESIAN_POINT('',(1.077959324805,-1.975327178556,1.86424750577
    ));
#9639 = CARTESIAN_POINT('',(1.108148858007,-1.958649902028,
    1.916620837978));
#9640 = CARTESIAN_POINT('',(1.135175337562,-1.943044171152,
    1.970492166912));
#9641 = CARTESIAN_POINT('',(1.158998247489,-1.928784627329,2.02568570762
    ));
#9642 = CARTESIAN_POINT('',(1.179577615364,-1.916119359533,
    2.082043211538));
#9643 = CARTESIAN_POINT('',(1.214435584739,-1.894221952057,
    2.197747254973));
#9644 = CARTESIAN_POINT('',(1.2286061548,-1.885048475569,2.257132598835)
  );
#9645 = CARTESIAN_POINT('',(1.239286533098,-1.877987820041,
    2.317306223331));
#9646 = CARTESIAN_POINT('',(1.246425841381,-1.873216290263,
    2.378006577481));
#9647 = CARTESIAN_POINT('',(1.25,-1.870828693387,2.43898371749));
#9648 = CARTESIAN_POINT('',(1.25,-1.870828693387,2.5));
#9649 = ORIENTED_EDGE('',*,*,#9537,.T.);
#9650 = ORIENTED_EDGE('',*,*,#9097,.T.);
#9651 = CYLINDRICAL_SURFACE('',#9652,1.25);
#9652 = AXIS2_PLACEMENT_3D('',#9653,#9654,#9655);
#9653 = CARTESIAN_POINT('',(0.,5.6E-16,2.5));
#9654 = DIRECTION('',(0.,1.,-2.2E-16));
#9655 = DIRECTION('',(1.,0.,0.));
#9656 = ADVANCED_FACE('',(#9657),#9676,.F.);
#9657 = FACE_BOUND('',#9658,.F.);
#9658 = EDGE_LOOP('',(#9659,#9667,#9668,#9669));
#9659 = ORIENTED_EDGE('',*,*,#9660,.F.);
#9660 = EDGE_CURVE('',#9410,#9661,#9663,.T.);
#9661 = VERTEX_POINT('',#9662);
#9662 = CARTESIAN_POINT('',(-2.925483399594,-4.525483399594,0.25));
#9663 = LINE('',#9664,#9665);
#9664 = CARTESIAN_POINT('',(-2.925483399594,-4.525483399594,0.25));
#9665 = VECTOR('',#9666,1.);
#9666 = DIRECTION('',(-0.707106781187,0.,0.707106781187));
#9667 = ORIENTED_EDGE('',*,*,#9409,.T.);
#9668 = ORIENTED_EDGE('',*,*,#9660,.T.);
#9669 = ORIENTED_EDGE('',*,*,#9670,.F.);
#9670 = EDGE_CURVE('',#9661,#9661,#9671,.T.);
#9671 = CIRCLE('',#9672,1.6);
#9672 = AXIS2_PLACEMENT_3D('',#9673,#9674,#9675);
#9673 = CARTESIAN_POINT('',(-4.525483399594,-4.525483399594,0.25));
#9674 = DIRECTION('',(0.,0.,1.));
#9675 = DIRECTION('',(1.,0.,-0.));
#9676 = CONICAL_SURFACE('',#9677,1.6,0.785398163397);
#9677 = AXIS2_PLACEMENT_3D('',#9678,#9679,#9680);
#9678 = CARTESIAN_POINT('',(-4.525483399594,-4.525483399594,0.25));
#9679 = DIRECTION('',(-0.,-0.,-1.));
#9680 = DIRECTION('',(1.,0.,-0.));
#9681 = ADVANCED_FACE('',(#9682),#9701,.F.);
#9682 = FACE_BOUND('',#9683,.F.);
#9683 = EDGE_LOOP('',(#9684,#9692,#9693,#9694));
#9684 = ORIENTED_EDGE('',*,*,#9685,.F.);
#9685 = EDGE_CURVE('',#9421,#9686,#9688,.T.);
#9686 = VERTEX_POINT('',#9687);
#9687 = CARTESIAN_POINT('',(2.25,0.,0.25));
#9688 = LINE('',#9689,#9690);
#9689 = CARTESIAN_POINT('',(2.25,0.,0.25));
#9690 = VECTOR('',#9691,1.);
#9691 = DIRECTION('',(-0.707106781187,0.,0.707106781187));
#9692 = ORIENTED_EDGE('',*,*,#9420,.T.);
#9693 = ORIENTED_EDGE('',*,*,#9685,.T.);
#9694 = ORIENTED_EDGE('',*,*,#9695,.F.);
#9695 = EDGE_CURVE('',#9686,#9686,#9696,.T.);
#9696 = CIRCLE('',#9697,2.25);
#9697 = AXIS2_PLACEMENT_3D('',#9698,#9699,#9700);
#9698 = CARTESIAN_POINT('',(0.,0.,0.25));
#9699 = DIRECTION('',(0.,0.,1.));
#9700 = DIRECTION('',(1.,0.,-0.));
#9701 = CONICAL_SURFACE('',#9702,2.25,0.785398163397);
#9702 = AXIS2_PLACEMENT_3D('',#9703,#9704,#9705);
#9703 = CARTESIAN_POINT('',(0.,0.,0.25));
#9704 = DIRECTION('',(-0.,-0.,-1.));
#9705 = DIRECTION('',(1.,0.,-0.));
#9706 = ADVANCED_FACE('',(#9707),#9726,.F.);
#9707 = FACE_BOUND('',#9708,.F.);
#9708 = EDGE_LOOP('',(#9709,#9717,#9718,#9719));
#9709 = ORIENTED_EDGE('',*,*,#9710,.F.);
#9710 = EDGE_CURVE('',#9432,#9711,#9713,.T.);
#9711 = VERTEX_POINT('',#9712);
#9712 = CARTESIAN_POINT('',(6.125483399594,-4.525483399594,0.25));
#9713 = LINE('',#9714,#9715);
#9714 = CARTESIAN_POINT('',(6.125483399594,-4.525483399594,0.25));
#9715 = VECTOR('',#9716,1.);
#9716 = DIRECTION('',(-0.707106781187,0.,0.707106781187));
#9717 = ORIENTED_EDGE('',*,*,#9431,.T.);
#9718 = ORIENTED_EDGE('',*,*,#9710,.T.);
#9719 = ORIENTED_EDGE('',*,*,#9720,.F.);
#9720 = EDGE_CURVE('',#9711,#9711,#9721,.T.);
#9721 = CIRCLE('',#9722,1.6);
#9722 = AXIS2_PLACEMENT_3D('',#9723,#9724,#9725);
#9723 = CARTESIAN_POINT('',(4.525483399594,-4.525483399594,0.25));
#9724 = DIRECTION('',(0.,0.,1.));
#9725 = DIRECTION('',(1.,0.,-0.));
#9726 = CONICAL_SURFACE('',#9727,1.6,0.785398163397);
#9727 = AXIS2_PLACEMENT_3D('',#9728,#9729,#9730);
#9728 = CARTESIAN_POINT('',(4.525483399594,-4.525483399594,0.25));
#9729 = DIRECTION('',(-0.,-0.,-1.));
#9730 = DIRECTION('',(1.,0.,-0.));
#9731 = ADVANCED_FACE('',(#9732),#9751,.F.);
#9732 = FACE_BOUND('',#9733,.F.);
#9733 = EDGE_LOOP('',(#9734,#9742,#9743,#9744));
#9734 = ORIENTED_EDGE('',*,*,#9735,.F.);
#9735 = EDGE_CURVE('',#9443,#9736,#9738,.T.);
#9736 = VERTEX_POINT('',#9737);
#9737 = CARTESIAN_POINT('',(6.125483399594,4.525483399594,0.25));
#9738 = LINE('',#9739,#9740);
#9739 = CARTESIAN_POINT('',(6.125483399594,4.525483399594,0.25));
#9740 = VECTOR('',#9741,1.);
#9741 = DIRECTION('',(-0.707106781187,0.,0.707106781187));
#9742 = ORIENTED_EDGE('',*,*,#9442,.T.);
#9743 = ORIENTED_EDGE('',*,*,#9735,.T.);
#9744 = ORIENTED_EDGE('',*,*,#9745,.F.);
#9745 = EDGE_CURVE('',#9736,#9736,#9746,.T.);
#9746 = CIRCLE('',#9747,1.6);
#9747 = AXIS2_PLACEMENT_3D('',#9748,#9749,#9750);
#9748 = CARTESIAN_POINT('',(4.525483399594,4.525483399594,0.25));
#9749 = DIRECTION('',(0.,0.,1.));
#9750 = DIRECTION('',(1.,0.,-0.));
#9751 = CONICAL_SURFACE('',#9752,1.6,0.785398163397);
#9752 = AXIS2_PLACEMENT_3D('',#9753,#9754,#9755);
#9753 = CARTESIAN_POINT('',(4.525483399594,4.525483399594,0.25));
#9754 = DIRECTION('',(-0.,-0.,-1.));
#9755 = DIRECTION('',(1.,0.,-0.));
#9756 = ADVANCED_FACE('',(#9757),#9776,.F.);
#9757 = FACE_BOUND('',#9758,.F.);
#9758 = EDGE_LOOP('',(#9759,#9767,#9768,#9769));
#9759 = ORIENTED_EDGE('',*,*,#9760,.F.);
#9760 = EDGE_CURVE('',#9454,#9761,#9763,.T.);
#9761 = VERTEX_POINT('',#9762);
#9762 = CARTESIAN_POINT('',(-2.925483399594,4.525483399594,0.25));
#9763 = LINE('',#9764,#9765);
#9764 = CARTESIAN_POINT('',(-2.925483399594,4.525483399594,0.25));
#9765 = VECTOR('',#9766,1.);
#9766 = DIRECTION('',(-0.707106781187,0.,0.707106781187));
#9767 = ORIENTED_EDGE('',*,*,#9453,.T.);
#9768 = ORIENTED_EDGE('',*,*,#9760,.T.);
#9769 = ORIENTED_EDGE('',*,*,#9770,.F.);
#9770 = EDGE_CURVE('',#9761,#9761,#9771,.T.);
#9771 = CIRCLE('',#9772,1.6);
#9772 = AXIS2_PLACEMENT_3D('',#9773,#9774,#9775);
#9773 = CARTESIAN_POINT('',(-4.525483399594,4.525483399594,0.25));
#9774 = DIRECTION('',(0.,0.,1.));
#9775 = DIRECTION('',(1.,0.,-0.));
#9776 = CONICAL_SURFACE('',#9777,1.6,0.785398163397);
#9777 = AXIS2_PLACEMENT_3D('',#9778,#9779,#9780);
#9778 = CARTESIAN_POINT('',(-4.525483399594,4.525483399594,0.25));
#9779 = DIRECTION('',(-0.,-0.,-1.));
#9780 = DIRECTION('',(1.,0.,-0.));
#9781 = ADVANCED_FACE('',(#9782),#9801,.F.);
#9782 = FACE_BOUND('',#9783,.T.);
#9783 = EDGE_LOOP('',(#9784,#9792,#9793,#9794));
#9784 = ORIENTED_EDGE('',*,*,#9785,.F.);
#9785 = EDGE_CURVE('',#9474,#9786,#9788,.T.);
#9786 = VERTEX_POINT('',#9787);
#9787 = CARTESIAN_POINT('',(6.125483399594,-4.525483399594,4.75));
#9788 = LINE('',#9789,#9790);
#9789 = CARTESIAN_POINT('',(6.125483399594,-4.525483399594,4.75));
#9790 = VECTOR('',#9791,1.);
#9791 = DIRECTION('',(-0.707106781187,-0.,-0.707106781187));
#9792 = ORIENTED_EDGE('',*,*,#9473,.T.);
#9793 = ORIENTED_EDGE('',*,*,#9785,.T.);
#9794 = ORIENTED_EDGE('',*,*,#9795,.F.);
#9795 = EDGE_CURVE('',#9786,#9786,#9796,.T.);
#9796 = CIRCLE('',#9797,1.6);
#9797 = AXIS2_PLACEMENT_3D('',#9798,#9799,#9800);
#9798 = CARTESIAN_POINT('',(4.525483399594,-4.525483399594,4.75));
#9799 = DIRECTION('',(0.,0.,1.));
#9800 = DIRECTION('',(1.,0.,-0.));
#9801 = CONICAL_SURFACE('',#9802,1.6,0.785398163397);
#9802 = AXIS2_PLACEMENT_3D('',#9803,#9804,#9805);
#9803 = CARTESIAN_POINT('',(4.525483399594,-4.525483399594,4.75));
#9804 = DIRECTION('',(0.,0.,1.));
#9805 = DIRECTION('',(1.,0.,0.));
#9806 = ADVANCED_FACE('',(#9807),#9826,.F.);
#9807 = FACE_BOUND('',#9808,.T.);
#9808 = EDGE_LOOP('',(#9809,#9817,#9818,#9819));
#9809 = ORIENTED_EDGE('',*,*,#9810,.F.);
#9810 = EDGE_CURVE('',#9485,#9811,#9813,.T.);
#9811 = VERTEX_POINT('',#9812);
#9812 = CARTESIAN_POINT('',(6.125483399594,4.525483399594,4.75));
#9813 = LINE('',#9814,#9815);
#9814 = CARTESIAN_POINT('',(6.125483399594,4.525483399594,4.75));
#9815 = VECTOR('',#9816,1.);
#9816 = DIRECTION('',(-0.707106781187,-0.,-0.707106781187));
#9817 = ORIENTED_EDGE('',*,*,#9484,.T.);
#9818 = ORIENTED_EDGE('',*,*,#9810,.T.);
#9819 = ORIENTED_EDGE('',*,*,#9820,.F.);
#9820 = EDGE_CURVE('',#9811,#9811,#9821,.T.);
#9821 = CIRCLE('',#9822,1.6);
#9822 = AXIS2_PLACEMENT_3D('',#9823,#9824,#9825);
#9823 = CARTESIAN_POINT('',(4.525483399594,4.525483399594,4.75));
#9824 = DIRECTION('',(0.,0.,1.));
#9825 = DIRECTION('',(1.,0.,-0.));
#9826 = CONICAL_SURFACE('',#9827,1.6,0.785398163397);
#9827 = AXIS2_PLACEMENT_3D('',#9828,#9829,#9830);
#9828 = CARTESIAN_POINT('',(4.525483399594,4.525483399594,4.75));
#9829 = DIRECTION('',(0.,0.,1.));
#9830 = DIRECTION('',(1.,0.,0.));
#9831 = ADVANCED_FACE('',(#9832),#9851,.F.);
#9832 = FACE_BOUND('',#9833,.T.);
#9833 = EDGE_LOOP('',(#9834,#9842,#9843,#9844));
#9834 = ORIENTED_EDGE('',*,*,#9835,.F.);
#9835 = EDGE_CURVE('',#9496,#9836,#9838,.T.);
#9836 = VERTEX_POINT('',#9837);
#9837 = CARTESIAN_POINT('',(2.25,0.,4.75));
#9838 = LINE('',#9839,#9840);
#9839 = CARTESIAN_POINT('',(2.25,0.,4.75));
#9840 = VECTOR('',#9841,1.);
#9841 = DIRECTION('',(-0.707106781187,-0.,-0.707106781187));
#9842 = ORIENTED_EDGE('',*,*,#9495,.T.);
#9843 = ORIENTED_EDGE('',*,*,#9835,.T.);
#9844 = ORIENTED_EDGE('',*,*,#9845,.F.);
#9845 = EDGE_CURVE('',#9836,#9836,#9846,.T.);
#9846 = CIRCLE('',#9847,2.25);
#9847 = AXIS2_PLACEMENT_3D('',#9848,#9849,#9850);
#9848 = CARTESIAN_POINT('',(0.,0.,4.75));
#9849 = DIRECTION('',(0.,0.,1.));
#9850 = DIRECTION('',(1.,0.,-0.));
#9851 = CONICAL_SURFACE('',#9852,2.25,0.785398163397);
#9852 = AXIS2_PLACEMENT_3D('',#9853,#9854,#9855);
#9853 = CARTESIAN_POINT('',(0.,0.,4.75));
#9854 = DIRECTION('',(0.,0.,1.));
#9855 = DIRECTION('',(1.,0.,0.));
#9856 = ADVANCED_FACE('',(#9857),#9876,.F.);
#9857 = FACE_BOUND('',#9858,.T.);
#9858 = EDGE_LOOP('',(#9859,#9867,#9868,#9869));
#9859 = ORIENTED_EDGE('',*,*,#9860,.F.);
#9860 = EDGE_CURVE('',#9507,#9861,#9863,.T.);
#9861 = VERTEX_POINT('',#9862);
#9862 = CARTESIAN_POINT('',(-2.925483399594,4.525483399594,4.75));
#9863 = LINE('',#9864,#9865);
#9864 = CARTESIAN_POINT('',(-2.925483399594,4.525483399594,4.75));
#9865 = VECTOR('',#9866,1.);
#9866 = DIRECTION('',(-0.707106781187,-0.,-0.707106781187));
#9867 = ORIENTED_EDGE('',*,*,#9506,.T.);
#9868 = ORIENTED_EDGE('',*,*,#9860,.T.);
#9869 = ORIENTED_EDGE('',*,*,#9870,.F.);
#9870 = EDGE_CURVE('',#9861,#9861,#9871,.T.);
#9871 = CIRCLE('',#9872,1.6);
#9872 = AXIS2_PLACEMENT_3D('',#9873,#9874,#9875);
#9873 = CARTESIAN_POINT('',(-4.525483399594,4.525483399594,4.75));
#9874 = DIRECTION('',(0.,0.,1.));
#9875 = DIRECTION('',(1.,0.,-0.));
#9876 = CONICAL_SURFACE('',#9877,1.6,0.785398163397);
#9877 = AXIS2_PLACEMENT_3D('',#9878,#9879,#9880);
#9878 = CARTESIAN_POINT('',(-4.525483399594,4.525483399594,4.75));
#9879 = DIRECTION('',(0.,0.,1.));
#9880 = DIRECTION('',(1.,0.,0.));
#9881 = ADVANCED_FACE('',(#9882),#9901,.F.);
#9882 = FACE_BOUND('',#9883,.T.);
#9883 = EDGE_LOOP('',(#9884,#9892,#9893,#9894));
#9884 = ORIENTED_EDGE('',*,*,#9885,.F.);
#9885 = EDGE_CURVE('',#9518,#9886,#9888,.T.);
#9886 = VERTEX_POINT('',#9887);
#9887 = CARTESIAN_POINT('',(-2.925483399594,-4.525483399594,4.75));
#9888 = LINE('',#9889,#9890);
#9889 = CARTESIAN_POINT('',(-2.925483399594,-4.525483399594,4.75));
#9890 = VECTOR('',#9891,1.);
#9891 = DIRECTION('',(-0.707106781187,-0.,-0.707106781187));
#9892 = ORIENTED_EDGE('',*,*,#9517,.T.);
#9893 = ORIENTED_EDGE('',*,*,#9885,.T.);
#9894 = ORIENTED_EDGE('',*,*,#9895,.F.);
#9895 = EDGE_CURVE('',#9886,#9886,#9896,.T.);
#9896 = CIRCLE('',#9897,1.6);
#9897 = AXIS2_PLACEMENT_3D('',#9898,#9899,#9900);
#9898 = CARTESIAN_POINT('',(-4.525483399594,-4.525483399594,4.75));
#9899 = DIRECTION('',(0.,0.,1.));
#9900 = DIRECTION('',(1.,0.,-0.));
#9901 = CONICAL_SURFACE('',#9902,1.6,0.785398163397);
#9902 = AXIS2_PLACEMENT_3D('',#9903,#9904,#9905);
#9903 = CARTESIAN_POINT('',(-4.525483399594,-4.525483399594,4.75));
#9904 = DIRECTION('',(0.,0.,1.));
#9905 = DIRECTION('',(1.,0.,0.));
#9906 = ADVANCED_FACE('',(#9907,#9918),#9921,.F.);
#9907 = FACE_BOUND('',#9908,.T.);
#9908 = EDGE_LOOP('',(#9909,#9915,#9916,#9917));
#9909 = ORIENTED_EDGE('',*,*,#9910,.F.);
#9910 = EDGE_CURVE('',#9686,#9836,#9911,.T.);
#9911 = LINE('',#9912,#9913);
#9912 = CARTESIAN_POINT('',(2.25,0.,0.));
#9913 = VECTOR('',#9914,1.);
#9914 = DIRECTION('',(0.,0.,1.));
#9915 = ORIENTED_EDGE('',*,*,#9695,.F.);
#9916 = ORIENTED_EDGE('',*,*,#9910,.T.);
#9917 = ORIENTED_EDGE('',*,*,#9845,.T.);
#9918 = FACE_BOUND('',#9919,.T.);
#9919 = EDGE_LOOP('',(#9920));
#9920 = ORIENTED_EDGE('',*,*,#9545,.T.);
#9921 = CYLINDRICAL_SURFACE('',#9922,2.25);
#9922 = AXIS2_PLACEMENT_3D('',#9923,#9924,#9925);
#9923 = CARTESIAN_POINT('',(0.,0.,0.));
#9924 = DIRECTION('',(-0.,-0.,-1.));
#9925 = DIRECTION('',(1.,0.,0.));
#9926 = ADVANCED_FACE('',(#9927),#9938,.F.);
#9927 = FACE_BOUND('',#9928,.T.);
#9928 = EDGE_LOOP('',(#9929,#9935,#9936,#9937));
#9929 = ORIENTED_EDGE('',*,*,#9930,.T.);
#9930 = EDGE_CURVE('',#9661,#9886,#9931,.T.);
#9931 = LINE('',#9932,#9933);
#9932 = CARTESIAN_POINT('',(-2.925483399594,-4.525483399594,0.));
#9933 = VECTOR('',#9934,1.);
#9934 = DIRECTION('',(0.,0.,1.));
#9935 = ORIENTED_EDGE('',*,*,#9895,.T.);
#9936 = ORIENTED_EDGE('',*,*,#9930,.F.);
#9937 = ORIENTED_EDGE('',*,*,#9670,.F.);
#9938 = CYLINDRICAL_SURFACE('',#9939,1.6);
#9939 = AXIS2_PLACEMENT_3D('',#9940,#9941,#9942);
#9940 = CARTESIAN_POINT('',(-4.525483399594,-4.525483399594,0.));
#9941 = DIRECTION('',(-0.,-0.,-1.));
#9942 = DIRECTION('',(1.,0.,0.));
#9943 = ADVANCED_FACE('',(#9944),#9955,.F.);
#9944 = FACE_BOUND('',#9945,.T.);
#9945 = EDGE_LOOP('',(#9946,#9952,#9953,#9954));
#9946 = ORIENTED_EDGE('',*,*,#9947,.T.);
#9947 = EDGE_CURVE('',#9711,#9786,#9948,.T.);
#9948 = LINE('',#9949,#9950);
#9949 = CARTESIAN_POINT('',(6.125483399594,-4.525483399594,0.));
#9950 = VECTOR('',#9951,1.);
#9951 = DIRECTION('',(0.,0.,1.));
#9952 = ORIENTED_EDGE('',*,*,#9795,.T.);
#9953 = ORIENTED_EDGE('',*,*,#9947,.F.);
#9954 = ORIENTED_EDGE('',*,*,#9720,.F.);
#9955 = CYLINDRICAL_SURFACE('',#9956,1.6);
#9956 = AXIS2_PLACEMENT_3D('',#9957,#9958,#9959);
#9957 = CARTESIAN_POINT('',(4.525483399594,-4.525483399594,0.));
#9958 = DIRECTION('',(-0.,-0.,-1.));
#9959 = DIRECTION('',(1.,0.,0.));
#9960 = ADVANCED_FACE('',(#9961),#9972,.F.);
#9961 = FACE_BOUND('',#9962,.T.);
#9962 = EDGE_LOOP('',(#9963,#9969,#9970,#9971));
#9963 = ORIENTED_EDGE('',*,*,#9964,.T.);
#9964 = EDGE_CURVE('',#9736,#9811,#9965,.T.);
#9965 = LINE('',#9966,#9967);
#9966 = CARTESIAN_POINT('',(6.125483399594,4.525483399594,0.));
#9967 = VECTOR('',#9968,1.);
#9968 = DIRECTION('',(0.,0.,1.));
#9969 = ORIENTED_EDGE('',*,*,#9820,.T.);
#9970 = ORIENTED_EDGE('',*,*,#9964,.F.);
#9971 = ORIENTED_EDGE('',*,*,#9745,.F.);
#9972 = CYLINDRICAL_SURFACE('',#9973,1.6);
#9973 = AXIS2_PLACEMENT_3D('',#9974,#9975,#9976);
#9974 = CARTESIAN_POINT('',(4.525483399594,4.525483399594,0.));
#9975 = DIRECTION('',(-0.,-0.,-1.));
#9976 = DIRECTION('',(1.,0.,0.));
#9977 = ADVANCED_FACE('',(#9978),#9989,.F.);
#9978 = FACE_BOUND('',#9979,.T.);
#9979 = EDGE_LOOP('',(#9980,#9986,#9987,#9988));
#9980 = ORIENTED_EDGE('',*,*,#9981,.T.);
#9981 = EDGE_CURVE('',#9761,#9861,#9982,.T.);
#9982 = LINE('',#9983,#9984);
#9983 = CARTESIAN_POINT('',(-2.925483399594,4.525483399594,0.));
#9984 = VECTOR('',#9985,1.);
#9985 = DIRECTION('',(0.,0.,1.));
#9986 = ORIENTED_EDGE('',*,*,#9870,.T.);
#9987 = ORIENTED_EDGE('',*,*,#9981,.F.);
#9988 = ORIENTED_EDGE('',*,*,#9770,.F.);
#9989 = CYLINDRICAL_SURFACE('',#9990,1.6);
#9990 = AXIS2_PLACEMENT_3D('',#9991,#9992,#9993);
#9991 = CARTESIAN_POINT('',(-4.525483399594,4.525483399594,0.));
#9992 = DIRECTION('',(-0.,-0.,-1.));
#9993 = DIRECTION('',(1.,0.,0.));
#9994 = ( GEOMETRIC_REPRESENTATION_CONTEXT(3) 
GLOBAL_UNCERTAINTY_ASSIGNED_CONTEXT((#9998)) 
GLOBAL_UNIT_ASSIGNED_CONTEXT((#9995,#9996,#9997)) REPRESENTATION_CONTEXT
('Context #1','3D Context with UNIT and UNCERTAINTY') );
#9995 = ( LENGTH_UNIT() NAMED_UNIT(*) SI_UNIT(.MILLI.,.METRE.) );
#9996 = ( NAMED_UNIT(*) PLANE_ANGLE_UNIT() SI_UNIT($,.RADIAN.) );
#9997 = ( NAMED_UNIT(*) SI_UNIT($,.STERADIAN.) SOLID_ANGLE_UNIT() );
#9998 = UNCERTAINTY_MEASURE_WITH_UNIT(LENGTH_MEASURE(1.E-05),#9995,
  'distance_accuracy_value','confusion accuracy');
#9999 = CONTEXT_DEPENDENT_SHAPE_REPRESENTATION(#10000,#10002);
#10000 = ( REPRESENTATION_RELATIONSHIP('','',#8892,#8869) 
REPRESENTATION_RELATIONSHIP_WITH_TRANSFORMATION(#10001) 
SHAPE_REPRESENTATION_RELATIONSHIP() );
#10001 = ITEM_DEFINED_TRANSFORMATION('','',#11,#8870);
#10002 = PRODUCT_DEFINITION_SHAPE('Placement','Placement of an item',
  #10003);
#10003 = NEXT_ASSEMBLY_USAGE_OCCURRENCE('30','AlumuniumHubBody','',#8864
  ,#8887,$);
#10004 = PRODUCT_RELATED_PRODUCT_CATEGORY('part',$,(#8889));
#10005 = MECHANICAL_DESIGN_GEOMETRIC_PRESENTATION_REPRESENTATION('',(
    #10006),#8689);
#10006 = STYLED_ITEM('color',(#10007),#8576);
#10007 = PRESENTATION_STYLE_ASSIGNMENT((#10008,#10014));
#10008 = SURFACE_STYLE_USAGE(.BOTH.,#10009);
#10009 = SURFACE_SIDE_STYLE('',(#10010));
#10010 = SURFACE_STYLE_FILL_AREA(#10011);
#10011 = FILL_AREA_STYLE('',(#10012));
#10012 = FILL_AREA_STYLE_COLOUR('',#10013);
#10013 = DRAUGHTING_PRE_DEFINED_COLOUR('white');
#10014 = CURVE_STYLE('',#10015,POSITIVE_LENGTH_MEASURE(0.1),#10016);
#10015 = DRAUGHTING_PRE_DEFINED_CURVE_FONT('continuous');
#10016 = COLOUR_RGB('',0.678431390124,0.709803936702,0.741176476869);
#10017 = MECHANICAL_DESIGN_GEOMETRIC_PRESENTATION_REPRESENTATION('',(
    #10018),#8736);
#10018 = STYLED_ITEM('color',(#10019),#8708);
#10019 = PRESENTATION_STYLE_ASSIGNMENT((#10020,#10026));
#10020 = SURFACE_STYLE_USAGE(.BOTH.,#10021);
#10021 = SURFACE_SIDE_STYLE('',(#10022));
#10022 = SURFACE_STYLE_FILL_AREA(#10023);
#10023 = FILL_AREA_STYLE('',(#10024));
#10024 = FILL_AREA_STYLE_COLOUR('',#10025);
#10025 = DRAUGHTING_PRE_DEFINED_COLOUR('black');
#10026 = CURVE_STYLE('',#10027,POSITIVE_LENGTH_MEASURE(0.1),#10016);
#10027 = DRAUGHTING_PRE_DEFINED_CURVE_FONT('continuous');
#10028 = MECHANICAL_DESIGN_GEOMETRIC_PRESENTATION_REPRESENTATION('',(
    #10029),#9994);
#10029 = STYLED_ITEM('color',(#10030),#8893);
#10030 = PRESENTATION_STYLE_ASSIGNMENT((#10031,#10037));
#10031 = SURFACE_STYLE_USAGE(.BOTH.,#10032);
#10032 = SURFACE_SIDE_STYLE('',(#10033));
#10033 = SURFACE_STYLE_FILL_AREA(#10034);
#10034 = FILL_AREA_STYLE('',(#10035));
#10035 = FILL_AREA_STYLE_COLOUR('',#10036);
#10036 = COLOUR_RGB('',0.301960791261,0.301960791261,0.301960791261);
#10037 = CURVE_STYLE('',#10038,POSITIVE_LENGTH_MEASURE(0.1),#10016);
#10038 = DRAUGHTING_PRE_DEFINED_CURVE_FONT('continuous');
#10039 = MECHANICAL_DESIGN_GEOMETRIC_PRESENTATION_REPRESENTATION('',(
    #10040),#8525);
#10040 = STYLED_ITEM('color',(#10041),#160);
#10041 = PRESENTATION_STYLE_ASSIGNMENT((#10042,#10047));
#10042 = SURFACE_STYLE_USAGE(.BOTH.,#10043);
#10043 = SURFACE_SIDE_STYLE('',(#10044));
#10044 = SURFACE_STYLE_FILL_AREA(#10045);
#10045 = FILL_AREA_STYLE('',(#10046));
#10046 = FILL_AREA_STYLE_COLOUR('',#10013);
#10047 = CURVE_STYLE('',#10048,POSITIVE_LENGTH_MEASURE(0.1),#10016);
#10048 = DRAUGHTING_PRE_DEFINED_CURVE_FONT('continuous');
ENDSEC;
END-ISO-10303-21;
