ISO-10303-21;
HEADER;
FILE_DESCRIPTION(('FreeCAD Model'),'2;1');
FILE_NAME('Open CASCADE Shape Model','2026-05-19T14:28:34',(''),(''),
  'Open CASCADE STEP processor 7.8','FreeCAD','Unknown');
FILE_SCHEMA(('AUTOMOTIVE_DESIGN { 1 0 10303 214 1 1 1 1 }'));
ENDSEC;
DATA;
#1 = APPLICATION_PROTOCOL_DEFINITION('international standard',
  'automotive_design',2000,#2);
#2 = APPLICATION_CONTEXT(
  'core data for automotive mechanical design processes');
#3 = SHAPE_DEFINITION_REPRESENTATION(#4,#10);
#4 = PRODUCT_DEFINITION_SHAPE('','',#5);
#5 = PRODUCT_DEFINITION('design','',#6,#9);
#6 = PRODUCT_DEFINITION_FORMATION('','',#7);
#7 = PRODUCT('Motor Bracket','Motor Bracket','',(#8));
#8 = PRODUCT_CONTEXT('',#2,'mechanical');
#9 = PRODUCT_DEFINITION_CONTEXT('part definition',#2,'design');
#10 = ADVANCED_BREP_SHAPE_REPRESENTATION('',(#11,#15),#14527);
#11 = AXIS2_PLACEMENT_3D('',#12,#13,#14);
#12 = CARTESIAN_POINT('',(0.,0.,0.));
#13 = DIRECTION('',(0.,0.,1.));
#14 = DIRECTION('',(1.,0.,-0.));
#15 = MANIFOLD_SOLID_BREP('',#16);
#16 = CLOSED_SHELL('',(#17,#59,#101,#143,#185,#227,#269,#311,#353,#395,
    #437,#479,#521,#2635,#3375,#4115,#4137,#4159,#4181,#4203,#4225,#4247
    ,#4269,#4291,#4313,#4335,#4357,#4379,#4401,#4492,#4521,#4543,#4572,
    #4589,#4611,#4623,#4635,#4652,#4664,#4676,#4688,#4700,#4712,#4724,
    #4736,#4748,#4760,#4772,#4784,#4806,#4823,#4840,#4862,#4879,#4896,
    #4918,#4935,#4952,#4974,#4991,#5008,#5030,#5047,#5064,#5086,#5103,
    #5120,#5142,#5164,#5176,#5198,#5220,#5232,#5254,#5276,#5288,#5310,
    #5332,#5344,#5366,#5388,#5400,#5422,#5444,#5456,#5468,#5480,#5492,
    #5504,#5516,#5528,#5540,#5552,#5564,#5576,#5588,#5600,#5612,#5624,
    #5636,#5648,#5660,#5672,#5684,#5696,#5708,#5720,#5732,#5744,#5756,
    #5768,#5780,#5792,#5823,#5847,#5871,#5895,#5919,#5943,#5967,#5991,
    #6015,#6039,#6063,#6087,#6104,#6125,#6156,#6180,#6204,#6228,#6252,
    #6276,#6300,#6324,#6348,#6372,#6396,#6420,#6437,#6458,#6489,#6513,
    #6537,#6561,#6585,#6609,#6633,#6657,#6681,#6705,#6729,#6753,#6770,
    #6791,#6822,#6846,#6870,#6887,#6899,#6980,#7030,#7080,#7130,#7154,
    #7178,#7202,#7226,#7250,#7293,#7401,#7482,#7532,#7556,#7606,#7673,
    #7686,#7767,#7841,#7915,#7982,#8092,#8173,#8247,#8321,#8388,#8400,
    #8431,#8455,#8479,#8496,#8508,#8589,#8663,#8737,#8804,#8914,#8995,
    #9069,#9143,#9210,#9222,#9253,#9277,#9301,#9318,#9330,#9361,#9385,
    #9409,#9459,#9533,#9557,#9581,#9605,#9655,#9705,#9755,#9779,#9796,
    #9817,#9848,#9872,#9896,#9913,#9925,#9956,#10006,#10056,#10106,
    #10180,#10230,#10254,#10278,#10328,#10402,#10476,#10514,#10552,
    #10569,#10591,#10672,#10746,#10820,#10887,#10997,#11078,#11152,
    #11226,#11293,#11305,#11336,#11360,#11384,#11428,#11478,#11528,
    #11566,#11590,#11614,#11638,#11682,#11732,#11782,#11806,#11830,
    #11854,#11878,#11902,#11952,#12002,#12052,#12119,#12149,#12185,
    #12209,#12233,#12257,#12286,#12315,#12339,#12363,#12387,#12409,
    #12427,#12463,#12487,#12516,#12545,#12569,#12591,#12659,#12695,
    #12724,#12748,#12777,#12806,#12823,#12837,#12868,#12892,#12916,
    #12933,#12945,#12981,#13005,#13034,#13063,#13087,#13109,#13177,
    #13213,#13242,#13266,#13295,#13324,#13341,#13355,#13386,#13410,
    #13434,#13451,#13463,#13499,#13523,#13552,#13585,#13609,#13633,
    #13657,#13674,#13751,#13787,#13811,#13835,#13859,#13888,#13912,
    #13929,#13944,#13980,#14009,#14038,#14067,#14096,#14125,#14154,
    #14183,#14212,#14241,#14270,#14299,#14328,#14357,#14386,#14410,
    #14434,#14458,#14482,#14499));
#17 = ADVANCED_FACE('',(#18),#54,.F.);
#18 = FACE_BOUND('',#19,.F.);
#19 = EDGE_LOOP('',(#20,#30,#39,#47));
#20 = ORIENTED_EDGE('',*,*,#21,.T.);
#21 = EDGE_CURVE('',#22,#24,#26,.T.);
#22 = VERTEX_POINT('',#23);
#23 = CARTESIAN_POINT('',(-1.000000000001,-9.1256,12.499999999999));
#24 = VERTEX_POINT('',#25);
#25 = CARTESIAN_POINT('',(-1.000000000001,-9.1256,14.499999999999));
#26 = LINE('',#27,#28);
#27 = CARTESIAN_POINT('',(-1.000000000001,-9.1256,-37.5));
#28 = VECTOR('',#29,1.);
#29 = DIRECTION('',(3.491481338843E-15,0.,1.));
#30 = ORIENTED_EDGE('',*,*,#31,.F.);
#31 = EDGE_CURVE('',#32,#24,#34,.T.);
#32 = VERTEX_POINT('',#33);
#33 = CARTESIAN_POINT('',(-1.000000000001,-5.8744,14.499999999999));
#34 = CIRCLE('',#35,1.6256);
#35 = AXIS2_PLACEMENT_3D('',#36,#37,#38);
#36 = CARTESIAN_POINT('',(-1.000000000001,-7.5,14.499999999999));
#37 = DIRECTION('',(3.491481338843E-15,0.,1.));
#38 = DIRECTION('',(-1.,-6.936332796413E-15,3.491481338843E-15));
#39 = ORIENTED_EDGE('',*,*,#40,.F.);
#40 = EDGE_CURVE('',#41,#32,#43,.T.);
#41 = VERTEX_POINT('',#42);
#42 = CARTESIAN_POINT('',(-1.000000000001,-5.8744,12.499999999999));
#43 = LINE('',#44,#45);
#44 = CARTESIAN_POINT('',(-1.000000000001,-5.8744,-37.5));
#45 = VECTOR('',#46,1.);
#46 = DIRECTION('',(3.491481338843E-15,0.,1.));
#47 = ORIENTED_EDGE('',*,*,#48,.F.);
#48 = EDGE_CURVE('',#22,#41,#49,.T.);
#49 = CIRCLE('',#50,1.6256);
#50 = AXIS2_PLACEMENT_3D('',#51,#52,#53);
#51 = CARTESIAN_POINT('',(-1.000000000001,-7.5,12.499999999999));
#52 = DIRECTION('',(-3.491481338843E-15,0.,-1.));
#53 = DIRECTION('',(3.468166398207E-15,1.,-1.210903825934E-29));
#54 = CYLINDRICAL_SURFACE('',#55,1.6256);
#55 = AXIS2_PLACEMENT_3D('',#56,#57,#58);
#56 = CARTESIAN_POINT('',(-1.000000000001,-7.5,-37.5));
#57 = DIRECTION('',(3.491481338843E-15,0.,1.));
#58 = DIRECTION('',(-3.468166398207E-15,-1.,1.210903825934E-29));
#59 = ADVANCED_FACE('',(#60),#96,.F.);
#60 = FACE_BOUND('',#61,.F.);
#61 = EDGE_LOOP('',(#62,#72,#81,#89));
#62 = ORIENTED_EDGE('',*,*,#63,.T.);
#63 = EDGE_CURVE('',#64,#66,#68,.T.);
#64 = VERTEX_POINT('',#65);
#65 = CARTESIAN_POINT('',(-9.500000000001,-0.6256,12.499999999999));
#66 = VERTEX_POINT('',#67);
#67 = CARTESIAN_POINT('',(-9.500000000001,-0.6256,14.499999999999));
#68 = LINE('',#69,#70);
#69 = CARTESIAN_POINT('',(-9.500000000001,-0.6256,-37.5));
#70 = VECTOR('',#71,1.);
#71 = DIRECTION('',(3.491481338843E-15,0.,1.));
#72 = ORIENTED_EDGE('',*,*,#73,.F.);
#73 = EDGE_CURVE('',#74,#66,#76,.T.);
#74 = VERTEX_POINT('',#75);
#75 = CARTESIAN_POINT('',(-9.500000000001,2.6256,14.499999999999));
#76 = CIRCLE('',#77,1.6256);
#77 = AXIS2_PLACEMENT_3D('',#78,#79,#80);
#78 = CARTESIAN_POINT('',(-9.500000000001,1.,14.499999999999));
#79 = DIRECTION('',(3.491481338843E-15,0.,1.));
#80 = DIRECTION('',(3.201384367575E-15,1.,-1.117757377785E-29));
#81 = ORIENTED_EDGE('',*,*,#82,.F.);
#82 = EDGE_CURVE('',#83,#74,#85,.T.);
#83 = VERTEX_POINT('',#84);
#84 = CARTESIAN_POINT('',(-9.500000000001,2.6256,12.499999999999));
#85 = LINE('',#86,#87);
#86 = CARTESIAN_POINT('',(-9.500000000001,2.6256,-37.5));
#87 = VECTOR('',#88,1.);
#88 = DIRECTION('',(3.491481338843E-15,0.,1.));
#89 = ORIENTED_EDGE('',*,*,#90,.F.);
#90 = EDGE_CURVE('',#64,#83,#91,.T.);
#91 = CIRCLE('',#92,1.6256);
#92 = AXIS2_PLACEMENT_3D('',#93,#94,#95);
#93 = CARTESIAN_POINT('',(-9.500000000001,1.,12.499999999999));
#94 = DIRECTION('',(-3.491481338843E-15,0.,-1.));
#95 = DIRECTION('',(3.201384367575E-15,1.,-1.117757377785E-29));
#96 = CYLINDRICAL_SURFACE('',#97,1.6256);
#97 = AXIS2_PLACEMENT_3D('',#98,#99,#100);
#98 = CARTESIAN_POINT('',(-9.500000000001,1.,-37.5));
#99 = DIRECTION('',(3.491481338843E-15,0.,1.));
#100 = DIRECTION('',(-3.201384367575E-15,-1.,1.117757377785E-29));
#101 = ADVANCED_FACE('',(#102),#138,.F.);
#102 = FACE_BOUND('',#103,.F.);
#103 = EDGE_LOOP('',(#104,#114,#123,#131));
#104 = ORIENTED_EDGE('',*,*,#105,.T.);
#105 = EDGE_CURVE('',#106,#108,#110,.T.);
#106 = VERTEX_POINT('',#107);
#107 = CARTESIAN_POINT('',(-1.000000000001,7.8744,12.499999999999));
#108 = VERTEX_POINT('',#109);
#109 = CARTESIAN_POINT('',(-1.000000000001,7.8744,14.499999999999));
#110 = LINE('',#111,#112);
#111 = CARTESIAN_POINT('',(-1.000000000001,7.8744,-37.5));
#112 = VECTOR('',#113,1.);
#113 = DIRECTION('',(3.491481338843E-15,0.,1.));
#114 = ORIENTED_EDGE('',*,*,#115,.F.);
#115 = EDGE_CURVE('',#116,#108,#118,.T.);
#116 = VERTEX_POINT('',#117);
#117 = CARTESIAN_POINT('',(-1.000000000001,11.1256,14.499999999999));
#118 = CIRCLE('',#119,1.6256);
#119 = AXIS2_PLACEMENT_3D('',#120,#121,#122);
#120 = CARTESIAN_POINT('',(-1.000000000001,9.5,14.499999999999));
#121 = DIRECTION('',(3.491481338843E-15,0.,1.));
#122 = DIRECTION('',(1.,0.,-3.491481338843E-15));
#123 = ORIENTED_EDGE('',*,*,#124,.F.);
#124 = EDGE_CURVE('',#125,#116,#127,.T.);
#125 = VERTEX_POINT('',#126);
#126 = CARTESIAN_POINT('',(-1.000000000001,11.1256,12.499999999999));
#127 = LINE('',#128,#129);
#128 = CARTESIAN_POINT('',(-1.000000000001,11.1256,-37.5));
#129 = VECTOR('',#130,1.);
#130 = DIRECTION('',(3.491481338843E-15,0.,1.));
#131 = ORIENTED_EDGE('',*,*,#132,.F.);
#132 = EDGE_CURVE('',#106,#125,#133,.T.);
#133 = CIRCLE('',#134,1.6256);
#134 = AXIS2_PLACEMENT_3D('',#135,#136,#137);
#135 = CARTESIAN_POINT('',(-1.000000000001,9.5,12.499999999999));
#136 = DIRECTION('',(-3.491481338843E-15,0.,-1.));
#137 = DIRECTION('',(3.468166398207E-15,1.,-1.210903825934E-29));
#138 = CYLINDRICAL_SURFACE('',#139,1.6256);
#139 = AXIS2_PLACEMENT_3D('',#140,#141,#142);
#140 = CARTESIAN_POINT('',(-1.000000000001,9.5,-37.5));
#141 = DIRECTION('',(3.491481338843E-15,0.,1.));
#142 = DIRECTION('',(-3.468166398207E-15,-1.,1.210903825934E-29));
#143 = ADVANCED_FACE('',(#144),#180,.F.);
#144 = FACE_BOUND('',#145,.F.);
#145 = EDGE_LOOP('',(#146,#156,#165,#173));
#146 = ORIENTED_EDGE('',*,*,#147,.T.);
#147 = EDGE_CURVE('',#148,#150,#152,.T.);
#148 = VERTEX_POINT('',#149);
#149 = CARTESIAN_POINT('',(7.499999999999,-0.6256,12.499999999999));
#150 = VERTEX_POINT('',#151);
#151 = CARTESIAN_POINT('',(7.499999999999,-0.6256,14.499999999999));
#152 = LINE('',#153,#154);
#153 = CARTESIAN_POINT('',(7.499999999999,-0.6256,-37.5));
#154 = VECTOR('',#155,1.);
#155 = DIRECTION('',(3.491481338843E-15,0.,1.));
#156 = ORIENTED_EDGE('',*,*,#157,.F.);
#157 = EDGE_CURVE('',#158,#150,#160,.T.);
#158 = VERTEX_POINT('',#159);
#159 = CARTESIAN_POINT('',(7.499999999999,2.6256,14.499999999999));
#160 = CIRCLE('',#161,1.6256);
#161 = AXIS2_PLACEMENT_3D('',#162,#163,#164);
#162 = CARTESIAN_POINT('',(7.499999999999,1.,14.499999999999));
#163 = DIRECTION('',(3.491481338843E-15,0.,1.));
#164 = DIRECTION('',(-3.734948428838E-15,-1.,1.304050274083E-29));
#165 = ORIENTED_EDGE('',*,*,#166,.F.);
#166 = EDGE_CURVE('',#167,#158,#169,.T.);
#167 = VERTEX_POINT('',#168);
#168 = CARTESIAN_POINT('',(7.499999999999,2.6256,12.499999999999));
#169 = LINE('',#170,#171);
#170 = CARTESIAN_POINT('',(7.499999999999,2.6256,-37.5));
#171 = VECTOR('',#172,1.);
#172 = DIRECTION('',(3.491481338843E-15,0.,1.));
#173 = ORIENTED_EDGE('',*,*,#174,.F.);
#174 = EDGE_CURVE('',#148,#167,#175,.T.);
#175 = CIRCLE('',#176,1.6256);
#176 = AXIS2_PLACEMENT_3D('',#177,#178,#179);
#177 = CARTESIAN_POINT('',(7.499999999999,1.,12.499999999999));
#178 = DIRECTION('',(-3.491481338843E-15,0.,-1.));
#179 = DIRECTION('',(3.734948428838E-15,1.,-1.304050274083E-29));
#180 = CYLINDRICAL_SURFACE('',#181,1.6256);
#181 = AXIS2_PLACEMENT_3D('',#182,#183,#184);
#182 = CARTESIAN_POINT('',(7.499999999999,1.,-37.5));
#183 = DIRECTION('',(3.491481338843E-15,0.,1.));
#184 = DIRECTION('',(-3.734948428838E-15,-1.,1.304050274083E-29));
#185 = ADVANCED_FACE('',(#186),#222,.F.);
#186 = FACE_BOUND('',#187,.F.);
#187 = EDGE_LOOP('',(#188,#198,#207,#215));
#188 = ORIENTED_EDGE('',*,*,#189,.T.);
#189 = EDGE_CURVE('',#190,#192,#194,.T.);
#190 = VERTEX_POINT('',#191);
#191 = CARTESIAN_POINT('',(-1.000000000001,-13.5,-28.3));
#192 = VERTEX_POINT('',#193);
#193 = CARTESIAN_POINT('',(-1.000000000001,-11.5,-28.3));
#194 = LINE('',#195,#196);
#195 = CARTESIAN_POINT('',(-1.000000000001,-13.5,-28.3));
#196 = VECTOR('',#197,1.);
#197 = DIRECTION('',(3.491481338843E-15,1.,-1.219044193949E-29));
#198 = ORIENTED_EDGE('',*,*,#199,.F.);
#199 = EDGE_CURVE('',#200,#192,#202,.T.);
#200 = VERTEX_POINT('',#201);
#201 = CARTESIAN_POINT('',(-1.000000000001,-11.5,-31.6));
#202 = CIRCLE('',#203,1.65);
#203 = AXIS2_PLACEMENT_3D('',#204,#205,#206);
#204 = CARTESIAN_POINT('',(-1.000000000001,-11.5,-29.95));
#205 = DIRECTION('',(3.491481338843E-15,1.,-1.219044193949E-29));
#206 = DIRECTION('',(3.548298019043E-15,-1.983743786545E-31,1.));
#207 = ORIENTED_EDGE('',*,*,#208,.F.);
#208 = EDGE_CURVE('',#209,#200,#211,.T.);
#209 = VERTEX_POINT('',#210);
#210 = CARTESIAN_POINT('',(-1.000000000001,-13.5,-31.6));
#211 = LINE('',#212,#213);
#212 = CARTESIAN_POINT('',(-1.000000000001,-13.5,-31.6));
#213 = VECTOR('',#214,1.);
#214 = DIRECTION('',(3.491481338843E-15,1.,-1.219044193949E-29));
#215 = ORIENTED_EDGE('',*,*,#216,.T.);
#216 = EDGE_CURVE('',#209,#190,#217,.T.);
#217 = CIRCLE('',#218,1.65);
#218 = AXIS2_PLACEMENT_3D('',#219,#220,#221);
#219 = CARTESIAN_POINT('',(-1.000000000001,-13.5,-29.95));
#220 = DIRECTION('',(3.491481338843E-15,1.,-1.219044193949E-29));
#221 = DIRECTION('',(3.548298019043E-15,-1.983743786545E-31,1.));
#222 = CYLINDRICAL_SURFACE('',#223,1.65);
#223 = AXIS2_PLACEMENT_3D('',#224,#225,#226);
#224 = CARTESIAN_POINT('',(-1.000000000001,-13.5,-29.95));
#225 = DIRECTION('',(3.491481338843E-15,1.,-1.219044193949E-29));
#226 = DIRECTION('',(3.548298019043E-15,-1.983743786545E-31,1.));
#227 = ADVANCED_FACE('',(#228),#264,.F.);
#228 = FACE_BOUND('',#229,.F.);
#229 = EDGE_LOOP('',(#230,#240,#249,#257));
#230 = ORIENTED_EDGE('',*,*,#231,.T.);
#231 = EDGE_CURVE('',#232,#234,#236,.T.);
#232 = VERTEX_POINT('',#233);
#233 = CARTESIAN_POINT('',(-1.000000000001,-13.5,-21.95));
#234 = VERTEX_POINT('',#235);
#235 = CARTESIAN_POINT('',(-1.000000000001,-11.5,-21.95));
#236 = LINE('',#237,#238);
#237 = CARTESIAN_POINT('',(-1.000000000001,-13.5,-21.95));
#238 = VECTOR('',#239,1.);
#239 = DIRECTION('',(3.491481338843E-15,1.,-1.219044193949E-29));
#240 = ORIENTED_EDGE('',*,*,#241,.F.);
#241 = EDGE_CURVE('',#242,#234,#244,.T.);
#242 = VERTEX_POINT('',#243);
#243 = CARTESIAN_POINT('',(-1.000000000001,-11.5,-25.25));
#244 = CIRCLE('',#245,1.65);
#245 = AXIS2_PLACEMENT_3D('',#246,#247,#248);
#246 = CARTESIAN_POINT('',(-1.000000000001,-11.5,-23.6));
#247 = DIRECTION('',(3.491481338843E-15,1.,-1.219044193949E-29));
#248 = DIRECTION('',(3.548298019043E-15,-1.983743786545E-31,1.));
#249 = ORIENTED_EDGE('',*,*,#250,.F.);
#250 = EDGE_CURVE('',#251,#242,#253,.T.);
#251 = VERTEX_POINT('',#252);
#252 = CARTESIAN_POINT('',(-1.000000000001,-13.5,-25.25));
#253 = LINE('',#254,#255);
#254 = CARTESIAN_POINT('',(-1.000000000001,-13.5,-25.25));
#255 = VECTOR('',#256,1.);
#256 = DIRECTION('',(3.491481338843E-15,1.,-1.219044193949E-29));
#257 = ORIENTED_EDGE('',*,*,#258,.T.);
#258 = EDGE_CURVE('',#251,#232,#259,.T.);
#259 = CIRCLE('',#260,1.65);
#260 = AXIS2_PLACEMENT_3D('',#261,#262,#263);
#261 = CARTESIAN_POINT('',(-1.000000000001,-13.5,-23.6));
#262 = DIRECTION('',(3.491481338843E-15,1.,-1.219044193949E-29));
#263 = DIRECTION('',(3.548298019043E-15,-1.983743786545E-31,1.));
#264 = CYLINDRICAL_SURFACE('',#265,1.65);
#265 = AXIS2_PLACEMENT_3D('',#266,#267,#268);
#266 = CARTESIAN_POINT('',(-1.000000000001,-13.5,-23.6));
#267 = DIRECTION('',(3.491481338843E-15,1.,-1.219044193949E-29));
#268 = DIRECTION('',(3.548298019043E-15,-1.983743786545E-31,1.));
#269 = ADVANCED_FACE('',(#270),#306,.F.);
#270 = FACE_BOUND('',#271,.F.);
#271 = EDGE_LOOP('',(#272,#282,#291,#299));
#272 = ORIENTED_EDGE('',*,*,#273,.T.);
#273 = EDGE_CURVE('',#274,#276,#278,.T.);
#274 = VERTEX_POINT('',#275);
#275 = CARTESIAN_POINT('',(-1.000000000001,-13.5,-15.6));
#276 = VERTEX_POINT('',#277);
#277 = CARTESIAN_POINT('',(-1.000000000001,-11.5,-15.6));
#278 = LINE('',#279,#280);
#279 = CARTESIAN_POINT('',(-1.000000000001,-13.5,-15.6));
#280 = VECTOR('',#281,1.);
#281 = DIRECTION('',(3.491481338843E-15,1.,-1.219044193949E-29));
#282 = ORIENTED_EDGE('',*,*,#283,.F.);
#283 = EDGE_CURVE('',#284,#276,#286,.T.);
#284 = VERTEX_POINT('',#285);
#285 = CARTESIAN_POINT('',(-1.000000000001,-11.5,-18.9));
#286 = CIRCLE('',#287,1.65);
#287 = AXIS2_PLACEMENT_3D('',#288,#289,#290);
#288 = CARTESIAN_POINT('',(-1.000000000001,-11.5,-17.25));
#289 = DIRECTION('',(3.491481338843E-15,1.,-1.219044193949E-29));
#290 = DIRECTION('',(3.548298019043E-15,-1.983743786545E-31,1.));
#291 = ORIENTED_EDGE('',*,*,#292,.F.);
#292 = EDGE_CURVE('',#293,#284,#295,.T.);
#293 = VERTEX_POINT('',#294);
#294 = CARTESIAN_POINT('',(-1.000000000001,-13.5,-18.9));
#295 = LINE('',#296,#297);
#296 = CARTESIAN_POINT('',(-1.000000000001,-13.5,-18.9));
#297 = VECTOR('',#298,1.);
#298 = DIRECTION('',(3.491481338843E-15,1.,-1.219044193949E-29));
#299 = ORIENTED_EDGE('',*,*,#300,.T.);
#300 = EDGE_CURVE('',#293,#274,#301,.T.);
#301 = CIRCLE('',#302,1.65);
#302 = AXIS2_PLACEMENT_3D('',#303,#304,#305);
#303 = CARTESIAN_POINT('',(-1.000000000001,-13.5,-17.25));
#304 = DIRECTION('',(3.491481338843E-15,1.,-1.219044193949E-29));
#305 = DIRECTION('',(3.548298019043E-15,-1.983743786545E-31,1.));
#306 = CYLINDRICAL_SURFACE('',#307,1.65);
#307 = AXIS2_PLACEMENT_3D('',#308,#309,#310);
#308 = CARTESIAN_POINT('',(-1.000000000001,-13.5,-17.25));
#309 = DIRECTION('',(3.491481338843E-15,1.,-1.219044193949E-29));
#310 = DIRECTION('',(3.548298019043E-15,-1.983743786545E-31,1.));
#311 = ADVANCED_FACE('',(#312),#348,.F.);
#312 = FACE_BOUND('',#313,.F.);
#313 = EDGE_LOOP('',(#314,#324,#333,#341));
#314 = ORIENTED_EDGE('',*,*,#315,.T.);
#315 = EDGE_CURVE('',#316,#318,#320,.T.);
#316 = VERTEX_POINT('',#317);
#317 = CARTESIAN_POINT('',(-1.000000000001,-13.5,-9.250000000001));
#318 = VERTEX_POINT('',#319);
#319 = CARTESIAN_POINT('',(-1.000000000001,-11.5,-9.250000000001));
#320 = LINE('',#321,#322);
#321 = CARTESIAN_POINT('',(-1.000000000001,-13.5,-9.250000000001));
#322 = VECTOR('',#323,1.);
#323 = DIRECTION('',(3.491481338843E-15,1.,-1.219044193949E-29));
#324 = ORIENTED_EDGE('',*,*,#325,.F.);
#325 = EDGE_CURVE('',#326,#318,#328,.T.);
#326 = VERTEX_POINT('',#327);
#327 = CARTESIAN_POINT('',(-1.000000000001,-11.5,-12.55));
#328 = CIRCLE('',#329,1.65);
#329 = AXIS2_PLACEMENT_3D('',#330,#331,#332);
#330 = CARTESIAN_POINT('',(-1.000000000001,-11.5,-10.9));
#331 = DIRECTION('',(3.491481338843E-15,1.,-1.219044193949E-29));
#332 = DIRECTION('',(3.548298019043E-15,-1.983743786545E-31,1.));
#333 = ORIENTED_EDGE('',*,*,#334,.F.);
#334 = EDGE_CURVE('',#335,#326,#337,.T.);
#335 = VERTEX_POINT('',#336);
#336 = CARTESIAN_POINT('',(-1.000000000001,-13.5,-12.55));
#337 = LINE('',#338,#339);
#338 = CARTESIAN_POINT('',(-1.000000000001,-13.5,-12.55));
#339 = VECTOR('',#340,1.);
#340 = DIRECTION('',(3.491481338843E-15,1.,-1.219044193949E-29));
#341 = ORIENTED_EDGE('',*,*,#342,.T.);
#342 = EDGE_CURVE('',#335,#316,#343,.T.);
#343 = CIRCLE('',#344,1.65);
#344 = AXIS2_PLACEMENT_3D('',#345,#346,#347);
#345 = CARTESIAN_POINT('',(-1.000000000001,-13.5,-10.9));
#346 = DIRECTION('',(3.491481338843E-15,1.,-1.219044193949E-29));
#347 = DIRECTION('',(3.548298019043E-15,-1.983743786545E-31,1.));
#348 = CYLINDRICAL_SURFACE('',#349,1.65);
#349 = AXIS2_PLACEMENT_3D('',#350,#351,#352);
#350 = CARTESIAN_POINT('',(-1.000000000001,-13.5,-10.9));
#351 = DIRECTION('',(3.491481338843E-15,1.,-1.219044193949E-29));
#352 = DIRECTION('',(3.548298019043E-15,-1.983743786545E-31,1.));
#353 = ADVANCED_FACE('',(#354),#390,.F.);
#354 = FACE_BOUND('',#355,.F.);
#355 = EDGE_LOOP('',(#356,#366,#375,#383));
#356 = ORIENTED_EDGE('',*,*,#357,.T.);
#357 = EDGE_CURVE('',#358,#360,#362,.T.);
#358 = VERTEX_POINT('',#359);
#359 = CARTESIAN_POINT('',(-1.000000000001,-13.5,-2.900000000001));
#360 = VERTEX_POINT('',#361);
#361 = CARTESIAN_POINT('',(-1.000000000001,-11.5,-2.900000000001));
#362 = LINE('',#363,#364);
#363 = CARTESIAN_POINT('',(-1.000000000001,-13.5,-2.900000000001));
#364 = VECTOR('',#365,1.);
#365 = DIRECTION('',(3.491481338843E-15,1.,-1.219044193949E-29));
#366 = ORIENTED_EDGE('',*,*,#367,.F.);
#367 = EDGE_CURVE('',#368,#360,#370,.T.);
#368 = VERTEX_POINT('',#369);
#369 = CARTESIAN_POINT('',(-1.000000000001,-11.5,-6.200000000001));
#370 = CIRCLE('',#371,1.65);
#371 = AXIS2_PLACEMENT_3D('',#372,#373,#374);
#372 = CARTESIAN_POINT('',(-1.000000000001,-11.5,-4.550000000001));
#373 = DIRECTION('',(3.491481338843E-15,1.,-1.219044193949E-29));
#374 = DIRECTION('',(3.548298019043E-15,-1.983743786545E-31,1.));
#375 = ORIENTED_EDGE('',*,*,#376,.F.);
#376 = EDGE_CURVE('',#377,#368,#379,.T.);
#377 = VERTEX_POINT('',#378);
#378 = CARTESIAN_POINT('',(-1.000000000001,-13.5,-6.200000000001));
#379 = LINE('',#380,#381);
#380 = CARTESIAN_POINT('',(-1.000000000001,-13.5,-6.200000000001));
#381 = VECTOR('',#382,1.);
#382 = DIRECTION('',(3.491481338843E-15,1.,-1.219044193949E-29));
#383 = ORIENTED_EDGE('',*,*,#384,.T.);
#384 = EDGE_CURVE('',#377,#358,#385,.T.);
#385 = CIRCLE('',#386,1.65);
#386 = AXIS2_PLACEMENT_3D('',#387,#388,#389);
#387 = CARTESIAN_POINT('',(-1.000000000001,-13.5,-4.550000000001));
#388 = DIRECTION('',(3.491481338843E-15,1.,-1.219044193949E-29));
#389 = DIRECTION('',(3.548298019043E-15,-1.983743786545E-31,1.));
#390 = CYLINDRICAL_SURFACE('',#391,1.65);
#391 = AXIS2_PLACEMENT_3D('',#392,#393,#394);
#392 = CARTESIAN_POINT('',(-1.000000000001,-13.5,-4.550000000001));
#393 = DIRECTION('',(3.491481338843E-15,1.,-1.219044193949E-29));
#394 = DIRECTION('',(3.548298019043E-15,-1.983743786545E-31,1.));
#395 = ADVANCED_FACE('',(#396),#432,.F.);
#396 = FACE_BOUND('',#397,.F.);
#397 = EDGE_LOOP('',(#398,#408,#417,#425));
#398 = ORIENTED_EDGE('',*,*,#399,.T.);
#399 = EDGE_CURVE('',#400,#402,#404,.T.);
#400 = VERTEX_POINT('',#401);
#401 = CARTESIAN_POINT('',(-1.000000000001,-13.5,3.449999999999));
#402 = VERTEX_POINT('',#403);
#403 = CARTESIAN_POINT('',(-1.000000000001,-11.5,3.449999999999));
#404 = LINE('',#405,#406);
#405 = CARTESIAN_POINT('',(-1.000000000001,-13.5,3.449999999999));
#406 = VECTOR('',#407,1.);
#407 = DIRECTION('',(3.491481338843E-15,1.,-1.219044193949E-29));
#408 = ORIENTED_EDGE('',*,*,#409,.F.);
#409 = EDGE_CURVE('',#410,#402,#412,.T.);
#410 = VERTEX_POINT('',#411);
#411 = CARTESIAN_POINT('',(-1.000000000001,-11.5,0.149999999999));
#412 = CIRCLE('',#413,1.65);
#413 = AXIS2_PLACEMENT_3D('',#414,#415,#416);
#414 = CARTESIAN_POINT('',(-1.000000000001,-11.5,1.799999999999));
#415 = DIRECTION('',(3.491481338843E-15,1.,-1.219044193949E-29));
#416 = DIRECTION('',(3.548298019043E-15,-1.983743786545E-31,1.));
#417 = ORIENTED_EDGE('',*,*,#418,.F.);
#418 = EDGE_CURVE('',#419,#410,#421,.T.);
#419 = VERTEX_POINT('',#420);
#420 = CARTESIAN_POINT('',(-1.000000000001,-13.5,0.149999999999));
#421 = LINE('',#422,#423);
#422 = CARTESIAN_POINT('',(-1.000000000001,-13.5,0.149999999999));
#423 = VECTOR('',#424,1.);
#424 = DIRECTION('',(3.491481338843E-15,1.,-1.219044193949E-29));
#425 = ORIENTED_EDGE('',*,*,#426,.T.);
#426 = EDGE_CURVE('',#419,#400,#427,.T.);
#427 = CIRCLE('',#428,1.65);
#428 = AXIS2_PLACEMENT_3D('',#429,#430,#431);
#429 = CARTESIAN_POINT('',(-1.000000000001,-13.5,1.799999999999));
#430 = DIRECTION('',(3.491481338843E-15,1.,-1.219044193949E-29));
#431 = DIRECTION('',(3.548298019043E-15,-1.983743786545E-31,1.));
#432 = CYLINDRICAL_SURFACE('',#433,1.65);
#433 = AXIS2_PLACEMENT_3D('',#434,#435,#436);
#434 = CARTESIAN_POINT('',(-1.000000000001,-13.5,1.799999999999));
#435 = DIRECTION('',(3.491481338843E-15,1.,-1.219044193949E-29));
#436 = DIRECTION('',(3.548298019043E-15,-1.983743786545E-31,1.));
#437 = ADVANCED_FACE('',(#438),#474,.F.);
#438 = FACE_BOUND('',#439,.F.);
#439 = EDGE_LOOP('',(#440,#450,#459,#467));
#440 = ORIENTED_EDGE('',*,*,#441,.T.);
#441 = EDGE_CURVE('',#442,#444,#446,.T.);
#442 = VERTEX_POINT('',#443);
#443 = CARTESIAN_POINT('',(-1.000000000001,-13.5,9.799999999999));
#444 = VERTEX_POINT('',#445);
#445 = CARTESIAN_POINT('',(-1.000000000001,-11.5,9.799999999999));
#446 = LINE('',#447,#448);
#447 = CARTESIAN_POINT('',(-1.000000000001,-13.5,9.799999999999));
#448 = VECTOR('',#449,1.);
#449 = DIRECTION('',(3.491481338843E-15,1.,-1.219044193949E-29));
#450 = ORIENTED_EDGE('',*,*,#451,.F.);
#451 = EDGE_CURVE('',#452,#444,#454,.T.);
#452 = VERTEX_POINT('',#453);
#453 = CARTESIAN_POINT('',(-1.000000000001,-11.5,6.499999999999));
#454 = CIRCLE('',#455,1.65);
#455 = AXIS2_PLACEMENT_3D('',#456,#457,#458);
#456 = CARTESIAN_POINT('',(-1.000000000001,-11.5,8.149999999999));
#457 = DIRECTION('',(3.491481338843E-15,1.,-1.219044193949E-29));
#458 = DIRECTION('',(3.548298019043E-15,-1.983743786545E-31,1.));
#459 = ORIENTED_EDGE('',*,*,#460,.F.);
#460 = EDGE_CURVE('',#461,#452,#463,.T.);
#461 = VERTEX_POINT('',#462);
#462 = CARTESIAN_POINT('',(-1.000000000001,-13.5,6.499999999999));
#463 = LINE('',#464,#465);
#464 = CARTESIAN_POINT('',(-1.000000000001,-13.5,6.499999999999));
#465 = VECTOR('',#466,1.);
#466 = DIRECTION('',(3.491481338843E-15,1.,-1.219044193949E-29));
#467 = ORIENTED_EDGE('',*,*,#468,.T.);
#468 = EDGE_CURVE('',#461,#442,#469,.T.);
#469 = CIRCLE('',#470,1.65);
#470 = AXIS2_PLACEMENT_3D('',#471,#472,#473);
#471 = CARTESIAN_POINT('',(-1.000000000001,-13.5,8.149999999999));
#472 = DIRECTION('',(3.491481338843E-15,1.,-1.219044193949E-29));
#473 = DIRECTION('',(3.548298019043E-15,-1.983743786545E-31,1.));
#474 = CYLINDRICAL_SURFACE('',#475,1.65);
#475 = AXIS2_PLACEMENT_3D('',#476,#477,#478);
#476 = CARTESIAN_POINT('',(-1.000000000001,-13.5,8.149999999999));
#477 = DIRECTION('',(3.491481338843E-15,1.,-1.219044193949E-29));
#478 = DIRECTION('',(3.548298019043E-15,-1.983743786545E-31,1.));
#479 = ADVANCED_FACE('',(#480),#516,.F.);
#480 = FACE_BOUND('',#481,.F.);
#481 = EDGE_LOOP('',(#482,#492,#501,#509));
#482 = ORIENTED_EDGE('',*,*,#483,.T.);
#483 = EDGE_CURVE('',#484,#486,#488,.T.);
#484 = VERTEX_POINT('',#485);
#485 = CARTESIAN_POINT('',(-1.000000000001,4.75,14.499999999999));
#486 = VERTEX_POINT('',#487);
#487 = CARTESIAN_POINT('',(-1.000000000001,4.75,12.499999999999));
#488 = LINE('',#489,#490);
#489 = CARTESIAN_POINT('',(-1.000000000001,4.75,12.499999999999));
#490 = VECTOR('',#491,1.);
#491 = DIRECTION('',(-3.491481338843E-15,0.,-1.));
#492 = ORIENTED_EDGE('',*,*,#493,.F.);
#493 = EDGE_CURVE('',#494,#486,#496,.T.);
#494 = VERTEX_POINT('',#495);
#495 = CARTESIAN_POINT('',(-1.000000000001,-2.75,12.499999999999));
#496 = CIRCLE('',#497,3.75);
#497 = AXIS2_PLACEMENT_3D('',#498,#499,#500);
#498 = CARTESIAN_POINT('',(-1.000000000001,1.,12.499999999999));
#499 = DIRECTION('',(-3.491481338843E-15,0.,-1.));
#500 = DIRECTION('',(3.469446951954E-15,1.,-1.211350928885E-29));
#501 = ORIENTED_EDGE('',*,*,#502,.F.);
#502 = EDGE_CURVE('',#503,#494,#505,.T.);
#503 = VERTEX_POINT('',#504);
#504 = CARTESIAN_POINT('',(-1.000000000001,-2.75,14.499999999999));
#505 = LINE('',#506,#507);
#506 = CARTESIAN_POINT('',(-1.000000000001,-2.75,12.499999999999));
#507 = VECTOR('',#508,1.);
#508 = DIRECTION('',(-3.491481338843E-15,0.,-1.));
#509 = ORIENTED_EDGE('',*,*,#510,.T.);
#510 = EDGE_CURVE('',#503,#484,#511,.T.);
#511 = CIRCLE('',#512,3.75);
#512 = AXIS2_PLACEMENT_3D('',#513,#514,#515);
#513 = CARTESIAN_POINT('',(-1.000000000001,1.,14.499999999999));
#514 = DIRECTION('',(-3.491481338843E-15,0.,-1.));
#515 = DIRECTION('',(3.469446951954E-15,1.,-1.211350928885E-29));
#516 = CYLINDRICAL_SURFACE('',#517,3.75);
#517 = AXIS2_PLACEMENT_3D('',#518,#519,#520);
#518 = CARTESIAN_POINT('',(-1.000000000001,1.,12.499999999999));
#519 = DIRECTION('',(-3.491481338843E-15,0.,-1.));
#520 = DIRECTION('',(3.469446951954E-15,1.,-1.211350928885E-29));
#521 = ADVANCED_FACE('',(#522,#699,#775,#809,#863,#897,#951,#1037,#1135,
    #1169,#1203,#1237,#1367,#1473,#1579,#1589,#1599,#1609,#1619,#1629,
    #1664,#1770,#1804,#1902,#2000,#2154,#2364),#2630,.F.);
#522 = FACE_BOUND('',#523,.T.);
#523 = EDGE_LOOP('',(#524,#534,#543,#552,#561,#570,#579,#588,#597,#606,
    #615,#624,#633,#642,#651,#660,#669,#677,#685,#693));
#524 = ORIENTED_EDGE('',*,*,#525,.F.);
#525 = EDGE_CURVE('',#526,#528,#530,.T.);
#526 = VERTEX_POINT('',#527);
#527 = CARTESIAN_POINT('',(9.161501312499,-7.5325,14.499999999999));
#528 = VERTEX_POINT('',#529);
#529 = CARTESIAN_POINT('',(10.235908562499,-7.5325,14.499999999999));
#530 = LINE('',#531,#532);
#531 = CARTESIAN_POINT('',(9.161501312499,-7.5325,14.499999999999));
#532 = VECTOR('',#533,1.);
#533 = DIRECTION('',(1.,-2.623082743896E-16,-3.491481338843E-15));
#534 = ORIENTED_EDGE('',*,*,#535,.F.);
#535 = EDGE_CURVE('',#536,#526,#538,.T.);
#536 = VERTEX_POINT('',#537);
#537 = CARTESIAN_POINT('',(8.163493062499,-6.986003,14.499999999999));
#538 = B_SPLINE_CURVE_WITH_KNOTS('',3,(#539,#540,#541,#542),
  .UNSPECIFIED.,.F.,.F.,(4,4),(0.904761904762,1.),
  .PIECEWISE_BEZIER_KNOTS.);
#539 = CARTESIAN_POINT('',(8.163493062499,-6.986003,14.499999999999));
#540 = CARTESIAN_POINT('',(8.834858062499,-7.07716025,14.499999999999));
#541 = CARTESIAN_POINT('',(8.771685437499,-7.5325,14.499999999999));
#542 = CARTESIAN_POINT('',(9.161501312499,-7.5325,14.499999999999));
#543 = ORIENTED_EDGE('',*,*,#544,.F.);
#544 = EDGE_CURVE('',#545,#536,#547,.T.);
#545 = VERTEX_POINT('',#546);
#546 = CARTESIAN_POINT('',(7.947757562499,-4.7666035,14.499999999999));
#547 = B_SPLINE_CURVE_WITH_KNOTS('',3,(#548,#549,#550,#551),
  .UNSPECIFIED.,.F.,.F.,(4,4),(0.857142857143,0.904761904762),
  .PIECEWISE_BEZIER_KNOTS.);
#548 = CARTESIAN_POINT('',(7.947757562499,-4.7666035,14.499999999999));
#549 = CARTESIAN_POINT('',(8.180806812499,-5.59608175,14.499999999999));
#550 = CARTESIAN_POINT('',(8.221846812499,-6.4085455,14.499999999999));
#551 = CARTESIAN_POINT('',(8.163493062499,-6.986003,14.499999999999));
#552 = ORIENTED_EDGE('',*,*,#553,.F.);
#553 = EDGE_CURVE('',#554,#545,#556,.T.);
#554 = VERTEX_POINT('',#555);
#555 = CARTESIAN_POINT('',(9.009472812499,-5.1073685,14.499999999999));
#556 = B_SPLINE_CURVE_WITH_KNOTS('',3,(#557,#558,#559,#560),
  .UNSPECIFIED.,.F.,.F.,(4,4),(0.809523809524,0.857142857143),
  .PIECEWISE_BEZIER_KNOTS.);
#557 = CARTESIAN_POINT('',(9.009472812499,-5.1073685,14.499999999999));
#558 = CARTESIAN_POINT('',(8.636189312499,-4.9068805,14.499999999999));
#559 = CARTESIAN_POINT('',(8.271436812499,-4.810598,14.499999999999));
#560 = CARTESIAN_POINT('',(7.947757562499,-4.7666035,14.499999999999));
#561 = ORIENTED_EDGE('',*,*,#562,.F.);
#562 = EDGE_CURVE('',#563,#554,#565,.T.);
#563 = VERTEX_POINT('',#564);
#564 = CARTESIAN_POINT('',(8.465137062499,-4.0564405,14.499999999999));
#565 = B_SPLINE_CURVE_WITH_KNOTS('',3,(#566,#567,#568,#569),
  .UNSPECIFIED.,.F.,.F.,(4,4),(0.761904761905,0.809523809524),
  .PIECEWISE_BEZIER_KNOTS.);
#566 = CARTESIAN_POINT('',(8.465137062499,-4.0564405,14.499999999999));
#567 = CARTESIAN_POINT('',(8.738349937499,-4.411149125,14.499999999999)
  );
#568 = CARTESIAN_POINT('',(8.943960812499,-4.8081945,14.499999999999));
#569 = CARTESIAN_POINT('',(9.009472812499,-5.1073685,14.499999999999));
#570 = ORIENTED_EDGE('',*,*,#571,.F.);
#571 = EDGE_CURVE('',#572,#563,#574,.T.);
#572 = VERTEX_POINT('',#573);
#573 = CARTESIAN_POINT('',(9.406031312499,-3.45386025,14.499999999999));
#574 = B_SPLINE_CURVE_WITH_KNOTS('',3,(#575,#576,#577,#578),
  .UNSPECIFIED.,.F.,.F.,(4,4),(0.714285714286,0.761904761905),
  .PIECEWISE_BEZIER_KNOTS.);
#575 = CARTESIAN_POINT('',(9.406031312499,-3.45386025,14.499999999999));
#576 = CARTESIAN_POINT('',(8.977248812499,-3.6814185,14.499999999999));
#577 = CARTESIAN_POINT('',(8.701782062499,-3.845664,14.499999999999));
#578 = CARTESIAN_POINT('',(8.465137062499,-4.0564405,14.499999999999));
#579 = ORIENTED_EDGE('',*,*,#580,.F.);
#580 = EDGE_CURVE('',#581,#572,#583,.T.);
#581 = VERTEX_POINT('',#582);
#582 = CARTESIAN_POINT('',(8.016178937499,-3.184181375,14.499999999999)
  );
#583 = B_SPLINE_CURVE_WITH_KNOTS('',3,(#584,#585,#586,#587),
  .UNSPECIFIED.,.F.,.F.,(4,4),(0.666666666667,0.714285714286),
  .PIECEWISE_BEZIER_KNOTS.);
#584 = CARTESIAN_POINT('',(8.016178937499,-3.184181375,14.499999999999)
  );
#585 = CARTESIAN_POINT('',(8.530399687499,-3.147003125,14.499999999999)
  );
#586 = CARTESIAN_POINT('',(9.105095062499,-3.287484375,14.499999999999)
  );
#587 = CARTESIAN_POINT('',(9.406031312499,-3.45386025,14.499999999999));
#588 = ORIENTED_EDGE('',*,*,#589,.F.);
#589 = EDGE_CURVE('',#590,#581,#592,.T.);
#590 = VERTEX_POINT('',#591);
#591 = CARTESIAN_POINT('',(6.998087687499,-2.172725875,14.499999999999)
  );
#592 = B_SPLINE_CURVE_WITH_KNOTS('',3,(#593,#594,#595,#596),
  .UNSPECIFIED.,.F.,.F.,(4,4),(0.619047619048,0.666666666667),
  .PIECEWISE_BEZIER_KNOTS.);
#593 = CARTESIAN_POINT('',(6.998087687499,-2.172725875,14.499999999999)
  );
#594 = CARTESIAN_POINT('',(7.281577187499,-2.342875625,14.499999999999)
  );
#595 = CARTESIAN_POINT('',(7.746013187499,-2.762500125,14.499999999999)
  );
#596 = CARTESIAN_POINT('',(8.016178937499,-3.184181375,14.499999999999)
  );
#597 = ORIENTED_EDGE('',*,*,#598,.F.);
#598 = EDGE_CURVE('',#599,#590,#601,.T.);
#599 = VERTEX_POINT('',#600);
#600 = CARTESIAN_POINT('',(6.847669437499,-3.365902125,14.499999999999)
  );
#601 = B_SPLINE_CURVE_WITH_KNOTS('',3,(#602,#603,#604,#605),
  .UNSPECIFIED.,.F.,.F.,(4,4),(0.571428571429,0.619047619048),
  .PIECEWISE_BEZIER_KNOTS.);
#602 = CARTESIAN_POINT('',(6.847669437499,-3.365902125,14.499999999999)
  );
#603 = CARTESIAN_POINT('',(6.943702562499,-3.032931875,14.499999999999)
  );
#604 = CARTESIAN_POINT('',(6.975399312499,-2.619373125,14.499999999999)
  );
#605 = CARTESIAN_POINT('',(6.998087687499,-2.172725875,14.499999999999)
  );
#606 = ORIENTED_EDGE('',*,*,#607,.F.);
#607 = EDGE_CURVE('',#608,#599,#610,.T.);
#608 = VERTEX_POINT('',#609);
#609 = CARTESIAN_POINT('',(5.586606187499,-3.919327,14.499999999999));
#610 = B_SPLINE_CURVE_WITH_KNOTS('',3,(#611,#612,#613,#614),
  .UNSPECIFIED.,.F.,.F.,(4,4),(0.52380952381,0.571428571429),
  .PIECEWISE_BEZIER_KNOTS.);
#611 = CARTESIAN_POINT('',(5.586606187499,-3.919327,14.499999999999));
#612 = CARTESIAN_POINT('',(5.848668437499,-3.696825125,14.499999999999)
  );
#613 = CARTESIAN_POINT('',(6.353218187499,-3.451364125,14.499999999999)
  );
#614 = CARTESIAN_POINT('',(6.847669437499,-3.365902125,14.499999999999)
  );
#615 = ORIENTED_EDGE('',*,*,#616,.F.);
#616 = EDGE_CURVE('',#617,#608,#619,.T.);
#617 = VERTEX_POINT('',#618);
#618 = CARTESIAN_POINT('',(6.653088062499,-4.27294075,14.499999999999));
#619 = B_SPLINE_CURVE_WITH_KNOTS('',3,(#620,#621,#622,#623),
  .UNSPECIFIED.,.F.,.F.,(4,4),(0.47619047619,0.52380952381),
  .PIECEWISE_BEZIER_KNOTS.);
#620 = CARTESIAN_POINT('',(6.653088062499,-4.27294075,14.499999999999));
#621 = CARTESIAN_POINT('',(6.367287687499,-4.136480375,14.499999999999)
  );
#622 = CARTESIAN_POINT('',(6.009016562499,-4.008653125,14.499999999999)
  );
#623 = CARTESIAN_POINT('',(5.586606187499,-3.919327,14.499999999999));
#624 = ORIENTED_EDGE('',*,*,#625,.F.);
#625 = EDGE_CURVE('',#626,#617,#628,.T.);
#626 = VERTEX_POINT('',#627);
#627 = CARTESIAN_POINT('',(6.376559687499,-5.42080675,14.499999999999));
#628 = B_SPLINE_CURVE_WITH_KNOTS('',3,(#629,#630,#631,#632),
  .UNSPECIFIED.,.F.,.F.,(4,4),(0.428571428571,0.47619047619),
  .PIECEWISE_BEZIER_KNOTS.);
#629 = CARTESIAN_POINT('',(6.376559687499,-5.42080675,14.499999999999));
#630 = CARTESIAN_POINT('',(6.400656437499,-5.12824475,14.499999999999));
#631 = CARTESIAN_POINT('',(6.480083562499,-4.68696975,14.499999999999));
#632 = CARTESIAN_POINT('',(6.653088062499,-4.27294075,14.499999999999));
#633 = ORIENTED_EDGE('',*,*,#634,.F.);
#634 = EDGE_CURVE('',#635,#626,#637,.T.);
#635 = VERTEX_POINT('',#636);
#636 = CARTESIAN_POINT('',(7.446357062499,-4.78528525,14.499999999999));
#637 = B_SPLINE_CURVE_WITH_KNOTS('',3,(#638,#639,#640,#641),
  .UNSPECIFIED.,.F.,.F.,(4,4),(0.380952380952,0.428571428571),
  .PIECEWISE_BEZIER_KNOTS.);
#638 = CARTESIAN_POINT('',(7.446357062499,-4.78528525,14.499999999999));
#639 = CARTESIAN_POINT('',(7.116293812499,-4.89072575,14.499999999999));
#640 = CARTESIAN_POINT('',(6.761910562499,-5.07603275,14.499999999999));
#641 = CARTESIAN_POINT('',(6.376559687499,-5.42080675,14.499999999999));
#642 = ORIENTED_EDGE('',*,*,#643,.F.);
#643 = EDGE_CURVE('',#644,#635,#646,.T.);
#644 = VERTEX_POINT('',#645);
#645 = CARTESIAN_POINT('',(7.254815687499,-7.015341375,14.499999999999)
  );
#646 = B_SPLINE_CURVE_WITH_KNOTS('',3,(#647,#648,#649,#650),
  .UNSPECIFIED.,.F.,.F.,(4,4),(0.333333333333,0.380952380952),
  .PIECEWISE_BEZIER_KNOTS.);
#647 = CARTESIAN_POINT('',(7.254815687499,-7.015341375,14.499999999999)
  );
#648 = CARTESIAN_POINT('',(7.524751062499,-6.27479025,14.499999999999));
#649 = CARTESIAN_POINT('',(7.616806062499,-5.62807775,14.499999999999));
#650 = CARTESIAN_POINT('',(7.446357062499,-4.78528525,14.499999999999));
#651 = ORIENTED_EDGE('',*,*,#652,.F.);
#652 = EDGE_CURVE('',#653,#644,#655,.T.);
#653 = VERTEX_POINT('',#654);
#654 = CARTESIAN_POINT('',(6.601123062499,-7.172642375,14.499999999999)
  );
#655 = B_SPLINE_CURVE_WITH_KNOTS('',3,(#656,#657,#658,#659),
  .UNSPECIFIED.,.F.,.F.,(4,4),(0.285714285714,0.333333333333),
  .PIECEWISE_BEZIER_KNOTS.);
#656 = CARTESIAN_POINT('',(6.601123062499,-7.172642375,14.499999999999)
  );
#657 = CARTESIAN_POINT('',(6.798820437499,-7.082164375,14.499999999999)
  );
#658 = CARTESIAN_POINT('',(7.023314937499,-7.037823125,14.499999999999)
  );
#659 = CARTESIAN_POINT('',(7.254815687499,-7.015341375,14.499999999999)
  );
#660 = ORIENTED_EDGE('',*,*,#661,.F.);
#661 = EDGE_CURVE('',#662,#653,#664,.T.);
#662 = VERTEX_POINT('',#663);
#663 = CARTESIAN_POINT('',(5.985226187499,-7.5325,14.499999999999));
#664 = B_SPLINE_CURVE_WITH_KNOTS('',3,(#665,#666,#667,#668),
  .UNSPECIFIED.,.F.,.F.,(4,4),(0.238095238095,0.285714285714),
  .PIECEWISE_BEZIER_KNOTS.);
#665 = CARTESIAN_POINT('',(5.985226187499,-7.5325,14.499999999999));
#666 = CARTESIAN_POINT('',(6.246148437499,-7.5325,14.499999999999));
#667 = CARTESIAN_POINT('',(6.399065187499,-7.266549875,14.499999999999)
  );
#668 = CARTESIAN_POINT('',(6.601123062499,-7.172642375,14.499999999999)
  );
#669 = ORIENTED_EDGE('',*,*,#670,.F.);
#670 = EDGE_CURVE('',#671,#662,#673,.T.);
#671 = VERTEX_POINT('',#672);
#672 = CARTESIAN_POINT('',(4.764091437499,-7.5325,14.499999999999));
#673 = LINE('',#674,#675);
#674 = CARTESIAN_POINT('',(4.764091437499,-7.5325,14.499999999999));
#675 = VECTOR('',#676,1.);
#676 = DIRECTION('',(1.,5.997658989241E-17,-3.491481338843E-15));
#677 = ORIENTED_EDGE('',*,*,#678,.F.);
#678 = EDGE_CURVE('',#679,#671,#681,.T.);
#679 = VERTEX_POINT('',#680);
#680 = CARTESIAN_POINT('',(4.764091437499,-1.5,14.499999999999));
#681 = LINE('',#682,#683);
#682 = CARTESIAN_POINT('',(4.764091437499,-1.5,14.499999999999));
#683 = VECTOR('',#684,1.);
#684 = DIRECTION('',(-4.072597842512E-17,-1.,1.421939936774E-31));
#685 = ORIENTED_EDGE('',*,*,#686,.F.);
#686 = EDGE_CURVE('',#687,#679,#689,.T.);
#687 = VERTEX_POINT('',#688);
#688 = CARTESIAN_POINT('',(10.235908562499,-1.5,14.499999999999));
#689 = LINE('',#690,#691);
#690 = CARTESIAN_POINT('',(10.235908562499,-1.5,14.499999999999));
#691 = VECTOR('',#692,1.);
#692 = DIRECTION('',(-1.,4.164822258182E-18,3.491481338843E-15));
#693 = ORIENTED_EDGE('',*,*,#694,.F.);
#694 = EDGE_CURVE('',#528,#687,#695,.T.);
#695 = LINE('',#696,#697);
#696 = CARTESIAN_POINT('',(10.235908562499,-7.5325,14.499999999999));
#697 = VECTOR('',#698,1.);
#698 = DIRECTION('',(4.072597842512E-17,1.,-1.421939936774E-31));
#699 = FACE_BOUND('',#700,.T.);
#700 = EDGE_LOOP('',(#701,#711,#720,#728,#737,#745,#753,#761,#769));
#701 = ORIENTED_EDGE('',*,*,#702,.F.);
#702 = EDGE_CURVE('',#703,#705,#707,.T.);
#703 = VERTEX_POINT('',#704);
#704 = CARTESIAN_POINT('',(5.271864062499,-8.022241625,14.499999999999)
  );
#705 = VERTEX_POINT('',#706);
#706 = CARTESIAN_POINT('',(4.764091437499,-8.022241625,14.499999999999)
  );
#707 = LINE('',#708,#709);
#708 = CARTESIAN_POINT('',(5.228285187499,-8.022241625,14.499999999999)
  );
#709 = VECTOR('',#710,1.);
#710 = DIRECTION('',(-1.,-2.455863747502E-16,3.491481338843E-15));
#711 = ORIENTED_EDGE('',*,*,#712,.F.);
#712 = EDGE_CURVE('',#713,#703,#715,.T.);
#713 = VERTEX_POINT('',#714);
#714 = CARTESIAN_POINT('',(5.837425187499,-8.532857125,14.499999999999)
  );
#715 = B_SPLINE_CURVE_WITH_KNOTS('',3,(#716,#717,#718,#719),
  .UNSPECIFIED.,.F.,.F.,(4,4),(0.846153846154,1.),
  .PIECEWISE_BEZIER_KNOTS.);
#716 = CARTESIAN_POINT('',(5.837425187499,-8.532857125,14.499999999999)
  );
#717 = CARTESIAN_POINT('',(5.837425187499,-8.230655,14.499999999999));
#718 = CARTESIAN_POINT('',(5.624273687499,-8.022241625,14.499999999999)
  );
#719 = CARTESIAN_POINT('',(5.271864062499,-8.022241625,14.499999999999)
  );
#720 = ORIENTED_EDGE('',*,*,#721,.F.);
#721 = EDGE_CURVE('',#722,#713,#724,.T.);
#722 = VERTEX_POINT('',#723);
#723 = CARTESIAN_POINT('',(5.837425187499,-8.53664525,14.499999999999));
#724 = LINE('',#725,#726);
#725 = CARTESIAN_POINT('',(5.837425187499,-8.53664525,14.499999999999));
#726 = VECTOR('',#727,1.);
#727 = DIRECTION('',(3.491481338843E-15,1.,-1.219044193949E-29));
#728 = ORIENTED_EDGE('',*,*,#729,.F.);
#729 = EDGE_CURVE('',#730,#722,#732,.T.);
#730 = VERTEX_POINT('',#731);
#731 = CARTESIAN_POINT('',(5.240601937499,-9.05578225,14.499999999999));
#732 = B_SPLINE_CURVE_WITH_KNOTS('',3,(#733,#734,#735,#736),
  .UNSPECIFIED.,.F.,.F.,(4,4),(0.692307692308,0.769230769231),
  .PIECEWISE_BEZIER_KNOTS.);
#733 = CARTESIAN_POINT('',(5.240601937499,-9.05578225,14.499999999999));
#734 = CARTESIAN_POINT('',(5.572168562499,-9.05578225,14.499999999999));
#735 = CARTESIAN_POINT('',(5.837425187499,-8.878633375,14.499999999999)
  );
#736 = CARTESIAN_POINT('',(5.837425187499,-8.53664525,14.499999999999));
#737 = ORIENTED_EDGE('',*,*,#738,.F.);
#738 = EDGE_CURVE('',#739,#730,#741,.T.);
#739 = VERTEX_POINT('',#740);
#740 = CARTESIAN_POINT('',(5.228285187499,-9.05578225,14.499999999999));
#741 = LINE('',#742,#743);
#742 = CARTESIAN_POINT('',(5.234918562499,-9.05578225,14.499999999999));
#743 = VECTOR('',#744,1.);
#744 = DIRECTION('',(1.,-3.491481338843E-15,-3.491481338843E-15));
#745 = ORIENTED_EDGE('',*,*,#746,.F.);
#746 = EDGE_CURVE('',#747,#739,#749,.T.);
#747 = VERTEX_POINT('',#748);
#748 = CARTESIAN_POINT('',(5.089027062499,-9.055787,14.499999999999));
#749 = LINE('',#750,#751);
#750 = CARTESIAN_POINT('',(5.089027062499,-9.055787,14.499999999999));
#751 = VECTOR('',#752,1.);
#752 = DIRECTION('',(0.999999999418,3.41093203741E-05,
    -3.491481336812E-15));
#753 = ORIENTED_EDGE('',*,*,#754,.F.);
#754 = EDGE_CURVE('',#755,#747,#757,.T.);
#755 = VERTEX_POINT('',#756);
#756 = CARTESIAN_POINT('',(5.089027062499,-9.5654525,14.499999999999));
#757 = LINE('',#758,#759);
#758 = CARTESIAN_POINT('',(5.089027062499,-9.5654525,14.499999999999));
#759 = VECTOR('',#760,1.);
#760 = DIRECTION('',(3.491481338843E-15,1.,-1.219044193949E-29));
#761 = ORIENTED_EDGE('',*,*,#762,.F.);
#762 = EDGE_CURVE('',#763,#755,#765,.T.);
#763 = VERTEX_POINT('',#764);
#764 = CARTESIAN_POINT('',(4.764091437499,-9.5654525,14.499999999999));
#765 = LINE('',#766,#767);
#766 = CARTESIAN_POINT('',(4.764091437499,-9.5654525,14.499999999999));
#767 = VECTOR('',#768,1.);
#768 = DIRECTION('',(1.,5.12519782864E-16,-3.491481338843E-15));
#769 = ORIENTED_EDGE('',*,*,#770,.F.);
#770 = EDGE_CURVE('',#705,#763,#771,.T.);
#771 = LINE('',#772,#773);
#772 = CARTESIAN_POINT('',(4.764091437499,-8.022241625,14.499999999999)
  );
#773 = VECTOR('',#774,1.);
#774 = DIRECTION('',(1.004919001718E-15,-1.,-3.508655941546E-30));
#775 = FACE_BOUND('',#776,.T.);
#776 = EDGE_LOOP('',(#777,#787,#795,#803));
#777 = ORIENTED_EDGE('',*,*,#778,.F.);
#778 = EDGE_CURVE('',#779,#781,#783,.T.);
#779 = VERTEX_POINT('',#780);
#780 = CARTESIAN_POINT('',(8.798800812499,-9.5654525,14.499999999999));
#781 = VERTEX_POINT('',#782);
#782 = CARTESIAN_POINT('',(9.119000687499,-9.5654525,14.499999999999));
#783 = LINE('',#784,#785);
#784 = CARTESIAN_POINT('',(9.119000687499,-9.5654525,14.499999999999));
#785 = VECTOR('',#786,1.);
#786 = DIRECTION('',(1.,-7.826678579247E-16,-3.491481338843E-15));
#787 = ORIENTED_EDGE('',*,*,#788,.F.);
#788 = EDGE_CURVE('',#789,#779,#791,.T.);
#789 = VERTEX_POINT('',#790);
#790 = CARTESIAN_POINT('',(8.798800812499,-8.022241625,14.499999999999)
  );
#791 = LINE('',#792,#793);
#792 = CARTESIAN_POINT('',(8.798800812499,-9.5654525,14.499999999999));
#793 = VECTOR('',#794,1.);
#794 = DIRECTION('',(-1.243281168563E-15,-1.,4.340892998972E-30));
#795 = ORIENTED_EDGE('',*,*,#796,.F.);
#796 = EDGE_CURVE('',#797,#789,#799,.T.);
#797 = VERTEX_POINT('',#798);
#798 = CARTESIAN_POINT('',(9.119000687499,-8.022241625,14.499999999999)
  );
#799 = LINE('',#800,#801);
#800 = CARTESIAN_POINT('',(8.798800812499,-8.022241625,14.499999999999)
  );
#801 = VECTOR('',#802,1.);
#802 = DIRECTION('',(-1.,-1.926145622994E-15,3.491481338843E-15));
#803 = ORIENTED_EDGE('',*,*,#804,.F.);
#804 = EDGE_CURVE('',#781,#797,#805,.T.);
#805 = LINE('',#806,#807);
#806 = CARTESIAN_POINT('',(9.119000687499,-8.022241625,14.499999999999)
  );
#807 = VECTOR('',#808,1.);
#808 = DIRECTION('',(-1.004919001718E-15,1.,3.508655941546E-30));
#809 = FACE_BOUND('',#810,.T.);
#810 = EDGE_LOOP('',(#811,#822,#831,#839,#848,#857));
#811 = ORIENTED_EDGE('',*,*,#812,.F.);
#812 = EDGE_CURVE('',#813,#815,#817,.T.);
#813 = VERTEX_POINT('',#814);
#814 = CARTESIAN_POINT('',(8.105345937499,-9.5654525,14.499999999999));
#815 = VERTEX_POINT('',#816);
#816 = CARTESIAN_POINT('',(8.633013937499,-9.059575125,14.499999999999)
  );
#817 = B_SPLINE_CURVE_WITH_KNOTS('',3,(#818,#819,#820,#821),
  .UNSPECIFIED.,.F.,.F.,(4,4),(0.571428571429,0.714285714286),
  .PIECEWISE_BEZIER_KNOTS.);
#818 = CARTESIAN_POINT('',(8.105345937499,-9.5654525,14.499999999999));
#819 = CARTESIAN_POINT('',(8.408495687499,-9.5654525,14.499999999999));
#820 = CARTESIAN_POINT('',(8.633013937499,-9.339039,14.499999999999));
#821 = CARTESIAN_POINT('',(8.633013937499,-9.059575125,14.499999999999)
  );
#822 = ORIENTED_EDGE('',*,*,#823,.F.);
#823 = EDGE_CURVE('',#824,#813,#826,.T.);
#824 = VERTEX_POINT('',#825);
#825 = CARTESIAN_POINT('',(7.581470812499,-9.06336325,14.499999999999));
#826 = B_SPLINE_CURVE_WITH_KNOTS('',3,(#827,#828,#829,#830),
  .UNSPECIFIED.,.F.,.F.,(4,4),(0.714285714286,1.),
  .PIECEWISE_BEZIER_KNOTS.);
#827 = CARTESIAN_POINT('',(7.581470812499,-9.06336325,14.499999999999));
#828 = CARTESIAN_POINT('',(7.581470812499,-9.3428295,14.499999999999));
#829 = CARTESIAN_POINT('',(7.804096187499,-9.5654525,14.499999999999));
#830 = CARTESIAN_POINT('',(8.105345937499,-9.5654525,14.499999999999));
#831 = ORIENTED_EDGE('',*,*,#832,.F.);
#832 = EDGE_CURVE('',#833,#824,#835,.T.);
#833 = VERTEX_POINT('',#834);
#834 = CARTESIAN_POINT('',(7.581470812499,-9.059575125,14.499999999999)
  );
#835 = LINE('',#836,#837);
#836 = CARTESIAN_POINT('',(7.581470812499,-9.06336325,14.499999999999));
#837 = VECTOR('',#838,1.);
#838 = DIRECTION('',(-3.491481338843E-15,-1.,1.219044193949E-29));
#839 = ORIENTED_EDGE('',*,*,#840,.F.);
#840 = EDGE_CURVE('',#841,#833,#843,.T.);
#841 = VERTEX_POINT('',#842);
#842 = CARTESIAN_POINT('',(8.109138812499,-8.55369775,14.499999999999));
#843 = B_SPLINE_CURVE_WITH_KNOTS('',3,(#844,#845,#846,#847),
  .UNSPECIFIED.,.F.,.F.,(4,4),(0.142857142857,0.285714285714),
  .PIECEWISE_BEZIER_KNOTS.);
#844 = CARTESIAN_POINT('',(8.109138812499,-8.55369775,14.499999999999));
#845 = CARTESIAN_POINT('',(7.805986687499,-8.55369775,14.499999999999));
#846 = CARTESIAN_POINT('',(7.581470812499,-8.78011125,14.499999999999));
#847 = CARTESIAN_POINT('',(7.581470812499,-9.059575125,14.499999999999)
  );
#848 = ORIENTED_EDGE('',*,*,#849,.F.);
#849 = EDGE_CURVE('',#850,#841,#852,.T.);
#850 = VERTEX_POINT('',#851);
#851 = CARTESIAN_POINT('',(8.633013937499,-9.055787,14.499999999999));
#852 = B_SPLINE_CURVE_WITH_KNOTS('',3,(#853,#854,#855,#856),
  .UNSPECIFIED.,.F.,.F.,(4,4),(0.285714285714,0.428571428571),
  .PIECEWISE_BEZIER_KNOTS.);
#853 = CARTESIAN_POINT('',(8.633013937499,-9.055787,14.499999999999));
#854 = CARTESIAN_POINT('',(8.633013937499,-8.77632075,14.499999999999));
#855 = CARTESIAN_POINT('',(8.410390937499,-8.55369775,14.499999999999));
#856 = CARTESIAN_POINT('',(8.109138812499,-8.55369775,14.499999999999));
#857 = ORIENTED_EDGE('',*,*,#858,.F.);
#858 = EDGE_CURVE('',#815,#850,#859,.T.);
#859 = LINE('',#860,#861);
#860 = CARTESIAN_POINT('',(8.633013937499,-9.055787,14.499999999999));
#861 = VECTOR('',#862,1.);
#862 = DIRECTION('',(3.491481338843E-15,1.,-1.219044193949E-29));
#863 = FACE_BOUND('',#864,.T.);
#864 = EDGE_LOOP('',(#865,#875,#883,#891));
#865 = ORIENTED_EDGE('',*,*,#866,.F.);
#866 = EDGE_CURVE('',#867,#869,#871,.T.);
#867 = VERTEX_POINT('',#868);
#868 = CARTESIAN_POINT('',(7.077488687499,-9.5654525,14.499999999999));
#869 = VERTEX_POINT('',#870);
#870 = CARTESIAN_POINT('',(7.397688562499,-9.5654525,14.499999999999));
#871 = LINE('',#872,#873);
#872 = CARTESIAN_POINT('',(7.397688562499,-9.5654525,14.499999999999));
#873 = VECTOR('',#874,1.);
#874 = DIRECTION('',(1.,5.717388825345E-16,-3.491481338843E-15));
#875 = ORIENTED_EDGE('',*,*,#876,.F.);
#876 = EDGE_CURVE('',#877,#867,#879,.T.);
#877 = VERTEX_POINT('',#878);
#878 = CARTESIAN_POINT('',(7.077488687499,-8.022241625,14.499999999999)
  );
#879 = LINE('',#880,#881);
#880 = CARTESIAN_POINT('',(7.077488687499,-9.5654525,14.499999999999));
#881 = VECTOR('',#882,1.);
#882 = DIRECTION('',(-1.243281168563E-15,-1.,4.340892998972E-30));
#883 = ORIENTED_EDGE('',*,*,#884,.F.);
#884 = EDGE_CURVE('',#885,#877,#887,.T.);
#885 = VERTEX_POINT('',#886);
#886 = CARTESIAN_POINT('',(7.397688562499,-8.022241625,14.499999999999)
  );
#887 = LINE('',#888,#889);
#888 = CARTESIAN_POINT('',(7.077488687499,-8.022241625,14.499999999999)
  );
#889 = VECTOR('',#890,1.);
#890 = DIRECTION('',(-1.,-1.926145622994E-15,3.491481338843E-15));
#891 = ORIENTED_EDGE('',*,*,#892,.F.);
#892 = EDGE_CURVE('',#869,#885,#893,.T.);
#893 = LINE('',#894,#895);
#894 = CARTESIAN_POINT('',(7.397688562499,-8.022241625,14.499999999999)
  );
#895 = VECTOR('',#896,1.);
#896 = DIRECTION('',(-1.004919001718E-15,1.,3.508655941546E-30));
#897 = FACE_BOUND('',#898,.T.);
#898 = EDGE_LOOP('',(#899,#910,#919,#927,#936,#945));
#899 = ORIENTED_EDGE('',*,*,#900,.F.);
#900 = EDGE_CURVE('',#901,#903,#905,.T.);
#901 = VERTEX_POINT('',#902);
#902 = CARTESIAN_POINT('',(6.374562312499,-9.5654525,14.499999999999));
#903 = VERTEX_POINT('',#904);
#904 = CARTESIAN_POINT('',(6.902230312499,-9.059575125,14.499999999999)
  );
#905 = B_SPLINE_CURVE_WITH_KNOTS('',3,(#906,#907,#908,#909),
  .UNSPECIFIED.,.F.,.F.,(4,4),(0.571428571429,0.714285714286),
  .PIECEWISE_BEZIER_KNOTS.);
#906 = CARTESIAN_POINT('',(6.374562312499,-9.5654525,14.499999999999));
#907 = CARTESIAN_POINT('',(6.677712062499,-9.5654525,14.499999999999));
#908 = CARTESIAN_POINT('',(6.902230312499,-9.339039,14.499999999999));
#909 = CARTESIAN_POINT('',(6.902230312499,-9.059575125,14.499999999999)
  );
#910 = ORIENTED_EDGE('',*,*,#911,.F.);
#911 = EDGE_CURVE('',#912,#901,#914,.T.);
#912 = VERTEX_POINT('',#913);
#913 = CARTESIAN_POINT('',(5.850684812499,-9.06336325,14.499999999999));
#914 = B_SPLINE_CURVE_WITH_KNOTS('',3,(#915,#916,#917,#918),
  .UNSPECIFIED.,.F.,.F.,(4,4),(0.714285714286,1.),
  .PIECEWISE_BEZIER_KNOTS.);
#915 = CARTESIAN_POINT('',(5.850684812499,-9.06336325,14.499999999999));
#916 = CARTESIAN_POINT('',(5.850684812499,-9.3428295,14.499999999999));
#917 = CARTESIAN_POINT('',(6.073312562499,-9.5654525,14.499999999999));
#918 = CARTESIAN_POINT('',(6.374562312499,-9.5654525,14.499999999999));
#919 = ORIENTED_EDGE('',*,*,#920,.F.);
#920 = EDGE_CURVE('',#921,#912,#923,.T.);
#921 = VERTEX_POINT('',#922);
#922 = CARTESIAN_POINT('',(5.850684812499,-9.059575125,14.499999999999)
  );
#923 = LINE('',#924,#925);
#924 = CARTESIAN_POINT('',(5.850684812499,-9.06336325,14.499999999999));
#925 = VECTOR('',#926,1.);
#926 = DIRECTION('',(-3.491481338843E-15,-1.,1.219044193949E-29));
#927 = ORIENTED_EDGE('',*,*,#928,.F.);
#928 = EDGE_CURVE('',#929,#921,#931,.T.);
#929 = VERTEX_POINT('',#930);
#930 = CARTESIAN_POINT('',(6.378352812499,-8.55369775,14.499999999999));
#931 = B_SPLINE_CURVE_WITH_KNOTS('',3,(#932,#933,#934,#935),
  .UNSPECIFIED.,.F.,.F.,(4,4),(0.142857142857,0.285714285714),
  .PIECEWISE_BEZIER_KNOTS.);
#932 = CARTESIAN_POINT('',(6.378352812499,-8.55369775,14.499999999999));
#933 = CARTESIAN_POINT('',(6.075203062499,-8.55369775,14.499999999999));
#934 = CARTESIAN_POINT('',(5.850684812499,-8.78011125,14.499999999999));
#935 = CARTESIAN_POINT('',(5.850684812499,-9.059575125,14.499999999999)
  );
#936 = ORIENTED_EDGE('',*,*,#937,.F.);
#937 = EDGE_CURVE('',#938,#929,#940,.T.);
#938 = VERTEX_POINT('',#939);
#939 = CARTESIAN_POINT('',(6.902230312499,-9.055787,14.499999999999));
#940 = B_SPLINE_CURVE_WITH_KNOTS('',3,(#941,#942,#943,#944),
  .UNSPECIFIED.,.F.,.F.,(4,4),(0.285714285714,0.428571428571),
  .PIECEWISE_BEZIER_KNOTS.);
#941 = CARTESIAN_POINT('',(6.902230312499,-9.055787,14.499999999999));
#942 = CARTESIAN_POINT('',(6.902230312499,-8.77632075,14.499999999999));
#943 = CARTESIAN_POINT('',(6.679604937499,-8.55369775,14.499999999999));
#944 = CARTESIAN_POINT('',(6.378352812499,-8.55369775,14.499999999999));
#945 = ORIENTED_EDGE('',*,*,#946,.F.);
#946 = EDGE_CURVE('',#903,#938,#947,.T.);
#947 = LINE('',#948,#949);
#948 = CARTESIAN_POINT('',(6.902230312499,-9.055787,14.499999999999));
#949 = VECTOR('',#950,1.);
#950 = DIRECTION('',(3.491481338843E-15,1.,-1.219044193949E-29));
#951 = FACE_BOUND('',#952,.T.);
#952 = EDGE_LOOP('',(#953,#964,#973,#981,#989,#997,#1006,#1015,#1023,
    #1031));
#953 = ORIENTED_EDGE('',*,*,#954,.F.);
#954 = EDGE_CURVE('',#955,#957,#959,.T.);
#955 = VERTEX_POINT('',#956);
#956 = CARTESIAN_POINT('',(9.770767187499,-9.5654525,14.499999999999));
#957 = VERTEX_POINT('',#958);
#958 = CARTESIAN_POINT('',(10.235908562499,-9.10409925,14.499999999999)
  );
#959 = B_SPLINE_CURVE_WITH_KNOTS('',3,(#960,#961,#962,#963),
  .UNSPECIFIED.,.F.,.F.,(4,4),(0.727272727273,0.818181818182),
  .PIECEWISE_BEZIER_KNOTS.);
#960 = CARTESIAN_POINT('',(9.770767187499,-9.5654525,14.499999999999));
#961 = CARTESIAN_POINT('',(10.053071562499,-9.5654525,14.499999999999));
#962 = CARTESIAN_POINT('',(10.235908562499,-9.4233515,14.499999999999));
#963 = CARTESIAN_POINT('',(10.235908562499,-9.10409925,14.499999999999)
  );
#964 = ORIENTED_EDGE('',*,*,#965,.F.);
#965 = EDGE_CURVE('',#966,#955,#968,.T.);
#966 = VERTEX_POINT('',#967);
#967 = CARTESIAN_POINT('',(9.311309187499,-9.111677875,14.499999999999)
  );
#968 = B_SPLINE_CURVE_WITH_KNOTS('',3,(#969,#970,#971,#972),
  .UNSPECIFIED.,.F.,.F.,(4,4),(0.818181818182,1.),
  .PIECEWISE_BEZIER_KNOTS.);
#969 = CARTESIAN_POINT('',(9.311309187499,-9.111677875,14.499999999999)
  );
#970 = CARTESIAN_POINT('',(9.311309187499,-9.422403875,14.499999999999)
  );
#971 = CARTESIAN_POINT('',(9.489408062499,-9.5654525,14.499999999999));
#972 = CARTESIAN_POINT('',(9.770767187499,-9.5654525,14.499999999999));
#973 = ORIENTED_EDGE('',*,*,#974,.F.);
#974 = EDGE_CURVE('',#975,#966,#977,.T.);
#975 = VERTEX_POINT('',#976);
#976 = CARTESIAN_POINT('',(9.311309187499,-8.55369775,14.499999999999));
#977 = LINE('',#978,#979);
#978 = CARTESIAN_POINT('',(9.311309187499,-9.111677875,14.499999999999)
  );
#979 = VECTOR('',#980,1.);
#980 = DIRECTION('',(2.72638699823E-15,-1.,-9.519129326785E-30));
#981 = ORIENTED_EDGE('',*,*,#982,.F.);
#982 = EDGE_CURVE('',#983,#975,#985,.T.);
#983 = VERTEX_POINT('',#984);
#984 = CARTESIAN_POINT('',(9.628666187499,-8.55369775,14.499999999999));
#985 = LINE('',#986,#987);
#986 = CARTESIAN_POINT('',(9.311309187499,-8.55369775,14.499999999999));
#987 = VECTOR('',#988,1.);
#988 = DIRECTION('',(-1.,7.584023836337E-16,3.491481338843E-15));
#989 = ORIENTED_EDGE('',*,*,#990,.F.);
#990 = EDGE_CURVE('',#991,#983,#993,.T.);
#991 = VERTEX_POINT('',#992);
#992 = CARTESIAN_POINT('',(9.628666187499,-9.123994625,14.499999999999)
  );
#993 = LINE('',#994,#995);
#994 = CARTESIAN_POINT('',(9.628666187499,-8.55369775,14.499999999999));
#995 = VECTOR('',#996,1.);
#996 = DIRECTION('',(3.491481338843E-15,1.,-1.219044193949E-29));
#997 = ORIENTED_EDGE('',*,*,#998,.F.);
#998 = EDGE_CURVE('',#999,#991,#1001,.T.);
#999 = VERTEX_POINT('',#1000);
#1000 = CARTESIAN_POINT('',(9.773607687499,-9.29072675,14.499999999999)
  );
#1001 = B_SPLINE_CURVE_WITH_KNOTS('',3,(#1002,#1003,#1004,#1005),
  .UNSPECIFIED.,.F.,.F.,(4,4),(0.272727272727,0.363636363636),
  .PIECEWISE_BEZIER_KNOTS.);
#1002 = CARTESIAN_POINT('',(9.773607687499,-9.29072675,14.499999999999)
  );
#1003 = CARTESIAN_POINT('',(9.685507062499,-9.29072675,14.499999999999)
  );
#1004 = CARTESIAN_POINT('',(9.628666187499,-9.237674,14.499999999999));
#1005 = CARTESIAN_POINT('',(9.628666187499,-9.123994625,14.499999999999)
  );
#1006 = ORIENTED_EDGE('',*,*,#1007,.F.);
#1007 = EDGE_CURVE('',#1008,#999,#1010,.T.);
#1008 = VERTEX_POINT('',#1009);
#1009 = CARTESIAN_POINT('',(9.919499187499,-9.129680375,14.499999999999)
  );
#1010 = B_SPLINE_CURVE_WITH_KNOTS('',3,(#1011,#1012,#1013,#1014),
  .UNSPECIFIED.,.F.,.F.,(4,4),(0.363636363636,0.454545454545),
  .PIECEWISE_BEZIER_KNOTS.);
#1011 = CARTESIAN_POINT('',(9.919499187499,-9.129680375,14.499999999999)
  );
#1012 = CARTESIAN_POINT('',(9.919499187499,-9.239571625,14.499999999999)
  );
#1013 = CARTESIAN_POINT('',(9.862655937499,-9.29072675,14.499999999999)
  );
#1014 = CARTESIAN_POINT('',(9.773607687499,-9.29072675,14.499999999999)
  );
#1015 = ORIENTED_EDGE('',*,*,#1016,.F.);
#1016 = EDGE_CURVE('',#1017,#1008,#1019,.T.);
#1017 = VERTEX_POINT('',#1018);
#1018 = CARTESIAN_POINT('',(9.919499187499,-8.553700125,14.499999999999)
  );
#1019 = LINE('',#1020,#1021);
#1020 = CARTESIAN_POINT('',(9.919499187499,-9.129680375,14.499999999999)
  );
#1021 = VECTOR('',#1022,1.);
#1022 = DIRECTION('',(2.532070600574E-15,-1.,-8.840677250538E-30));
#1023 = ORIENTED_EDGE('',*,*,#1024,.F.);
#1024 = EDGE_CURVE('',#1025,#1017,#1027,.T.);
#1025 = VERTEX_POINT('',#1026);
#1026 = CARTESIAN_POINT('',(10.235908562499,-8.55369775,14.499999999999)
  );
#1027 = LINE('',#1028,#1029);
#1028 = CARTESIAN_POINT('',(9.919499187499,-8.553700125,14.499999999999)
  );
#1029 = VECTOR('',#1030,1.);
#1030 = DIRECTION('',(-0.999999999972,-7.506098711251E-06,
    3.491481338745E-15));
#1031 = ORIENTED_EDGE('',*,*,#1032,.F.);
#1032 = EDGE_CURVE('',#957,#1025,#1033,.T.);
#1033 = LINE('',#1034,#1035);
#1034 = CARTESIAN_POINT('',(10.235908562499,-8.55369775,14.499999999999)
  );
#1035 = VECTOR('',#1036,1.);
#1036 = DIRECTION('',(-2.812002485154E-15,1.,9.818054201695E-30));
#1037 = FACE_BOUND('',#1038,.T.);
#1038 = EDGE_LOOP('',(#1039,#1065,#1089,#1113));
#1039 = ORIENTED_EDGE('',*,*,#1040,.T.);
#1040 = EDGE_CURVE('',#1041,#1043,#1045,.T.);
#1041 = VERTEX_POINT('',#1042);
#1042 = CARTESIAN_POINT('',(9.511384071639,-10.00095391539,
    14.499999999999));
#1043 = VERTEX_POINT('',#1044);
#1044 = CARTESIAN_POINT('',(9.686348737885,-10.20551862946,
    14.499999999999));
#1045 = B_SPLINE_CURVE_WITH_KNOTS('',3,(#1046,#1047,#1048,#1049,#1050,
    #1051,#1052,#1053,#1054,#1055,#1056,#1057,#1058,#1059,#1060,#1061,
    #1062,#1063,#1064),.UNSPECIFIED.,.F.,.F.,(4,1,1,1,1,1,1,1,1,1,1,1,1,
    1,1,1,4),(0.,6.413182673186E-02,0.125487406905,0.184575589996,
    0.242113839961,0.298978398778,0.355627099908,0.412970483506,
    0.471742096013,0.531687352324,0.591967037736,0.653764853713,
    0.717237701099,0.783213416352,0.8517485028,0.924207197476,1.),
  .UNSPECIFIED.);
#1046 = CARTESIAN_POINT('',(9.511384071639,-10.00095391539,
    14.499999999999));
#1047 = CARTESIAN_POINT('',(9.517882007154,-10.00108264117,
    14.499999999999));
#1048 = CARTESIAN_POINT('',(9.530596584605,-10.00133452022,
    14.499999999999));
#1049 = CARTESIAN_POINT('',(9.549124833756,-10.00409718332,
    14.499999999999));
#1050 = CARTESIAN_POINT('',(9.566672423209,-10.00829510247,
    14.499999999999));
#1051 = CARTESIAN_POINT('',(9.583237534557,-10.01427853927,
    14.499999999999));
#1052 = CARTESIAN_POINT('',(9.59869604556,-10.02217036278,
    14.499999999999));
#1053 = CARTESIAN_POINT('',(9.613217724288,-10.03163686174,
    14.499999999999));
#1054 = CARTESIAN_POINT('',(9.626662808272,-10.04288685371,
    14.499999999999));
#1055 = CARTESIAN_POINT('',(9.639034144018,-10.05577288447,
    14.499999999999));
#1056 = CARTESIAN_POINT('',(9.650093168744,-10.07016259835,
    14.499999999999));
#1057 = CARTESIAN_POINT('',(9.660017785082,-10.08574135706,
    14.499999999999));
#1058 = CARTESIAN_POINT('',(9.667965616107,-10.10280149074,
    14.499999999999));
#1059 = CARTESIAN_POINT('',(9.67492023925,-10.12089936936,
    14.499999999999));
#1060 = CARTESIAN_POINT('',(9.67995204435,-10.14033943485,
    14.499999999999));
#1061 = CARTESIAN_POINT('',(9.683749626701,-10.16096135553,
    14.499999999999));
#1062 = CARTESIAN_POINT('',(9.685979277557,-10.18283011946,
    14.499999999999));
#1063 = CARTESIAN_POINT('',(9.686223751738,-10.19784324669,
    14.499999999999));
#1064 = CARTESIAN_POINT('',(9.686348737885,-10.20551862946,
    14.499999999999));
#1065 = ORIENTED_EDGE('',*,*,#1066,.T.);
#1066 = EDGE_CURVE('',#1043,#1067,#1069,.T.);
#1067 = VERTEX_POINT('',#1068);
#1068 = CARTESIAN_POINT('',(9.511384071639,-10.40967786343,
    14.499999999999));
#1069 = B_SPLINE_CURVE_WITH_KNOTS('',3,(#1070,#1071,#1072,#1073,#1074,
    #1075,#1076,#1077,#1078,#1079,#1080,#1081,#1082,#1083,#1084,#1085,
    #1086,#1087,#1088),.UNSPECIFIED.,.F.,.F.,(4,1,1,1,1,1,1,1,1,1,1,1,1,
    1,1,1,4),(0.,7.586643330576E-02,0.148063192469,0.216993473168,
    0.282710591523,0.346245101168,0.407801850924,0.468423322082,
    0.528163077185,0.586991784821,0.64417759536,0.700881329264,
    0.757650952595,0.815245099508,0.874390685268,0.935805870828,1.),
  .UNSPECIFIED.);
#1070 = CARTESIAN_POINT('',(9.686348737885,-10.20551862946,
    14.499999999999));
#1071 = CARTESIAN_POINT('',(9.686226327279,-10.21319438634,
    14.499999999999));
#1072 = CARTESIAN_POINT('',(9.685987427092,-10.22817462226,
    14.499999999999));
#1073 = CARTESIAN_POINT('',(9.683726243071,-10.25003800692,
    14.499999999999));
#1074 = CARTESIAN_POINT('',(9.679984803986,-10.27063829149,
    14.499999999999));
#1075 = CARTESIAN_POINT('',(9.674892846039,-10.29006134483,
    14.499999999999));
#1076 = CARTESIAN_POINT('',(9.668001231223,-10.30811844296,
    14.499999999999));
#1077 = CARTESIAN_POINT('',(9.659951896048,-10.3251227536,
    14.499999999999));
#1078 = CARTESIAN_POINT('',(9.650164753958,-10.34075605308,
    14.499999999999));
#1079 = CARTESIAN_POINT('',(9.638987996195,-10.35505775425,
    14.499999999999));
#1080 = CARTESIAN_POINT('',(9.626703873207,-10.36796168621,
    14.499999999999));
#1081 = CARTESIAN_POINT('',(9.613176579647,-10.37907789709,
    14.499999999999));
#1082 = CARTESIAN_POINT('',(9.598728939534,-10.38859029849,
    14.499999999999));
#1083 = CARTESIAN_POINT('',(9.583206980293,-10.39632734152,
    14.499999999999));
#1084 = CARTESIAN_POINT('',(9.56667692201,-10.40234528985,
    14.499999999999));
#1085 = CARTESIAN_POINT('',(9.549123570419,-10.40653217669,
    14.499999999999));
#1086 = CARTESIAN_POINT('',(9.530596922343,-10.40929790523,
    14.499999999999));
#1087 = CARTESIAN_POINT('',(9.517882121382,-10.40954935635,
    14.499999999999));
#1088 = CARTESIAN_POINT('',(9.511384071639,-10.40967786343,
    14.499999999999));
#1089 = ORIENTED_EDGE('',*,*,#1090,.T.);
#1090 = EDGE_CURVE('',#1067,#1091,#1093,.T.);
#1091 = VERTEX_POINT('',#1092);
#1092 = CARTESIAN_POINT('',(9.336013925286,-10.20551862946,
    14.499999999999));
#1093 = B_SPLINE_CURVE_WITH_KNOTS('',3,(#1094,#1095,#1096,#1097,#1098,
    #1099,#1100,#1101,#1102,#1103,#1104,#1105,#1106,#1107,#1108,#1109,
    #1110,#1111,#1112),.UNSPECIFIED.,.F.,.F.,(4,1,1,1,1,1,1,1,1,1,1,1,1,
    1,1,1,4),(0.,6.474847846218E-02,0.126386629788,0.185753009771,
    0.2435601028,0.3005291218,0.357413165575,0.414499184224,
    0.473225233038,0.532656202253,0.592996140602,0.654590977554,
    0.717782751567,0.783385190503,0.852195184667,0.924265957138,1.),
  .UNSPECIFIED.);
#1094 = CARTESIAN_POINT('',(9.511384071639,-10.40967786343,
    14.499999999999));
#1095 = CARTESIAN_POINT('',(9.504818411613,-10.40955075795,
    14.499999999999));
#1096 = CARTESIAN_POINT('',(9.492002486625,-10.40930265276,
    14.499999999999));
#1097 = CARTESIAN_POINT('',(9.473341347295,-10.4065320587,
    14.499999999999));
#1098 = CARTESIAN_POINT('',(9.455687656868,-10.40234503524,
    14.499999999999));
#1099 = CARTESIAN_POINT('',(9.439055640007,-10.39632907095,
    14.499999999999));
#1100 = CARTESIAN_POINT('',(9.423436889768,-10.38858755323,
    14.499999999999));
#1101 = CARTESIAN_POINT('',(9.408894004507,-10.37910994338,
    14.499999999999));
#1102 = CARTESIAN_POINT('',(9.39536054418,-10.36795484907,
    14.499999999999));
#1103 = CARTESIAN_POINT('',(9.383071126788,-10.35508611946,
    14.499999999999));
#1104 = CARTESIAN_POINT('',(9.371979437983,-10.34075635865,
    14.499999999999));
#1105 = CARTESIAN_POINT('',(9.362360622632,-10.32506187364,
    14.499999999999));
#1106 = CARTESIAN_POINT('',(9.354074139787,-10.30819519089,
    14.499999999999));
#1107 = CARTESIAN_POINT('',(9.34754126082,-10.29000854867,
    14.499999999999));
#1108 = CARTESIAN_POINT('',(9.342355684597,-10.27064689425,
    14.499999999999));
#1109 = CARTESIAN_POINT('',(9.338642761302,-10.25003554682,
    14.499999999999));
#1110 = CARTESIAN_POINT('',(9.336373524328,-10.22817528634,
    14.499999999999));
#1111 = CARTESIAN_POINT('',(9.336135755958,-10.21319461133,
    14.499999999999));
#1112 = CARTESIAN_POINT('',(9.336013925286,-10.20551862946,
    14.499999999999));
#1113 = ORIENTED_EDGE('',*,*,#1114,.T.);
#1114 = EDGE_CURVE('',#1091,#1041,#1115,.T.);
#1115 = B_SPLINE_CURVE_WITH_KNOTS('',3,(#1116,#1117,#1118,#1119,#1120,
    #1121,#1122,#1123,#1124,#1125,#1126,#1127,#1128,#1129,#1130,#1131,
    #1132,#1133,#1134),.UNSPECIFIED.,.F.,.F.,(4,1,1,1,1,1,1,1,1,1,1,1,1,
    1,1,1,4),(0.,7.566077568468E-02,0.147993251351,0.216408953498,
    0.282269742731,0.345400383298,0.407235210806,0.467233490291,
    0.52687088715,0.585540122783,0.642783617402,0.699612630003,
    0.756675523883,0.814426692754,0.873735640082,0.935314160981,1.),
  .UNSPECIFIED.);
#1116 = CARTESIAN_POINT('',(9.336013925286,-10.20551862946,
    14.499999999999));
#1117 = CARTESIAN_POINT('',(9.336138332033,-10.19784302201,
    14.499999999999));
#1118 = CARTESIAN_POINT('',(9.336381672904,-10.1828294553,
    14.499999999999));
#1119 = CARTESIAN_POINT('',(9.3386193912,-10.16096381979,14.499999999999
    ));
#1120 = CARTESIAN_POINT('',(9.342388543977,-10.14033087459,
    14.499999999999));
#1121 = CARTESIAN_POINT('',(9.347514290293,-10.12095230943,
    14.499999999999));
#1122 = CARTESIAN_POINT('',(9.354109379,-10.10272471892,14.499999999999)
  );
#1123 = CARTESIAN_POINT('',(9.362294544574,-10.08580223224,
    14.499999999999));
#1124 = CARTESIAN_POINT('',(9.37205072682,-10.0701616622,14.499999999999
    ));
#1125 = CARTESIAN_POINT('',(9.383024934888,-10.05574475254,
    14.499999999999));
#1126 = CARTESIAN_POINT('',(9.395401606055,-10.04289364917,
    14.499999999999));
#1127 = CARTESIAN_POINT('',(9.408852756901,-10.03160467431,
    14.499999999999));
#1128 = CARTESIAN_POINT('',(9.42346972415,-10.02217331027,
    14.499999999999));
#1129 = CARTESIAN_POINT('',(9.43902519032,-10.01427664917,
    14.499999999999));
#1130 = CARTESIAN_POINT('',(9.455692144955,-10.00829538688,
    14.499999999999));
#1131 = CARTESIAN_POINT('',(9.473340087296,-10.00409729357,
    14.499999999999));
#1132 = CARTESIAN_POINT('',(9.492002825412,-10.0013297785,
    14.499999999999));
#1133 = CARTESIAN_POINT('',(9.50481852638,-10.00108124189,
    14.499999999999));
#1134 = CARTESIAN_POINT('',(9.511384071639,-10.00095391539,
    14.499999999999));
#1135 = FACE_BOUND('',#1136,.T.);
#1136 = EDGE_LOOP('',(#1137,#1147,#1155,#1163));
#1137 = ORIENTED_EDGE('',*,*,#1138,.T.);
#1138 = EDGE_CURVE('',#1139,#1141,#1143,.T.);
#1139 = VERTEX_POINT('',#1140);
#1140 = CARTESIAN_POINT('',(8.849437796677,-10.29938727427,
    14.499999999999));
#1141 = VERTEX_POINT('',#1142);
#1142 = CARTESIAN_POINT('',(8.849437796677,-10.3967025,14.499999999999)
  );
#1143 = LINE('',#1144,#1145);
#1144 = CARTESIAN_POINT('',(8.849437796677,-10.29938727427,
    14.499999999999));
#1145 = VECTOR('',#1146,1.);
#1146 = DIRECTION('',(-3.491481338843E-15,-1.,1.219044193949E-29));
#1147 = ORIENTED_EDGE('',*,*,#1148,.T.);
#1148 = EDGE_CURVE('',#1141,#1149,#1151,.T.);
#1149 = VERTEX_POINT('',#1150);
#1150 = CARTESIAN_POINT('',(8.765097934384,-10.3967025,14.499999999999)
  );
#1151 = LINE('',#1152,#1153);
#1152 = CARTESIAN_POINT('',(8.849437796677,-10.3967025,14.499999999999)
  );
#1153 = VECTOR('',#1154,1.);
#1154 = DIRECTION('',(-1.,-1.650581467604E-15,3.491481338843E-15));
#1155 = ORIENTED_EDGE('',*,*,#1156,.T.);
#1156 = EDGE_CURVE('',#1149,#1157,#1159,.T.);
#1157 = VERTEX_POINT('',#1158);
#1158 = CARTESIAN_POINT('',(8.765097934384,-10.29938727427,
    14.499999999999));
#1159 = LINE('',#1160,#1161);
#1160 = CARTESIAN_POINT('',(8.765097934384,-10.3967025,14.499999999999)
  );
#1161 = VECTOR('',#1162,1.);
#1162 = DIRECTION('',(3.491481338843E-15,1.,-1.219044193949E-29));
#1163 = ORIENTED_EDGE('',*,*,#1164,.T.);
#1164 = EDGE_CURVE('',#1157,#1139,#1165,.T.);
#1165 = LINE('',#1166,#1167);
#1166 = CARTESIAN_POINT('',(8.765097934384,-10.29938727427,
    14.499999999999));
#1167 = VECTOR('',#1168,1.);
#1168 = DIRECTION('',(1.,-9.204499356197E-16,-3.491481338843E-15));
#1169 = FACE_BOUND('',#1170,.T.);
#1170 = EDGE_LOOP('',(#1171,#1181,#1189,#1197));
#1171 = ORIENTED_EDGE('',*,*,#1172,.T.);
#1172 = EDGE_CURVE('',#1173,#1175,#1177,.T.);
#1173 = VERTEX_POINT('',#1174);
#1174 = CARTESIAN_POINT('',(8.174718898338,-9.864712599387,
    14.499999999999));
#1175 = VERTEX_POINT('',#1176);
#1176 = CARTESIAN_POINT('',(8.174718898338,-10.3967025,14.499999999999)
  );
#1177 = LINE('',#1178,#1179);
#1178 = CARTESIAN_POINT('',(8.174718898338,-9.864712599387,
    14.499999999999));
#1179 = VECTOR('',#1180,1.);
#1180 = DIRECTION('',(-3.491481338843E-15,-1.,1.219044193949E-29));
#1181 = ORIENTED_EDGE('',*,*,#1182,.T.);
#1182 = EDGE_CURVE('',#1175,#1183,#1185,.T.);
#1183 = VERTEX_POINT('',#1184);
#1184 = CARTESIAN_POINT('',(8.10984208119,-10.3967025,14.499999999999));
#1185 = LINE('',#1186,#1187);
#1186 = CARTESIAN_POINT('',(8.174718898338,-10.3967025,14.499999999999)
  );
#1187 = VECTOR('',#1188,1.);
#1188 = DIRECTION('',(-1.,1.491405146529E-16,3.491481338843E-15));
#1189 = ORIENTED_EDGE('',*,*,#1190,.T.);
#1190 = EDGE_CURVE('',#1183,#1191,#1193,.T.);
#1191 = VERTEX_POINT('',#1192);
#1192 = CARTESIAN_POINT('',(8.10984208119,-9.864712599387,
    14.499999999999));
#1193 = LINE('',#1194,#1195);
#1194 = CARTESIAN_POINT('',(8.10984208119,-10.3967025,14.499999999999));
#1195 = VECTOR('',#1196,1.);
#1196 = DIRECTION('',(3.491481338843E-15,1.,-1.219044193949E-29));
#1197 = ORIENTED_EDGE('',*,*,#1198,.T.);
#1198 = EDGE_CURVE('',#1191,#1173,#1199,.T.);
#1199 = LINE('',#1200,#1201);
#1200 = CARTESIAN_POINT('',(8.10984208119,-9.864712599387,
    14.499999999999));
#1201 = VECTOR('',#1202,1.);
#1202 = DIRECTION('',(1.,-3.491481338843E-15,-3.491481338843E-15));
#1203 = FACE_BOUND('',#1204,.T.);
#1204 = EDGE_LOOP('',(#1205,#1215,#1223,#1231));
#1205 = ORIENTED_EDGE('',*,*,#1206,.T.);
#1206 = EDGE_CURVE('',#1207,#1209,#1211,.T.);
#1207 = VERTEX_POINT('',#1208);
#1208 = CARTESIAN_POINT('',(7.551901453718,-9.864712599387,
    14.499999999999));
#1209 = VERTEX_POINT('',#1210);
#1210 = CARTESIAN_POINT('',(7.551901453718,-10.3967025,14.499999999999)
  );
#1211 = LINE('',#1212,#1213);
#1212 = CARTESIAN_POINT('',(7.551901453718,-9.864712599387,
    14.499999999999));
#1213 = VECTOR('',#1214,1.);
#1214 = DIRECTION('',(-3.491481338843E-15,-1.,1.219044193949E-29));
#1215 = ORIENTED_EDGE('',*,*,#1216,.T.);
#1216 = EDGE_CURVE('',#1209,#1217,#1219,.T.);
#1217 = VERTEX_POINT('',#1218);
#1218 = CARTESIAN_POINT('',(7.48702463657,-10.3967025,14.499999999999));
#1219 = LINE('',#1220,#1221);
#1220 = CARTESIAN_POINT('',(7.551901453718,-10.3967025,14.499999999999)
  );
#1221 = VECTOR('',#1222,1.);
#1222 = DIRECTION('',(-1.,1.491405146527E-16,3.491481338843E-15));
#1223 = ORIENTED_EDGE('',*,*,#1224,.T.);
#1224 = EDGE_CURVE('',#1217,#1225,#1227,.T.);
#1225 = VERTEX_POINT('',#1226);
#1226 = CARTESIAN_POINT('',(7.48702463657,-9.864712599387,
    14.499999999999));
#1227 = LINE('',#1228,#1229);
#1228 = CARTESIAN_POINT('',(7.48702463657,-10.3967025,14.499999999999));
#1229 = VECTOR('',#1230,1.);
#1230 = DIRECTION('',(3.491481338843E-15,1.,-1.219044193949E-29));
#1231 = ORIENTED_EDGE('',*,*,#1232,.T.);
#1232 = EDGE_CURVE('',#1225,#1207,#1233,.T.);
#1233 = LINE('',#1234,#1235);
#1234 = CARTESIAN_POINT('',(7.48702463657,-9.864712599387,
    14.499999999999));
#1235 = VECTOR('',#1236,1.);
#1236 = DIRECTION('',(1.,3.193200309538E-15,-3.491481338843E-15));
#1237 = FACE_BOUND('',#1238,.T.);
#1238 = EDGE_LOOP('',(#1239,#1265,#1281,#1297,#1313,#1321,#1329,#1337,
    #1345,#1353));
#1239 = ORIENTED_EDGE('',*,*,#1240,.T.);
#1240 = EDGE_CURVE('',#1241,#1243,#1245,.T.);
#1241 = VERTEX_POINT('',#1242);
#1242 = CARTESIAN_POINT('',(6.812204368204,-10.00095391539,
    14.499999999999));
#1243 = VERTEX_POINT('',#1244);
#1244 = CARTESIAN_POINT('',(6.955034735957,-10.19892957772,
    14.499999999999));
#1245 = B_SPLINE_CURVE_WITH_KNOTS('',3,(#1246,#1247,#1248,#1249,#1250,
    #1251,#1252,#1253,#1254,#1255,#1256,#1257,#1258,#1259,#1260,#1261,
    #1262,#1263,#1264),.UNSPECIFIED.,.F.,.F.,(4,1,1,1,1,1,1,1,1,1,1,1,1,
    1,1,1,4),(0.,5.976012706536E-02,0.116820874616,0.171630685376,
    0.225139641293,0.278473261681,0.332342517285,0.387576681131,
    0.444714694456,0.504198187039,0.56549679872,0.628988442782,
    0.69554580413,0.765720942581,0.839815090506,0.917807990261,1.),
  .UNSPECIFIED.);
#1246 = CARTESIAN_POINT('',(6.812204368204,-10.00095391539,
    14.499999999999));
#1247 = CARTESIAN_POINT('',(6.81768668884,-10.0011056914,14.499999999999
    ));
#1248 = CARTESIAN_POINT('',(6.828403692352,-10.00140238766,
    14.499999999999));
#1249 = CARTESIAN_POINT('',(6.844008425488,-10.00383489821,
    14.499999999999));
#1250 = CARTESIAN_POINT('',(6.858606383542,-10.00805939392,
    14.499999999999));
#1251 = CARTESIAN_POINT('',(6.872354449184,-10.01371173726,
    14.499999999999));
#1252 = CARTESIAN_POINT('',(6.885099352732,-10.02120696202,
    14.499999999999));
#1253 = CARTESIAN_POINT('',(6.896939127934,-10.03030504886,
    14.499999999999));
#1254 = CARTESIAN_POINT('',(6.907843396485,-10.04101622461,
    14.499999999999));
#1255 = CARTESIAN_POINT('',(6.917683277653,-10.05337343217,
    14.499999999999));
#1256 = CARTESIAN_POINT('',(6.926447397003,-10.06716730537,
    14.499999999999));
#1257 = CARTESIAN_POINT('',(6.934180193826,-10.08222093969,
    14.499999999999));
#1258 = CARTESIAN_POINT('',(6.940686169878,-10.09854842696,
    14.499999999999));
#1259 = CARTESIAN_POINT('',(6.945905912555,-10.11617384971,
    14.499999999999));
#1260 = CARTESIAN_POINT('',(6.950072762498,-10.13507191065,
    14.499999999999));
#1261 = CARTESIAN_POINT('',(6.952956217385,-10.15526676188,
    14.499999999999));
#1262 = CARTESIAN_POINT('',(6.954681871391,-10.17669928534,
    14.499999999999));
#1263 = CARTESIAN_POINT('',(6.954915076676,-10.19139110247,
    14.499999999999));
#1264 = CARTESIAN_POINT('',(6.955034735957,-10.19892957772,
    14.499999999999));
#1265 = ORIENTED_EDGE('',*,*,#1266,.T.);
#1266 = EDGE_CURVE('',#1243,#1267,#1269,.T.);
#1267 = VERTEX_POINT('',#1268);
#1268 = CARTESIAN_POINT('',(6.905160682774,-10.34986954762,
    14.499999999999));
#1269 = B_SPLINE_CURVE_WITH_KNOTS('',3,(#1270,#1271,#1272,#1273,#1274,
    #1275,#1276,#1277,#1278,#1279,#1280),.UNSPECIFIED.,.F.,.F.,(4,1,1,1,
    1,1,1,1,4),(0.,0.141139607479,0.276779273369,0.407869866841,
    0.535092537951,0.657601552922,0.775388512515,0.888980183148,1.),
  .UNSPECIFIED.);
#1270 = CARTESIAN_POINT('',(6.955034735957,-10.19892957772,
    14.499999999999));
#1271 = CARTESIAN_POINT('',(6.954882276372,-10.20657218191,
    14.499999999999));
#1272 = CARTESIAN_POINT('',(6.954583298263,-10.22155957256,
    14.499999999999));
#1273 = CARTESIAN_POINT('',(6.952138950208,-10.24354235687,
    14.499999999999));
#1274 = CARTESIAN_POINT('',(6.947945827769,-10.2644757502,
    14.499999999999));
#1275 = CARTESIAN_POINT('',(6.942347264134,-10.28434549923,
    14.499999999999));
#1276 = CARTESIAN_POINT('',(6.935129907964,-10.30292254767,
    14.499999999999));
#1277 = CARTESIAN_POINT('',(6.926613901896,-10.32010438218,
    14.499999999999));
#1278 = CARTESIAN_POINT('',(6.916848018934,-10.33592929062,
    14.499999999999));
#1279 = CARTESIAN_POINT('',(6.909026609174,-10.34525840212,
    14.499999999999));
#1280 = CARTESIAN_POINT('',(6.905160682774,-10.34986954762,
    14.499999999999));
#1281 = ORIENTED_EDGE('',*,*,#1282,.T.);
#1282 = EDGE_CURVE('',#1267,#1283,#1285,.T.);
#1283 = VERTEX_POINT('',#1284);
#1284 = CARTESIAN_POINT('',(6.789700222256,-10.40319018171,
    14.499999999999));
#1285 = B_SPLINE_CURVE_WITH_KNOTS('',3,(#1286,#1287,#1288,#1289,#1290,
    #1291,#1292,#1293,#1294,#1295,#1296),.UNSPECIFIED.,.F.,.F.,(4,1,1,1,
    1,1,1,1,4),(0.,0.126797949907,0.251778883298,0.37588464807,
    0.501035108725,0.625886951774,0.749452557543,0.873839526368,1.),
  .UNSPECIFIED.);
#1286 = CARTESIAN_POINT('',(6.905160682774,-10.34986954762,
    14.499999999999));
#1287 = CARTESIAN_POINT('',(6.901384584175,-10.35393322994,
    14.499999999999));
#1288 = CARTESIAN_POINT('',(6.893886498525,-10.36200236197,
    14.499999999999));
#1289 = CARTESIAN_POINT('',(6.881351054245,-10.37269865203,
    14.499999999999));
#1290 = CARTESIAN_POINT('',(6.867761258867,-10.38186512189,
    14.499999999999));
#1291 = CARTESIAN_POINT('',(6.853295730075,-10.38956834623,
    14.499999999999));
#1292 = CARTESIAN_POINT('',(6.838097842546,-10.39563853076,
    14.499999999999));
#1293 = CARTESIAN_POINT('',(6.822377538413,-10.40006401874,
    14.499999999999));
#1294 = CARTESIAN_POINT('',(6.806171897338,-10.40261760459,
    14.499999999999));
#1295 = CARTESIAN_POINT('',(6.79521662964,-10.40299842413,
    14.499999999999));
#1296 = CARTESIAN_POINT('',(6.789700222256,-10.40319018171,
    14.499999999999));
#1297 = ORIENTED_EDGE('',*,*,#1298,.T.);
#1298 = EDGE_CURVE('',#1283,#1299,#1301,.T.);
#1299 = VERTEX_POINT('',#1300);
#1300 = CARTESIAN_POINT('',(6.68903978565,-10.37632712461,
    14.499999999999));
#1301 = B_SPLINE_CURVE_WITH_KNOTS('',3,(#1302,#1303,#1304,#1305,#1306,
    #1307,#1308,#1309,#1310,#1311,#1312),.UNSPECIFIED.,.F.,.F.,(4,1,1,1,
    1,1,1,1,4),(0.,0.134606393722,0.262949535815,0.386511201016,
    0.504938973376,0.622874352931,0.743699605813,0.869292842218,1.),
  .UNSPECIFIED.);
#1302 = CARTESIAN_POINT('',(6.789700222256,-10.40319018171,
    14.499999999999));
#1303 = CARTESIAN_POINT('',(6.78496682248,-10.40311668744,
    14.499999999999));
#1304 = CARTESIAN_POINT('',(6.775720268586,-10.4029731186,
    14.499999999999));
#1305 = CARTESIAN_POINT('',(6.762175792713,-10.40172439377,
    14.499999999999));
#1306 = CARTESIAN_POINT('',(6.74930003018,-10.3997311739,14.499999999999
    ));
#1307 = CARTESIAN_POINT('',(6.736961132623,-10.3968659063,
    14.499999999999));
#1308 = CARTESIAN_POINT('',(6.724978234632,-10.39306237243,
    14.499999999999));
#1309 = CARTESIAN_POINT('',(6.713082262563,-10.38829853789,
    14.499999999999));
#1310 = CARTESIAN_POINT('',(6.700955730922,-10.38290881275,
    14.499999999999));
#1311 = CARTESIAN_POINT('',(6.693064253211,-10.37855001082,
    14.499999999999));
#1312 = CARTESIAN_POINT('',(6.68903978565,-10.37632712461,
    14.499999999999));
#1313 = ORIENTED_EDGE('',*,*,#1314,.T.);
#1314 = EDGE_CURVE('',#1299,#1315,#1317,.T.);
#1315 = VERTEX_POINT('',#1316);
#1316 = CARTESIAN_POINT('',(6.68903978565,-10.53943149772,
    14.499999999999));
#1317 = LINE('',#1318,#1319);
#1318 = CARTESIAN_POINT('',(6.68903978565,-10.37632712461,
    14.499999999999));
#1319 = VECTOR('',#1320,1.);
#1320 = DIRECTION('',(1.777984870448E-14,-1.,-6.207800995915E-29));
#1321 = ORIENTED_EDGE('',*,*,#1322,.T.);
#1322 = EDGE_CURVE('',#1315,#1323,#1325,.T.);
#1323 = VERTEX_POINT('',#1324);
#1324 = CARTESIAN_POINT('',(6.624162968502,-10.53943149772,
    14.499999999999));
#1325 = LINE('',#1326,#1327);
#1326 = CARTESIAN_POINT('',(6.68903978565,-10.53943149772,
    14.499999999999));
#1327 = VECTOR('',#1328,1.);
#1328 = DIRECTION('',(-1.,1.491405146529E-16,3.491481338843E-15));
#1329 = ORIENTED_EDGE('',*,*,#1330,.T.);
#1330 = EDGE_CURVE('',#1323,#1331,#1333,.T.);
#1331 = VERTEX_POINT('',#1332);
#1332 = CARTESIAN_POINT('',(6.624162968502,-10.01392927882,
    14.499999999999));
#1333 = LINE('',#1334,#1335);
#1334 = CARTESIAN_POINT('',(6.624162968502,-10.53943149772,
    14.499999999999));
#1335 = VECTOR('',#1336,1.);
#1336 = DIRECTION('',(3.491481338843E-15,1.,-1.219044193949E-29));
#1337 = ORIENTED_EDGE('',*,*,#1338,.T.);
#1338 = EDGE_CURVE('',#1331,#1339,#1341,.T.);
#1339 = VERTEX_POINT('',#1340);
#1340 = CARTESIAN_POINT('',(6.68903978565,-10.01392927882,
    14.499999999999));
#1341 = LINE('',#1342,#1343);
#1342 = CARTESIAN_POINT('',(6.624162968502,-10.01392927882,
    14.499999999999));
#1343 = VECTOR('',#1344,1.);
#1344 = DIRECTION('',(1.,-3.491481338843E-15,-3.491481338843E-15));
#1345 = ORIENTED_EDGE('',*,*,#1346,.T.);
#1346 = EDGE_CURVE('',#1339,#1347,#1349,.T.);
#1347 = VERTEX_POINT('',#1348);
#1348 = CARTESIAN_POINT('',(6.68903978565,-10.05184166884,
    14.499999999999));
#1349 = LINE('',#1350,#1351);
#1350 = CARTESIAN_POINT('',(6.68903978565,-10.01392927882,
    14.499999999999));
#1351 = VECTOR('',#1352,1.);
#1352 = DIRECTION('',(-3.491481338843E-15,-1.,1.219044193949E-29));
#1353 = ORIENTED_EDGE('',*,*,#1354,.T.);
#1354 = EDGE_CURVE('',#1347,#1241,#1355,.T.);
#1355 = B_SPLINE_CURVE_WITH_KNOTS('',3,(#1356,#1357,#1358,#1359,#1360,
    #1361,#1362,#1363,#1364,#1365,#1366),.UNSPECIFIED.,.F.,.F.,(4,1,1,1,
    1,1,1,1,4),(0.,0.12233457958,0.244823153139,0.368691295553,
    0.493899458303,0.619862545505,0.745055209045,0.871753408086,1.),
  .UNSPECIFIED.);
#1356 = CARTESIAN_POINT('',(6.68903978565,-10.05184166884,
    14.499999999999));
#1357 = CARTESIAN_POINT('',(6.693315916583,-10.04829815544,
    14.499999999999));
#1358 = CARTESIAN_POINT('',(6.701873561214,-10.04120666809,
    14.499999999999));
#1359 = CARTESIAN_POINT('',(6.715647377697,-10.03166975597,
    14.499999999999));
#1360 = CARTESIAN_POINT('',(6.730164671304,-10.02307332302,
    14.499999999999));
#1361 = CARTESIAN_POINT('',(6.745327304683,-10.01531580015,
    14.499999999999));
#1362 = CARTESIAN_POINT('',(6.761175045229,-10.00885616227,
    14.499999999999));
#1363 = CARTESIAN_POINT('',(6.777738237583,-10.0042965529,
    14.499999999999));
#1364 = CARTESIAN_POINT('',(6.794806678264,-10.00147203458,
    14.499999999999));
#1365 = CARTESIAN_POINT('',(6.8063817048,-10.00112731966,14.499999999999
    ));
#1366 = CARTESIAN_POINT('',(6.812204368204,-10.00095391539,
    14.499999999999));
#1367 = FACE_BOUND('',#1368,.T.);
#1368 = EDGE_LOOP('',(#1369,#1379,#1387,#1395,#1403,#1411,#1419,#1427,
    #1435,#1443,#1451,#1459,#1467));
#1369 = ORIENTED_EDGE('',*,*,#1370,.T.);
#1370 = EDGE_CURVE('',#1371,#1373,#1375,.T.);
#1371 = VERTEX_POINT('',#1372);
#1372 = CARTESIAN_POINT('',(6.213310249907,-10.01392927882,
    14.499999999999));
#1373 = VERTEX_POINT('',#1374);
#1374 = CARTESIAN_POINT('',(6.280315837618,-10.01392927882,
    14.499999999999));
#1375 = LINE('',#1376,#1377);
#1376 = CARTESIAN_POINT('',(6.213310249907,-10.01392927882,
    14.499999999999));
#1377 = VECTOR('',#1378,1.);
#1378 = DIRECTION('',(1.,-2.553268343321E-16,-3.491481338843E-15));
#1379 = ORIENTED_EDGE('',*,*,#1380,.T.);
#1380 = EDGE_CURVE('',#1373,#1381,#1383,.T.);
#1381 = VERTEX_POINT('',#1382);
#1382 = CARTESIAN_POINT('',(6.181175951414,-10.3967025,14.499999999999)
  );
#1383 = LINE('',#1384,#1385);
#1384 = CARTESIAN_POINT('',(6.280315837618,-10.01392927882,
    14.499999999999));
#1385 = VECTOR('',#1386,1.);
#1386 = DIRECTION('',(-0.250730824584,-0.968056844201,8.754219951069E-16
    ));
#1387 = ORIENTED_EDGE('',*,*,#1388,.T.);
#1388 = EDGE_CURVE('',#1381,#1389,#1391,.T.);
#1389 = VERTEX_POINT('',#1390);
#1390 = CARTESIAN_POINT('',(6.12187448574,-10.3967025,14.499999999999));
#1391 = LINE('',#1392,#1393);
#1392 = CARTESIAN_POINT('',(6.181175951414,-10.3967025,14.499999999999)
  );
#1393 = VECTOR('',#1394,1.);
#1394 = DIRECTION('',(-1.,-1.650966568522E-16,3.491481338843E-15));
#1395 = ORIENTED_EDGE('',*,*,#1396,.T.);
#1396 = EDGE_CURVE('',#1389,#1397,#1399,.T.);
#1397 = VERTEX_POINT('',#1398);
#1398 = CARTESIAN_POINT('',(6.024052409884,-10.101614352,14.499999999999
    ));
#1399 = LINE('',#1400,#1401);
#1400 = CARTESIAN_POINT('',(6.12187448574,-10.3967025,14.499999999999));
#1401 = VECTOR('',#1402,1.);
#1402 = DIRECTION('',(-0.314662176631,0.949203726603,1.098637117746E-15)
  );
#1403 = ORIENTED_EDGE('',*,*,#1404,.T.);
#1404 = EDGE_CURVE('',#1397,#1405,#1407,.T.);
#1405 = VERTEX_POINT('',#1406);
#1406 = CARTESIAN_POINT('',(5.926939924215,-10.3967025,14.499999999999)
  );
#1407 = LINE('',#1408,#1409);
#1408 = CARTESIAN_POINT('',(6.024052409884,-10.101614352,14.499999999999
    ));
#1409 = VECTOR('',#1410,1.);
#1410 = DIRECTION('',(-0.312603438092,-0.949883724723,1.091449070555E-15
    ));
#1411 = ORIENTED_EDGE('',*,*,#1412,.T.);
#1412 = EDGE_CURVE('',#1405,#1413,#1415,.T.);
#1413 = VERTEX_POINT('',#1414);
#1414 = CARTESIAN_POINT('',(5.867942568621,-10.3967025,14.499999999999)
  );
#1415 = LINE('',#1416,#1417);
#1416 = CARTESIAN_POINT('',(5.926939924215,-10.3967025,14.499999999999)
  );
#1417 = VECTOR('',#1418,1.);
#1418 = DIRECTION('',(-1.,-1.839449970363E-16,3.491481338843E-15));
#1419 = ORIENTED_EDGE('',*,*,#1420,.T.);
#1420 = EDGE_CURVE('',#1413,#1421,#1423,.T.);
#1421 = VERTEX_POINT('',#1422);
#1422 = CARTESIAN_POINT('',(5.767788982149,-10.01392927882,
    14.499999999999));
#1423 = LINE('',#1424,#1425);
#1424 = CARTESIAN_POINT('',(5.867942568621,-10.3967025,14.499999999999)
  );
#1425 = VECTOR('',#1426,1.);
#1426 = DIRECTION('',(-0.253131042469,0.967432000369,8.838023110641E-16)
  );
#1427 = ORIENTED_EDGE('',*,*,#1428,.T.);
#1428 = EDGE_CURVE('',#1421,#1429,#1431,.T.);
#1429 = VERTEX_POINT('',#1430);
#1430 = CARTESIAN_POINT('',(5.83479456986,-10.01392927882,
    14.499999999999));
#1431 = LINE('',#1432,#1433);
#1432 = CARTESIAN_POINT('',(5.767788982149,-10.01392927882,
    14.499999999999));
#1433 = VECTOR('',#1434,1.);
#1434 = DIRECTION('',(1.,-3.491481338843E-15,-3.491481338843E-15));
#1435 = ORIENTED_EDGE('',*,*,#1436,.T.);
#1436 = EDGE_CURVE('',#1429,#1437,#1439,.T.);
#1437 = VERTEX_POINT('',#1438);
#1438 = CARTESIAN_POINT('',(5.904435778267,-10.31033523717,
    14.499999999999));
#1439 = LINE('',#1440,#1441);
#1440 = CARTESIAN_POINT('',(5.83479456986,-10.01392927882,
    14.499999999999));
#1441 = VECTOR('',#1442,1.);
#1442 = DIRECTION('',(0.228723855574,-0.973491344539,-7.985850734844E-16
    ));
#1443 = ORIENTED_EDGE('',*,*,#1444,.T.);
#1444 = EDGE_CURVE('',#1437,#1445,#1447,.T.);
#1445 = VERTEX_POINT('',#1446);
#1446 = CARTESIAN_POINT('',(5.9995208634,-10.01392927882,14.499999999999
    ));
#1447 = LINE('',#1448,#1449);
#1448 = CARTESIAN_POINT('',(5.904435778267,-10.31033523717,
    14.499999999999));
#1449 = VECTOR('',#1450,1.);
#1450 = DIRECTION('',(0.305460981264,0.952204594047,-1.066511315829E-15)
  );
#1451 = ORIENTED_EDGE('',*,*,#1452,.T.);
#1452 = EDGE_CURVE('',#1445,#1453,#1455,.T.);
#1453 = VERTEX_POINT('',#1454);
#1454 = CARTESIAN_POINT('',(6.052334647359,-10.01392927882,
    14.499999999999));
#1455 = LINE('',#1456,#1457);
#1456 = CARTESIAN_POINT('',(5.9995208634,-10.01392927882,14.499999999999
    ));
#1457 = VECTOR('',#1458,1.);
#1458 = DIRECTION('',(1.,6.142732244617E-16,-3.491481338843E-15));
#1459 = ORIENTED_EDGE('',*,*,#1460,.T.);
#1460 = EDGE_CURVE('',#1453,#1461,#1463,.T.);
#1461 = VERTEX_POINT('',#1462);
#1462 = CARTESIAN_POINT('',(6.149751243108,-10.31033523717,
    14.499999999999));
#1463 = LINE('',#1464,#1465);
#1464 = CARTESIAN_POINT('',(6.052334647359,-10.01392927882,
    14.499999999999));
#1465 = VECTOR('',#1466,1.);
#1466 = DIRECTION('',(0.312228692984,-0.95000697012,-1.090140655006E-15)
  );
#1467 = ORIENTED_EDGE('',*,*,#1468,.T.);
#1468 = EDGE_CURVE('',#1461,#1371,#1469,.T.);
#1469 = LINE('',#1470,#1471);
#1470 = CARTESIAN_POINT('',(6.149751243108,-10.31033523717,
    14.499999999999));
#1471 = VECTOR('',#1472,1.);
#1472 = DIRECTION('',(0.209666107353,0.977773042903,-7.320453012108E-16)
  );
#1473 = FACE_BOUND('',#1474,.T.);
#1474 = EDGE_LOOP('',(#1475,#1485,#1493,#1501,#1509,#1517,#1525,#1533,
    #1541,#1549,#1557,#1565,#1573));
#1475 = ORIENTED_EDGE('',*,*,#1476,.T.);
#1476 = EDGE_CURVE('',#1477,#1479,#1481,.T.);
#1477 = VERTEX_POINT('',#1478);
#1478 = CARTESIAN_POINT('',(5.071478268104,-10.01392927882,
    14.499999999999));
#1479 = VERTEX_POINT('',#1480);
#1480 = CARTESIAN_POINT('',(5.138483855814,-10.01392927882,
    14.499999999999));
#1481 = LINE('',#1482,#1483);
#1482 = CARTESIAN_POINT('',(5.071478268104,-10.01392927882,
    14.499999999999));
#1483 = VECTOR('',#1484,1.);
#1484 = DIRECTION('',(1.,2.980827670179E-15,-3.491481338843E-15));
#1485 = ORIENTED_EDGE('',*,*,#1486,.T.);
#1486 = EDGE_CURVE('',#1479,#1487,#1489,.T.);
#1487 = VERTEX_POINT('',#1488);
#1488 = CARTESIAN_POINT('',(5.03934396961,-10.3967025,14.499999999999));
#1489 = LINE('',#1490,#1491);
#1490 = CARTESIAN_POINT('',(5.138483855814,-10.01392927882,
    14.499999999999));
#1491 = VECTOR('',#1492,1.);
#1492 = DIRECTION('',(-0.250730824584,-0.968056844201,8.754219951068E-16
    ));
#1493 = ORIENTED_EDGE('',*,*,#1494,.T.);
#1494 = EDGE_CURVE('',#1487,#1495,#1497,.T.);
#1495 = VERTEX_POINT('',#1496);
#1496 = CARTESIAN_POINT('',(4.980042503936,-10.3967025,14.499999999999)
  );
#1497 = LINE('',#1498,#1499);
#1498 = CARTESIAN_POINT('',(5.03934396961,-10.3967025,14.499999999999));
#1499 = VECTOR('',#1500,1.);
#1500 = DIRECTION('',(-1.,-1.650966568522E-16,3.491481338843E-15));
#1501 = ORIENTED_EDGE('',*,*,#1502,.T.);
#1502 = EDGE_CURVE('',#1495,#1503,#1505,.T.);
#1503 = VERTEX_POINT('',#1504);
#1504 = CARTESIAN_POINT('',(4.88222042808,-10.101614352,14.499999999999)
  );
#1505 = LINE('',#1506,#1507);
#1506 = CARTESIAN_POINT('',(4.980042503936,-10.3967025,14.499999999999)
  );
#1507 = VECTOR('',#1508,1.);
#1508 = DIRECTION('',(-0.314662176631,0.949203726603,1.098637117746E-15)
  );
#1509 = ORIENTED_EDGE('',*,*,#1510,.T.);
#1510 = EDGE_CURVE('',#1503,#1511,#1513,.T.);
#1511 = VERTEX_POINT('',#1512);
#1512 = CARTESIAN_POINT('',(4.785107942412,-10.3967025,14.499999999999)
  );
#1513 = LINE('',#1514,#1515);
#1514 = CARTESIAN_POINT('',(4.88222042808,-10.101614352,14.499999999999)
  );
#1515 = VECTOR('',#1516,1.);
#1516 = DIRECTION('',(-0.312603438092,-0.949883724723,1.091449070555E-15
    ));
#1517 = ORIENTED_EDGE('',*,*,#1518,.T.);
#1518 = EDGE_CURVE('',#1511,#1519,#1521,.T.);
#1519 = VERTEX_POINT('',#1520);
#1520 = CARTESIAN_POINT('',(4.726110586818,-10.3967025,14.499999999999)
  );
#1521 = LINE('',#1522,#1523);
#1522 = CARTESIAN_POINT('',(4.785107942412,-10.3967025,14.499999999999)
  );
#1523 = VECTOR('',#1524,1.);
#1524 = DIRECTION('',(-1.,-1.839449970363E-16,3.491481338843E-15));
#1525 = ORIENTED_EDGE('',*,*,#1526,.T.);
#1526 = EDGE_CURVE('',#1519,#1527,#1529,.T.);
#1527 = VERTEX_POINT('',#1528);
#1528 = CARTESIAN_POINT('',(4.625957000345,-10.01392927882,
    14.499999999999));
#1529 = LINE('',#1530,#1531);
#1530 = CARTESIAN_POINT('',(4.726110586818,-10.3967025,14.499999999999)
  );
#1531 = VECTOR('',#1532,1.);
#1532 = DIRECTION('',(-0.253131042469,0.967432000369,8.838023110641E-16)
  );
#1533 = ORIENTED_EDGE('',*,*,#1534,.T.);
#1534 = EDGE_CURVE('',#1527,#1535,#1537,.T.);
#1535 = VERTEX_POINT('',#1536);
#1536 = CARTESIAN_POINT('',(4.692962588056,-10.01392927882,
    14.499999999999));
#1537 = LINE('',#1538,#1539);
#1538 = CARTESIAN_POINT('',(4.625957000345,-10.01392927882,
    14.499999999999));
#1539 = VECTOR('',#1540,1.);
#1540 = DIRECTION('',(1.,-3.491481338843E-15,-3.491481338843E-15));
#1541 = ORIENTED_EDGE('',*,*,#1542,.T.);
#1542 = EDGE_CURVE('',#1535,#1543,#1545,.T.);
#1543 = VERTEX_POINT('',#1544);
#1544 = CARTESIAN_POINT('',(4.762603796463,-10.31033523717,
    14.499999999999));
#1545 = LINE('',#1546,#1547);
#1546 = CARTESIAN_POINT('',(4.692962588056,-10.01392927882,
    14.499999999999));
#1547 = VECTOR('',#1548,1.);
#1548 = DIRECTION('',(0.228723855574,-0.973491344539,-7.985850734844E-16
    ));
#1549 = ORIENTED_EDGE('',*,*,#1550,.T.);
#1550 = EDGE_CURVE('',#1543,#1551,#1553,.T.);
#1551 = VERTEX_POINT('',#1552);
#1552 = CARTESIAN_POINT('',(4.857688881596,-10.01392927882,
    14.499999999999));
#1553 = LINE('',#1554,#1555);
#1554 = CARTESIAN_POINT('',(4.762603796463,-10.31033523717,
    14.499999999999));
#1555 = VECTOR('',#1556,1.);
#1556 = DIRECTION('',(0.305460981264,0.952204594047,-1.066511315829E-15)
  );
#1557 = ORIENTED_EDGE('',*,*,#1558,.T.);
#1558 = EDGE_CURVE('',#1551,#1559,#1561,.T.);
#1559 = VERTEX_POINT('',#1560);
#1560 = CARTESIAN_POINT('',(4.910502665555,-10.01392927882,
    14.499999999999));
#1561 = LINE('',#1562,#1563);
#1562 = CARTESIAN_POINT('',(4.857688881596,-10.01392927882,
    14.499999999999));
#1563 = VECTOR('',#1564,1.);
#1564 = DIRECTION('',(1.,4.720027787766E-15,-3.491481338843E-15));
#1565 = ORIENTED_EDGE('',*,*,#1566,.T.);
#1566 = EDGE_CURVE('',#1559,#1567,#1569,.T.);
#1567 = VERTEX_POINT('',#1568);
#1568 = CARTESIAN_POINT('',(5.007919261304,-10.31033523717,
    14.499999999999));
#1569 = LINE('',#1570,#1571);
#1570 = CARTESIAN_POINT('',(4.910502665555,-10.01392927882,
    14.499999999999));
#1571 = VECTOR('',#1572,1.);
#1572 = DIRECTION('',(0.312228692984,-0.95000697012,-1.090140655006E-15)
  );
#1573 = ORIENTED_EDGE('',*,*,#1574,.T.);
#1574 = EDGE_CURVE('',#1567,#1477,#1575,.T.);
#1575 = LINE('',#1576,#1577);
#1576 = CARTESIAN_POINT('',(5.007919261304,-10.31033523717,
    14.499999999999));
#1577 = VECTOR('',#1578,1.);
#1578 = DIRECTION('',(0.209666107353,0.977773042903,-7.320453012108E-16)
  );
#1579 = FACE_BOUND('',#1580,.T.);
#1580 = EDGE_LOOP('',(#1581,#1588));
#1581 = ORIENTED_EDGE('',*,*,#1582,.F.);
#1582 = EDGE_CURVE('',#24,#32,#1583,.T.);
#1583 = CIRCLE('',#1584,1.6256);
#1584 = AXIS2_PLACEMENT_3D('',#1585,#1586,#1587);
#1585 = CARTESIAN_POINT('',(-1.000000000001,-7.5,14.499999999999));
#1586 = DIRECTION('',(3.491481338843E-15,0.,1.));
#1587 = DIRECTION('',(-1.,-6.936332796413E-15,3.491481338843E-15));
#1588 = ORIENTED_EDGE('',*,*,#31,.F.);
#1589 = FACE_BOUND('',#1590,.T.);
#1590 = EDGE_LOOP('',(#1591,#1598));
#1591 = ORIENTED_EDGE('',*,*,#1592,.F.);
#1592 = EDGE_CURVE('',#66,#74,#1593,.T.);
#1593 = CIRCLE('',#1594,1.6256);
#1594 = AXIS2_PLACEMENT_3D('',#1595,#1596,#1597);
#1595 = CARTESIAN_POINT('',(-9.500000000001,1.,14.499999999999));
#1596 = DIRECTION('',(3.491481338843E-15,0.,1.));
#1597 = DIRECTION('',(3.201384367575E-15,1.,-1.117757377785E-29));
#1598 = ORIENTED_EDGE('',*,*,#73,.F.);
#1599 = FACE_BOUND('',#1600,.T.);
#1600 = EDGE_LOOP('',(#1601,#1608));
#1601 = ORIENTED_EDGE('',*,*,#1602,.F.);
#1602 = EDGE_CURVE('',#108,#116,#1603,.T.);
#1603 = CIRCLE('',#1604,1.6256);
#1604 = AXIS2_PLACEMENT_3D('',#1605,#1606,#1607);
#1605 = CARTESIAN_POINT('',(-1.000000000001,9.5,14.499999999999));
#1606 = DIRECTION('',(3.491481338843E-15,0.,1.));
#1607 = DIRECTION('',(1.,0.,-3.491481338843E-15));
#1608 = ORIENTED_EDGE('',*,*,#115,.F.);
#1609 = FACE_BOUND('',#1610,.T.);
#1610 = EDGE_LOOP('',(#1611,#1618));
#1611 = ORIENTED_EDGE('',*,*,#1612,.F.);
#1612 = EDGE_CURVE('',#150,#158,#1613,.T.);
#1613 = CIRCLE('',#1614,1.6256);
#1614 = AXIS2_PLACEMENT_3D('',#1615,#1616,#1617);
#1615 = CARTESIAN_POINT('',(7.499999999999,1.,14.499999999999));
#1616 = DIRECTION('',(3.491481338843E-15,0.,1.));
#1617 = DIRECTION('',(-3.734948428838E-15,-1.,1.304050274083E-29));
#1618 = ORIENTED_EDGE('',*,*,#157,.F.);
#1619 = FACE_BOUND('',#1620,.T.);
#1620 = EDGE_LOOP('',(#1621,#1628));
#1621 = ORIENTED_EDGE('',*,*,#1622,.T.);
#1622 = EDGE_CURVE('',#484,#503,#1623,.T.);
#1623 = CIRCLE('',#1624,3.75);
#1624 = AXIS2_PLACEMENT_3D('',#1625,#1626,#1627);
#1625 = CARTESIAN_POINT('',(-1.000000000001,1.,14.499999999999));
#1626 = DIRECTION('',(-3.491481338843E-15,0.,-1.));
#1627 = DIRECTION('',(3.469446951954E-15,1.,-1.211350928885E-29));
#1628 = ORIENTED_EDGE('',*,*,#510,.T.);
#1629 = FACE_BOUND('',#1630,.T.);
#1630 = EDGE_LOOP('',(#1631,#1641,#1650,#1658));
#1631 = ORIENTED_EDGE('',*,*,#1632,.F.);
#1632 = EDGE_CURVE('',#1633,#1635,#1637,.T.);
#1633 = VERTEX_POINT('',#1634);
#1634 = CARTESIAN_POINT('',(11.499999999999,1.,14.499999999999));
#1635 = VERTEX_POINT('',#1636);
#1636 = CARTESIAN_POINT('',(11.499999999999,-10.865,14.499999999999));
#1637 = LINE('',#1638,#1639);
#1638 = CARTESIAN_POINT('',(11.499999999999,-11.5,14.499999999999));
#1639 = VECTOR('',#1640,1.);
#1640 = DIRECTION('',(-3.491481338843E-15,-1.,1.219044193949E-29));
#1641 = ORIENTED_EDGE('',*,*,#1642,.T.);
#1642 = EDGE_CURVE('',#1633,#1643,#1645,.T.);
#1643 = VERTEX_POINT('',#1644);
#1644 = CARTESIAN_POINT('',(-13.5,1.,14.499999999999));
#1645 = CIRCLE('',#1646,12.5);
#1646 = AXIS2_PLACEMENT_3D('',#1647,#1648,#1649);
#1647 = CARTESIAN_POINT('',(-1.000000000001,1.,14.499999999999));
#1648 = DIRECTION('',(3.491481338843E-15,0.,1.));
#1649 = DIRECTION('',(3.486794186713E-15,1.,-1.21740768353E-29));
#1650 = ORIENTED_EDGE('',*,*,#1651,.T.);
#1651 = EDGE_CURVE('',#1643,#1652,#1654,.T.);
#1652 = VERTEX_POINT('',#1653);
#1653 = CARTESIAN_POINT('',(-13.5,-10.865,14.499999999999));
#1654 = LINE('',#1655,#1656);
#1655 = CARTESIAN_POINT('',(-13.5,-11.5,14.499999999999));
#1656 = VECTOR('',#1657,1.);
#1657 = DIRECTION('',(-3.491481338843E-15,-1.,1.219044193949E-29));
#1658 = ORIENTED_EDGE('',*,*,#1659,.F.);
#1659 = EDGE_CURVE('',#1635,#1652,#1660,.T.);
#1660 = LINE('',#1661,#1662);
#1661 = CARTESIAN_POINT('',(11.499999999999,-10.865,14.499999999999));
#1662 = VECTOR('',#1663,1.);
#1663 = DIRECTION('',(-1.,3.491481338843E-15,3.491481338843E-15));
#1664 = FACE_BOUND('',#1665,.T.);
#1665 = EDGE_LOOP('',(#1666,#1676,#1684,#1692,#1700,#1708,#1716,#1724,
    #1732,#1740,#1748,#1756,#1764));
#1666 = ORIENTED_EDGE('',*,*,#1667,.T.);
#1667 = EDGE_CURVE('',#1668,#1670,#1672,.T.);
#1668 = VERTEX_POINT('',#1669);
#1669 = CARTESIAN_POINT('',(5.642394259006,-10.01392927882,
    14.499999999999));
#1670 = VERTEX_POINT('',#1671);
#1671 = CARTESIAN_POINT('',(5.709399846716,-10.01392927882,
    14.499999999999));
#1672 = LINE('',#1673,#1674);
#1673 = CARTESIAN_POINT('',(5.642394259006,-10.01392927882,
    14.499999999999));
#1674 = VECTOR('',#1675,1.);
#1675 = DIRECTION('',(1.,-2.553268343321E-16,-3.491481338843E-15));
#1676 = ORIENTED_EDGE('',*,*,#1677,.T.);
#1677 = EDGE_CURVE('',#1670,#1678,#1680,.T.);
#1678 = VERTEX_POINT('',#1679);
#1679 = CARTESIAN_POINT('',(5.610259960512,-10.3967025,14.499999999999)
  );
#1680 = LINE('',#1681,#1682);
#1681 = CARTESIAN_POINT('',(5.709399846716,-10.01392927882,
    14.499999999999));
#1682 = VECTOR('',#1683,1.);
#1683 = DIRECTION('',(-0.250730824584,-0.968056844201,8.754219951068E-16
    ));
#1684 = ORIENTED_EDGE('',*,*,#1685,.T.);
#1685 = EDGE_CURVE('',#1678,#1686,#1688,.T.);
#1686 = VERTEX_POINT('',#1687);
#1687 = CARTESIAN_POINT('',(5.550958494838,-10.3967025,14.499999999999)
  );
#1688 = LINE('',#1689,#1690);
#1689 = CARTESIAN_POINT('',(5.610259960512,-10.3967025,14.499999999999)
  );
#1690 = VECTOR('',#1691,1.);
#1691 = DIRECTION('',(-1.,3.491481338843E-15,3.491481338843E-15));
#1692 = ORIENTED_EDGE('',*,*,#1693,.T.);
#1693 = EDGE_CURVE('',#1686,#1694,#1696,.T.);
#1694 = VERTEX_POINT('',#1695);
#1695 = CARTESIAN_POINT('',(5.453136418982,-10.101614352,14.499999999999
    ));
#1696 = LINE('',#1697,#1698);
#1697 = CARTESIAN_POINT('',(5.550958494838,-10.3967025,14.499999999999)
  );
#1698 = VECTOR('',#1699,1.);
#1699 = DIRECTION('',(-0.314662176631,0.949203726603,1.098637117746E-15)
  );
#1700 = ORIENTED_EDGE('',*,*,#1701,.T.);
#1701 = EDGE_CURVE('',#1694,#1702,#1704,.T.);
#1702 = VERTEX_POINT('',#1703);
#1703 = CARTESIAN_POINT('',(5.356023933313,-10.3967025,14.499999999999)
  );
#1704 = LINE('',#1705,#1706);
#1705 = CARTESIAN_POINT('',(5.453136418982,-10.101614352,14.499999999999
    ));
#1706 = VECTOR('',#1707,1.);
#1707 = DIRECTION('',(-0.312603438092,-0.949883724723,1.091449070555E-15
    ));
#1708 = ORIENTED_EDGE('',*,*,#1709,.T.);
#1709 = EDGE_CURVE('',#1702,#1710,#1712,.T.);
#1710 = VERTEX_POINT('',#1711);
#1711 = CARTESIAN_POINT('',(5.29702657772,-10.3967025,14.499999999999));
#1712 = LINE('',#1713,#1714);
#1713 = CARTESIAN_POINT('',(5.356023933313,-10.3967025,14.499999999999)
  );
#1714 = VECTOR('',#1715,1.);
#1715 = DIRECTION('',(-1.,-3.859371332916E-15,3.491481338843E-15));
#1716 = ORIENTED_EDGE('',*,*,#1717,.T.);
#1717 = EDGE_CURVE('',#1710,#1718,#1720,.T.);
#1718 = VERTEX_POINT('',#1719);
#1719 = CARTESIAN_POINT('',(5.196872991247,-10.01392927882,
    14.499999999999));
#1720 = LINE('',#1721,#1722);
#1721 = CARTESIAN_POINT('',(5.29702657772,-10.3967025,14.499999999999));
#1722 = VECTOR('',#1723,1.);
#1723 = DIRECTION('',(-0.253131042469,0.967432000369,8.838023110641E-16)
  );
#1724 = ORIENTED_EDGE('',*,*,#1725,.T.);
#1725 = EDGE_CURVE('',#1718,#1726,#1728,.T.);
#1726 = VERTEX_POINT('',#1727);
#1727 = CARTESIAN_POINT('',(5.263878578958,-10.01392927882,
    14.499999999999));
#1728 = LINE('',#1729,#1730);
#1729 = CARTESIAN_POINT('',(5.196872991247,-10.01392927882,
    14.499999999999));
#1730 = VECTOR('',#1731,1.);
#1731 = DIRECTION('',(1.,-3.491481338843E-15,-3.491481338843E-15));
#1732 = ORIENTED_EDGE('',*,*,#1733,.T.);
#1733 = EDGE_CURVE('',#1726,#1734,#1736,.T.);
#1734 = VERTEX_POINT('',#1735);
#1735 = CARTESIAN_POINT('',(5.333519787365,-10.31033523717,
    14.499999999999));
#1736 = LINE('',#1737,#1738);
#1737 = CARTESIAN_POINT('',(5.263878578958,-10.01392927882,
    14.499999999999));
#1738 = VECTOR('',#1739,1.);
#1739 = DIRECTION('',(0.228723855574,-0.973491344539,-7.985850734844E-16
    ));
#1740 = ORIENTED_EDGE('',*,*,#1741,.T.);
#1741 = EDGE_CURVE('',#1734,#1742,#1744,.T.);
#1742 = VERTEX_POINT('',#1743);
#1743 = CARTESIAN_POINT('',(5.428604872498,-10.01392927882,
    14.499999999999));
#1744 = LINE('',#1745,#1746);
#1745 = CARTESIAN_POINT('',(5.333519787365,-10.31033523717,
    14.499999999999));
#1746 = VECTOR('',#1747,1.);
#1747 = DIRECTION('',(0.305460981264,0.952204594047,-1.066511315829E-15)
  );
#1748 = ORIENTED_EDGE('',*,*,#1749,.T.);
#1749 = EDGE_CURVE('',#1742,#1750,#1752,.T.);
#1750 = VERTEX_POINT('',#1751);
#1751 = CARTESIAN_POINT('',(5.481418656457,-10.01392927882,
    14.499999999999));
#1752 = LINE('',#1753,#1754);
#1753 = CARTESIAN_POINT('',(5.428604872498,-10.01392927882,
    14.499999999999));
#1754 = VECTOR('',#1755,1.);
#1755 = DIRECTION('',(1.,6.142732244615E-16,-3.491481338843E-15));
#1756 = ORIENTED_EDGE('',*,*,#1757,.T.);
#1757 = EDGE_CURVE('',#1750,#1758,#1760,.T.);
#1758 = VERTEX_POINT('',#1759);
#1759 = CARTESIAN_POINT('',(5.578835252206,-10.31033523717,
    14.499999999999));
#1760 = LINE('',#1761,#1762);
#1761 = CARTESIAN_POINT('',(5.481418656457,-10.01392927882,
    14.499999999999));
#1762 = VECTOR('',#1763,1.);
#1763 = DIRECTION('',(0.312228692984,-0.95000697012,-1.090140655006E-15)
  );
#1764 = ORIENTED_EDGE('',*,*,#1765,.T.);
#1765 = EDGE_CURVE('',#1758,#1668,#1766,.T.);
#1766 = LINE('',#1767,#1768);
#1767 = CARTESIAN_POINT('',(5.578835252206,-10.31033523717,
    14.499999999999));
#1768 = VECTOR('',#1769,1.);
#1769 = DIRECTION('',(0.209666107353,0.977773042903,-7.320453012108E-16)
  );
#1770 = FACE_BOUND('',#1771,.T.);
#1771 = EDGE_LOOP('',(#1772,#1782,#1790,#1798));
#1772 = ORIENTED_EDGE('',*,*,#1773,.T.);
#1773 = EDGE_CURVE('',#1774,#1776,#1778,.T.);
#1774 = VERTEX_POINT('',#1775);
#1775 = CARTESIAN_POINT('',(6.474946289062,-10.29938727427,
    14.499999999999));
#1776 = VERTEX_POINT('',#1777);
#1777 = CARTESIAN_POINT('',(6.474946289062,-10.3967025,14.499999999999)
  );
#1778 = LINE('',#1779,#1780);
#1779 = CARTESIAN_POINT('',(6.474946289062,-10.29938727427,
    14.499999999999));
#1780 = VECTOR('',#1781,1.);
#1781 = DIRECTION('',(-3.491481338843E-15,-1.,1.219044193949E-29));
#1782 = ORIENTED_EDGE('',*,*,#1783,.T.);
#1783 = EDGE_CURVE('',#1776,#1784,#1786,.T.);
#1784 = VERTEX_POINT('',#1785);
#1785 = CARTESIAN_POINT('',(6.39060642677,-10.3967025,14.499999999999));
#1786 = LINE('',#1787,#1788);
#1787 = CARTESIAN_POINT('',(6.474946289062,-10.3967025,14.499999999999)
  );
#1788 = VECTOR('',#1789,1.);
#1789 = DIRECTION('',(-1.,9.204499356197E-16,3.491481338843E-15));
#1790 = ORIENTED_EDGE('',*,*,#1791,.T.);
#1791 = EDGE_CURVE('',#1784,#1792,#1794,.T.);
#1792 = VERTEX_POINT('',#1793);
#1793 = CARTESIAN_POINT('',(6.39060642677,-10.29938727427,
    14.499999999999));
#1794 = LINE('',#1795,#1796);
#1795 = CARTESIAN_POINT('',(6.39060642677,-10.3967025,14.499999999999));
#1796 = VECTOR('',#1797,1.);
#1797 = DIRECTION('',(3.491481338843E-15,1.,-1.219044193949E-29));
#1798 = ORIENTED_EDGE('',*,*,#1799,.T.);
#1799 = EDGE_CURVE('',#1792,#1774,#1800,.T.);
#1800 = LINE('',#1801,#1802);
#1801 = CARTESIAN_POINT('',(6.39060642677,-10.29938727427,
    14.499999999999));
#1802 = VECTOR('',#1803,1.);
#1803 = DIRECTION('',(1.,-3.491481338843E-15,-3.491481338843E-15));
#1804 = FACE_BOUND('',#1805,.T.);
#1805 = EDGE_LOOP('',(#1806,#1832,#1856,#1880));
#1806 = ORIENTED_EDGE('',*,*,#1807,.T.);
#1807 = EDGE_CURVE('',#1808,#1810,#1812,.T.);
#1808 = VERTEX_POINT('',#1809);
#1809 = CARTESIAN_POINT('',(7.208257062887,-10.00095391539,
    14.499999999999));
#1810 = VERTEX_POINT('',#1811);
#1811 = CARTESIAN_POINT('',(7.383221729133,-10.20551862946,
    14.499999999999));
#1812 = B_SPLINE_CURVE_WITH_KNOTS('',3,(#1813,#1814,#1815,#1816,#1817,
    #1818,#1819,#1820,#1821,#1822,#1823,#1824,#1825,#1826,#1827,#1828,
    #1829,#1830,#1831),.UNSPECIFIED.,.F.,.F.,(4,1,1,1,1,1,1,1,1,1,1,1,1,
    1,1,1,4),(0.,6.413182673187E-02,0.125487406905,0.184575589996,
    0.242113839961,0.298978398778,0.355627099908,0.412970483506,
    0.471742096013,0.531687352324,0.591967037736,0.653764853713,
    0.717237701099,0.783213416352,0.8517485028,0.924207197476,1.),
  .UNSPECIFIED.);
#1813 = CARTESIAN_POINT('',(7.208257062887,-10.00095391539,
    14.499999999999));
#1814 = CARTESIAN_POINT('',(7.214754998402,-10.00108264117,
    14.499999999999));
#1815 = CARTESIAN_POINT('',(7.227469575853,-10.00133452022,
    14.499999999999));
#1816 = CARTESIAN_POINT('',(7.245997825004,-10.00409718332,
    14.499999999999));
#1817 = CARTESIAN_POINT('',(7.263545414457,-10.00829510247,
    14.499999999999));
#1818 = CARTESIAN_POINT('',(7.280110525805,-10.01427853927,
    14.499999999999));
#1819 = CARTESIAN_POINT('',(7.295569036808,-10.02217036278,
    14.499999999999));
#1820 = CARTESIAN_POINT('',(7.310090715536,-10.03163686174,
    14.499999999999));
#1821 = CARTESIAN_POINT('',(7.32353579952,-10.04288685371,
    14.499999999999));
#1822 = CARTESIAN_POINT('',(7.335907135266,-10.05577288447,
    14.499999999999));
#1823 = CARTESIAN_POINT('',(7.346966159992,-10.07016259835,
    14.499999999999));
#1824 = CARTESIAN_POINT('',(7.35689077633,-10.08574135706,
    14.499999999999));
#1825 = CARTESIAN_POINT('',(7.364838607355,-10.10280149074,
    14.499999999999));
#1826 = CARTESIAN_POINT('',(7.371793230498,-10.12089936936,
    14.499999999999));
#1827 = CARTESIAN_POINT('',(7.376825035598,-10.14033943485,
    14.499999999999));
#1828 = CARTESIAN_POINT('',(7.380622617949,-10.16096135553,
    14.499999999999));
#1829 = CARTESIAN_POINT('',(7.382852268805,-10.18283011946,
    14.499999999999));
#1830 = CARTESIAN_POINT('',(7.383096742986,-10.19784324669,
    14.499999999999));
#1831 = CARTESIAN_POINT('',(7.383221729133,-10.20551862946,
    14.499999999999));
#1832 = ORIENTED_EDGE('',*,*,#1833,.T.);
#1833 = EDGE_CURVE('',#1810,#1834,#1836,.T.);
#1834 = VERTEX_POINT('',#1835);
#1835 = CARTESIAN_POINT('',(7.208257062887,-10.40967786343,
    14.499999999999));
#1836 = B_SPLINE_CURVE_WITH_KNOTS('',3,(#1837,#1838,#1839,#1840,#1841,
    #1842,#1843,#1844,#1845,#1846,#1847,#1848,#1849,#1850,#1851,#1852,
    #1853,#1854,#1855),.UNSPECIFIED.,.F.,.F.,(4,1,1,1,1,1,1,1,1,1,1,1,1,
    1,1,1,4),(0.,7.586643330576E-02,0.148063192469,0.216993473168,
    0.282710591523,0.346245101168,0.407801850924,0.468423322082,
    0.528163077185,0.58699178482,0.64417759536,0.700881329264,
    0.757650952595,0.815245099508,0.874390685268,0.935805870828,1.),
  .UNSPECIFIED.);
#1837 = CARTESIAN_POINT('',(7.383221729133,-10.20551862946,
    14.499999999999));
#1838 = CARTESIAN_POINT('',(7.383099318527,-10.21319438634,
    14.499999999999));
#1839 = CARTESIAN_POINT('',(7.38286041834,-10.22817462226,
    14.499999999999));
#1840 = CARTESIAN_POINT('',(7.380599234319,-10.25003800692,
    14.499999999999));
#1841 = CARTESIAN_POINT('',(7.376857795234,-10.27063829149,
    14.499999999999));
#1842 = CARTESIAN_POINT('',(7.371765837287,-10.29006134483,
    14.499999999999));
#1843 = CARTESIAN_POINT('',(7.364874222471,-10.30811844296,
    14.499999999999));
#1844 = CARTESIAN_POINT('',(7.356824887296,-10.3251227536,
    14.499999999999));
#1845 = CARTESIAN_POINT('',(7.347037745206,-10.34075605308,
    14.499999999999));
#1846 = CARTESIAN_POINT('',(7.335860987443,-10.35505775425,
    14.499999999999));
#1847 = CARTESIAN_POINT('',(7.323576864455,-10.36796168621,
    14.499999999999));
#1848 = CARTESIAN_POINT('',(7.310049570895,-10.37907789709,
    14.499999999999));
#1849 = CARTESIAN_POINT('',(7.295601930782,-10.38859029849,
    14.499999999999));
#1850 = CARTESIAN_POINT('',(7.280079971541,-10.39632734152,
    14.499999999999));
#1851 = CARTESIAN_POINT('',(7.263549913258,-10.40234528985,
    14.499999999999));
#1852 = CARTESIAN_POINT('',(7.245996561667,-10.40653217669,
    14.499999999999));
#1853 = CARTESIAN_POINT('',(7.227469913591,-10.40929790523,
    14.499999999999));
#1854 = CARTESIAN_POINT('',(7.21475511263,-10.40954935635,
    14.499999999999));
#1855 = CARTESIAN_POINT('',(7.208257062887,-10.40967786343,
    14.499999999999));
#1856 = ORIENTED_EDGE('',*,*,#1857,.T.);
#1857 = EDGE_CURVE('',#1834,#1858,#1860,.T.);
#1858 = VERTEX_POINT('',#1859);
#1859 = CARTESIAN_POINT('',(7.032886916534,-10.20551862946,
    14.499999999999));
#1860 = B_SPLINE_CURVE_WITH_KNOTS('',3,(#1861,#1862,#1863,#1864,#1865,
    #1866,#1867,#1868,#1869,#1870,#1871,#1872,#1873,#1874,#1875,#1876,
    #1877,#1878,#1879),.UNSPECIFIED.,.F.,.F.,(4,1,1,1,1,1,1,1,1,1,1,1,1,
    1,1,1,4),(0.,6.474847846217E-02,0.126386629788,0.185753009771,
    0.2435601028,0.3005291218,0.357413165575,0.414499184224,
    0.473225233038,0.532656202253,0.592996140602,0.654590977554,
    0.717782751567,0.783385190503,0.852195184667,0.924265957138,1.),
  .UNSPECIFIED.);
#1861 = CARTESIAN_POINT('',(7.208257062887,-10.40967786343,
    14.499999999999));
#1862 = CARTESIAN_POINT('',(7.201691402861,-10.40955075795,
    14.499999999999));
#1863 = CARTESIAN_POINT('',(7.188875477873,-10.40930265276,
    14.499999999999));
#1864 = CARTESIAN_POINT('',(7.170214338544,-10.4065320587,
    14.499999999999));
#1865 = CARTESIAN_POINT('',(7.152560648116,-10.40234503524,
    14.499999999999));
#1866 = CARTESIAN_POINT('',(7.135928631255,-10.39632907095,
    14.499999999999));
#1867 = CARTESIAN_POINT('',(7.120309881016,-10.38858755323,
    14.499999999999));
#1868 = CARTESIAN_POINT('',(7.105766995755,-10.37910994338,
    14.499999999999));
#1869 = CARTESIAN_POINT('',(7.092233535428,-10.36795484907,
    14.499999999999));
#1870 = CARTESIAN_POINT('',(7.079944118036,-10.35508611946,
    14.499999999999));
#1871 = CARTESIAN_POINT('',(7.068852429231,-10.34075635865,
    14.499999999999));
#1872 = CARTESIAN_POINT('',(7.05923361388,-10.32506187364,
    14.499999999999));
#1873 = CARTESIAN_POINT('',(7.050947131035,-10.30819519089,
    14.499999999999));
#1874 = CARTESIAN_POINT('',(7.044414252068,-10.29000854867,
    14.499999999999));
#1875 = CARTESIAN_POINT('',(7.039228675845,-10.27064689425,
    14.499999999999));
#1876 = CARTESIAN_POINT('',(7.03551575255,-10.25003554682,
    14.499999999999));
#1877 = CARTESIAN_POINT('',(7.033246515576,-10.22817528634,
    14.499999999999));
#1878 = CARTESIAN_POINT('',(7.033008747206,-10.21319461133,
    14.499999999999));
#1879 = CARTESIAN_POINT('',(7.032886916534,-10.20551862946,
    14.499999999999));
#1880 = ORIENTED_EDGE('',*,*,#1881,.T.);
#1881 = EDGE_CURVE('',#1858,#1808,#1882,.T.);
#1882 = B_SPLINE_CURVE_WITH_KNOTS('',3,(#1883,#1884,#1885,#1886,#1887,
    #1888,#1889,#1890,#1891,#1892,#1893,#1894,#1895,#1896,#1897,#1898,
    #1899,#1900,#1901),.UNSPECIFIED.,.F.,.F.,(4,1,1,1,1,1,1,1,1,1,1,1,1,
    1,1,1,4),(0.,7.566077568468E-02,0.147993251351,0.216408953498,
    0.282269742731,0.345400383298,0.407235210806,0.467233490291,
    0.52687088715,0.585540122783,0.642783617402,0.699612630003,
    0.756675523883,0.814426692754,0.873735640082,0.935314160981,1.),
  .UNSPECIFIED.);
#1883 = CARTESIAN_POINT('',(7.032886916534,-10.20551862946,
    14.499999999999));
#1884 = CARTESIAN_POINT('',(7.033011323281,-10.19784302201,
    14.499999999999));
#1885 = CARTESIAN_POINT('',(7.033254664152,-10.1828294553,
    14.499999999999));
#1886 = CARTESIAN_POINT('',(7.035492382448,-10.16096381979,
    14.499999999999));
#1887 = CARTESIAN_POINT('',(7.039261535225,-10.14033087459,
    14.499999999999));
#1888 = CARTESIAN_POINT('',(7.044387281541,-10.12095230943,
    14.499999999999));
#1889 = CARTESIAN_POINT('',(7.050982370248,-10.10272471892,
    14.499999999999));
#1890 = CARTESIAN_POINT('',(7.059167535822,-10.08580223224,
    14.499999999999));
#1891 = CARTESIAN_POINT('',(7.068923718068,-10.0701616622,
    14.499999999999));
#1892 = CARTESIAN_POINT('',(7.079897926136,-10.05574475254,
    14.499999999999));
#1893 = CARTESIAN_POINT('',(7.092274597303,-10.04289364917,
    14.499999999999));
#1894 = CARTESIAN_POINT('',(7.105725748149,-10.03160467431,
    14.499999999999));
#1895 = CARTESIAN_POINT('',(7.120342715398,-10.02217331027,
    14.499999999999));
#1896 = CARTESIAN_POINT('',(7.135898181568,-10.01427664917,
    14.499999999999));
#1897 = CARTESIAN_POINT('',(7.152565136203,-10.00829538688,
    14.499999999999));
#1898 = CARTESIAN_POINT('',(7.170213078544,-10.00409729357,
    14.499999999999));
#1899 = CARTESIAN_POINT('',(7.18887581666,-10.0013297785,14.499999999999
    ));
#1900 = CARTESIAN_POINT('',(7.201691517628,-10.00108124189,
    14.499999999999));
#1901 = CARTESIAN_POINT('',(7.208257062887,-10.00095391539,
    14.499999999999));
#1902 = FACE_BOUND('',#1903,.T.);
#1903 = EDGE_LOOP('',(#1904,#1930,#1954,#1978));
#1904 = ORIENTED_EDGE('',*,*,#1905,.T.);
#1905 = EDGE_CURVE('',#1906,#1908,#1910,.T.);
#1906 = VERTEX_POINT('',#1907);
#1907 = CARTESIAN_POINT('',(7.831074507507,-10.00095391539,
    14.499999999999));
#1908 = VERTEX_POINT('',#1909);
#1909 = CARTESIAN_POINT('',(8.006039173753,-10.20551862946,
    14.499999999999));
#1910 = B_SPLINE_CURVE_WITH_KNOTS('',3,(#1911,#1912,#1913,#1914,#1915,
    #1916,#1917,#1918,#1919,#1920,#1921,#1922,#1923,#1924,#1925,#1926,
    #1927,#1928,#1929),.UNSPECIFIED.,.F.,.F.,(4,1,1,1,1,1,1,1,1,1,1,1,1,
    1,1,1,4),(0.,6.413182673186E-02,0.125487406905,0.184575589996,
    0.242113839961,0.298978398778,0.355627099908,0.412970483506,
    0.471742096013,0.531687352324,0.591967037736,0.653764853713,
    0.717237701099,0.783213416352,0.8517485028,0.924207197476,1.),
  .UNSPECIFIED.);
#1911 = CARTESIAN_POINT('',(7.831074507507,-10.00095391539,
    14.499999999999));
#1912 = CARTESIAN_POINT('',(7.837572443023,-10.00108264117,
    14.499999999999));
#1913 = CARTESIAN_POINT('',(7.850287020474,-10.00133452022,
    14.499999999999));
#1914 = CARTESIAN_POINT('',(7.868815269624,-10.00409718332,
    14.499999999999));
#1915 = CARTESIAN_POINT('',(7.886362859077,-10.00829510247,
    14.499999999999));
#1916 = CARTESIAN_POINT('',(7.902927970425,-10.01427853927,
    14.499999999999));
#1917 = CARTESIAN_POINT('',(7.918386481428,-10.02217036278,
    14.499999999999));
#1918 = CARTESIAN_POINT('',(7.932908160156,-10.03163686174,
    14.499999999999));
#1919 = CARTESIAN_POINT('',(7.946353244141,-10.04288685371,
    14.499999999999));
#1920 = CARTESIAN_POINT('',(7.958724579886,-10.05577288447,
    14.499999999999));
#1921 = CARTESIAN_POINT('',(7.969783604613,-10.07016259835,
    14.499999999999));
#1922 = CARTESIAN_POINT('',(7.97970822095,-10.08574135706,
    14.499999999999));
#1923 = CARTESIAN_POINT('',(7.987656051975,-10.10280149074,
    14.499999999999));
#1924 = CARTESIAN_POINT('',(7.994610675118,-10.12089936936,
    14.499999999999));
#1925 = CARTESIAN_POINT('',(7.999642480218,-10.14033943485,
    14.499999999999));
#1926 = CARTESIAN_POINT('',(8.003440062569,-10.16096135553,
    14.499999999999));
#1927 = CARTESIAN_POINT('',(8.005669713425,-10.18283011946,
    14.499999999999));
#1928 = CARTESIAN_POINT('',(8.005914187607,-10.19784324669,
    14.499999999999));
#1929 = CARTESIAN_POINT('',(8.006039173753,-10.20551862946,
    14.499999999999));
#1930 = ORIENTED_EDGE('',*,*,#1931,.T.);
#1931 = EDGE_CURVE('',#1908,#1932,#1934,.T.);
#1932 = VERTEX_POINT('',#1933);
#1933 = CARTESIAN_POINT('',(7.831074507507,-10.40967786343,
    14.499999999999));
#1934 = B_SPLINE_CURVE_WITH_KNOTS('',3,(#1935,#1936,#1937,#1938,#1939,
    #1940,#1941,#1942,#1943,#1944,#1945,#1946,#1947,#1948,#1949,#1950,
    #1951,#1952,#1953),.UNSPECIFIED.,.F.,.F.,(4,1,1,1,1,1,1,1,1,1,1,1,1,
    1,1,1,4),(0.,7.586643330576E-02,0.148063192469,0.216993473168,
    0.282710591523,0.346245101168,0.407801850924,0.468423322082,
    0.528163077185,0.586991784821,0.64417759536,0.700881329264,
    0.757650952595,0.815245099508,0.874390685268,0.935805870828,1.),
  .UNSPECIFIED.);
#1935 = CARTESIAN_POINT('',(8.006039173753,-10.20551862946,
    14.499999999999));
#1936 = CARTESIAN_POINT('',(8.005916763147,-10.21319438634,
    14.499999999999));
#1937 = CARTESIAN_POINT('',(8.00567786296,-10.22817462226,
    14.499999999999));
#1938 = CARTESIAN_POINT('',(8.003416678939,-10.25003800692,
    14.499999999999));
#1939 = CARTESIAN_POINT('',(7.999675239854,-10.27063829149,
    14.499999999999));
#1940 = CARTESIAN_POINT('',(7.994583281908,-10.29006134483,
    14.499999999999));
#1941 = CARTESIAN_POINT('',(7.987691667091,-10.30811844296,
    14.499999999999));
#1942 = CARTESIAN_POINT('',(7.979642331916,-10.3251227536,
    14.499999999999));
#1943 = CARTESIAN_POINT('',(7.969855189826,-10.34075605308,
    14.499999999999));
#1944 = CARTESIAN_POINT('',(7.958678432063,-10.35505775425,
    14.499999999999));
#1945 = CARTESIAN_POINT('',(7.946394309075,-10.36796168621,
    14.499999999999));
#1946 = CARTESIAN_POINT('',(7.932867015515,-10.37907789709,
    14.499999999999));
#1947 = CARTESIAN_POINT('',(7.918419375402,-10.38859029849,
    14.499999999999));
#1948 = CARTESIAN_POINT('',(7.902897416161,-10.39632734152,
    14.499999999999));
#1949 = CARTESIAN_POINT('',(7.886367357879,-10.40234528985,
    14.499999999999));
#1950 = CARTESIAN_POINT('',(7.868814006287,-10.40653217669,
    14.499999999999));
#1951 = CARTESIAN_POINT('',(7.850287358211,-10.40929790523,
    14.499999999999));
#1952 = CARTESIAN_POINT('',(7.83757255725,-10.40954935635,
    14.499999999999));
#1953 = CARTESIAN_POINT('',(7.831074507507,-10.40967786343,
    14.499999999999));
#1954 = ORIENTED_EDGE('',*,*,#1955,.T.);
#1955 = EDGE_CURVE('',#1932,#1956,#1958,.T.);
#1956 = VERTEX_POINT('',#1957);
#1957 = CARTESIAN_POINT('',(7.655704361154,-10.20551862946,
    14.499999999999));
#1958 = B_SPLINE_CURVE_WITH_KNOTS('',3,(#1959,#1960,#1961,#1962,#1963,
    #1964,#1965,#1966,#1967,#1968,#1969,#1970,#1971,#1972,#1973,#1974,
    #1975,#1976,#1977),.UNSPECIFIED.,.F.,.F.,(4,1,1,1,1,1,1,1,1,1,1,1,1,
    1,1,1,4),(0.,6.474847846218E-02,0.126386629788,0.185753009771,
    0.2435601028,0.3005291218,0.357413165575,0.414499184224,
    0.473225233038,0.532656202253,0.592996140602,0.654590977554,
    0.717782751567,0.783385190503,0.852195184667,0.924265957138,1.),
  .UNSPECIFIED.);
#1959 = CARTESIAN_POINT('',(7.831074507507,-10.40967786343,
    14.499999999999));
#1960 = CARTESIAN_POINT('',(7.824508847481,-10.40955075795,
    14.499999999999));
#1961 = CARTESIAN_POINT('',(7.811692922494,-10.40930265276,
    14.499999999999));
#1962 = CARTESIAN_POINT('',(7.793031783164,-10.4065320587,
    14.499999999999));
#1963 = CARTESIAN_POINT('',(7.775378092736,-10.40234503524,
    14.499999999999));
#1964 = CARTESIAN_POINT('',(7.758746075875,-10.39632907095,
    14.499999999999));
#1965 = CARTESIAN_POINT('',(7.743127325636,-10.38858755323,
    14.499999999999));
#1966 = CARTESIAN_POINT('',(7.728584440375,-10.37910994338,
    14.499999999999));
#1967 = CARTESIAN_POINT('',(7.715050980048,-10.36795484907,
    14.499999999999));
#1968 = CARTESIAN_POINT('',(7.702761562657,-10.35508611946,
    14.499999999999));
#1969 = CARTESIAN_POINT('',(7.691669873851,-10.34075635865,
    14.499999999999));
#1970 = CARTESIAN_POINT('',(7.6820510585,-10.32506187364,14.499999999999
    ));
#1971 = CARTESIAN_POINT('',(7.673764575655,-10.30819519089,
    14.499999999999));
#1972 = CARTESIAN_POINT('',(7.667231696689,-10.29000854867,
    14.499999999999));
#1973 = CARTESIAN_POINT('',(7.662046120466,-10.27064689425,
    14.499999999999));
#1974 = CARTESIAN_POINT('',(7.65833319717,-10.25003554682,
    14.499999999999));
#1975 = CARTESIAN_POINT('',(7.656063960196,-10.22817528634,
    14.499999999999));
#1976 = CARTESIAN_POINT('',(7.655826191826,-10.21319461133,
    14.499999999999));
#1977 = CARTESIAN_POINT('',(7.655704361154,-10.20551862946,
    14.499999999999));
#1978 = ORIENTED_EDGE('',*,*,#1979,.T.);
#1979 = EDGE_CURVE('',#1956,#1906,#1980,.T.);
#1980 = B_SPLINE_CURVE_WITH_KNOTS('',3,(#1981,#1982,#1983,#1984,#1985,
    #1986,#1987,#1988,#1989,#1990,#1991,#1992,#1993,#1994,#1995,#1996,
    #1997,#1998,#1999),.UNSPECIFIED.,.F.,.F.,(4,1,1,1,1,1,1,1,1,1,1,1,1,
    1,1,1,4),(0.,7.566077568468E-02,0.147993251351,0.216408953498,
    0.282269742731,0.345400383298,0.407235210806,0.467233490291,
    0.52687088715,0.585540122783,0.642783617402,0.699612630003,
    0.756675523883,0.814426692754,0.873735640082,0.935314160981,1.),
  .UNSPECIFIED.);
#1981 = CARTESIAN_POINT('',(7.655704361154,-10.20551862946,
    14.499999999999));
#1982 = CARTESIAN_POINT('',(7.655828767902,-10.19784302201,
    14.499999999999));
#1983 = CARTESIAN_POINT('',(7.656072108772,-10.1828294553,
    14.499999999999));
#1984 = CARTESIAN_POINT('',(7.658309827068,-10.16096381979,
    14.499999999999));
#1985 = CARTESIAN_POINT('',(7.662078979845,-10.14033087459,
    14.499999999999));
#1986 = CARTESIAN_POINT('',(7.667204726161,-10.12095230943,
    14.499999999999));
#1987 = CARTESIAN_POINT('',(7.673799814869,-10.10272471892,
    14.499999999999));
#1988 = CARTESIAN_POINT('',(7.681984980442,-10.08580223224,
    14.499999999999));
#1989 = CARTESIAN_POINT('',(7.691741162688,-10.0701616622,
    14.499999999999));
#1990 = CARTESIAN_POINT('',(7.702715370756,-10.05574475254,
    14.499999999999));
#1991 = CARTESIAN_POINT('',(7.715092041923,-10.04289364917,
    14.499999999999));
#1992 = CARTESIAN_POINT('',(7.728543192769,-10.03160467431,
    14.499999999999));
#1993 = CARTESIAN_POINT('',(7.743160160019,-10.02217331027,
    14.499999999999));
#1994 = CARTESIAN_POINT('',(7.758715626188,-10.01427664917,
    14.499999999999));
#1995 = CARTESIAN_POINT('',(7.775382580823,-10.00829538688,
    14.499999999999));
#1996 = CARTESIAN_POINT('',(7.793030523164,-10.00409729357,
    14.499999999999));
#1997 = CARTESIAN_POINT('',(7.81169326128,-10.0013297785,14.499999999999
    ));
#1998 = CARTESIAN_POINT('',(7.824508962248,-10.00108124189,
    14.499999999999));
#1999 = CARTESIAN_POINT('',(7.831074507507,-10.00095391539,
    14.499999999999));
#2000 = FACE_BOUND('',#2001,.T.);
#2001 = EDGE_LOOP('',(#2002,#2012,#2020,#2028,#2044,#2068,#2076,#2084,
    #2092,#2108,#2124,#2140,#2148));
#2002 = ORIENTED_EDGE('',*,*,#2003,.T.);
#2003 = EDGE_CURVE('',#2004,#2006,#2008,.T.);
#2004 = VERTEX_POINT('',#2005);
#2005 = CARTESIAN_POINT('',(8.615881254944,-10.01392927882,
    14.499999999999));
#2006 = VERTEX_POINT('',#2007);
#2007 = CARTESIAN_POINT('',(8.615881254944,-10.3967025,14.499999999999)
  );
#2008 = LINE('',#2009,#2010);
#2009 = CARTESIAN_POINT('',(8.615881254944,-10.01392927882,
    14.499999999999));
#2010 = VECTOR('',#2011,1.);
#2011 = DIRECTION('',(-3.491481338843E-15,-1.,1.219044193949E-29));
#2012 = ORIENTED_EDGE('',*,*,#2013,.T.);
#2013 = EDGE_CURVE('',#2006,#2014,#2016,.T.);
#2014 = VERTEX_POINT('',#2015);
#2015 = CARTESIAN_POINT('',(8.551004437796,-10.3967025,14.499999999999)
  );
#2016 = LINE('',#2017,#2018);
#2017 = CARTESIAN_POINT('',(8.615881254944,-10.3967025,14.499999999999)
  );
#2018 = VECTOR('',#2019,1.);
#2019 = DIRECTION('',(-1.,-3.193200309538E-15,3.491481338843E-15));
#2020 = ORIENTED_EDGE('',*,*,#2021,.T.);
#2021 = EDGE_CURVE('',#2014,#2022,#2024,.T.);
#2022 = VERTEX_POINT('',#2023);
#2023 = CARTESIAN_POINT('',(8.551004437796,-10.3562558593,
    14.499999999999));
#2024 = LINE('',#2025,#2026);
#2025 = CARTESIAN_POINT('',(8.551004437796,-10.3967025,14.499999999999)
  );
#2026 = VECTOR('',#2027,1.);
#2027 = DIRECTION('',(3.491481338843E-15,1.,-1.219044193949E-29));
#2028 = ORIENTED_EDGE('',*,*,#2029,.T.);
#2029 = EDGE_CURVE('',#2022,#2030,#2032,.T.);
#2030 = VERTEX_POINT('',#2031);
#2031 = CARTESIAN_POINT('',(8.424190534277,-10.40967786343,
    14.499999999999));
#2032 = B_SPLINE_CURVE_WITH_KNOTS('',3,(#2033,#2034,#2035,#2036,#2037,
    #2038,#2039,#2040,#2041,#2042,#2043),.UNSPECIFIED.,.F.,.F.,(4,1,1,1,
    1,1,1,1,4),(0.,0.142523691771,0.276955878348,0.404111797945,
    0.52313669693,0.638720379121,0.756125936015,0.875776351261,1.),
  .UNSPECIFIED.);
#2033 = CARTESIAN_POINT('',(8.551004437796,-10.3562558593,
    14.499999999999));
#2034 = CARTESIAN_POINT('',(8.545746083778,-10.36037378611,
    14.499999999999));
#2035 = CARTESIAN_POINT('',(8.535527908556,-10.36837585243,
    14.499999999999));
#2036 = CARTESIAN_POINT('',(8.519846814078,-10.37900839001,
    14.499999999999));
#2037 = CARTESIAN_POINT('',(8.504603173089,-10.38827493554,
    14.499999999999));
#2038 = CARTESIAN_POINT('',(8.48953034225,-10.39606848763,
    14.499999999999));
#2039 = CARTESIAN_POINT('',(8.474182449639,-10.40218831029,
    14.499999999999));
#2040 = CARTESIAN_POINT('',(8.45821733931,-10.40657078045,
    14.499999999999));
#2041 = CARTESIAN_POINT('',(8.441437901019,-10.40912458584,
    14.499999999999));
#2042 = CARTESIAN_POINT('',(8.430011083424,-10.40949114626,
    14.499999999999));
#2043 = CARTESIAN_POINT('',(8.424190534277,-10.40967786343,
    14.499999999999));
#2044 = ORIENTED_EDGE('',*,*,#2045,.T.);
#2045 = EDGE_CURVE('',#2030,#2046,#2048,.T.);
#2046 = VERTEX_POINT('',#2047);
#2047 = CARTESIAN_POINT('',(8.297984850919,-10.2639077649,
    14.499999999999));
#2048 = B_SPLINE_CURVE_WITH_KNOTS('',3,(#2049,#2050,#2051,#2052,#2053,
    #2054,#2055,#2056,#2057,#2058,#2059,#2060,#2061,#2062,#2063,#2064,
    #2065,#2066,#2067),.UNSPECIFIED.,.F.,.F.,(4,1,1,1,1,1,1,1,1,1,1,1,1,
    1,1,1,4),(0.,6.61092722432E-02,0.128957715078,0.189027311839,
    0.247015064348,0.303214755691,0.358744208446,0.414002131323,
    0.470179040546,0.527383351518,0.585451989849,0.645981544296,
    0.709241091841,0.776010260973,0.846250383886,0.920981992159,1.),
  .UNSPECIFIED.);
#2049 = CARTESIAN_POINT('',(8.424190534277,-10.40967786343,
    14.499999999999));
#2050 = CARTESIAN_POINT('',(8.419353105927,-10.40956031192,
    14.499999999999));
#2051 = CARTESIAN_POINT('',(8.409916854615,-10.40933100711,
    14.499999999999));
#2052 = CARTESIAN_POINT('',(8.396176429525,-10.40756944803,
    14.499999999999));
#2053 = CARTESIAN_POINT('',(8.383224702097,-10.40477341886,
    14.499999999999));
#2054 = CARTESIAN_POINT('',(8.371091166802,-10.40075032031,
    14.499999999999));
#2055 = CARTESIAN_POINT('',(8.359884534997,-10.39535751265,
    14.499999999999));
#2056 = CARTESIAN_POINT('',(8.34934053347,-10.38914016645,
    14.499999999999));
#2057 = CARTESIAN_POINT('',(8.3397424044,-10.38152564682,14.499999999999
    ));
#2058 = CARTESIAN_POINT('',(8.331013067432,-10.37277659567,
    14.499999999999));
#2059 = CARTESIAN_POINT('',(8.323172893062,-10.36294486416,
    14.499999999999));
#2060 = CARTESIAN_POINT('',(8.316473267151,-10.35193758196,
    14.499999999999));
#2061 = CARTESIAN_POINT('',(8.31063828315,-10.33995410709,
    14.499999999999));
#2062 = CARTESIAN_POINT('',(8.306032892538,-10.32677057472,
    14.499999999999));
#2063 = CARTESIAN_POINT('',(8.302360750203,-10.31256733678,
    14.499999999999));
#2064 = CARTESIAN_POINT('',(8.299932502587,-10.29725517486,
    14.499999999999));
#2065 = CARTESIAN_POINT('',(8.298216847975,-10.28094293702,
    14.499999999999));
#2066 = CARTESIAN_POINT('',(8.298063607341,-10.26969072277,
    14.499999999999));
#2067 = CARTESIAN_POINT('',(8.297984850919,-10.2639077649,
    14.499999999999));
#2068 = ORIENTED_EDGE('',*,*,#2069,.T.);
#2069 = EDGE_CURVE('',#2046,#2070,#2072,.T.);
#2070 = VERTEX_POINT('',#2071);
#2071 = CARTESIAN_POINT('',(8.297984850919,-10.01392927882,
    14.499999999999));
#2072 = LINE('',#2073,#2074);
#2073 = CARTESIAN_POINT('',(8.297984850919,-10.2639077649,
    14.499999999999));
#2074 = VECTOR('',#2075,1.);
#2075 = DIRECTION('',(3.491481338843E-15,1.,-1.219044193949E-29));
#2076 = ORIENTED_EDGE('',*,*,#2077,.T.);
#2077 = EDGE_CURVE('',#2070,#2078,#2080,.T.);
#2078 = VERTEX_POINT('',#2079);
#2079 = CARTESIAN_POINT('',(8.362861668067,-10.01392927882,
    14.499999999999));
#2080 = LINE('',#2081,#2082);
#2081 = CARTESIAN_POINT('',(8.297984850919,-10.01392927882,
    14.499999999999));
#2082 = VECTOR('',#2083,1.);
#2083 = DIRECTION('',(1.,-3.491481338843E-15,-3.491481338843E-15));
#2084 = ORIENTED_EDGE('',*,*,#2085,.T.);
#2085 = EDGE_CURVE('',#2078,#2086,#2088,.T.);
#2086 = VERTEX_POINT('',#2087);
#2087 = CARTESIAN_POINT('',(8.362861668067,-10.23532141734,
    14.499999999999));
#2088 = LINE('',#2089,#2090);
#2089 = CARTESIAN_POINT('',(8.362861668067,-10.01392927882,
    14.499999999999));
#2090 = VECTOR('',#2091,1.);
#2091 = DIRECTION('',(-3.491481338843E-15,-1.,1.219044193949E-29));
#2092 = ORIENTED_EDGE('',*,*,#2093,.T.);
#2093 = EDGE_CURVE('',#2086,#2094,#2096,.T.);
#2094 = VERTEX_POINT('',#2095);
#2095 = CARTESIAN_POINT('',(8.377053471818,-10.32209416028,
    14.499999999999));
#2096 = B_SPLINE_CURVE_WITH_KNOTS('',3,(#2097,#2098,#2099,#2100,#2101,
    #2102,#2103,#2104,#2105,#2106,#2107),.UNSPECIFIED.,.F.,.F.,(4,1,1,1,
    1,1,1,1,4),(0.,0.16076421837,0.309081219023,0.446191746697,
    0.571089149332,0.686730506333,0.796519838023,0.900064388607,1.),
  .UNSPECIFIED.);
#2097 = CARTESIAN_POINT('',(8.362861668067,-10.23532141734,
    14.499999999999));
#2098 = CARTESIAN_POINT('',(8.362905273205,-10.2400862626,
    14.499999999999));
#2099 = CARTESIAN_POINT('',(8.36298910734,-10.24924703355,
    14.499999999999));
#2100 = CARTESIAN_POINT('',(8.363493920339,-10.26246431706,
    14.499999999999));
#2101 = CARTESIAN_POINT('',(8.364302402505,-10.27460004943,
    14.499999999999));
#2102 = CARTESIAN_POINT('',(8.36533994349,-10.28574744356,
    14.499999999999));
#2103 = CARTESIAN_POINT('',(8.367015028564,-10.29601149718,
    14.499999999999));
#2104 = CARTESIAN_POINT('',(8.369572747107,-10.30543079042,
    14.499999999999));
#2105 = CARTESIAN_POINT('',(8.372748710114,-10.31418556564,
    14.499999999999));
#2106 = CARTESIAN_POINT('',(8.375635618725,-10.31948931798,
    14.499999999999));
#2107 = CARTESIAN_POINT('',(8.377053471818,-10.32209416028,
    14.499999999999));
#2108 = ORIENTED_EDGE('',*,*,#2109,.T.);
#2109 = EDGE_CURVE('',#2094,#2110,#2112,.T.);
#2110 = VERTEX_POINT('',#2111);
#2111 = CARTESIAN_POINT('',(8.44274124918,-10.35128872799,
    14.499999999999));
#2112 = B_SPLINE_CURVE_WITH_KNOTS('',3,(#2113,#2114,#2115,#2116,#2117,
    #2118,#2119,#2120,#2121,#2122,#2123),.UNSPECIFIED.,.F.,.F.,(4,1,1,1,
    1,1,1,1,4),(0.,0.113416529964,0.222179847202,0.32861156968,
    0.434031881291,0.548201600694,0.678210401885,0.828875801257,1.),
  .UNSPECIFIED.);
#2113 = CARTESIAN_POINT('',(8.377053471818,-10.32209416028,
    14.499999999999));
#2114 = CARTESIAN_POINT('',(8.378606993057,-10.32450991788,
    14.499999999999));
#2115 = CARTESIAN_POINT('',(8.381650298223,-10.32924232025,
    14.499999999999));
#2116 = CARTESIAN_POINT('',(8.387316131393,-10.33538253829,
    14.499999999999));
#2117 = CARTESIAN_POINT('',(8.393650447609,-10.34047607203,
    14.499999999999));
#2118 = CARTESIAN_POINT('',(8.400756769668,-10.34473251849,
    14.499999999999));
#2119 = CARTESIAN_POINT('',(8.409113571657,-10.34775827798,
    14.499999999999));
#2120 = CARTESIAN_POINT('',(8.418902032553,-10.34981078017,
    14.499999999999));
#2121 = CARTESIAN_POINT('',(8.430271254374,-10.35112428043,
    14.499999999999));
#2122 = CARTESIAN_POINT('',(8.438412058391,-10.35123163696,
    14.499999999999));
#2123 = CARTESIAN_POINT('',(8.44274124918,-10.35128872799,
    14.499999999999));
#2124 = ORIENTED_EDGE('',*,*,#2125,.T.);
#2125 = EDGE_CURVE('',#2110,#2126,#2128,.T.);
#2126 = VERTEX_POINT('',#2127);
#2127 = CARTESIAN_POINT('',(8.551004437796,-10.30425303556,
    14.499999999999));
#2128 = B_SPLINE_CURVE_WITH_KNOTS('',3,(#2129,#2130,#2131,#2132,#2133,
    #2134,#2135,#2136,#2137,#2138,#2139),.UNSPECIFIED.,.F.,.F.,(4,1,1,1,
    1,1,1,1,4),(0.,0.104900309884,0.216659214496,0.336335453982,
    0.464728333636,0.598381211343,0.731159368786,0.865089247573,1.),
  .UNSPECIFIED.);
#2129 = CARTESIAN_POINT('',(8.44274124918,-10.35128872799,
    14.499999999999));
#2130 = CARTESIAN_POINT('',(8.446944075379,-10.35113338647,
    14.499999999999));
#2131 = CARTESIAN_POINT('',(8.455624517067,-10.35081254687,
    14.499999999999));
#2132 = CARTESIAN_POINT('',(8.468844199824,-10.34803028372,
    14.499999999999));
#2133 = CARTESIAN_POINT('',(8.482695407661,-10.34403848963,
    14.499999999999));
#2134 = CARTESIAN_POINT('',(8.496831980783,-10.33817424314,
    14.499999999999));
#2135 = CARTESIAN_POINT('',(8.511024156862,-10.33120226691,
    14.499999999999));
#2136 = CARTESIAN_POINT('',(8.524864067448,-10.32310484067,
    14.499999999999));
#2137 = CARTESIAN_POINT('',(8.538293889906,-10.31424289965,
    14.499999999999));
#2138 = CARTESIAN_POINT('',(8.546757295497,-10.30759108005,
    14.499999999999));
#2139 = CARTESIAN_POINT('',(8.551004437796,-10.30425303556,
    14.499999999999));
#2140 = ORIENTED_EDGE('',*,*,#2141,.T.);
#2141 = EDGE_CURVE('',#2126,#2142,#2144,.T.);
#2142 = VERTEX_POINT('',#2143);
#2143 = CARTESIAN_POINT('',(8.551004437796,-10.01392927882,
    14.499999999999));
#2144 = LINE('',#2145,#2146);
#2145 = CARTESIAN_POINT('',(8.551004437796,-10.30425303556,
    14.499999999999));
#2146 = VECTOR('',#2147,1.);
#2147 = DIRECTION('',(3.491481338843E-15,1.,-1.219044193949E-29));
#2148 = ORIENTED_EDGE('',*,*,#2149,.T.);
#2149 = EDGE_CURVE('',#2142,#2004,#2150,.T.);
#2150 = LINE('',#2151,#2152);
#2151 = CARTESIAN_POINT('',(8.551004437796,-10.01392927882,
    14.499999999999));
#2152 = VECTOR('',#2153,1.);
#2153 = DIRECTION('',(1.,3.193200309538E-15,-3.491481338843E-15));
#2154 = FACE_BOUND('',#2155,.T.);
#2155 = EDGE_LOOP('',(#2156,#2166,#2182,#2198,#2214,#2238,#2254,#2262,
    #2270,#2286,#2310,#2334,#2346,#2358));
#2156 = ORIENTED_EDGE('',*,*,#2157,.T.);
#2157 = EDGE_CURVE('',#2158,#2160,#2162,.T.);
#2158 = VERTEX_POINT('',#2159);
#2159 = CARTESIAN_POINT('',(9.277624789853,-10.29938727427,
    14.499999999999));
#2160 = VERTEX_POINT('',#2161);
#2161 = CARTESIAN_POINT('',(9.277624789853,-10.37054903308,
    14.499999999999));
#2162 = LINE('',#2163,#2164);
#2163 = CARTESIAN_POINT('',(9.277624789853,-10.29938727427,
    14.499999999999));
#2164 = VECTOR('',#2165,1.);
#2165 = DIRECTION('',(-3.491481338843E-15,-1.,1.219044193949E-29));
#2166 = ORIENTED_EDGE('',*,*,#2167,.T.);
#2167 = EDGE_CURVE('',#2160,#2168,#2170,.T.);
#2168 = VERTEX_POINT('',#2169);
#2169 = CARTESIAN_POINT('',(9.157095827995,-10.40319018171,
    14.499999999999));
#2170 = B_SPLINE_CURVE_WITH_KNOTS('',3,(#2171,#2172,#2173,#2174,#2175,
    #2176,#2177,#2178,#2179,#2180,#2181),.UNSPECIFIED.,.F.,.F.,(4,1,1,1,
    1,1,1,1,4),(0.,0.136727723019,0.267578536513,0.393812183224,
    0.514113331116,0.632134505059,0.752341517427,0.874467778084,1.),
  .UNSPECIFIED.);
#2171 = CARTESIAN_POINT('',(9.277624789853,-10.37054903308,
    14.499999999999));
#2172 = CARTESIAN_POINT('',(9.272441207737,-10.37302595956,
    14.499999999999));
#2173 = CARTESIAN_POINT('',(9.262296847209,-10.37787334785,
    14.499999999999));
#2174 = CARTESIAN_POINT('',(9.247027208857,-10.38426273093,
    14.499999999999));
#2175 = CARTESIAN_POINT('',(9.232168507755,-10.38979824878,
    14.499999999999));
#2176 = CARTESIAN_POINT('',(9.217656899564,-10.39471732869,
    14.499999999999));
#2177 = CARTESIAN_POINT('',(9.203067679031,-10.39852563728,
    14.499999999999));
#2178 = CARTESIAN_POINT('',(9.188165032034,-10.40125629774,
    14.499999999999));
#2179 = CARTESIAN_POINT('',(9.172779158531,-10.40293126717,
    14.499999999999));
#2180 = CARTESIAN_POINT('',(9.162371316654,-10.40310308919,
    14.499999999999));
#2181 = CARTESIAN_POINT('',(9.157095827995,-10.40319018171,
    14.499999999999));
#2182 = ORIENTED_EDGE('',*,*,#2183,.T.);
#2183 = EDGE_CURVE('',#2168,#2184,#2186,.T.);
#2184 = VERTEX_POINT('',#2185);
#2185 = CARTESIAN_POINT('',(9.024199722869,-10.35392434869,
    14.499999999999));
#2186 = B_SPLINE_CURVE_WITH_KNOTS('',3,(#2187,#2188,#2189,#2190,#2191,
    #2192,#2193,#2194,#2195,#2196,#2197),.UNSPECIFIED.,.F.,.F.,(4,1,1,1,
    1,1,1,1,4),(0.,0.136565670698,0.26903284922,0.397107993401,
    0.522204327357,0.643877287782,0.763564248608,0.881237873099,1.),
  .UNSPECIFIED.);
#2187 = CARTESIAN_POINT('',(9.157095827995,-10.40319018171,
    14.499999999999));
#2188 = CARTESIAN_POINT('',(9.150467806662,-10.40301835229,
    14.499999999999));
#2189 = CARTESIAN_POINT('',(9.137410678507,-10.40267985025,
    14.499999999999));
#2190 = CARTESIAN_POINT('',(9.118226616347,-10.40048762984,
    14.499999999999));
#2191 = CARTESIAN_POINT('',(9.099905416757,-10.39655906487,
    14.499999999999));
#2192 = CARTESIAN_POINT('',(9.082431814235,-10.39139998047,
    14.499999999999));
#2193 = CARTESIAN_POINT('',(9.066007339684,-10.38446624416,
    14.499999999999));
#2194 = CARTESIAN_POINT('',(9.050777272182,-10.37594003721,
    14.499999999999));
#2195 = CARTESIAN_POINT('',(9.036663043074,-10.36586204668,
    14.499999999999));
#2196 = CARTESIAN_POINT('',(9.028366894201,-10.35791577569,
    14.499999999999));
#2197 = CARTESIAN_POINT('',(9.024199722869,-10.35392434869,
    14.499999999999));
#2198 = ORIENTED_EDGE('',*,*,#2199,.T.);
#2199 = EDGE_CURVE('',#2184,#2200,#2202,.T.);
#2200 = VERTEX_POINT('',#2201);
#2201 = CARTESIAN_POINT('',(8.972703749258,-10.20278163874,
    14.499999999999));
#2202 = B_SPLINE_CURVE_WITH_KNOTS('',3,(#2203,#2204,#2205,#2206,#2207,
    #2208,#2209,#2210,#2211,#2212,#2213),.UNSPECIFIED.,.F.,.F.,(4,1,1,1,
    1,1,1,1,4),(0.,0.107024100651,0.217421000858,0.331240559411,
    0.450897141554,0.576823751342,0.709383297645,0.850125556265,1.),
  .UNSPECIFIED.);
#2203 = CARTESIAN_POINT('',(9.024199722869,-10.35392434869,
    14.499999999999));
#2204 = CARTESIAN_POINT('',(9.020234054961,-10.3496240732,
    14.499999999999));
#2205 = CARTESIAN_POINT('',(9.012177743529,-10.34088800166,
    14.499999999999));
#2206 = CARTESIAN_POINT('',(9.002046894335,-10.32583521547,
    14.499999999999));
#2207 = CARTESIAN_POINT('',(8.993133994477,-10.30928533651,
    14.499999999999));
#2208 = CARTESIAN_POINT('',(8.985766216598,-10.29105951276,
    14.499999999999));
#2209 = CARTESIAN_POINT('',(8.979903076317,-10.27123603138,
    14.499999999999));
#2210 = CARTESIAN_POINT('',(8.97566907186,-10.2498305842,14.499999999999
    ));
#2211 = CARTESIAN_POINT('',(8.973110246669,-10.22683503541,
    14.499999999999));
#2212 = CARTESIAN_POINT('',(8.972842057539,-10.21096566123,
    14.499999999999));
#2213 = CARTESIAN_POINT('',(8.972703749258,-10.20278163874,
    14.499999999999));
#2214 = ORIENTED_EDGE('',*,*,#2215,.T.);
#2215 = EDGE_CURVE('',#2200,#2216,#2218,.T.);
#2216 = VERTEX_POINT('',#2217);
#2217 = CARTESIAN_POINT('',(9.157095827995,-10.00095391539,
    14.499999999999));
#2218 = B_SPLINE_CURVE_WITH_KNOTS('',3,(#2219,#2220,#2221,#2222,#2223,
    #2224,#2225,#2226,#2227,#2228,#2229,#2230,#2231,#2232,#2233,#2234,
    #2235,#2236,#2237),.UNSPECIFIED.,.F.,.F.,(4,1,1,1,1,1,1,1,1,1,1,1,1,
    1,1,1,4),(0.,7.423134504463E-02,0.144881754318,0.21241310739,
    0.277026181656,0.339200205543,0.399986178925,0.459617866222,
    0.519256780726,0.578228911703,0.636269156975,0.693859322992,
    0.751863356072,0.810719350561,0.87139177153,0.934297163128,1.),
  .UNSPECIFIED.);
#2219 = CARTESIAN_POINT('',(8.972703749258,-10.20278163874,
    14.499999999999));
#2220 = CARTESIAN_POINT('',(8.97286050889,-10.19513906596,
    14.499999999999));
#2221 = CARTESIAN_POINT('',(8.973166466038,-10.18022259973,
    14.499999999999));
#2222 = CARTESIAN_POINT('',(8.975517726723,-10.15845441075,
    14.499999999999));
#2223 = CARTESIAN_POINT('',(8.979412876668,-10.13791925392,
    14.499999999999));
#2224 = CARTESIAN_POINT('',(8.985007370025,-10.11868349093,
    14.499999999999));
#2225 = CARTESIAN_POINT('',(8.992101853165,-10.10069136753,
    14.499999999999));
#2226 = CARTESIAN_POINT('',(9.000846461664,-10.0840122346,
    14.499999999999));
#2227 = CARTESIAN_POINT('',(9.0111536938,-10.06856542637,14.499999999999
    ));
#2228 = CARTESIAN_POINT('',(9.022994118468,-10.05449632853,
    14.499999999999));
#2229 = CARTESIAN_POINT('',(9.036195548599,-10.04194505634,
    14.499999999999));
#2230 = CARTESIAN_POINT('',(9.050420619668,-10.03089818616,
    14.499999999999));
#2231 = CARTESIAN_POINT('',(9.065758897335,-10.02165571903,
    14.499999999999));
#2232 = CARTESIAN_POINT('',(9.082023284031,-10.01394920932,
    14.499999999999));
#2233 = CARTESIAN_POINT('',(9.099426943277,-10.0082518895,
    14.499999999999));
#2234 = CARTESIAN_POINT('',(9.117726778533,-10.00394890165,
    14.499999999999));
#2235 = CARTESIAN_POINT('',(9.13708658311,-10.00137516774,
    14.499999999999));
#2236 = CARTESIAN_POINT('',(9.150330057089,-10.0010963544,
    14.499999999999));
#2237 = CARTESIAN_POINT('',(9.157095827995,-10.00095391539,
    14.499999999999));
#2238 = ORIENTED_EDGE('',*,*,#2239,.T.);
#2239 = EDGE_CURVE('',#2216,#2240,#2242,.T.);
#2240 = VERTEX_POINT('',#2241);
#2241 = CARTESIAN_POINT('',(9.277624789853,-10.03288547383,
    14.499999999999));
#2242 = B_SPLINE_CURVE_WITH_KNOTS('',3,(#2243,#2244,#2245,#2246,#2247,
    #2248,#2249,#2250,#2251,#2252,#2253),.UNSPECIFIED.,.F.,.F.,(4,1,1,1,
    1,1,1,1,4),(0.,0.128193519006,0.255423879849,0.383262460023,
    0.511453447237,0.638341522565,0.761967374086,0.882885761973,1.),
  .UNSPECIFIED.);
#2243 = CARTESIAN_POINT('',(9.157095827995,-10.00095391539,
    14.499999999999));
#2244 = CARTESIAN_POINT('',(9.162472773439,-10.001078743,14.499999999999
    ));
#2245 = CARTESIAN_POINT('',(9.173186265647,-10.00132746036,
    14.499999999999));
#2246 = CARTESIAN_POINT('',(9.189184362767,-10.00309302668,
    14.499999999999));
#2247 = CARTESIAN_POINT('',(9.204999865328,-10.00603741344,
    14.499999999999));
#2248 = CARTESIAN_POINT('',(9.220544236248,-10.01012166532,
    14.499999999999));
#2249 = CARTESIAN_POINT('',(9.235660926093,-10.01500980135,
    14.499999999999));
#2250 = CARTESIAN_POINT('',(9.250301371149,-10.02034621935,
    14.499999999999));
#2251 = CARTESIAN_POINT('',(9.264256602658,-10.02631308894,
    14.499999999999));
#2252 = CARTESIAN_POINT('',(9.273216458494,-10.03071814553,
    14.499999999999));
#2253 = CARTESIAN_POINT('',(9.277624789853,-10.03288547383,
    14.499999999999));
#2254 = ORIENTED_EDGE('',*,*,#2255,.T.);
#2255 = EDGE_CURVE('',#2240,#2256,#2258,.T.);
#2256 = VERTEX_POINT('',#2257);
#2257 = CARTESIAN_POINT('',(9.277624789853,-10.10475682283,
    14.499999999999));
#2258 = LINE('',#2259,#2260);
#2259 = CARTESIAN_POINT('',(9.277624789853,-10.03288547383,
    14.499999999999));
#2260 = VECTOR('',#2261,1.);
#2261 = DIRECTION('',(-3.491481338843E-15,-1.,1.219044193949E-29));
#2262 = ORIENTED_EDGE('',*,*,#2263,.T.);
#2263 = EDGE_CURVE('',#2256,#2264,#2266,.T.);
#2264 = VERTEX_POINT('',#2265);
#2265 = CARTESIAN_POINT('',(9.274279578969,-10.10475682283,
    14.499999999999));
#2266 = LINE('',#2267,#2268);
#2267 = CARTESIAN_POINT('',(9.277624789853,-10.10475682283,
    14.499999999999));
#2268 = VECTOR('',#2269,1.);
#2269 = DIRECTION('',(-1.,3.491481338843E-15,3.491481338843E-15));
#2270 = ORIENTED_EDGE('',*,*,#2271,.T.);
#2271 = EDGE_CURVE('',#2264,#2272,#2274,.T.);
#2272 = VERTEX_POINT('',#2273);
#2273 = CARTESIAN_POINT('',(9.154054727192,-10.05934305083,
    14.499999999999));
#2274 = B_SPLINE_CURVE_WITH_KNOTS('',3,(#2275,#2276,#2277,#2278,#2279,
    #2280,#2281,#2282,#2283,#2284,#2285),.UNSPECIFIED.,.F.,.F.,(4,1,1,1,
    1,1,1,1,4),(0.,0.137498041077,0.270114562869,0.400885736411,
    0.528084576443,0.651697872071,0.770585712377,0.886634037938,1.),
  .UNSPECIFIED.);
#2275 = CARTESIAN_POINT('',(9.274279578969,-10.10475682283,
    14.499999999999));
#2276 = CARTESIAN_POINT('',(9.269426004734,-10.10124253783,
    14.499999999999));
#2277 = CARTESIAN_POINT('',(9.259891170109,-10.09433873362,
    14.499999999999));
#2278 = CARTESIAN_POINT('',(9.244950194555,-10.0852559286,
    14.499999999999));
#2279 = CARTESIAN_POINT('',(9.229805094368,-10.07746539629,
    14.499999999999));
#2280 = CARTESIAN_POINT('',(9.21448425377,-10.07097984348,
    14.499999999999));
#2281 = CARTESIAN_POINT('',(9.199229230901,-10.06574545297,
    14.499999999999));
#2282 = CARTESIAN_POINT('',(9.184021234334,-10.0621117312,
    14.499999999999));
#2283 = CARTESIAN_POINT('',(9.168997316387,-10.05973873587,
    14.499999999999));
#2284 = CARTESIAN_POINT('',(9.158996613433,-10.05947391372,
    14.499999999999));
#2285 = CARTESIAN_POINT('',(9.154054727192,-10.05934305083,
    14.499999999999));
#2286 = ORIENTED_EDGE('',*,*,#2287,.T.);
#2287 = EDGE_CURVE('',#2272,#2288,#2290,.T.);
#2288 = VERTEX_POINT('',#2289);
#2289 = CARTESIAN_POINT('',(9.037580566406,-10.20278163874,
    14.499999999999));
#2290 = B_SPLINE_CURVE_WITH_KNOTS('',3,(#2291,#2292,#2293,#2294,#2295,
    #2296,#2297,#2298,#2299,#2300,#2301,#2302,#2303,#2304,#2305,#2306,
    #2307,#2308,#2309),.UNSPECIFIED.,.F.,.F.,(4,1,1,1,1,1,1,1,1,1,1,1,1,
    1,1,1,4),(0.,6.294685329198E-02,0.122462552436,0.180297595158,
    0.236293131517,0.291020871439,0.345628781947,0.400873485041,
    0.457316385228,0.514973161895,0.574616482479,0.636303764579,
    0.700700184554,0.768976136989,0.841497633203,0.918220340718,1.),
  .UNSPECIFIED.);
#2291 = CARTESIAN_POINT('',(9.154054727192,-10.05934305083,
    14.499999999999));
#2292 = CARTESIAN_POINT('',(9.149658474898,-10.05947512662,
    14.499999999999));
#2293 = CARTESIAN_POINT('',(9.141105604518,-10.05973207892,
    14.499999999999));
#2294 = CARTESIAN_POINT('',(9.128572859664,-10.06129169782,
    14.499999999999));
#2295 = CARTESIAN_POINT('',(9.116830247936,-10.06432430611,
    14.499999999999));
#2296 = CARTESIAN_POINT('',(9.105669642205,-10.06817049843,
    14.499999999999));
#2297 = CARTESIAN_POINT('',(9.095397186294,-10.07350144939,
    14.499999999999));
#2298 = CARTESIAN_POINT('',(9.085610625603,-10.07959469693,
    14.499999999999));
#2299 = CARTESIAN_POINT('',(9.076850537545,-10.08727483914,
    14.499999999999));
#2300 = CARTESIAN_POINT('',(9.068548636024,-10.09572589586,
    14.499999999999));
#2301 = CARTESIAN_POINT('',(9.061240711086,-10.1054601739,
    14.499999999999));
#2302 = CARTESIAN_POINT('',(9.054846647626,-10.11623061675,
    14.499999999999));
#2303 = CARTESIAN_POINT('',(9.049465545655,-10.12806549834,
    14.499999999999));
#2304 = CARTESIAN_POINT('',(9.045128292673,-10.14095079085,
    14.499999999999));
#2305 = CARTESIAN_POINT('',(9.041673106666,-10.1548798947,
    14.499999999999));
#2306 = CARTESIAN_POINT('',(9.039290716008,-10.16990314885,
    14.499999999999));
#2307 = CARTESIAN_POINT('',(9.037874028234,-10.18599444012,
    14.499999999999));
#2308 = CARTESIAN_POINT('',(9.037680445738,-10.19706813863,
    14.499999999999));
#2309 = CARTESIAN_POINT('',(9.037580566406,-10.20278163874,
    14.499999999999));
#2310 = ORIENTED_EDGE('',*,*,#2311,.T.);
#2311 = EDGE_CURVE('',#2288,#2312,#2314,.T.);
#2312 = VERTEX_POINT('',#2313);
#2313 = CARTESIAN_POINT('',(9.154054727192,-10.34480104628,
    14.499999999999));
#2314 = B_SPLINE_CURVE_WITH_KNOTS('',3,(#2315,#2316,#2317,#2318,#2319,
    #2320,#2321,#2322,#2323,#2324,#2325,#2326,#2327,#2328,#2329,#2330,
    #2331,#2332,#2333),.UNSPECIFIED.,.F.,.F.,(4,1,1,1,1,1,1,1,1,1,1,1,1,
    1,1,1,4),(0.,7.977591786824E-02,0.154961430762,0.225863499869,
    0.293434808403,0.357706892313,0.418873133994,0.477915442604,
    0.535970530977,0.592392146965,0.647924778941,0.703081522311,
    0.758528948818,0.815438675424,0.873931891006,0.935267953473,1.),
  .UNSPECIFIED.);
#2315 = CARTESIAN_POINT('',(9.037580566406,-10.20278163874,
    14.499999999999));
#2316 = CARTESIAN_POINT('',(9.0376790381,-10.20832645289,14.499999999999
    ));
#2317 = CARTESIAN_POINT('',(9.037870315305,-10.21909702574,
    14.499999999999));
#2318 = CARTESIAN_POINT('',(9.039311905421,-10.23474197226,
    14.499999999999));
#2319 = CARTESIAN_POINT('',(9.04159965223,-10.24942355622,
    14.499999999999));
#2320 = CARTESIAN_POINT('',(9.044903071581,-10.26314390653,
    14.499999999999));
#2321 = CARTESIAN_POINT('',(9.049310164782,-10.27582848642,
    14.499999999999));
#2322 = CARTESIAN_POINT('',(9.054425244319,-10.28760632004,
    14.499999999999));
#2323 = CARTESIAN_POINT('',(9.060673652199,-10.29833676847,
    14.499999999999));
#2324 = CARTESIAN_POINT('',(9.06784814005,-10.30805892686,
    14.499999999999));
#2325 = CARTESIAN_POINT('',(9.075901119661,-10.31673719992,
    14.499999999999));
#2326 = CARTESIAN_POINT('',(9.084745066756,-10.32431310189,
    14.499999999999));
#2327 = CARTESIAN_POINT('',(9.09446418437,-10.33060103608,
    14.499999999999));
#2328 = CARTESIAN_POINT('',(9.104893228649,-10.33582336135,
    14.499999999999));
#2329 = CARTESIAN_POINT('',(9.11607992387,-10.33989218971,
    14.499999999999));
#2330 = CARTESIAN_POINT('',(9.128059798106,-10.34269497517,
    14.499999999999));
#2331 = CARTESIAN_POINT('',(9.140790687309,-10.34445600717,
    14.499999999999));
#2332 = CARTESIAN_POINT('',(9.149554686589,-10.34468398617,
    14.499999999999));
#2333 = CARTESIAN_POINT('',(9.154054727192,-10.34480104628,
    14.499999999999));
#2334 = ORIENTED_EDGE('',*,*,#2335,.T.);
#2335 = EDGE_CURVE('',#2312,#2336,#2338,.T.);
#2336 = VERTEX_POINT('',#2337);
#2337 = CARTESIAN_POINT('',(9.228967176992,-10.32716266162,
    14.499999999999));
#2338 = B_SPLINE_CURVE_WITH_KNOTS('',3,(#2339,#2340,#2341,#2342,#2343,
    #2344,#2345),.UNSPECIFIED.,.F.,.F.,(4,1,1,1,4),(0.,0.251454635612,
    0.509362862656,0.76451712147,1.),.UNSPECIFIED.);
#2339 = CARTESIAN_POINT('',(9.154054727192,-10.34480104628,
    14.499999999999));
#2340 = CARTESIAN_POINT('',(9.160560669468,-10.34456620837,
    14.499999999999));
#2341 = CARTESIAN_POINT('',(9.173739529242,-10.34409050543,
    14.499999999999));
#2342 = CARTESIAN_POINT('',(9.19318266373,-10.34022366246,
    14.499999999999));
#2343 = CARTESIAN_POINT('',(9.211820380568,-10.33485300749,
    14.499999999999));
#2344 = CARTESIAN_POINT('',(9.223406419967,-10.32965666363,
    14.499999999999));
#2345 = CARTESIAN_POINT('',(9.228967176992,-10.32716266162,
    14.499999999999));
#2346 = ORIENTED_EDGE('',*,*,#2347,.T.);
#2347 = EDGE_CURVE('',#2336,#2348,#2350,.T.);
#2348 = VERTEX_POINT('',#2349);
#2349 = CARTESIAN_POINT('',(9.274279578969,-10.29938727427,
    14.499999999999));
#2350 = B_SPLINE_CURVE_WITH_KNOTS('',3,(#2351,#2352,#2353,#2354,#2355,
    #2356,#2357),.UNSPECIFIED.,.F.,.F.,(4,1,1,1,4),(0.,0.286255031823,
    0.560312880476,0.806478765977,1.),.UNSPECIFIED.);
#2351 = CARTESIAN_POINT('',(9.228967176992,-10.32716266162,
    14.499999999999));
#2352 = CARTESIAN_POINT('',(9.23348638784,-10.32484331362,
    14.499999999999));
#2353 = CARTESIAN_POINT('',(9.242332248232,-10.32030344387,
    14.499999999999));
#2354 = CARTESIAN_POINT('',(9.254648509098,-10.31300880698,
    14.499999999999));
#2355 = CARTESIAN_POINT('',(9.265275723835,-10.30610913361,
    14.499999999999));
#2356 = CARTESIAN_POINT('',(9.271527819383,-10.30144160995,
    14.499999999999));
#2357 = CARTESIAN_POINT('',(9.274279578969,-10.29938727427,
    14.499999999999));
#2358 = ORIENTED_EDGE('',*,*,#2359,.T.);
#2359 = EDGE_CURVE('',#2348,#2158,#2360,.T.);
#2360 = LINE('',#2361,#2362);
#2361 = CARTESIAN_POINT('',(9.274279578969,-10.29938727427,
    14.499999999999));
#2362 = VECTOR('',#2363,1.);
#2363 = DIRECTION('',(1.,-3.491481338843E-15,-3.491481338843E-15));
#2364 = FACE_BOUND('',#2365,.T.);
#2365 = EDGE_LOOP('',(#2366,#2376,#2384,#2392,#2406,#2422,#2438,#2450,
    #2458,#2466,#2474,#2488,#2504,#2520,#2528,#2536,#2544,#2552,#2560,
    #2576,#2592,#2608));
#2366 = ORIENTED_EDGE('',*,*,#2367,.T.);
#2367 = EDGE_CURVE('',#2368,#2370,#2372,.T.);
#2368 = VERTEX_POINT('',#2369);
#2369 = CARTESIAN_POINT('',(10.348092272794,-10.14672401392,
    14.499999999999));
#2370 = VERTEX_POINT('',#2371);
#2371 = CARTESIAN_POINT('',(10.348092272794,-10.3967025,14.499999999999)
  );
#2372 = LINE('',#2373,#2374);
#2373 = CARTESIAN_POINT('',(10.348092272794,-10.14672401392,
    14.499999999999));
#2374 = VECTOR('',#2375,1.);
#2375 = DIRECTION('',(-3.491481338843E-15,-1.,1.219044193949E-29));
#2376 = ORIENTED_EDGE('',*,*,#2377,.T.);
#2377 = EDGE_CURVE('',#2370,#2378,#2380,.T.);
#2378 = VERTEX_POINT('',#2379);
#2379 = CARTESIAN_POINT('',(10.283215455646,-10.3967025,14.499999999999)
  );
#2380 = LINE('',#2381,#2382);
#2381 = CARTESIAN_POINT('',(10.348092272794,-10.3967025,14.499999999999)
  );
#2382 = VECTOR('',#2383,1.);
#2383 = DIRECTION('',(-1.,1.491405146528E-16,3.491481338843E-15));
#2384 = ORIENTED_EDGE('',*,*,#2385,.T.);
#2385 = EDGE_CURVE('',#2378,#2386,#2388,.T.);
#2386 = VERTEX_POINT('',#2387);
#2387 = CARTESIAN_POINT('',(10.283215455646,-10.17531036148,
    14.499999999999));
#2388 = LINE('',#2389,#2390);
#2389 = CARTESIAN_POINT('',(10.283215455646,-10.3967025,14.499999999999)
  );
#2390 = VECTOR('',#2391,1.);
#2391 = DIRECTION('',(3.491481338843E-15,1.,-1.219044193949E-29));
#2392 = ORIENTED_EDGE('',*,*,#2393,.T.);
#2393 = EDGE_CURVE('',#2386,#2394,#2396,.T.);
#2394 = VERTEX_POINT('',#2395);
#2395 = CARTESIAN_POINT('',(10.271659272592,-10.08965268884,
    14.499999999999));
#2396 = B_SPLINE_CURVE_WITH_KNOTS('',3,(#2397,#2398,#2399,#2400,#2401,
    #2402,#2403,#2404,#2405),.UNSPECIFIED.,.F.,.F.,(4,1,1,1,1,1,4),(0.,
    0.284094244577,0.55720599339,0.685132628977,0.801563537594,
    0.906149168776,1.),.UNSPECIFIED.);
#2397 = CARTESIAN_POINT('',(10.283215455646,-10.17531036148,
    14.499999999999));
#2398 = CARTESIAN_POINT('',(10.283133875479,-10.16706257526,
    14.499999999999));
#2399 = CARTESIAN_POINT('',(10.282973868864,-10.15088584516,
    14.499999999999));
#2400 = CARTESIAN_POINT('',(10.281537335819,-10.13103807766,
    14.499999999999));
#2401 = CARTESIAN_POINT('',(10.279763449448,-10.11611224895,
    14.499999999999));
#2402 = CARTESIAN_POINT('',(10.277744534334,-10.10618016996,
    14.499999999999));
#2403 = CARTESIAN_POINT('',(10.275218117311,-10.09736625246,
    14.499999999999));
#2404 = CARTESIAN_POINT('',(10.272801985745,-10.09212944501,
    14.499999999999));
#2405 = CARTESIAN_POINT('',(10.271659272592,-10.08965268884,
    14.499999999999));
#2406 = ORIENTED_EDGE('',*,*,#2407,.T.);
#2407 = EDGE_CURVE('',#2394,#2408,#2410,.T.);
#2408 = VERTEX_POINT('',#2409);
#2409 = CARTESIAN_POINT('',(10.20688382547,-10.05934305083,
    14.499999999999));
#2410 = B_SPLINE_CURVE_WITH_KNOTS('',3,(#2411,#2412,#2413,#2414,#2415,
    #2416,#2417,#2418,#2419,#2420,#2421),.UNSPECIFIED.,.F.,.F.,(4,1,1,1,
    1,1,1,1,4),(0.,0.108897347065,0.216259975665,0.32173446603,
    0.428787510752,0.544699533658,0.677241153007,0.828423569898,1.),
  .UNSPECIFIED.);
#2411 = CARTESIAN_POINT('',(10.271659272592,-10.08965268884,
    14.499999999999));
#2412 = CARTESIAN_POINT('',(10.270276342507,-10.08727396047,
    14.499999999999));
#2413 = CARTESIAN_POINT('',(10.26752997233,-10.08255002778,
    14.499999999999));
#2414 = CARTESIAN_POINT('',(10.262211295522,-10.07635325848,
    14.499999999999));
#2415 = CARTESIAN_POINT('',(10.256031425137,-10.07112345256,
    14.499999999999));
#2416 = CARTESIAN_POINT('',(10.248964814591,-10.06672926349,
    14.499999999999));
#2417 = CARTESIAN_POINT('',(10.240612667981,-10.0633519919,
    14.499999999999));
#2418 = CARTESIAN_POINT('',(10.230786240776,-10.0609743372,
    14.499999999999));
#2419 = CARTESIAN_POINT('',(10.219356119202,-10.05961735637,
    14.499999999999));
#2420 = CARTESIAN_POINT('',(10.211212773318,-10.05943825821,
    14.499999999999));
#2421 = CARTESIAN_POINT('',(10.20688382547,-10.05934305083,
    14.499999999999));
#2422 = ORIENTED_EDGE('',*,*,#2423,.T.);
#2423 = EDGE_CURVE('',#2408,#2424,#2426,.T.);
#2424 = VERTEX_POINT('',#2425);
#2425 = CARTESIAN_POINT('',(10.099127486989,-10.10810203371,
    14.499999999999));
#2426 = B_SPLINE_CURVE_WITH_KNOTS('',3,(#2427,#2428,#2429,#2430,#2431,
    #2432,#2433,#2434,#2435,#2436,#2437),.UNSPECIFIED.,.F.,.F.,(4,1,1,1,
    1,1,1,1,4),(0.,0.112124424225,0.226165108806,0.343535254249,
    0.466319311591,0.593589273563,0.724358312791,0.85997100076,1.),
  .UNSPECIFIED.);
#2427 = CARTESIAN_POINT('',(10.20688382547,-10.05934305083,
    14.499999999999));
#2428 = CARTESIAN_POINT('',(10.202375563667,-10.05948231432,
    14.499999999999));
#2429 = CARTESIAN_POINT('',(10.193281991698,-10.05976322137,
    14.499999999999));
#2430 = CARTESIAN_POINT('',(10.179732338546,-10.06261974108,
    14.499999999999));
#2431 = CARTESIAN_POINT('',(10.16611354512,-10.06681009639,
    14.499999999999));
#2432 = CARTESIAN_POINT('',(10.152725741735,-10.07308578259,
    14.499999999999));
#2433 = CARTESIAN_POINT('',(10.139265200859,-10.08034963884,
    14.499999999999));
#2434 = CARTESIAN_POINT('',(10.125877234242,-10.0887682513,
    14.499999999999));
#2435 = CARTESIAN_POINT('',(10.112371554512,-10.09793892812,
    14.499999999999));
#2436 = CARTESIAN_POINT('',(10.10358908022,-10.10467833906,
    14.499999999999));
#2437 = CARTESIAN_POINT('',(10.099127486989,-10.10810203371,
    14.499999999999));
#2438 = ORIENTED_EDGE('',*,*,#2439,.T.);
#2439 = EDGE_CURVE('',#2424,#2440,#2442,.T.);
#2440 = VERTEX_POINT('',#2441);
#2441 = CARTESIAN_POINT('',(10.101560367632,-10.14773771419,
    14.499999999999));
#2442 = B_SPLINE_CURVE_WITH_KNOTS('',3,(#2443,#2444,#2445,#2446,#2447,
    #2448,#2449),.UNSPECIFIED.,.F.,.F.,(4,1,1,1,4),(0.,0.218083666688,
    0.471498394464,0.737153384896,1.),.UNSPECIFIED.);
#2443 = CARTESIAN_POINT('',(10.099127486989,-10.10810203371,
    14.499999999999));
#2444 = CARTESIAN_POINT('',(10.099444626384,-10.11097287255,
    14.499999999999));
#2445 = CARTESIAN_POINT('',(10.100130283948,-10.11717964597,
    14.499999999999));
#2446 = CARTESIAN_POINT('',(10.100916609323,-10.12691224601,
    14.499999999999));
#2447 = CARTESIAN_POINT('',(10.101417140777,-10.13725784435,
    14.499999999999));
#2448 = CARTESIAN_POINT('',(10.101512794777,-10.1442568214,
    14.499999999999));
#2449 = CARTESIAN_POINT('',(10.101560367632,-10.14773771419,
    14.499999999999));
#2450 = ORIENTED_EDGE('',*,*,#2451,.T.);
#2451 = EDGE_CURVE('',#2440,#2452,#2454,.T.);
#2452 = VERTEX_POINT('',#2453);
#2453 = CARTESIAN_POINT('',(10.101560367632,-10.3967025,14.499999999999)
  );
#2454 = LINE('',#2455,#2456);
#2455 = CARTESIAN_POINT('',(10.101560367632,-10.14773771419,
    14.499999999999));
#2456 = VECTOR('',#2457,1.);
#2457 = DIRECTION('',(-3.491481338843E-15,-1.,1.219044193949E-29));
#2458 = ORIENTED_EDGE('',*,*,#2459,.T.);
#2459 = EDGE_CURVE('',#2452,#2460,#2462,.T.);
#2460 = VERTEX_POINT('',#2461);
#2461 = CARTESIAN_POINT('',(10.036683550484,-10.3967025,14.499999999999)
  );
#2462 = LINE('',#2463,#2464);
#2463 = CARTESIAN_POINT('',(10.101560367632,-10.3967025,14.499999999999)
  );
#2464 = VECTOR('',#2465,1.);
#2465 = DIRECTION('',(-1.,1.491405146528E-16,3.491481338843E-15));
#2466 = ORIENTED_EDGE('',*,*,#2467,.T.);
#2467 = EDGE_CURVE('',#2460,#2468,#2470,.T.);
#2468 = VERTEX_POINT('',#2469);
#2469 = CARTESIAN_POINT('',(10.036683550484,-10.17531036148,
    14.499999999999));
#2470 = LINE('',#2471,#2472);
#2471 = CARTESIAN_POINT('',(10.036683550484,-10.3967025,14.499999999999)
  );
#2472 = VECTOR('',#2473,1.);
#2473 = DIRECTION('',(3.491481338843E-15,1.,-1.219044193949E-29));
#2474 = ORIENTED_EDGE('',*,*,#2475,.T.);
#2475 = EDGE_CURVE('',#2468,#2476,#2478,.T.);
#2476 = VERTEX_POINT('',#2477);
#2477 = CARTESIAN_POINT('',(10.025127367429,-10.08924720873,
    14.499999999999));
#2478 = B_SPLINE_CURVE_WITH_KNOTS('',3,(#2479,#2480,#2481,#2482,#2483,
    #2484,#2485,#2486,#2487),.UNSPECIFIED.,.F.,.F.,(4,1,1,1,1,1,4),(0.,
    0.287431830513,0.559297187573,0.686640008278,0.801404437106,
    0.905512774036,1.),.UNSPECIFIED.);
#2479 = CARTESIAN_POINT('',(10.036683550484,-10.17531036148,
    14.499999999999));
#2480 = CARTESIAN_POINT('',(10.036605395309,-10.16692723044,
    14.499999999999));
#2481 = CARTESIAN_POINT('',(10.036453317618,-10.1506149744,
    14.499999999999));
#2482 = CARTESIAN_POINT('',(10.035000465997,-10.13063343202,
    14.499999999999));
#2483 = CARTESIAN_POINT('',(10.033243194014,-10.11573835685,
    14.499999999999));
#2484 = CARTESIAN_POINT('',(10.031201643271,-10.10584368627,
    14.499999999999));
#2485 = CARTESIAN_POINT('',(10.028666573072,-10.09703716586,
    14.499999999999));
#2486 = CARTESIAN_POINT('',(10.026268375145,-10.09175862007,
    14.499999999999));
#2487 = CARTESIAN_POINT('',(10.025127367429,-10.08924720873,
    14.499999999999));
#2488 = ORIENTED_EDGE('',*,*,#2489,.T.);
#2489 = EDGE_CURVE('',#2476,#2490,#2492,.T.);
#2490 = VERTEX_POINT('',#2491);
#2491 = CARTESIAN_POINT('',(9.960351920308,-10.05934305083,
    14.499999999999));
#2492 = B_SPLINE_CURVE_WITH_KNOTS('',3,(#2493,#2494,#2495,#2496,#2497,
    #2498,#2499,#2500,#2501,#2502,#2503),.UNSPECIFIED.,.F.,.F.,(4,1,1,1,
    1,1,1,1,4),(0.,0.109174942764,0.215792897073,0.32067156451,
    0.427997503527,0.543699599072,0.676579086922,0.827986195798,1.),
  .UNSPECIFIED.);
#2493 = CARTESIAN_POINT('',(10.025127367429,-10.08924720873,
    14.499999999999));
#2494 = CARTESIAN_POINT('',(10.02374893204,-10.08686532259,
    14.499999999999));
#2495 = CARTESIAN_POINT('',(10.021024345624,-10.0821573365,
    14.499999999999));
#2496 = CARTESIAN_POINT('',(10.015677393626,-10.07603858642,
    14.499999999999));
#2497 = CARTESIAN_POINT('',(10.009464506908,-10.07093432865,
    14.499999999999));
#2498 = CARTESIAN_POINT('',(10.002459812399,-10.06649731001,
    14.499999999999));
#2499 = CARTESIAN_POINT('',(9.994051462266,-10.0632924138,
    14.499999999999));
#2500 = CARTESIAN_POINT('',(9.984267232391,-10.06083065866,
    14.499999999999));
#2501 = CARTESIAN_POINT('',(9.972813775322,-10.05966081096,
    14.499999999999));
#2502 = CARTESIAN_POINT('',(9.964678647955,-10.05945337642,
    14.499999999999));
#2503 = CARTESIAN_POINT('',(9.960351920308,-10.05934305083,
    14.499999999999));
#2504 = ORIENTED_EDGE('',*,*,#2505,.T.);
#2505 = EDGE_CURVE('',#2490,#2506,#2508,.T.);
#2506 = VERTEX_POINT('',#2507);
#2507 = CARTESIAN_POINT('',(9.85502846247,-10.10637874326,
    14.499999999999));
#2508 = B_SPLINE_CURVE_WITH_KNOTS('',3,(#2509,#2510,#2511,#2512,#2513,
    #2514,#2515,#2516,#2517,#2518,#2519),.UNSPECIFIED.,.F.,.F.,(4,1,1,1,
    1,1,1,1,4),(0.,0.112429270787,0.22585488253,0.344344081005,
    0.466873961627,0.594325038339,0.725191412083,0.859987299411,1.),
  .UNSPECIFIED.);
#2509 = CARTESIAN_POINT('',(9.960351920308,-10.05934305083,
    14.499999999999));
#2510 = CARTESIAN_POINT('',(9.955945974974,-10.05948867975,
    14.499999999999));
#2511 = CARTESIAN_POINT('',(9.947095039102,-10.05978122816,
    14.499999999999));
#2512 = CARTESIAN_POINT('',(9.933845138743,-10.06252880368,
    14.499999999999));
#2513 = CARTESIAN_POINT('',(9.920571439831,-10.06663395081,
    14.499999999999));
#2514 = CARTESIAN_POINT('',(9.907372468999,-10.07252897457,
    14.499999999999));
#2515 = CARTESIAN_POINT('',(9.8943056353,-10.07971449848,14.499999999999
    ));
#2516 = CARTESIAN_POINT('',(9.881059196017,-10.08755883063,
    14.499999999999));
#2517 = CARTESIAN_POINT('',(9.867966497302,-10.09656546852,
    14.499999999999));
#2518 = CARTESIAN_POINT('',(9.859395377205,-10.10306651427,
    14.499999999999));
#2519 = CARTESIAN_POINT('',(9.85502846247,-10.10637874326,
    14.499999999999));
#2520 = ORIENTED_EDGE('',*,*,#2521,.T.);
#2521 = EDGE_CURVE('',#2506,#2522,#2524,.T.);
#2522 = VERTEX_POINT('',#2523);
#2523 = CARTESIAN_POINT('',(9.85502846247,-10.3967025,14.499999999999));
#2524 = LINE('',#2525,#2526);
#2525 = CARTESIAN_POINT('',(9.85502846247,-10.10637874326,
    14.499999999999));
#2526 = VECTOR('',#2527,1.);
#2527 = DIRECTION('',(-3.491481338843E-15,-1.,1.219044193949E-29));
#2528 = ORIENTED_EDGE('',*,*,#2529,.T.);
#2529 = EDGE_CURVE('',#2522,#2530,#2532,.T.);
#2530 = VERTEX_POINT('',#2531);
#2531 = CARTESIAN_POINT('',(9.790151645322,-10.3967025,14.499999999999)
  );
#2532 = LINE('',#2533,#2534);
#2533 = CARTESIAN_POINT('',(9.85502846247,-10.3967025,14.499999999999));
#2534 = VECTOR('',#2535,1.);
#2535 = DIRECTION('',(-1.,3.491481338843E-15,3.491481338843E-15));
#2536 = ORIENTED_EDGE('',*,*,#2537,.T.);
#2537 = EDGE_CURVE('',#2530,#2538,#2540,.T.);
#2538 = VERTEX_POINT('',#2539);
#2539 = CARTESIAN_POINT('',(9.790151645322,-10.01392927882,
    14.499999999999));
#2540 = LINE('',#2541,#2542);
#2541 = CARTESIAN_POINT('',(9.790151645322,-10.3967025,14.499999999999)
  );
#2542 = VECTOR('',#2543,1.);
#2543 = DIRECTION('',(3.491481338843E-15,1.,-1.219044193949E-29));
#2544 = ORIENTED_EDGE('',*,*,#2545,.T.);
#2545 = EDGE_CURVE('',#2538,#2546,#2548,.T.);
#2546 = VERTEX_POINT('',#2547);
#2547 = CARTESIAN_POINT('',(9.85502846247,-10.01392927882,
    14.499999999999));
#2548 = LINE('',#2549,#2550);
#2549 = CARTESIAN_POINT('',(9.790151645322,-10.01392927882,
    14.499999999999));
#2550 = VECTOR('',#2551,1.);
#2551 = DIRECTION('',(1.,3.193200309537E-15,-3.491481338843E-15));
#2552 = ORIENTED_EDGE('',*,*,#2553,.T.);
#2553 = EDGE_CURVE('',#2546,#2554,#2556,.T.);
#2554 = VERTEX_POINT('',#2555);
#2555 = CARTESIAN_POINT('',(9.85502846247,-10.05640332005,
    14.499999999999));
#2556 = LINE('',#2557,#2558);
#2557 = CARTESIAN_POINT('',(9.85502846247,-10.01392927882,
    14.499999999999));
#2558 = VECTOR('',#2559,1.);
#2559 = DIRECTION('',(-3.491481338843E-15,-1.,1.219044193949E-29));
#2560 = ORIENTED_EDGE('',*,*,#2561,.T.);
#2561 = EDGE_CURVE('',#2554,#2562,#2564,.T.);
#2562 = VERTEX_POINT('',#2563);
#2563 = CARTESIAN_POINT('',(9.978801265185,-10.00095391539,
    14.499999999999));
#2564 = B_SPLINE_CURVE_WITH_KNOTS('',3,(#2565,#2566,#2567,#2568,#2569,
    #2570,#2571,#2572,#2573,#2574,#2575),.UNSPECIFIED.,.F.,.F.,(4,1,1,1,
    1,1,1,1,4),(0.,0.140161496048,0.274639475596,0.40175416621,
    0.524350155346,0.643239902235,0.761390720586,0.879245123405,1.),
  .UNSPECIFIED.);
#2565 = CARTESIAN_POINT('',(9.85502846247,-10.05640332005,
    14.499999999999));
#2566 = CARTESIAN_POINT('',(9.85997540531,-10.05221297682,
    14.499999999999));
#2567 = CARTESIAN_POINT('',(9.869668693595,-10.04400220783,
    14.499999999999));
#2568 = CARTESIAN_POINT('',(9.884757953751,-10.03313627828,
    14.499999999999));
#2569 = CARTESIAN_POINT('',(9.899747956416,-10.02358505981,
    14.499999999999));
#2570 = CARTESIAN_POINT('',(9.914770540366,-10.01549275726,
    14.499999999999));
#2571 = CARTESIAN_POINT('',(9.930109218677,-10.00899086406,
    14.499999999999));
#2572 = CARTESIAN_POINT('',(9.945866346413,-10.00429323459,
    14.499999999999));
#2573 = CARTESIAN_POINT('',(9.962175953198,-10.00146435361,
    14.499999999999));
#2574 = CARTESIAN_POINT('',(9.973214766187,-10.00112543474,
    14.499999999999));
#2575 = CARTESIAN_POINT('',(9.978801265185,-10.00095391539,
    14.499999999999));
#2576 = ORIENTED_EDGE('',*,*,#2577,.T.);
#2577 = EDGE_CURVE('',#2562,#2578,#2580,.T.);
#2578 = VERTEX_POINT('',#2579);
#2579 = CARTESIAN_POINT('',(10.085442533372,-10.06532388241,
    14.499999999999));
#2580 = B_SPLINE_CURVE_WITH_KNOTS('',3,(#2581,#2582,#2583,#2584,#2585,
    #2586,#2587,#2588,#2589,#2590,#2591),.UNSPECIFIED.,.F.,.F.,(4,1,1,1,
    1,1,1,1,4),(0.,0.141978085851,0.274362057947,0.400582052448,
    0.522574282175,0.642095090289,0.759104822992,0.878007770274,1.),
  .UNSPECIFIED.);
#2581 = CARTESIAN_POINT('',(9.978801265185,-10.00095391539,
    14.499999999999));
#2582 = CARTESIAN_POINT('',(9.985065906311,-10.00116995386,
    14.499999999999));
#2583 = CARTESIAN_POINT('',(9.997171857885,-10.00158743208,
    14.499999999999));
#2584 = CARTESIAN_POINT('',(10.014626498046,-10.0047429088,
    14.499999999999));
#2585 = CARTESIAN_POINT('',(10.030606806601,-10.01009964037,
    14.499999999999));
#2586 = CARTESIAN_POINT('',(10.044998729802,-10.01770983124,
    14.499999999999));
#2587 = CARTESIAN_POINT('',(10.057861124394,-10.02701728398,
    14.499999999999));
#2588 = CARTESIAN_POINT('',(10.068940913215,-10.0381808706,
    14.499999999999));
#2589 = CARTESIAN_POINT('',(10.078452458138,-10.05089012268,
    14.499999999999));
#2590 = CARTESIAN_POINT('',(10.083092672649,-10.06047167068,
    14.499999999999));
#2591 = CARTESIAN_POINT('',(10.085442533372,-10.06532388241,
    14.499999999999));
#2592 = ORIENTED_EDGE('',*,*,#2593,.T.);
#2593 = EDGE_CURVE('',#2578,#2594,#2596,.T.);
#2594 = VERTEX_POINT('',#2595);
#2595 = CARTESIAN_POINT('',(10.225333170347,-10.00095391539,
    14.499999999999));
#2596 = B_SPLINE_CURVE_WITH_KNOTS('',3,(#2597,#2598,#2599,#2600,#2601,
    #2602,#2603,#2604,#2605,#2606,#2607),.UNSPECIFIED.,.F.,.F.,(4,1,1,1,
    1,1,1,1,4),(0.,0.157416419565,0.301253520417,0.431927834481,
    0.550372511969,0.661959765283,0.773458145744,0.88545551865,1.),
  .UNSPECIFIED.);
#2597 = CARTESIAN_POINT('',(10.085442533372,-10.06532388241,
    14.499999999999));
#2598 = CARTESIAN_POINT('',(10.091727691957,-10.05993518227,
    14.499999999999));
#2599 = CARTESIAN_POINT('',(10.103755828256,-10.04962263106,
    14.499999999999));
#2600 = CARTESIAN_POINT('',(10.122062566105,-10.03615485649,
    14.499999999999));
#2601 = CARTESIAN_POINT('',(10.139375780055,-10.02485191418,
    14.499999999999));
#2602 = CARTESIAN_POINT('',(10.156143616819,-10.01592758788,
    14.499999999999));
#2603 = CARTESIAN_POINT('',(10.172814676943,-10.00915837924,
    14.499999999999));
#2604 = CARTESIAN_POINT('',(10.18980649071,-10.00439228845,
    14.499999999999));
#2605 = CARTESIAN_POINT('',(10.207388698102,-10.00143900824,
    14.499999999999));
#2606 = CARTESIAN_POINT('',(10.219307012006,-10.00111682051,
    14.499999999999));
#2607 = CARTESIAN_POINT('',(10.225333170347,-10.00095391539,
    14.499999999999));
#2608 = ORIENTED_EDGE('',*,*,#2609,.T.);
#2609 = EDGE_CURVE('',#2594,#2368,#2610,.T.);
#2610 = B_SPLINE_CURVE_WITH_KNOTS('',3,(#2611,#2612,#2613,#2614,#2615,
    #2616,#2617,#2618,#2619,#2620,#2621,#2622,#2623,#2624,#2625,#2626,
    #2627,#2628,#2629),.UNSPECIFIED.,.F.,.F.,(4,1,1,1,1,1,1,1,1,1,1,1,1,
    1,1,1,4),(0.,6.991198181617E-02,0.135647707692,0.197677773847,
    0.256886758997,0.313331579238,0.368485972789,0.42329323182,
    0.478714376483,0.534912745248,0.592857309557,0.653151589713,
    0.715302165451,0.780928923327,0.850220810243,0.923122996045,1.),
  .UNSPECIFIED.);
#2611 = CARTESIAN_POINT('',(10.225333170347,-10.00095391539,
    14.499999999999));
#2612 = CARTESIAN_POINT('',(10.230408360936,-10.00105932319,
    14.499999999999));
#2613 = CARTESIAN_POINT('',(10.24025557098,-10.00126384216,
    14.499999999999));
#2614 = CARTESIAN_POINT('',(10.254495697281,-10.003163821,
    14.499999999999));
#2615 = CARTESIAN_POINT('',(10.267786997585,-10.00599670723,
    14.499999999999));
#2616 = CARTESIAN_POINT('',(10.279975796909,-10.01029607864,
    14.499999999999));
#2617 = CARTESIAN_POINT('',(10.291172100919,-10.01567500917,
    14.499999999999));
#2618 = CARTESIAN_POINT('',(10.301296657001,-10.02232027249,
    14.499999999999));
#2619 = CARTESIAN_POINT('',(10.310403449989,-10.03018962332,
    14.499999999999));
#2620 = CARTESIAN_POINT('',(10.318408809151,-10.03927396067,
    14.499999999999));
#2621 = CARTESIAN_POINT('',(10.325435525462,-10.04940220751,
    14.499999999999));
#2622 = CARTESIAN_POINT('',(10.33152614315,-10.06052057703,
    14.499999999999));
#2623 = CARTESIAN_POINT('',(10.336685882087,-10.07257297918,
    14.499999999999));
#2624 = CARTESIAN_POINT('',(10.340810709707,-10.0855960053,
    14.499999999999));
#2625 = CARTESIAN_POINT('',(10.344196883624,-10.09950185905,
    14.499999999999));
#2626 = CARTESIAN_POINT('',(10.346480032789,-10.11442422713,
    14.499999999999));
#2627 = CARTESIAN_POINT('',(10.347765953341,-10.13027924814,
    14.499999999999));
#2628 = CARTESIAN_POINT('',(10.347981592113,-10.14114629595,
    14.499999999999));
#2629 = CARTESIAN_POINT('',(10.348092272794,-10.14672401392,
    14.499999999999));
#2630 = PLANE('',#2631);
#2631 = AXIS2_PLACEMENT_3D('',#2632,#2633,#2634);
#2632 = CARTESIAN_POINT('',(11.499999999999,-11.5,14.499999999999));
#2633 = DIRECTION('',(-3.491481338843E-15,0.,-1.));
#2634 = DIRECTION('',(3.491481338843E-15,1.,-1.219044193949E-29));
#2635 = ADVANCED_FACE('',(#2636,#2646,#2656,#2666,#2676,#2686,#2696,
    #2706),#3370,.F.);
#2636 = FACE_BOUND('',#2637,.T.);
#2637 = EDGE_LOOP('',(#2638,#2645));
#2638 = ORIENTED_EDGE('',*,*,#2639,.T.);
#2639 = EDGE_CURVE('',#190,#209,#2640,.T.);
#2640 = CIRCLE('',#2641,1.65);
#2641 = AXIS2_PLACEMENT_3D('',#2642,#2643,#2644);
#2642 = CARTESIAN_POINT('',(-1.000000000001,-13.5,-29.95));
#2643 = DIRECTION('',(3.491481338843E-15,1.,-1.219044193949E-29));
#2644 = DIRECTION('',(3.548298019043E-15,-1.983743786545E-31,1.));
#2645 = ORIENTED_EDGE('',*,*,#216,.T.);
#2646 = FACE_BOUND('',#2647,.T.);
#2647 = EDGE_LOOP('',(#2648,#2655));
#2648 = ORIENTED_EDGE('',*,*,#2649,.T.);
#2649 = EDGE_CURVE('',#232,#251,#2650,.T.);
#2650 = CIRCLE('',#2651,1.65);
#2651 = AXIS2_PLACEMENT_3D('',#2652,#2653,#2654);
#2652 = CARTESIAN_POINT('',(-1.000000000001,-13.5,-23.6));
#2653 = DIRECTION('',(3.491481338843E-15,1.,-1.219044193949E-29));
#2654 = DIRECTION('',(3.548298019043E-15,-1.983743786545E-31,1.));
#2655 = ORIENTED_EDGE('',*,*,#258,.T.);
#2656 = FACE_BOUND('',#2657,.T.);
#2657 = EDGE_LOOP('',(#2658,#2665));
#2658 = ORIENTED_EDGE('',*,*,#2659,.T.);
#2659 = EDGE_CURVE('',#274,#293,#2660,.T.);
#2660 = CIRCLE('',#2661,1.65);
#2661 = AXIS2_PLACEMENT_3D('',#2662,#2663,#2664);
#2662 = CARTESIAN_POINT('',(-1.000000000001,-13.5,-17.25));
#2663 = DIRECTION('',(3.491481338843E-15,1.,-1.219044193949E-29));
#2664 = DIRECTION('',(3.548298019043E-15,-1.983743786545E-31,1.));
#2665 = ORIENTED_EDGE('',*,*,#300,.T.);
#2666 = FACE_BOUND('',#2667,.T.);
#2667 = EDGE_LOOP('',(#2668,#2675));
#2668 = ORIENTED_EDGE('',*,*,#2669,.T.);
#2669 = EDGE_CURVE('',#316,#335,#2670,.T.);
#2670 = CIRCLE('',#2671,1.65);
#2671 = AXIS2_PLACEMENT_3D('',#2672,#2673,#2674);
#2672 = CARTESIAN_POINT('',(-1.000000000001,-13.5,-10.9));
#2673 = DIRECTION('',(3.491481338843E-15,1.,-1.219044193949E-29));
#2674 = DIRECTION('',(3.548298019043E-15,-1.983743786545E-31,1.));
#2675 = ORIENTED_EDGE('',*,*,#342,.T.);
#2676 = FACE_BOUND('',#2677,.T.);
#2677 = EDGE_LOOP('',(#2678,#2685));
#2678 = ORIENTED_EDGE('',*,*,#2679,.T.);
#2679 = EDGE_CURVE('',#358,#377,#2680,.T.);
#2680 = CIRCLE('',#2681,1.65);
#2681 = AXIS2_PLACEMENT_3D('',#2682,#2683,#2684);
#2682 = CARTESIAN_POINT('',(-1.000000000001,-13.5,-4.550000000001));
#2683 = DIRECTION('',(3.491481338843E-15,1.,-1.219044193949E-29));
#2684 = DIRECTION('',(3.548298019043E-15,-1.983743786545E-31,1.));
#2685 = ORIENTED_EDGE('',*,*,#384,.T.);
#2686 = FACE_BOUND('',#2687,.T.);
#2687 = EDGE_LOOP('',(#2688,#2695));
#2688 = ORIENTED_EDGE('',*,*,#2689,.T.);
#2689 = EDGE_CURVE('',#400,#419,#2690,.T.);
#2690 = CIRCLE('',#2691,1.65);
#2691 = AXIS2_PLACEMENT_3D('',#2692,#2693,#2694);
#2692 = CARTESIAN_POINT('',(-1.000000000001,-13.5,1.799999999999));
#2693 = DIRECTION('',(3.491481338843E-15,1.,-1.219044193949E-29));
#2694 = DIRECTION('',(3.548298019043E-15,-1.983743786545E-31,1.));
#2695 = ORIENTED_EDGE('',*,*,#426,.T.);
#2696 = FACE_BOUND('',#2697,.T.);
#2697 = EDGE_LOOP('',(#2698,#2705));
#2698 = ORIENTED_EDGE('',*,*,#2699,.T.);
#2699 = EDGE_CURVE('',#442,#461,#2700,.T.);
#2700 = CIRCLE('',#2701,1.65);
#2701 = AXIS2_PLACEMENT_3D('',#2702,#2703,#2704);
#2702 = CARTESIAN_POINT('',(-1.000000000001,-13.5,8.149999999999));
#2703 = DIRECTION('',(3.491481338843E-15,1.,-1.219044193949E-29));
#2704 = DIRECTION('',(3.548298019043E-15,-1.983743786545E-31,1.));
#2705 = ORIENTED_EDGE('',*,*,#468,.T.);
#2706 = FACE_BOUND('',#2707,.T.);
#2707 = EDGE_LOOP('',(#2708,#2718,#2727,#2735,#2744,#2752,#2761,#2769,
    #2778,#2786,#2795,#2803,#2812,#2820,#2829,#2837,#2846,#2854,#2863,
    #2871,#2880,#2888,#2897,#2905,#2914,#2922,#2931,#2939,#2948,#2956,
    #2965,#2973,#2982,#2990,#2999,#3007,#3016,#3024,#3033,#3041,#3050,
    #3058,#3067,#3075,#3084,#3092,#3101,#3109,#3118,#3126,#3135,#3143,
    #3152,#3160,#3169,#3177,#3186,#3194,#3203,#3211,#3220,#3228,#3237,
    #3245,#3254,#3262,#3271,#3279,#3288,#3296,#3305,#3313,#3322,#3330,
    #3338,#3346,#3355,#3363));
#2708 = ORIENTED_EDGE('',*,*,#2709,.F.);
#2709 = EDGE_CURVE('',#2710,#2712,#2714,.T.);
#2710 = VERTEX_POINT('',#2711);
#2711 = CARTESIAN_POINT('',(-12.3,-13.5,3.324999999999));
#2712 = VERTEX_POINT('',#2713);
#2713 = CARTESIAN_POINT('',(-11.85,-13.5,3.324999999999));
#2714 = LINE('',#2715,#2716);
#2715 = CARTESIAN_POINT('',(-15.42580068903,-13.5,3.324999999999));
#2716 = VECTOR('',#2717,1.);
#2717 = DIRECTION('',(1.,-3.491481338843E-15,-4.461738703186E-15));
#2718 = ORIENTED_EDGE('',*,*,#2719,.T.);
#2719 = EDGE_CURVE('',#2710,#2720,#2722,.T.);
#2720 = VERTEX_POINT('',#2721);
#2721 = CARTESIAN_POINT('',(-13.5,-13.5,2.124999999999));
#2722 = CIRCLE('',#2723,1.2);
#2723 = AXIS2_PLACEMENT_3D('',#2724,#2725,#2726);
#2724 = CARTESIAN_POINT('',(-12.3,-13.5,2.124999999999));
#2725 = DIRECTION('',(-3.491481338843E-15,-1.,1.219044193949E-29));
#2726 = DIRECTION('',(2.891205793295E-15,2.095850865446E-30,1.));
#2727 = ORIENTED_EDGE('',*,*,#2728,.T.);
#2728 = EDGE_CURVE('',#2720,#2729,#2731,.T.);
#2729 = VERTEX_POINT('',#2730);
#2730 = CARTESIAN_POINT('',(-13.5,-13.5,1.474999999999));
#2731 = LINE('',#2732,#2733);
#2732 = CARTESIAN_POINT('',(-13.5,-13.5,12.499999999999));
#2733 = VECTOR('',#2734,1.);
#2734 = DIRECTION('',(-3.491481338843E-15,0.,-1.));
#2735 = ORIENTED_EDGE('',*,*,#2736,.T.);
#2736 = EDGE_CURVE('',#2729,#2737,#2739,.T.);
#2737 = VERTEX_POINT('',#2738);
#2738 = CARTESIAN_POINT('',(-12.3,-13.5,0.274999999999));
#2739 = CIRCLE('',#2740,1.2);
#2740 = AXIS2_PLACEMENT_3D('',#2741,#2742,#2743);
#2741 = CARTESIAN_POINT('',(-12.3,-13.5,1.474999999999));
#2742 = DIRECTION('',(-3.491481338843E-15,-1.,1.219044193949E-29));
#2743 = DIRECTION('',(2.891205793295E-15,2.095850865446E-30,1.));
#2744 = ORIENTED_EDGE('',*,*,#2745,.F.);
#2745 = EDGE_CURVE('',#2746,#2737,#2748,.T.);
#2746 = VERTEX_POINT('',#2747);
#2747 = CARTESIAN_POINT('',(-11.85,-13.5,0.274999999999));
#2748 = LINE('',#2749,#2750);
#2749 = CARTESIAN_POINT('',(-11.85,-13.5,0.274999999999));
#2750 = VECTOR('',#2751,1.);
#2751 = DIRECTION('',(-1.,3.491481338843E-15,3.491481338843E-15));
#2752 = ORIENTED_EDGE('',*,*,#2753,.F.);
#2753 = EDGE_CURVE('',#2754,#2746,#2756,.T.);
#2754 = VERTEX_POINT('',#2755);
#2755 = CARTESIAN_POINT('',(-11.85,-13.5,-3.025000000001));
#2756 = CIRCLE('',#2757,1.65);
#2757 = AXIS2_PLACEMENT_3D('',#2758,#2759,#2760);
#2758 = CARTESIAN_POINT('',(-11.85,-13.5,-1.375000000001));
#2759 = DIRECTION('',(-3.491481338843E-15,-1.,1.219044193949E-29));
#2760 = DIRECTION('',(3.154042683594E-15,1.178160767806E-30,1.));
#2761 = ORIENTED_EDGE('',*,*,#2762,.F.);
#2762 = EDGE_CURVE('',#2763,#2754,#2765,.T.);
#2763 = VERTEX_POINT('',#2764);
#2764 = CARTESIAN_POINT('',(-12.3,-13.5,-3.025000000001));
#2765 = LINE('',#2766,#2767);
#2766 = CARTESIAN_POINT('',(-15.42580068903,-13.5,-3.025000000001));
#2767 = VECTOR('',#2768,1.);
#2768 = DIRECTION('',(1.,-3.491481338843E-15,-4.461738703186E-15));
#2769 = ORIENTED_EDGE('',*,*,#2770,.T.);
#2770 = EDGE_CURVE('',#2763,#2771,#2773,.T.);
#2771 = VERTEX_POINT('',#2772);
#2772 = CARTESIAN_POINT('',(-13.5,-13.5,-4.225000000001));
#2773 = CIRCLE('',#2774,1.2);
#2774 = AXIS2_PLACEMENT_3D('',#2775,#2776,#2777);
#2775 = CARTESIAN_POINT('',(-12.3,-13.5,-4.225000000001));
#2776 = DIRECTION('',(-3.491481338843E-15,-1.,1.219044193949E-29));
#2777 = DIRECTION('',(2.891205793295E-15,2.095850865446E-30,1.));
#2778 = ORIENTED_EDGE('',*,*,#2779,.T.);
#2779 = EDGE_CURVE('',#2771,#2780,#2782,.T.);
#2780 = VERTEX_POINT('',#2781);
#2781 = CARTESIAN_POINT('',(-13.5,-13.5,-4.875000000001));
#2782 = LINE('',#2783,#2784);
#2783 = CARTESIAN_POINT('',(-13.5,-13.5,12.499999999999));
#2784 = VECTOR('',#2785,1.);
#2785 = DIRECTION('',(-3.491481338843E-15,0.,-1.));
#2786 = ORIENTED_EDGE('',*,*,#2787,.T.);
#2787 = EDGE_CURVE('',#2780,#2788,#2790,.T.);
#2788 = VERTEX_POINT('',#2789);
#2789 = CARTESIAN_POINT('',(-12.3,-13.5,-6.075000000001));
#2790 = CIRCLE('',#2791,1.2);
#2791 = AXIS2_PLACEMENT_3D('',#2792,#2793,#2794);
#2792 = CARTESIAN_POINT('',(-12.3,-13.5,-4.875000000001));
#2793 = DIRECTION('',(-3.491481338843E-15,-1.,1.219044193949E-29));
#2794 = DIRECTION('',(2.891205793295E-15,2.095850865446E-30,1.));
#2795 = ORIENTED_EDGE('',*,*,#2796,.F.);
#2796 = EDGE_CURVE('',#2797,#2788,#2799,.T.);
#2797 = VERTEX_POINT('',#2798);
#2798 = CARTESIAN_POINT('',(-11.85,-13.5,-6.075000000001));
#2799 = LINE('',#2800,#2801);
#2800 = CARTESIAN_POINT('',(-11.85,-13.5,-6.075000000001));
#2801 = VECTOR('',#2802,1.);
#2802 = DIRECTION('',(-1.,3.491481338843E-15,3.491481338843E-15));
#2803 = ORIENTED_EDGE('',*,*,#2804,.F.);
#2804 = EDGE_CURVE('',#2805,#2797,#2807,.T.);
#2805 = VERTEX_POINT('',#2806);
#2806 = CARTESIAN_POINT('',(-11.85,-13.5,-9.375000000001));
#2807 = CIRCLE('',#2808,1.65);
#2808 = AXIS2_PLACEMENT_3D('',#2809,#2810,#2811);
#2809 = CARTESIAN_POINT('',(-11.85,-13.5,-7.725000000001));
#2810 = DIRECTION('',(-3.491481338843E-15,-1.,1.219044193949E-29));
#2811 = DIRECTION('',(3.154042683594E-15,1.178160767806E-30,1.));
#2812 = ORIENTED_EDGE('',*,*,#2813,.F.);
#2813 = EDGE_CURVE('',#2814,#2805,#2816,.T.);
#2814 = VERTEX_POINT('',#2815);
#2815 = CARTESIAN_POINT('',(-12.3,-13.5,-9.375000000001));
#2816 = LINE('',#2817,#2818);
#2817 = CARTESIAN_POINT('',(-15.42580068903,-13.5,-9.375000000001));
#2818 = VECTOR('',#2819,1.);
#2819 = DIRECTION('',(1.,-3.491481338843E-15,-4.461738703186E-15));
#2820 = ORIENTED_EDGE('',*,*,#2821,.T.);
#2821 = EDGE_CURVE('',#2814,#2822,#2824,.T.);
#2822 = VERTEX_POINT('',#2823);
#2823 = CARTESIAN_POINT('',(-13.5,-13.5,-10.575));
#2824 = CIRCLE('',#2825,1.2);
#2825 = AXIS2_PLACEMENT_3D('',#2826,#2827,#2828);
#2826 = CARTESIAN_POINT('',(-12.3,-13.5,-10.575));
#2827 = DIRECTION('',(-3.491481338843E-15,-1.,1.219044193949E-29));
#2828 = DIRECTION('',(2.891205793295E-15,2.095850865446E-30,1.));
#2829 = ORIENTED_EDGE('',*,*,#2830,.T.);
#2830 = EDGE_CURVE('',#2822,#2831,#2833,.T.);
#2831 = VERTEX_POINT('',#2832);
#2832 = CARTESIAN_POINT('',(-13.5,-13.5,-11.225));
#2833 = LINE('',#2834,#2835);
#2834 = CARTESIAN_POINT('',(-13.5,-13.5,12.499999999999));
#2835 = VECTOR('',#2836,1.);
#2836 = DIRECTION('',(-3.491481338843E-15,0.,-1.));
#2837 = ORIENTED_EDGE('',*,*,#2838,.T.);
#2838 = EDGE_CURVE('',#2831,#2839,#2841,.T.);
#2839 = VERTEX_POINT('',#2840);
#2840 = CARTESIAN_POINT('',(-12.3,-13.5,-12.425));
#2841 = CIRCLE('',#2842,1.2);
#2842 = AXIS2_PLACEMENT_3D('',#2843,#2844,#2845);
#2843 = CARTESIAN_POINT('',(-12.3,-13.5,-11.225));
#2844 = DIRECTION('',(-3.491481338843E-15,-1.,1.219044193949E-29));
#2845 = DIRECTION('',(2.891205793295E-15,2.095850865446E-30,1.));
#2846 = ORIENTED_EDGE('',*,*,#2847,.F.);
#2847 = EDGE_CURVE('',#2848,#2839,#2850,.T.);
#2848 = VERTEX_POINT('',#2849);
#2849 = CARTESIAN_POINT('',(-11.85,-13.5,-12.425));
#2850 = LINE('',#2851,#2852);
#2851 = CARTESIAN_POINT('',(-11.85,-13.5,-12.425));
#2852 = VECTOR('',#2853,1.);
#2853 = DIRECTION('',(-1.,3.491481338843E-15,3.491481338843E-15));
#2854 = ORIENTED_EDGE('',*,*,#2855,.F.);
#2855 = EDGE_CURVE('',#2856,#2848,#2858,.T.);
#2856 = VERTEX_POINT('',#2857);
#2857 = CARTESIAN_POINT('',(-11.85,-13.5,-15.725));
#2858 = CIRCLE('',#2859,1.65);
#2859 = AXIS2_PLACEMENT_3D('',#2860,#2861,#2862);
#2860 = CARTESIAN_POINT('',(-11.85,-13.5,-14.075));
#2861 = DIRECTION('',(-3.491481338843E-15,-1.,1.219044193949E-29));
#2862 = DIRECTION('',(3.154042683594E-15,1.178160767806E-30,1.));
#2863 = ORIENTED_EDGE('',*,*,#2864,.F.);
#2864 = EDGE_CURVE('',#2865,#2856,#2867,.T.);
#2865 = VERTEX_POINT('',#2866);
#2866 = CARTESIAN_POINT('',(-12.3,-13.5,-15.725));
#2867 = LINE('',#2868,#2869);
#2868 = CARTESIAN_POINT('',(-15.42580068903,-13.5,-15.725));
#2869 = VECTOR('',#2870,1.);
#2870 = DIRECTION('',(1.,-3.491481338843E-15,-4.461738703186E-15));
#2871 = ORIENTED_EDGE('',*,*,#2872,.T.);
#2872 = EDGE_CURVE('',#2865,#2873,#2875,.T.);
#2873 = VERTEX_POINT('',#2874);
#2874 = CARTESIAN_POINT('',(-13.5,-13.5,-16.925));
#2875 = CIRCLE('',#2876,1.2);
#2876 = AXIS2_PLACEMENT_3D('',#2877,#2878,#2879);
#2877 = CARTESIAN_POINT('',(-12.3,-13.5,-16.925));
#2878 = DIRECTION('',(-3.491481338843E-15,-1.,1.219044193949E-29));
#2879 = DIRECTION('',(2.891205793295E-15,2.095850865446E-30,1.));
#2880 = ORIENTED_EDGE('',*,*,#2881,.T.);
#2881 = EDGE_CURVE('',#2873,#2882,#2884,.T.);
#2882 = VERTEX_POINT('',#2883);
#2883 = CARTESIAN_POINT('',(-13.5,-13.5,-17.575));
#2884 = LINE('',#2885,#2886);
#2885 = CARTESIAN_POINT('',(-13.5,-13.5,12.499999999999));
#2886 = VECTOR('',#2887,1.);
#2887 = DIRECTION('',(-3.491481338843E-15,0.,-1.));
#2888 = ORIENTED_EDGE('',*,*,#2889,.T.);
#2889 = EDGE_CURVE('',#2882,#2890,#2892,.T.);
#2890 = VERTEX_POINT('',#2891);
#2891 = CARTESIAN_POINT('',(-12.3,-13.5,-18.775));
#2892 = CIRCLE('',#2893,1.2);
#2893 = AXIS2_PLACEMENT_3D('',#2894,#2895,#2896);
#2894 = CARTESIAN_POINT('',(-12.3,-13.5,-17.575));
#2895 = DIRECTION('',(-3.491481338843E-15,-1.,1.219044193949E-29));
#2896 = DIRECTION('',(2.891205793295E-15,2.095850865446E-30,1.));
#2897 = ORIENTED_EDGE('',*,*,#2898,.F.);
#2898 = EDGE_CURVE('',#2899,#2890,#2901,.T.);
#2899 = VERTEX_POINT('',#2900);
#2900 = CARTESIAN_POINT('',(-11.85,-13.5,-18.775));
#2901 = LINE('',#2902,#2903);
#2902 = CARTESIAN_POINT('',(-11.85,-13.5,-18.775));
#2903 = VECTOR('',#2904,1.);
#2904 = DIRECTION('',(-1.,3.491481338843E-15,3.491481338843E-15));
#2905 = ORIENTED_EDGE('',*,*,#2906,.F.);
#2906 = EDGE_CURVE('',#2907,#2899,#2909,.T.);
#2907 = VERTEX_POINT('',#2908);
#2908 = CARTESIAN_POINT('',(-11.85,-13.5,-22.075));
#2909 = CIRCLE('',#2910,1.65);
#2910 = AXIS2_PLACEMENT_3D('',#2911,#2912,#2913);
#2911 = CARTESIAN_POINT('',(-11.85,-13.5,-20.425));
#2912 = DIRECTION('',(-3.491481338843E-15,-1.,1.219044193949E-29));
#2913 = DIRECTION('',(3.154042683594E-15,1.178160767806E-30,1.));
#2914 = ORIENTED_EDGE('',*,*,#2915,.F.);
#2915 = EDGE_CURVE('',#2916,#2907,#2918,.T.);
#2916 = VERTEX_POINT('',#2917);
#2917 = CARTESIAN_POINT('',(-12.3,-13.5,-22.075));
#2918 = LINE('',#2919,#2920);
#2919 = CARTESIAN_POINT('',(-15.42580068903,-13.5,-22.075));
#2920 = VECTOR('',#2921,1.);
#2921 = DIRECTION('',(1.,-3.491481338843E-15,-4.461738703186E-15));
#2922 = ORIENTED_EDGE('',*,*,#2923,.T.);
#2923 = EDGE_CURVE('',#2916,#2924,#2926,.T.);
#2924 = VERTEX_POINT('',#2925);
#2925 = CARTESIAN_POINT('',(-13.5,-13.5,-23.275));
#2926 = CIRCLE('',#2927,1.2);
#2927 = AXIS2_PLACEMENT_3D('',#2928,#2929,#2930);
#2928 = CARTESIAN_POINT('',(-12.3,-13.5,-23.275));
#2929 = DIRECTION('',(-3.491481338843E-15,-1.,1.219044193949E-29));
#2930 = DIRECTION('',(2.891205793295E-15,2.095850865446E-30,1.));
#2931 = ORIENTED_EDGE('',*,*,#2932,.T.);
#2932 = EDGE_CURVE('',#2924,#2933,#2935,.T.);
#2933 = VERTEX_POINT('',#2934);
#2934 = CARTESIAN_POINT('',(-13.5,-13.5,-23.925));
#2935 = LINE('',#2936,#2937);
#2936 = CARTESIAN_POINT('',(-13.5,-13.5,12.499999999999));
#2937 = VECTOR('',#2938,1.);
#2938 = DIRECTION('',(-3.491481338843E-15,0.,-1.));
#2939 = ORIENTED_EDGE('',*,*,#2940,.T.);
#2940 = EDGE_CURVE('',#2933,#2941,#2943,.T.);
#2941 = VERTEX_POINT('',#2942);
#2942 = CARTESIAN_POINT('',(-12.3,-13.5,-25.125));
#2943 = CIRCLE('',#2944,1.2);
#2944 = AXIS2_PLACEMENT_3D('',#2945,#2946,#2947);
#2945 = CARTESIAN_POINT('',(-12.3,-13.5,-23.925));
#2946 = DIRECTION('',(-3.491481338843E-15,-1.,1.219044193949E-29));
#2947 = DIRECTION('',(2.891205793295E-15,2.095850865446E-30,1.));
#2948 = ORIENTED_EDGE('',*,*,#2949,.F.);
#2949 = EDGE_CURVE('',#2950,#2941,#2952,.T.);
#2950 = VERTEX_POINT('',#2951);
#2951 = CARTESIAN_POINT('',(-11.85,-13.5,-25.125));
#2952 = LINE('',#2953,#2954);
#2953 = CARTESIAN_POINT('',(-11.85,-13.5,-25.125));
#2954 = VECTOR('',#2955,1.);
#2955 = DIRECTION('',(-1.,3.491481338843E-15,3.491481338843E-15));
#2956 = ORIENTED_EDGE('',*,*,#2957,.F.);
#2957 = EDGE_CURVE('',#2958,#2950,#2960,.T.);
#2958 = VERTEX_POINT('',#2959);
#2959 = CARTESIAN_POINT('',(-11.85,-13.5,-28.425));
#2960 = CIRCLE('',#2961,1.65);
#2961 = AXIS2_PLACEMENT_3D('',#2962,#2963,#2964);
#2962 = CARTESIAN_POINT('',(-11.85,-13.5,-26.775));
#2963 = DIRECTION('',(-3.491481338843E-15,-1.,1.219044193949E-29));
#2964 = DIRECTION('',(3.154042683594E-15,1.178160767806E-30,1.));
#2965 = ORIENTED_EDGE('',*,*,#2966,.F.);
#2966 = EDGE_CURVE('',#2967,#2958,#2969,.T.);
#2967 = VERTEX_POINT('',#2968);
#2968 = CARTESIAN_POINT('',(-12.3,-13.5,-28.425));
#2969 = LINE('',#2970,#2971);
#2970 = CARTESIAN_POINT('',(-15.42580068903,-13.5,-28.425));
#2971 = VECTOR('',#2972,1.);
#2972 = DIRECTION('',(1.,-3.491481338843E-15,-4.461738703186E-15));
#2973 = ORIENTED_EDGE('',*,*,#2974,.T.);
#2974 = EDGE_CURVE('',#2967,#2975,#2977,.T.);
#2975 = VERTEX_POINT('',#2976);
#2976 = CARTESIAN_POINT('',(-13.5,-13.5,-29.625));
#2977 = CIRCLE('',#2978,1.2);
#2978 = AXIS2_PLACEMENT_3D('',#2979,#2980,#2981);
#2979 = CARTESIAN_POINT('',(-12.3,-13.5,-29.625));
#2980 = DIRECTION('',(-3.491481338843E-15,-1.,1.219044193949E-29));
#2981 = DIRECTION('',(2.891205793295E-15,2.095850865446E-30,1.));
#2982 = ORIENTED_EDGE('',*,*,#2983,.T.);
#2983 = EDGE_CURVE('',#2975,#2984,#2986,.T.);
#2984 = VERTEX_POINT('',#2985);
#2985 = CARTESIAN_POINT('',(-13.5,-13.5,-32.42));
#2986 = LINE('',#2987,#2988);
#2987 = CARTESIAN_POINT('',(-13.5,-13.5,12.499999999999));
#2988 = VECTOR('',#2989,1.);
#2989 = DIRECTION('',(-3.491481338843E-15,0.,-1.));
#2990 = ORIENTED_EDGE('',*,*,#2991,.T.);
#2991 = EDGE_CURVE('',#2984,#2992,#2994,.T.);
#2992 = VERTEX_POINT('',#2993);
#2993 = CARTESIAN_POINT('',(-8.420000000001,-13.5,-37.5));
#2994 = CIRCLE('',#2995,5.08);
#2995 = AXIS2_PLACEMENT_3D('',#2996,#2997,#2998);
#2996 = CARTESIAN_POINT('',(-8.420000000001,-13.5,-32.42));
#2997 = DIRECTION('',(-3.491481338843E-15,-1.,1.219044193949E-29));
#2998 = DIRECTION('',(5.12221498812E-15,-5.693676105075E-30,1.));
#2999 = ORIENTED_EDGE('',*,*,#3000,.F.);
#3000 = EDGE_CURVE('',#3001,#2992,#3003,.T.);
#3001 = VERTEX_POINT('',#3002);
#3002 = CARTESIAN_POINT('',(6.419999999999,-13.5,-37.5));
#3003 = LINE('',#3004,#3005);
#3004 = CARTESIAN_POINT('',(11.499999999999,-13.5,-37.5));
#3005 = VECTOR('',#3006,1.);
#3006 = DIRECTION('',(-1.,3.491481338843E-15,3.491481338843E-15));
#3007 = ORIENTED_EDGE('',*,*,#3008,.T.);
#3008 = EDGE_CURVE('',#3001,#3009,#3011,.T.);
#3009 = VERTEX_POINT('',#3010);
#3010 = CARTESIAN_POINT('',(11.499999999999,-13.5,-32.42));
#3011 = CIRCLE('',#3012,5.08);
#3012 = AXIS2_PLACEMENT_3D('',#3013,#3014,#3015);
#3013 = CARTESIAN_POINT('',(6.419999999999,-13.5,-32.42));
#3014 = DIRECTION('',(-3.491481338843E-15,-1.,1.219044193949E-29));
#3015 = DIRECTION('',(4.439252989704E-15,-3.309127032467E-30,1.));
#3016 = ORIENTED_EDGE('',*,*,#3017,.F.);
#3017 = EDGE_CURVE('',#3018,#3009,#3020,.T.);
#3018 = VERTEX_POINT('',#3019);
#3019 = CARTESIAN_POINT('',(11.499999999999,-13.5,-29.625));
#3020 = LINE('',#3021,#3022);
#3021 = CARTESIAN_POINT('',(11.499999999999,-13.5,12.499999999999));
#3022 = VECTOR('',#3023,1.);
#3023 = DIRECTION('',(-3.491481338843E-15,0.,-1.));
#3024 = ORIENTED_EDGE('',*,*,#3025,.T.);
#3025 = EDGE_CURVE('',#3018,#3026,#3028,.T.);
#3026 = VERTEX_POINT('',#3027);
#3027 = CARTESIAN_POINT('',(10.299999999999,-13.5,-28.425));
#3028 = CIRCLE('',#3029,1.2);
#3029 = AXIS2_PLACEMENT_3D('',#3030,#3031,#3032);
#3030 = CARTESIAN_POINT('',(10.299999999999,-13.5,-29.625));
#3031 = DIRECTION('',(-3.491481338843E-15,-1.,1.219044193949E-29));
#3032 = DIRECTION('',(2.891205793295E-15,2.095850865446E-30,1.));
#3033 = ORIENTED_EDGE('',*,*,#3034,.T.);
#3034 = EDGE_CURVE('',#3026,#3035,#3037,.T.);
#3035 = VERTEX_POINT('',#3036);
#3036 = CARTESIAN_POINT('',(9.849999999999,-13.5,-28.425));
#3037 = LINE('',#3038,#3039);
#3038 = CARTESIAN_POINT('',(13.425800689028,-13.5,-28.425));
#3039 = VECTOR('',#3040,1.);
#3040 = DIRECTION('',(-1.,3.491481338843E-15,2.5212239745E-15));
#3041 = ORIENTED_EDGE('',*,*,#3042,.T.);
#3042 = EDGE_CURVE('',#3035,#3043,#3045,.T.);
#3043 = VERTEX_POINT('',#3044);
#3044 = CARTESIAN_POINT('',(9.849999999999,-13.5,-25.125));
#3045 = CIRCLE('',#3046,1.65);
#3046 = AXIS2_PLACEMENT_3D('',#3047,#3048,#3049);
#3047 = CARTESIAN_POINT('',(9.849999999999,-13.5,-26.775));
#3048 = DIRECTION('',(3.491481338843E-15,1.,-1.219044193949E-29));
#3049 = DIRECTION('',(3.154042683594E-15,1.178160767806E-30,1.));
#3050 = ORIENTED_EDGE('',*,*,#3051,.T.);
#3051 = EDGE_CURVE('',#3043,#3052,#3054,.T.);
#3052 = VERTEX_POINT('',#3053);
#3053 = CARTESIAN_POINT('',(10.299999999999,-13.5,-25.125));
#3054 = LINE('',#3055,#3056);
#3055 = CARTESIAN_POINT('',(9.849999999999,-13.5,-25.125));
#3056 = VECTOR('',#3057,1.);
#3057 = DIRECTION('',(1.,-3.491481338843E-15,-3.491481338843E-15));
#3058 = ORIENTED_EDGE('',*,*,#3059,.T.);
#3059 = EDGE_CURVE('',#3052,#3060,#3062,.T.);
#3060 = VERTEX_POINT('',#3061);
#3061 = CARTESIAN_POINT('',(11.499999999999,-13.5,-23.925));
#3062 = CIRCLE('',#3063,1.2);
#3063 = AXIS2_PLACEMENT_3D('',#3064,#3065,#3066);
#3064 = CARTESIAN_POINT('',(10.299999999999,-13.5,-23.925));
#3065 = DIRECTION('',(-3.491481338843E-15,-1.,1.219044193949E-29));
#3066 = DIRECTION('',(4.336808689942E-15,-2.951444671575E-30,1.));
#3067 = ORIENTED_EDGE('',*,*,#3068,.F.);
#3068 = EDGE_CURVE('',#3069,#3060,#3071,.T.);
#3069 = VERTEX_POINT('',#3070);
#3070 = CARTESIAN_POINT('',(11.499999999999,-13.5,-23.275));
#3071 = LINE('',#3072,#3073);
#3072 = CARTESIAN_POINT('',(11.499999999999,-13.5,12.499999999999));
#3073 = VECTOR('',#3074,1.);
#3074 = DIRECTION('',(-3.491481338843E-15,0.,-1.));
#3075 = ORIENTED_EDGE('',*,*,#3076,.T.);
#3076 = EDGE_CURVE('',#3069,#3077,#3079,.T.);
#3077 = VERTEX_POINT('',#3078);
#3078 = CARTESIAN_POINT('',(10.299999999999,-13.5,-22.075));
#3079 = CIRCLE('',#3080,1.2);
#3080 = AXIS2_PLACEMENT_3D('',#3081,#3082,#3083);
#3081 = CARTESIAN_POINT('',(10.299999999999,-13.5,-23.275));
#3082 = DIRECTION('',(-3.491481338843E-15,-1.,1.219044193949E-29));
#3083 = DIRECTION('',(2.891205793295E-15,2.095850865446E-30,1.));
#3084 = ORIENTED_EDGE('',*,*,#3085,.T.);
#3085 = EDGE_CURVE('',#3077,#3086,#3088,.T.);
#3086 = VERTEX_POINT('',#3087);
#3087 = CARTESIAN_POINT('',(9.849999999999,-13.5,-22.075));
#3088 = LINE('',#3089,#3090);
#3089 = CARTESIAN_POINT('',(13.425800689028,-13.5,-22.075));
#3090 = VECTOR('',#3091,1.);
#3091 = DIRECTION('',(-1.,3.491481338843E-15,2.5212239745E-15));
#3092 = ORIENTED_EDGE('',*,*,#3093,.T.);
#3093 = EDGE_CURVE('',#3086,#3094,#3096,.T.);
#3094 = VERTEX_POINT('',#3095);
#3095 = CARTESIAN_POINT('',(9.849999999999,-13.5,-18.775));
#3096 = CIRCLE('',#3097,1.65);
#3097 = AXIS2_PLACEMENT_3D('',#3098,#3099,#3100);
#3098 = CARTESIAN_POINT('',(9.849999999999,-13.5,-20.425));
#3099 = DIRECTION('',(3.491481338843E-15,1.,-1.219044193949E-29));
#3100 = DIRECTION('',(3.154042683594E-15,1.178160767806E-30,1.));
#3101 = ORIENTED_EDGE('',*,*,#3102,.T.);
#3102 = EDGE_CURVE('',#3094,#3103,#3105,.T.);
#3103 = VERTEX_POINT('',#3104);
#3104 = CARTESIAN_POINT('',(10.299999999999,-13.5,-18.775));
#3105 = LINE('',#3106,#3107);
#3106 = CARTESIAN_POINT('',(9.849999999999,-13.5,-18.775));
#3107 = VECTOR('',#3108,1.);
#3108 = DIRECTION('',(1.,-3.491481338843E-15,-3.491481338843E-15));
#3109 = ORIENTED_EDGE('',*,*,#3110,.T.);
#3110 = EDGE_CURVE('',#3103,#3111,#3113,.T.);
#3111 = VERTEX_POINT('',#3112);
#3112 = CARTESIAN_POINT('',(11.499999999999,-13.5,-17.575));
#3113 = CIRCLE('',#3114,1.2);
#3114 = AXIS2_PLACEMENT_3D('',#3115,#3116,#3117);
#3115 = CARTESIAN_POINT('',(10.299999999999,-13.5,-17.575));
#3116 = DIRECTION('',(-3.491481338843E-15,-1.,1.219044193949E-29));
#3117 = DIRECTION('',(4.336808689942E-15,-2.951444671575E-30,1.));
#3118 = ORIENTED_EDGE('',*,*,#3119,.F.);
#3119 = EDGE_CURVE('',#3120,#3111,#3122,.T.);
#3120 = VERTEX_POINT('',#3121);
#3121 = CARTESIAN_POINT('',(11.499999999999,-13.5,-16.925));
#3122 = LINE('',#3123,#3124);
#3123 = CARTESIAN_POINT('',(11.499999999999,-13.5,12.499999999999));
#3124 = VECTOR('',#3125,1.);
#3125 = DIRECTION('',(-3.491481338843E-15,0.,-1.));
#3126 = ORIENTED_EDGE('',*,*,#3127,.T.);
#3127 = EDGE_CURVE('',#3120,#3128,#3130,.T.);
#3128 = VERTEX_POINT('',#3129);
#3129 = CARTESIAN_POINT('',(10.299999999999,-13.5,-15.725));
#3130 = CIRCLE('',#3131,1.2);
#3131 = AXIS2_PLACEMENT_3D('',#3132,#3133,#3134);
#3132 = CARTESIAN_POINT('',(10.299999999999,-13.5,-16.925));
#3133 = DIRECTION('',(-3.491481338843E-15,-1.,1.219044193949E-29));
#3134 = DIRECTION('',(2.891205793295E-15,2.095850865446E-30,1.));
#3135 = ORIENTED_EDGE('',*,*,#3136,.T.);
#3136 = EDGE_CURVE('',#3128,#3137,#3139,.T.);
#3137 = VERTEX_POINT('',#3138);
#3138 = CARTESIAN_POINT('',(9.849999999999,-13.5,-15.725));
#3139 = LINE('',#3140,#3141);
#3140 = CARTESIAN_POINT('',(13.425800689028,-13.5,-15.725));
#3141 = VECTOR('',#3142,1.);
#3142 = DIRECTION('',(-1.,3.491481338843E-15,2.5212239745E-15));
#3143 = ORIENTED_EDGE('',*,*,#3144,.T.);
#3144 = EDGE_CURVE('',#3137,#3145,#3147,.T.);
#3145 = VERTEX_POINT('',#3146);
#3146 = CARTESIAN_POINT('',(9.849999999999,-13.5,-12.425));
#3147 = CIRCLE('',#3148,1.65);
#3148 = AXIS2_PLACEMENT_3D('',#3149,#3150,#3151);
#3149 = CARTESIAN_POINT('',(9.849999999999,-13.5,-14.075));
#3150 = DIRECTION('',(3.491481338843E-15,1.,-1.219044193949E-29));
#3151 = DIRECTION('',(3.154042683594E-15,1.178160767806E-30,1.));
#3152 = ORIENTED_EDGE('',*,*,#3153,.T.);
#3153 = EDGE_CURVE('',#3145,#3154,#3156,.T.);
#3154 = VERTEX_POINT('',#3155);
#3155 = CARTESIAN_POINT('',(10.299999999999,-13.5,-12.425));
#3156 = LINE('',#3157,#3158);
#3157 = CARTESIAN_POINT('',(9.849999999999,-13.5,-12.425));
#3158 = VECTOR('',#3159,1.);
#3159 = DIRECTION('',(1.,-3.491481338843E-15,-3.491481338843E-15));
#3160 = ORIENTED_EDGE('',*,*,#3161,.T.);
#3161 = EDGE_CURVE('',#3154,#3162,#3164,.T.);
#3162 = VERTEX_POINT('',#3163);
#3163 = CARTESIAN_POINT('',(11.499999999999,-13.5,-11.225));
#3164 = CIRCLE('',#3165,1.2);
#3165 = AXIS2_PLACEMENT_3D('',#3166,#3167,#3168);
#3166 = CARTESIAN_POINT('',(10.299999999999,-13.5,-11.225));
#3167 = DIRECTION('',(-3.491481338843E-15,-1.,1.219044193949E-29));
#3168 = DIRECTION('',(4.336808689942E-15,-2.951444671575E-30,1.));
#3169 = ORIENTED_EDGE('',*,*,#3170,.F.);
#3170 = EDGE_CURVE('',#3171,#3162,#3173,.T.);
#3171 = VERTEX_POINT('',#3172);
#3172 = CARTESIAN_POINT('',(11.499999999999,-13.5,-10.575));
#3173 = LINE('',#3174,#3175);
#3174 = CARTESIAN_POINT('',(11.499999999999,-13.5,12.499999999999));
#3175 = VECTOR('',#3176,1.);
#3176 = DIRECTION('',(-3.491481338843E-15,0.,-1.));
#3177 = ORIENTED_EDGE('',*,*,#3178,.T.);
#3178 = EDGE_CURVE('',#3171,#3179,#3181,.T.);
#3179 = VERTEX_POINT('',#3180);
#3180 = CARTESIAN_POINT('',(10.299999999999,-13.5,-9.375000000001));
#3181 = CIRCLE('',#3182,1.2);
#3182 = AXIS2_PLACEMENT_3D('',#3183,#3184,#3185);
#3183 = CARTESIAN_POINT('',(10.299999999999,-13.5,-10.575));
#3184 = DIRECTION('',(-3.491481338843E-15,-1.,1.219044193949E-29));
#3185 = DIRECTION('',(2.891205793295E-15,2.095850865446E-30,1.));
#3186 = ORIENTED_EDGE('',*,*,#3187,.T.);
#3187 = EDGE_CURVE('',#3179,#3188,#3190,.T.);
#3188 = VERTEX_POINT('',#3189);
#3189 = CARTESIAN_POINT('',(9.849999999999,-13.5,-9.375000000001));
#3190 = LINE('',#3191,#3192);
#3191 = CARTESIAN_POINT('',(13.425800689028,-13.5,-9.375000000001));
#3192 = VECTOR('',#3193,1.);
#3193 = DIRECTION('',(-1.,3.491481338843E-15,2.5212239745E-15));
#3194 = ORIENTED_EDGE('',*,*,#3195,.T.);
#3195 = EDGE_CURVE('',#3188,#3196,#3198,.T.);
#3196 = VERTEX_POINT('',#3197);
#3197 = CARTESIAN_POINT('',(9.849999999999,-13.5,-6.075000000001));
#3198 = CIRCLE('',#3199,1.65);
#3199 = AXIS2_PLACEMENT_3D('',#3200,#3201,#3202);
#3200 = CARTESIAN_POINT('',(9.849999999999,-13.5,-7.725000000001));
#3201 = DIRECTION('',(3.491481338843E-15,1.,-1.219044193949E-29));
#3202 = DIRECTION('',(3.154042683594E-15,1.178160767806E-30,1.));
#3203 = ORIENTED_EDGE('',*,*,#3204,.T.);
#3204 = EDGE_CURVE('',#3196,#3205,#3207,.T.);
#3205 = VERTEX_POINT('',#3206);
#3206 = CARTESIAN_POINT('',(10.299999999999,-13.5,-6.075000000001));
#3207 = LINE('',#3208,#3209);
#3208 = CARTESIAN_POINT('',(9.849999999999,-13.5,-6.075000000001));
#3209 = VECTOR('',#3210,1.);
#3210 = DIRECTION('',(1.,-3.491481338843E-15,-3.491481338843E-15));
#3211 = ORIENTED_EDGE('',*,*,#3212,.T.);
#3212 = EDGE_CURVE('',#3205,#3213,#3215,.T.);
#3213 = VERTEX_POINT('',#3214);
#3214 = CARTESIAN_POINT('',(11.499999999999,-13.5,-4.875000000001));
#3215 = CIRCLE('',#3216,1.2);
#3216 = AXIS2_PLACEMENT_3D('',#3217,#3218,#3219);
#3217 = CARTESIAN_POINT('',(10.299999999999,-13.5,-4.875000000001));
#3218 = DIRECTION('',(-3.491481338843E-15,-1.,1.219044193949E-29));
#3219 = DIRECTION('',(2.891205793295E-15,2.095850865446E-30,1.));
#3220 = ORIENTED_EDGE('',*,*,#3221,.F.);
#3221 = EDGE_CURVE('',#3222,#3213,#3224,.T.);
#3222 = VERTEX_POINT('',#3223);
#3223 = CARTESIAN_POINT('',(11.499999999999,-13.5,-4.225000000001));
#3224 = LINE('',#3225,#3226);
#3225 = CARTESIAN_POINT('',(11.499999999999,-13.5,12.499999999999));
#3226 = VECTOR('',#3227,1.);
#3227 = DIRECTION('',(-3.491481338843E-15,0.,-1.));
#3228 = ORIENTED_EDGE('',*,*,#3229,.T.);
#3229 = EDGE_CURVE('',#3222,#3230,#3232,.T.);
#3230 = VERTEX_POINT('',#3231);
#3231 = CARTESIAN_POINT('',(10.299999999999,-13.5,-3.025000000001));
#3232 = CIRCLE('',#3233,1.2);
#3233 = AXIS2_PLACEMENT_3D('',#3234,#3235,#3236);
#3234 = CARTESIAN_POINT('',(10.299999999999,-13.5,-4.225000000001));
#3235 = DIRECTION('',(-3.491481338843E-15,-1.,1.219044193949E-29));
#3236 = DIRECTION('',(2.891205793295E-15,2.095850865446E-30,1.));
#3237 = ORIENTED_EDGE('',*,*,#3238,.T.);
#3238 = EDGE_CURVE('',#3230,#3239,#3241,.T.);
#3239 = VERTEX_POINT('',#3240);
#3240 = CARTESIAN_POINT('',(9.849999999999,-13.5,-3.025000000001));
#3241 = LINE('',#3242,#3243);
#3242 = CARTESIAN_POINT('',(13.425800689028,-13.5,-3.025000000001));
#3243 = VECTOR('',#3244,1.);
#3244 = DIRECTION('',(-1.,3.491481338843E-15,2.5212239745E-15));
#3245 = ORIENTED_EDGE('',*,*,#3246,.T.);
#3246 = EDGE_CURVE('',#3239,#3247,#3249,.T.);
#3247 = VERTEX_POINT('',#3248);
#3248 = CARTESIAN_POINT('',(9.849999999999,-13.5,0.274999999999));
#3249 = CIRCLE('',#3250,1.65);
#3250 = AXIS2_PLACEMENT_3D('',#3251,#3252,#3253);
#3251 = CARTESIAN_POINT('',(9.849999999999,-13.5,-1.375000000001));
#3252 = DIRECTION('',(3.491481338843E-15,1.,-1.219044193949E-29));
#3253 = DIRECTION('',(3.154042683594E-15,1.178160767806E-30,1.));
#3254 = ORIENTED_EDGE('',*,*,#3255,.T.);
#3255 = EDGE_CURVE('',#3247,#3256,#3258,.T.);
#3256 = VERTEX_POINT('',#3257);
#3257 = CARTESIAN_POINT('',(10.299999999999,-13.5,0.274999999999));
#3258 = LINE('',#3259,#3260);
#3259 = CARTESIAN_POINT('',(9.849999999999,-13.5,0.274999999999));
#3260 = VECTOR('',#3261,1.);
#3261 = DIRECTION('',(1.,-3.491481338843E-15,-3.491481338843E-15));
#3262 = ORIENTED_EDGE('',*,*,#3263,.T.);
#3263 = EDGE_CURVE('',#3256,#3264,#3266,.T.);
#3264 = VERTEX_POINT('',#3265);
#3265 = CARTESIAN_POINT('',(11.499999999999,-13.5,1.474999999999));
#3266 = CIRCLE('',#3267,1.2);
#3267 = AXIS2_PLACEMENT_3D('',#3268,#3269,#3270);
#3268 = CARTESIAN_POINT('',(10.299999999999,-13.5,1.474999999999));
#3269 = DIRECTION('',(-3.491481338843E-15,-1.,1.219044193949E-29));
#3270 = DIRECTION('',(4.336808689942E-15,-2.951444671575E-30,1.));
#3271 = ORIENTED_EDGE('',*,*,#3272,.F.);
#3272 = EDGE_CURVE('',#3273,#3264,#3275,.T.);
#3273 = VERTEX_POINT('',#3274);
#3274 = CARTESIAN_POINT('',(11.499999999999,-13.5,2.124999999999));
#3275 = LINE('',#3276,#3277);
#3276 = CARTESIAN_POINT('',(11.499999999999,-13.5,12.499999999999));
#3277 = VECTOR('',#3278,1.);
#3278 = DIRECTION('',(-3.491481338843E-15,0.,-1.));
#3279 = ORIENTED_EDGE('',*,*,#3280,.T.);
#3280 = EDGE_CURVE('',#3273,#3281,#3283,.T.);
#3281 = VERTEX_POINT('',#3282);
#3282 = CARTESIAN_POINT('',(10.299999999999,-13.5,3.324999999999));
#3283 = CIRCLE('',#3284,1.2);
#3284 = AXIS2_PLACEMENT_3D('',#3285,#3286,#3287);
#3285 = CARTESIAN_POINT('',(10.299999999999,-13.5,2.124999999999));
#3286 = DIRECTION('',(-3.491481338843E-15,-1.,1.219044193949E-29));
#3287 = DIRECTION('',(2.891205793295E-15,2.095850865446E-30,1.));
#3288 = ORIENTED_EDGE('',*,*,#3289,.T.);
#3289 = EDGE_CURVE('',#3281,#3290,#3292,.T.);
#3290 = VERTEX_POINT('',#3291);
#3291 = CARTESIAN_POINT('',(9.849999999999,-13.5,3.324999999999));
#3292 = LINE('',#3293,#3294);
#3293 = CARTESIAN_POINT('',(13.425800689028,-13.5,3.324999999999));
#3294 = VECTOR('',#3295,1.);
#3295 = DIRECTION('',(-1.,3.491481338843E-15,2.5212239745E-15));
#3296 = ORIENTED_EDGE('',*,*,#3297,.T.);
#3297 = EDGE_CURVE('',#3290,#3298,#3300,.T.);
#3298 = VERTEX_POINT('',#3299);
#3299 = CARTESIAN_POINT('',(9.849999999999,-13.5,6.624999999999));
#3300 = CIRCLE('',#3301,1.65);
#3301 = AXIS2_PLACEMENT_3D('',#3302,#3303,#3304);
#3302 = CARTESIAN_POINT('',(9.849999999999,-13.5,4.974999999999));
#3303 = DIRECTION('',(3.491481338843E-15,1.,-1.219044193949E-29));
#3304 = DIRECTION('',(3.154042683594E-15,1.178160767806E-30,1.));
#3305 = ORIENTED_EDGE('',*,*,#3306,.T.);
#3306 = EDGE_CURVE('',#3298,#3307,#3309,.T.);
#3307 = VERTEX_POINT('',#3308);
#3308 = CARTESIAN_POINT('',(10.299999999999,-13.5,6.624999999999));
#3309 = LINE('',#3310,#3311);
#3310 = CARTESIAN_POINT('',(9.849999999999,-13.5,6.624999999999));
#3311 = VECTOR('',#3312,1.);
#3312 = DIRECTION('',(1.,-3.491481338843E-15,-3.491481338843E-15));
#3313 = ORIENTED_EDGE('',*,*,#3314,.T.);
#3314 = EDGE_CURVE('',#3307,#3315,#3317,.T.);
#3315 = VERTEX_POINT('',#3316);
#3316 = CARTESIAN_POINT('',(11.499999999999,-13.5,7.824999999999));
#3317 = CIRCLE('',#3318,1.2);
#3318 = AXIS2_PLACEMENT_3D('',#3319,#3320,#3321);
#3319 = CARTESIAN_POINT('',(10.299999999999,-13.5,7.824999999999));
#3320 = DIRECTION('',(-3.491481338843E-15,-1.,1.219044193949E-29));
#3321 = DIRECTION('',(2.891205793295E-15,2.095850865446E-30,1.));
#3322 = ORIENTED_EDGE('',*,*,#3323,.F.);
#3323 = EDGE_CURVE('',#3324,#3315,#3326,.T.);
#3324 = VERTEX_POINT('',#3325);
#3325 = CARTESIAN_POINT('',(11.499999999999,-13.5,11.864999999999));
#3326 = LINE('',#3327,#3328);
#3327 = CARTESIAN_POINT('',(11.499999999999,-13.5,12.499999999999));
#3328 = VECTOR('',#3329,1.);
#3329 = DIRECTION('',(-3.491481338843E-15,0.,-1.));
#3330 = ORIENTED_EDGE('',*,*,#3331,.T.);
#3331 = EDGE_CURVE('',#3324,#3332,#3334,.T.);
#3332 = VERTEX_POINT('',#3333);
#3333 = CARTESIAN_POINT('',(-13.5,-13.5,11.864999999999));
#3334 = LINE('',#3335,#3336);
#3335 = CARTESIAN_POINT('',(11.499999999999,-13.5,11.864999999999));
#3336 = VECTOR('',#3337,1.);
#3337 = DIRECTION('',(-1.,3.491481338843E-15,3.491481338843E-15));
#3338 = ORIENTED_EDGE('',*,*,#3339,.T.);
#3339 = EDGE_CURVE('',#3332,#3340,#3342,.T.);
#3340 = VERTEX_POINT('',#3341);
#3341 = CARTESIAN_POINT('',(-13.5,-13.5,7.824999999999));
#3342 = LINE('',#3343,#3344);
#3343 = CARTESIAN_POINT('',(-13.5,-13.5,12.499999999999));
#3344 = VECTOR('',#3345,1.);
#3345 = DIRECTION('',(-3.491481338843E-15,0.,-1.));
#3346 = ORIENTED_EDGE('',*,*,#3347,.T.);
#3347 = EDGE_CURVE('',#3340,#3348,#3350,.T.);
#3348 = VERTEX_POINT('',#3349);
#3349 = CARTESIAN_POINT('',(-12.3,-13.5,6.624999999999));
#3350 = CIRCLE('',#3351,1.2);
#3351 = AXIS2_PLACEMENT_3D('',#3352,#3353,#3354);
#3352 = CARTESIAN_POINT('',(-12.3,-13.5,7.824999999999));
#3353 = DIRECTION('',(-3.491481338843E-15,-1.,1.219044193949E-29));
#3354 = DIRECTION('',(2.891205793295E-15,2.095850865446E-30,1.));
#3355 = ORIENTED_EDGE('',*,*,#3356,.F.);
#3356 = EDGE_CURVE('',#3357,#3348,#3359,.T.);
#3357 = VERTEX_POINT('',#3358);
#3358 = CARTESIAN_POINT('',(-11.85,-13.5,6.624999999999));
#3359 = LINE('',#3360,#3361);
#3360 = CARTESIAN_POINT('',(-11.85,-13.5,6.624999999999));
#3361 = VECTOR('',#3362,1.);
#3362 = DIRECTION('',(-1.,3.491481338843E-15,3.491481338843E-15));
#3363 = ORIENTED_EDGE('',*,*,#3364,.F.);
#3364 = EDGE_CURVE('',#2712,#3357,#3365,.T.);
#3365 = CIRCLE('',#3366,1.65);
#3366 = AXIS2_PLACEMENT_3D('',#3367,#3368,#3369);
#3367 = CARTESIAN_POINT('',(-11.85,-13.5,4.974999999999));
#3368 = DIRECTION('',(-3.491481338843E-15,-1.,1.219044193949E-29));
#3369 = DIRECTION('',(3.154042683594E-15,1.178160767806E-30,1.));
#3370 = PLANE('',#3371);
#3371 = AXIS2_PLACEMENT_3D('',#3372,#3373,#3374);
#3372 = CARTESIAN_POINT('',(11.499999999999,-13.5,12.499999999999));
#3373 = DIRECTION('',(3.491481338843E-15,1.,-1.219044193949E-29));
#3374 = DIRECTION('',(3.491481338843E-15,0.,1.));
#3375 = ADVANCED_FACE('',(#3376,#3386,#3396,#3406,#3416,#3426,#3436,
    #3446),#4110,.T.);
#3376 = FACE_BOUND('',#3377,.T.);
#3377 = EDGE_LOOP('',(#3378,#3385));
#3378 = ORIENTED_EDGE('',*,*,#3379,.F.);
#3379 = EDGE_CURVE('',#192,#200,#3380,.T.);
#3380 = CIRCLE('',#3381,1.65);
#3381 = AXIS2_PLACEMENT_3D('',#3382,#3383,#3384);
#3382 = CARTESIAN_POINT('',(-1.000000000001,-11.5,-29.95));
#3383 = DIRECTION('',(3.491481338843E-15,1.,-1.219044193949E-29));
#3384 = DIRECTION('',(3.548298019043E-15,-1.983743786545E-31,1.));
#3385 = ORIENTED_EDGE('',*,*,#199,.F.);
#3386 = FACE_BOUND('',#3387,.T.);
#3387 = EDGE_LOOP('',(#3388,#3395));
#3388 = ORIENTED_EDGE('',*,*,#3389,.F.);
#3389 = EDGE_CURVE('',#234,#242,#3390,.T.);
#3390 = CIRCLE('',#3391,1.65);
#3391 = AXIS2_PLACEMENT_3D('',#3392,#3393,#3394);
#3392 = CARTESIAN_POINT('',(-1.000000000001,-11.5,-23.6));
#3393 = DIRECTION('',(3.491481338843E-15,1.,-1.219044193949E-29));
#3394 = DIRECTION('',(3.548298019043E-15,-1.983743786545E-31,1.));
#3395 = ORIENTED_EDGE('',*,*,#241,.F.);
#3396 = FACE_BOUND('',#3397,.T.);
#3397 = EDGE_LOOP('',(#3398,#3405));
#3398 = ORIENTED_EDGE('',*,*,#3399,.F.);
#3399 = EDGE_CURVE('',#276,#284,#3400,.T.);
#3400 = CIRCLE('',#3401,1.65);
#3401 = AXIS2_PLACEMENT_3D('',#3402,#3403,#3404);
#3402 = CARTESIAN_POINT('',(-1.000000000001,-11.5,-17.25));
#3403 = DIRECTION('',(3.491481338843E-15,1.,-1.219044193949E-29));
#3404 = DIRECTION('',(3.548298019043E-15,-1.983743786545E-31,1.));
#3405 = ORIENTED_EDGE('',*,*,#283,.F.);
#3406 = FACE_BOUND('',#3407,.T.);
#3407 = EDGE_LOOP('',(#3408,#3415));
#3408 = ORIENTED_EDGE('',*,*,#3409,.F.);
#3409 = EDGE_CURVE('',#318,#326,#3410,.T.);
#3410 = CIRCLE('',#3411,1.65);
#3411 = AXIS2_PLACEMENT_3D('',#3412,#3413,#3414);
#3412 = CARTESIAN_POINT('',(-1.000000000001,-11.5,-10.9));
#3413 = DIRECTION('',(3.491481338843E-15,1.,-1.219044193949E-29));
#3414 = DIRECTION('',(3.548298019043E-15,-1.983743786545E-31,1.));
#3415 = ORIENTED_EDGE('',*,*,#325,.F.);
#3416 = FACE_BOUND('',#3417,.T.);
#3417 = EDGE_LOOP('',(#3418,#3425));
#3418 = ORIENTED_EDGE('',*,*,#3419,.F.);
#3419 = EDGE_CURVE('',#360,#368,#3420,.T.);
#3420 = CIRCLE('',#3421,1.65);
#3421 = AXIS2_PLACEMENT_3D('',#3422,#3423,#3424);
#3422 = CARTESIAN_POINT('',(-1.000000000001,-11.5,-4.550000000001));
#3423 = DIRECTION('',(3.491481338843E-15,1.,-1.219044193949E-29));
#3424 = DIRECTION('',(3.548298019043E-15,-1.983743786545E-31,1.));
#3425 = ORIENTED_EDGE('',*,*,#367,.F.);
#3426 = FACE_BOUND('',#3427,.T.);
#3427 = EDGE_LOOP('',(#3428,#3435));
#3428 = ORIENTED_EDGE('',*,*,#3429,.F.);
#3429 = EDGE_CURVE('',#402,#410,#3430,.T.);
#3430 = CIRCLE('',#3431,1.65);
#3431 = AXIS2_PLACEMENT_3D('',#3432,#3433,#3434);
#3432 = CARTESIAN_POINT('',(-1.000000000001,-11.5,1.799999999999));
#3433 = DIRECTION('',(3.491481338843E-15,1.,-1.219044193949E-29));
#3434 = DIRECTION('',(3.548298019043E-15,-1.983743786545E-31,1.));
#3435 = ORIENTED_EDGE('',*,*,#409,.F.);
#3436 = FACE_BOUND('',#3437,.T.);
#3437 = EDGE_LOOP('',(#3438,#3445));
#3438 = ORIENTED_EDGE('',*,*,#3439,.F.);
#3439 = EDGE_CURVE('',#444,#452,#3440,.T.);
#3440 = CIRCLE('',#3441,1.65);
#3441 = AXIS2_PLACEMENT_3D('',#3442,#3443,#3444);
#3442 = CARTESIAN_POINT('',(-1.000000000001,-11.5,8.149999999999));
#3443 = DIRECTION('',(3.491481338843E-15,1.,-1.219044193949E-29));
#3444 = DIRECTION('',(3.548298019043E-15,-1.983743786545E-31,1.));
#3445 = ORIENTED_EDGE('',*,*,#451,.F.);
#3446 = FACE_BOUND('',#3447,.T.);
#3447 = EDGE_LOOP('',(#3448,#3458,#3467,#3475,#3484,#3492,#3501,#3509,
    #3517,#3525,#3534,#3542,#3551,#3559,#3568,#3576,#3585,#3593,#3602,
    #3610,#3619,#3627,#3636,#3644,#3653,#3661,#3670,#3678,#3687,#3695,
    #3704,#3712,#3721,#3729,#3738,#3746,#3755,#3763,#3772,#3780,#3789,
    #3797,#3806,#3814,#3823,#3831,#3840,#3848,#3857,#3865,#3874,#3882,
    #3891,#3899,#3908,#3916,#3925,#3933,#3942,#3950,#3959,#3967,#3976,
    #3984,#3993,#4001,#4010,#4018,#4027,#4035,#4044,#4052,#4061,#4069,
    #4078,#4086,#4095,#4103));
#3448 = ORIENTED_EDGE('',*,*,#3449,.F.);
#3449 = EDGE_CURVE('',#3450,#3452,#3454,.T.);
#3450 = VERTEX_POINT('',#3451);
#3451 = CARTESIAN_POINT('',(-13.5,-11.5,2.124999999999));
#3452 = VERTEX_POINT('',#3453);
#3453 = CARTESIAN_POINT('',(-13.5,-11.5,1.474999999999));
#3454 = LINE('',#3455,#3456);
#3455 = CARTESIAN_POINT('',(-13.5,-11.5,12.499999999999));
#3456 = VECTOR('',#3457,1.);
#3457 = DIRECTION('',(-3.491481338843E-15,0.,-1.));
#3458 = ORIENTED_EDGE('',*,*,#3459,.T.);
#3459 = EDGE_CURVE('',#3450,#3460,#3462,.T.);
#3460 = VERTEX_POINT('',#3461);
#3461 = CARTESIAN_POINT('',(-12.3,-11.5,3.324999999999));
#3462 = CIRCLE('',#3463,1.2);
#3463 = AXIS2_PLACEMENT_3D('',#3464,#3465,#3466);
#3464 = CARTESIAN_POINT('',(-12.3,-11.5,2.124999999999));
#3465 = DIRECTION('',(3.491481338843E-15,1.,-1.219044193949E-29));
#3466 = DIRECTION('',(2.891205793295E-15,2.095850865446E-30,1.));
#3467 = ORIENTED_EDGE('',*,*,#3468,.T.);
#3468 = EDGE_CURVE('',#3460,#3469,#3471,.T.);
#3469 = VERTEX_POINT('',#3470);
#3470 = CARTESIAN_POINT('',(-11.85,-11.5,3.324999999999));
#3471 = LINE('',#3472,#3473);
#3472 = CARTESIAN_POINT('',(-15.42580068903,-11.5,3.324999999999));
#3473 = VECTOR('',#3474,1.);
#3474 = DIRECTION('',(1.,-3.491481338843E-15,-4.461738703186E-15));
#3475 = ORIENTED_EDGE('',*,*,#3476,.T.);
#3476 = EDGE_CURVE('',#3469,#3477,#3479,.T.);
#3477 = VERTEX_POINT('',#3478);
#3478 = CARTESIAN_POINT('',(-11.85,-11.5,6.624999999999));
#3479 = CIRCLE('',#3480,1.65);
#3480 = AXIS2_PLACEMENT_3D('',#3481,#3482,#3483);
#3481 = CARTESIAN_POINT('',(-11.85,-11.5,4.974999999999));
#3482 = DIRECTION('',(-3.491481338843E-15,-1.,1.219044193949E-29));
#3483 = DIRECTION('',(3.154042683594E-15,1.178160767806E-30,1.));
#3484 = ORIENTED_EDGE('',*,*,#3485,.T.);
#3485 = EDGE_CURVE('',#3477,#3486,#3488,.T.);
#3486 = VERTEX_POINT('',#3487);
#3487 = CARTESIAN_POINT('',(-12.3,-11.5,6.624999999999));
#3488 = LINE('',#3489,#3490);
#3489 = CARTESIAN_POINT('',(-11.85,-11.5,6.624999999999));
#3490 = VECTOR('',#3491,1.);
#3491 = DIRECTION('',(-1.,3.491481338843E-15,3.491481338843E-15));
#3492 = ORIENTED_EDGE('',*,*,#3493,.T.);
#3493 = EDGE_CURVE('',#3486,#3494,#3496,.T.);
#3494 = VERTEX_POINT('',#3495);
#3495 = CARTESIAN_POINT('',(-13.5,-11.5,7.824999999999));
#3496 = CIRCLE('',#3497,1.2);
#3497 = AXIS2_PLACEMENT_3D('',#3498,#3499,#3500);
#3498 = CARTESIAN_POINT('',(-12.3,-11.5,7.824999999999));
#3499 = DIRECTION('',(3.491481338843E-15,1.,-1.219044193949E-29));
#3500 = DIRECTION('',(2.891205793295E-15,2.095850865446E-30,1.));
#3501 = ORIENTED_EDGE('',*,*,#3502,.F.);
#3502 = EDGE_CURVE('',#3503,#3494,#3505,.T.);
#3503 = VERTEX_POINT('',#3504);
#3504 = CARTESIAN_POINT('',(-13.5,-11.5,11.864999999999));
#3505 = LINE('',#3506,#3507);
#3506 = CARTESIAN_POINT('',(-13.5,-11.5,12.499999999999));
#3507 = VECTOR('',#3508,1.);
#3508 = DIRECTION('',(-3.491481338843E-15,0.,-1.));
#3509 = ORIENTED_EDGE('',*,*,#3510,.F.);
#3510 = EDGE_CURVE('',#3511,#3503,#3513,.T.);
#3511 = VERTEX_POINT('',#3512);
#3512 = CARTESIAN_POINT('',(11.499999999999,-11.5,11.864999999999));
#3513 = LINE('',#3514,#3515);
#3514 = CARTESIAN_POINT('',(11.499999999999,-11.5,11.864999999999));
#3515 = VECTOR('',#3516,1.);
#3516 = DIRECTION('',(-1.,3.491481338843E-15,3.491481338843E-15));
#3517 = ORIENTED_EDGE('',*,*,#3518,.T.);
#3518 = EDGE_CURVE('',#3511,#3519,#3521,.T.);
#3519 = VERTEX_POINT('',#3520);
#3520 = CARTESIAN_POINT('',(11.499999999999,-11.5,7.824999999999));
#3521 = LINE('',#3522,#3523);
#3522 = CARTESIAN_POINT('',(11.499999999999,-11.5,12.499999999999));
#3523 = VECTOR('',#3524,1.);
#3524 = DIRECTION('',(-3.491481338843E-15,0.,-1.));
#3525 = ORIENTED_EDGE('',*,*,#3526,.T.);
#3526 = EDGE_CURVE('',#3519,#3527,#3529,.T.);
#3527 = VERTEX_POINT('',#3528);
#3528 = CARTESIAN_POINT('',(10.299999999999,-11.5,6.624999999999));
#3529 = CIRCLE('',#3530,1.2);
#3530 = AXIS2_PLACEMENT_3D('',#3531,#3532,#3533);
#3531 = CARTESIAN_POINT('',(10.299999999999,-11.5,7.824999999999));
#3532 = DIRECTION('',(3.491481338843E-15,1.,-1.219044193949E-29));
#3533 = DIRECTION('',(2.891205793295E-15,2.095850865446E-30,1.));
#3534 = ORIENTED_EDGE('',*,*,#3535,.F.);
#3535 = EDGE_CURVE('',#3536,#3527,#3538,.T.);
#3536 = VERTEX_POINT('',#3537);
#3537 = CARTESIAN_POINT('',(9.849999999999,-11.5,6.624999999999));
#3538 = LINE('',#3539,#3540);
#3539 = CARTESIAN_POINT('',(9.849999999999,-11.5,6.624999999999));
#3540 = VECTOR('',#3541,1.);
#3541 = DIRECTION('',(1.,-3.491481338843E-15,-3.491481338843E-15));
#3542 = ORIENTED_EDGE('',*,*,#3543,.F.);
#3543 = EDGE_CURVE('',#3544,#3536,#3546,.T.);
#3544 = VERTEX_POINT('',#3545);
#3545 = CARTESIAN_POINT('',(9.849999999999,-11.5,3.324999999999));
#3546 = CIRCLE('',#3547,1.65);
#3547 = AXIS2_PLACEMENT_3D('',#3548,#3549,#3550);
#3548 = CARTESIAN_POINT('',(9.849999999999,-11.5,4.974999999999));
#3549 = DIRECTION('',(3.491481338843E-15,1.,-1.219044193949E-29));
#3550 = DIRECTION('',(3.154042683594E-15,1.178160767806E-30,1.));
#3551 = ORIENTED_EDGE('',*,*,#3552,.F.);
#3552 = EDGE_CURVE('',#3553,#3544,#3555,.T.);
#3553 = VERTEX_POINT('',#3554);
#3554 = CARTESIAN_POINT('',(10.299999999999,-11.5,3.324999999999));
#3555 = LINE('',#3556,#3557);
#3556 = CARTESIAN_POINT('',(11.499999999999,-11.5,3.324999999999));
#3557 = VECTOR('',#3558,1.);
#3558 = DIRECTION('',(-1.,3.491481338843E-15,2.5212239745E-15));
#3559 = ORIENTED_EDGE('',*,*,#3560,.T.);
#3560 = EDGE_CURVE('',#3553,#3561,#3563,.T.);
#3561 = VERTEX_POINT('',#3562);
#3562 = CARTESIAN_POINT('',(11.499999999999,-11.5,2.124999999999));
#3563 = CIRCLE('',#3564,1.2);
#3564 = AXIS2_PLACEMENT_3D('',#3565,#3566,#3567);
#3565 = CARTESIAN_POINT('',(10.299999999999,-11.5,2.124999999999));
#3566 = DIRECTION('',(3.491481338843E-15,1.,-1.219044193949E-29));
#3567 = DIRECTION('',(2.891205793295E-15,2.095850865446E-30,1.));
#3568 = ORIENTED_EDGE('',*,*,#3569,.T.);
#3569 = EDGE_CURVE('',#3561,#3570,#3572,.T.);
#3570 = VERTEX_POINT('',#3571);
#3571 = CARTESIAN_POINT('',(11.499999999999,-11.5,1.474999999999));
#3572 = LINE('',#3573,#3574);
#3573 = CARTESIAN_POINT('',(11.499999999999,-11.5,12.499999999999));
#3574 = VECTOR('',#3575,1.);
#3575 = DIRECTION('',(-3.491481338843E-15,0.,-1.));
#3576 = ORIENTED_EDGE('',*,*,#3577,.T.);
#3577 = EDGE_CURVE('',#3570,#3578,#3580,.T.);
#3578 = VERTEX_POINT('',#3579);
#3579 = CARTESIAN_POINT('',(10.299999999999,-11.5,0.274999999999));
#3580 = CIRCLE('',#3581,1.2);
#3581 = AXIS2_PLACEMENT_3D('',#3582,#3583,#3584);
#3582 = CARTESIAN_POINT('',(10.299999999999,-11.5,1.474999999999));
#3583 = DIRECTION('',(3.491481338843E-15,1.,-1.219044193949E-29));
#3584 = DIRECTION('',(2.891205793295E-15,2.095850865446E-30,1.));
#3585 = ORIENTED_EDGE('',*,*,#3586,.F.);
#3586 = EDGE_CURVE('',#3587,#3578,#3589,.T.);
#3587 = VERTEX_POINT('',#3588);
#3588 = CARTESIAN_POINT('',(9.849999999999,-11.5,0.274999999999));
#3589 = LINE('',#3590,#3591);
#3590 = CARTESIAN_POINT('',(9.849999999999,-11.5,0.274999999999));
#3591 = VECTOR('',#3592,1.);
#3592 = DIRECTION('',(1.,-3.491481338843E-15,-3.491481338843E-15));
#3593 = ORIENTED_EDGE('',*,*,#3594,.F.);
#3594 = EDGE_CURVE('',#3595,#3587,#3597,.T.);
#3595 = VERTEX_POINT('',#3596);
#3596 = CARTESIAN_POINT('',(9.849999999999,-11.5,-3.025000000001));
#3597 = CIRCLE('',#3598,1.65);
#3598 = AXIS2_PLACEMENT_3D('',#3599,#3600,#3601);
#3599 = CARTESIAN_POINT('',(9.849999999999,-11.5,-1.375000000001));
#3600 = DIRECTION('',(3.491481338843E-15,1.,-1.219044193949E-29));
#3601 = DIRECTION('',(3.154042683594E-15,1.178160767806E-30,1.));
#3602 = ORIENTED_EDGE('',*,*,#3603,.F.);
#3603 = EDGE_CURVE('',#3604,#3595,#3606,.T.);
#3604 = VERTEX_POINT('',#3605);
#3605 = CARTESIAN_POINT('',(10.299999999999,-11.5,-3.025000000001));
#3606 = LINE('',#3607,#3608);
#3607 = CARTESIAN_POINT('',(11.499999999999,-11.5,-3.025000000001));
#3608 = VECTOR('',#3609,1.);
#3609 = DIRECTION('',(-1.,3.491481338843E-15,2.5212239745E-15));
#3610 = ORIENTED_EDGE('',*,*,#3611,.T.);
#3611 = EDGE_CURVE('',#3604,#3612,#3614,.T.);
#3612 = VERTEX_POINT('',#3613);
#3613 = CARTESIAN_POINT('',(11.499999999999,-11.5,-4.225000000001));
#3614 = CIRCLE('',#3615,1.2);
#3615 = AXIS2_PLACEMENT_3D('',#3616,#3617,#3618);
#3616 = CARTESIAN_POINT('',(10.299999999999,-11.5,-4.225000000001));
#3617 = DIRECTION('',(3.491481338843E-15,1.,-1.219044193949E-29));
#3618 = DIRECTION('',(2.891205793295E-15,2.095850865446E-30,1.));
#3619 = ORIENTED_EDGE('',*,*,#3620,.T.);
#3620 = EDGE_CURVE('',#3612,#3621,#3623,.T.);
#3621 = VERTEX_POINT('',#3622);
#3622 = CARTESIAN_POINT('',(11.499999999999,-11.5,-4.875000000001));
#3623 = LINE('',#3624,#3625);
#3624 = CARTESIAN_POINT('',(11.499999999999,-11.5,12.499999999999));
#3625 = VECTOR('',#3626,1.);
#3626 = DIRECTION('',(-3.491481338843E-15,0.,-1.));
#3627 = ORIENTED_EDGE('',*,*,#3628,.T.);
#3628 = EDGE_CURVE('',#3621,#3629,#3631,.T.);
#3629 = VERTEX_POINT('',#3630);
#3630 = CARTESIAN_POINT('',(10.299999999999,-11.5,-6.075000000001));
#3631 = CIRCLE('',#3632,1.2);
#3632 = AXIS2_PLACEMENT_3D('',#3633,#3634,#3635);
#3633 = CARTESIAN_POINT('',(10.299999999999,-11.5,-4.875000000001));
#3634 = DIRECTION('',(3.491481338843E-15,1.,-1.219044193949E-29));
#3635 = DIRECTION('',(2.891205793295E-15,2.095850865446E-30,1.));
#3636 = ORIENTED_EDGE('',*,*,#3637,.F.);
#3637 = EDGE_CURVE('',#3638,#3629,#3640,.T.);
#3638 = VERTEX_POINT('',#3639);
#3639 = CARTESIAN_POINT('',(9.849999999999,-11.5,-6.075000000001));
#3640 = LINE('',#3641,#3642);
#3641 = CARTESIAN_POINT('',(9.849999999999,-11.5,-6.075000000001));
#3642 = VECTOR('',#3643,1.);
#3643 = DIRECTION('',(1.,-3.491481338843E-15,-3.491481338843E-15));
#3644 = ORIENTED_EDGE('',*,*,#3645,.F.);
#3645 = EDGE_CURVE('',#3646,#3638,#3648,.T.);
#3646 = VERTEX_POINT('',#3647);
#3647 = CARTESIAN_POINT('',(9.849999999999,-11.5,-9.375000000001));
#3648 = CIRCLE('',#3649,1.65);
#3649 = AXIS2_PLACEMENT_3D('',#3650,#3651,#3652);
#3650 = CARTESIAN_POINT('',(9.849999999999,-11.5,-7.725000000001));
#3651 = DIRECTION('',(3.491481338843E-15,1.,-1.219044193949E-29));
#3652 = DIRECTION('',(3.154042683594E-15,1.178160767806E-30,1.));
#3653 = ORIENTED_EDGE('',*,*,#3654,.F.);
#3654 = EDGE_CURVE('',#3655,#3646,#3657,.T.);
#3655 = VERTEX_POINT('',#3656);
#3656 = CARTESIAN_POINT('',(10.299999999999,-11.5,-9.375000000001));
#3657 = LINE('',#3658,#3659);
#3658 = CARTESIAN_POINT('',(11.499999999999,-11.5,-9.375000000001));
#3659 = VECTOR('',#3660,1.);
#3660 = DIRECTION('',(-1.,3.491481338843E-15,2.5212239745E-15));
#3661 = ORIENTED_EDGE('',*,*,#3662,.T.);
#3662 = EDGE_CURVE('',#3655,#3663,#3665,.T.);
#3663 = VERTEX_POINT('',#3664);
#3664 = CARTESIAN_POINT('',(11.499999999999,-11.5,-10.575));
#3665 = CIRCLE('',#3666,1.2);
#3666 = AXIS2_PLACEMENT_3D('',#3667,#3668,#3669);
#3667 = CARTESIAN_POINT('',(10.299999999999,-11.5,-10.575));
#3668 = DIRECTION('',(3.491481338843E-15,1.,-1.219044193949E-29));
#3669 = DIRECTION('',(2.891205793295E-15,2.095850865446E-30,1.));
#3670 = ORIENTED_EDGE('',*,*,#3671,.T.);
#3671 = EDGE_CURVE('',#3663,#3672,#3674,.T.);
#3672 = VERTEX_POINT('',#3673);
#3673 = CARTESIAN_POINT('',(11.499999999999,-11.5,-11.225));
#3674 = LINE('',#3675,#3676);
#3675 = CARTESIAN_POINT('',(11.499999999999,-11.5,12.499999999999));
#3676 = VECTOR('',#3677,1.);
#3677 = DIRECTION('',(-3.491481338843E-15,0.,-1.));
#3678 = ORIENTED_EDGE('',*,*,#3679,.T.);
#3679 = EDGE_CURVE('',#3672,#3680,#3682,.T.);
#3680 = VERTEX_POINT('',#3681);
#3681 = CARTESIAN_POINT('',(10.299999999999,-11.5,-12.425));
#3682 = CIRCLE('',#3683,1.2);
#3683 = AXIS2_PLACEMENT_3D('',#3684,#3685,#3686);
#3684 = CARTESIAN_POINT('',(10.299999999999,-11.5,-11.225));
#3685 = DIRECTION('',(3.491481338843E-15,1.,-1.219044193949E-29));
#3686 = DIRECTION('',(2.891205793295E-15,2.095850865446E-30,1.));
#3687 = ORIENTED_EDGE('',*,*,#3688,.F.);
#3688 = EDGE_CURVE('',#3689,#3680,#3691,.T.);
#3689 = VERTEX_POINT('',#3690);
#3690 = CARTESIAN_POINT('',(9.849999999999,-11.5,-12.425));
#3691 = LINE('',#3692,#3693);
#3692 = CARTESIAN_POINT('',(9.849999999999,-11.5,-12.425));
#3693 = VECTOR('',#3694,1.);
#3694 = DIRECTION('',(1.,-3.491481338843E-15,-3.491481338843E-15));
#3695 = ORIENTED_EDGE('',*,*,#3696,.F.);
#3696 = EDGE_CURVE('',#3697,#3689,#3699,.T.);
#3697 = VERTEX_POINT('',#3698);
#3698 = CARTESIAN_POINT('',(9.849999999999,-11.5,-15.725));
#3699 = CIRCLE('',#3700,1.65);
#3700 = AXIS2_PLACEMENT_3D('',#3701,#3702,#3703);
#3701 = CARTESIAN_POINT('',(9.849999999999,-11.5,-14.075));
#3702 = DIRECTION('',(3.491481338843E-15,1.,-1.219044193949E-29));
#3703 = DIRECTION('',(3.154042683594E-15,1.178160767806E-30,1.));
#3704 = ORIENTED_EDGE('',*,*,#3705,.F.);
#3705 = EDGE_CURVE('',#3706,#3697,#3708,.T.);
#3706 = VERTEX_POINT('',#3707);
#3707 = CARTESIAN_POINT('',(10.299999999999,-11.5,-15.725));
#3708 = LINE('',#3709,#3710);
#3709 = CARTESIAN_POINT('',(11.499999999999,-11.5,-15.725));
#3710 = VECTOR('',#3711,1.);
#3711 = DIRECTION('',(-1.,3.491481338843E-15,2.5212239745E-15));
#3712 = ORIENTED_EDGE('',*,*,#3713,.T.);
#3713 = EDGE_CURVE('',#3706,#3714,#3716,.T.);
#3714 = VERTEX_POINT('',#3715);
#3715 = CARTESIAN_POINT('',(11.499999999999,-11.5,-16.925));
#3716 = CIRCLE('',#3717,1.2);
#3717 = AXIS2_PLACEMENT_3D('',#3718,#3719,#3720);
#3718 = CARTESIAN_POINT('',(10.299999999999,-11.5,-16.925));
#3719 = DIRECTION('',(3.491481338843E-15,1.,-1.219044193949E-29));
#3720 = DIRECTION('',(2.891205793295E-15,2.095850865446E-30,1.));
#3721 = ORIENTED_EDGE('',*,*,#3722,.T.);
#3722 = EDGE_CURVE('',#3714,#3723,#3725,.T.);
#3723 = VERTEX_POINT('',#3724);
#3724 = CARTESIAN_POINT('',(11.499999999999,-11.5,-17.575));
#3725 = LINE('',#3726,#3727);
#3726 = CARTESIAN_POINT('',(11.499999999999,-11.5,12.499999999999));
#3727 = VECTOR('',#3728,1.);
#3728 = DIRECTION('',(-3.491481338843E-15,0.,-1.));
#3729 = ORIENTED_EDGE('',*,*,#3730,.T.);
#3730 = EDGE_CURVE('',#3723,#3731,#3733,.T.);
#3731 = VERTEX_POINT('',#3732);
#3732 = CARTESIAN_POINT('',(10.299999999999,-11.5,-18.775));
#3733 = CIRCLE('',#3734,1.2);
#3734 = AXIS2_PLACEMENT_3D('',#3735,#3736,#3737);
#3735 = CARTESIAN_POINT('',(10.299999999999,-11.5,-17.575));
#3736 = DIRECTION('',(3.491481338843E-15,1.,-1.219044193949E-29));
#3737 = DIRECTION('',(2.891205793295E-15,2.095850865446E-30,1.));
#3738 = ORIENTED_EDGE('',*,*,#3739,.F.);
#3739 = EDGE_CURVE('',#3740,#3731,#3742,.T.);
#3740 = VERTEX_POINT('',#3741);
#3741 = CARTESIAN_POINT('',(9.849999999999,-11.5,-18.775));
#3742 = LINE('',#3743,#3744);
#3743 = CARTESIAN_POINT('',(9.849999999999,-11.5,-18.775));
#3744 = VECTOR('',#3745,1.);
#3745 = DIRECTION('',(1.,-3.491481338843E-15,-3.491481338843E-15));
#3746 = ORIENTED_EDGE('',*,*,#3747,.F.);
#3747 = EDGE_CURVE('',#3748,#3740,#3750,.T.);
#3748 = VERTEX_POINT('',#3749);
#3749 = CARTESIAN_POINT('',(9.849999999999,-11.5,-22.075));
#3750 = CIRCLE('',#3751,1.65);
#3751 = AXIS2_PLACEMENT_3D('',#3752,#3753,#3754);
#3752 = CARTESIAN_POINT('',(9.849999999999,-11.5,-20.425));
#3753 = DIRECTION('',(3.491481338843E-15,1.,-1.219044193949E-29));
#3754 = DIRECTION('',(3.154042683594E-15,1.178160767806E-30,1.));
#3755 = ORIENTED_EDGE('',*,*,#3756,.F.);
#3756 = EDGE_CURVE('',#3757,#3748,#3759,.T.);
#3757 = VERTEX_POINT('',#3758);
#3758 = CARTESIAN_POINT('',(10.299999999999,-11.5,-22.075));
#3759 = LINE('',#3760,#3761);
#3760 = CARTESIAN_POINT('',(11.499999999999,-11.5,-22.075));
#3761 = VECTOR('',#3762,1.);
#3762 = DIRECTION('',(-1.,3.491481338843E-15,2.5212239745E-15));
#3763 = ORIENTED_EDGE('',*,*,#3764,.T.);
#3764 = EDGE_CURVE('',#3757,#3765,#3767,.T.);
#3765 = VERTEX_POINT('',#3766);
#3766 = CARTESIAN_POINT('',(11.499999999999,-11.5,-23.275));
#3767 = CIRCLE('',#3768,1.2);
#3768 = AXIS2_PLACEMENT_3D('',#3769,#3770,#3771);
#3769 = CARTESIAN_POINT('',(10.299999999999,-11.5,-23.275));
#3770 = DIRECTION('',(3.491481338843E-15,1.,-1.219044193949E-29));
#3771 = DIRECTION('',(2.891205793295E-15,2.095850865446E-30,1.));
#3772 = ORIENTED_EDGE('',*,*,#3773,.T.);
#3773 = EDGE_CURVE('',#3765,#3774,#3776,.T.);
#3774 = VERTEX_POINT('',#3775);
#3775 = CARTESIAN_POINT('',(11.499999999999,-11.5,-23.925));
#3776 = LINE('',#3777,#3778);
#3777 = CARTESIAN_POINT('',(11.499999999999,-11.5,12.499999999999));
#3778 = VECTOR('',#3779,1.);
#3779 = DIRECTION('',(-3.491481338843E-15,0.,-1.));
#3780 = ORIENTED_EDGE('',*,*,#3781,.T.);
#3781 = EDGE_CURVE('',#3774,#3782,#3784,.T.);
#3782 = VERTEX_POINT('',#3783);
#3783 = CARTESIAN_POINT('',(10.299999999999,-11.5,-25.125));
#3784 = CIRCLE('',#3785,1.2);
#3785 = AXIS2_PLACEMENT_3D('',#3786,#3787,#3788);
#3786 = CARTESIAN_POINT('',(10.299999999999,-11.5,-23.925));
#3787 = DIRECTION('',(3.491481338843E-15,1.,-1.219044193949E-29));
#3788 = DIRECTION('',(2.891205793295E-15,2.095850865446E-30,1.));
#3789 = ORIENTED_EDGE('',*,*,#3790,.F.);
#3790 = EDGE_CURVE('',#3791,#3782,#3793,.T.);
#3791 = VERTEX_POINT('',#3792);
#3792 = CARTESIAN_POINT('',(9.849999999999,-11.5,-25.125));
#3793 = LINE('',#3794,#3795);
#3794 = CARTESIAN_POINT('',(9.849999999999,-11.5,-25.125));
#3795 = VECTOR('',#3796,1.);
#3796 = DIRECTION('',(1.,-3.491481338843E-15,-3.491481338843E-15));
#3797 = ORIENTED_EDGE('',*,*,#3798,.F.);
#3798 = EDGE_CURVE('',#3799,#3791,#3801,.T.);
#3799 = VERTEX_POINT('',#3800);
#3800 = CARTESIAN_POINT('',(9.849999999999,-11.5,-28.425));
#3801 = CIRCLE('',#3802,1.65);
#3802 = AXIS2_PLACEMENT_3D('',#3803,#3804,#3805);
#3803 = CARTESIAN_POINT('',(9.849999999999,-11.5,-26.775));
#3804 = DIRECTION('',(3.491481338843E-15,1.,-1.219044193949E-29));
#3805 = DIRECTION('',(3.154042683594E-15,1.178160767806E-30,1.));
#3806 = ORIENTED_EDGE('',*,*,#3807,.F.);
#3807 = EDGE_CURVE('',#3808,#3799,#3810,.T.);
#3808 = VERTEX_POINT('',#3809);
#3809 = CARTESIAN_POINT('',(10.299999999999,-11.5,-28.425));
#3810 = LINE('',#3811,#3812);
#3811 = CARTESIAN_POINT('',(11.499999999999,-11.5,-28.425));
#3812 = VECTOR('',#3813,1.);
#3813 = DIRECTION('',(-1.,3.491481338843E-15,2.5212239745E-15));
#3814 = ORIENTED_EDGE('',*,*,#3815,.T.);
#3815 = EDGE_CURVE('',#3808,#3816,#3818,.T.);
#3816 = VERTEX_POINT('',#3817);
#3817 = CARTESIAN_POINT('',(11.499999999999,-11.5,-29.625));
#3818 = CIRCLE('',#3819,1.2);
#3819 = AXIS2_PLACEMENT_3D('',#3820,#3821,#3822);
#3820 = CARTESIAN_POINT('',(10.299999999999,-11.5,-29.625));
#3821 = DIRECTION('',(3.491481338843E-15,1.,-1.219044193949E-29));
#3822 = DIRECTION('',(2.891205793295E-15,2.095850865446E-30,1.));
#3823 = ORIENTED_EDGE('',*,*,#3824,.T.);
#3824 = EDGE_CURVE('',#3816,#3825,#3827,.T.);
#3825 = VERTEX_POINT('',#3826);
#3826 = CARTESIAN_POINT('',(11.499999999999,-11.5,-32.42));
#3827 = LINE('',#3828,#3829);
#3828 = CARTESIAN_POINT('',(11.499999999999,-11.5,12.499999999999));
#3829 = VECTOR('',#3830,1.);
#3830 = DIRECTION('',(-3.491481338843E-15,0.,-1.));
#3831 = ORIENTED_EDGE('',*,*,#3832,.T.);
#3832 = EDGE_CURVE('',#3825,#3833,#3835,.T.);
#3833 = VERTEX_POINT('',#3834);
#3834 = CARTESIAN_POINT('',(6.419999999999,-11.5,-37.5));
#3835 = CIRCLE('',#3836,5.08);
#3836 = AXIS2_PLACEMENT_3D('',#3837,#3838,#3839);
#3837 = CARTESIAN_POINT('',(6.419999999999,-11.5,-32.42));
#3838 = DIRECTION('',(3.491481338843E-15,1.,-1.219044193949E-29));
#3839 = DIRECTION('',(3.41480999208E-15,2.676965764463E-31,1.));
#3840 = ORIENTED_EDGE('',*,*,#3841,.T.);
#3841 = EDGE_CURVE('',#3833,#3842,#3844,.T.);
#3842 = VERTEX_POINT('',#3843);
#3843 = CARTESIAN_POINT('',(-8.420000000001,-11.5,-37.5));
#3844 = LINE('',#3845,#3846);
#3845 = CARTESIAN_POINT('',(11.499999999999,-11.5,-37.5));
#3846 = VECTOR('',#3847,1.);
#3847 = DIRECTION('',(-1.,3.491481338843E-15,3.491481338843E-15));
#3848 = ORIENTED_EDGE('',*,*,#3849,.T.);
#3849 = EDGE_CURVE('',#3842,#3850,#3852,.T.);
#3850 = VERTEX_POINT('',#3851);
#3851 = CARTESIAN_POINT('',(-13.5,-11.5,-32.42));
#3852 = CIRCLE('',#3853,5.08);
#3853 = AXIS2_PLACEMENT_3D('',#3854,#3855,#3856);
#3854 = CARTESIAN_POINT('',(-8.420000000001,-11.5,-32.42));
#3855 = DIRECTION('',(3.491481338843E-15,1.,-1.219044193949E-29));
#3856 = DIRECTION('',(3.41480999208E-15,2.676965764463E-31,1.));
#3857 = ORIENTED_EDGE('',*,*,#3858,.F.);
#3858 = EDGE_CURVE('',#3859,#3850,#3861,.T.);
#3859 = VERTEX_POINT('',#3860);
#3860 = CARTESIAN_POINT('',(-13.5,-11.5,-29.625));
#3861 = LINE('',#3862,#3863);
#3862 = CARTESIAN_POINT('',(-13.5,-11.5,12.499999999999));
#3863 = VECTOR('',#3864,1.);
#3864 = DIRECTION('',(-3.491481338843E-15,0.,-1.));
#3865 = ORIENTED_EDGE('',*,*,#3866,.T.);
#3866 = EDGE_CURVE('',#3859,#3867,#3869,.T.);
#3867 = VERTEX_POINT('',#3868);
#3868 = CARTESIAN_POINT('',(-12.3,-11.5,-28.425));
#3869 = CIRCLE('',#3870,1.2);
#3870 = AXIS2_PLACEMENT_3D('',#3871,#3872,#3873);
#3871 = CARTESIAN_POINT('',(-12.3,-11.5,-29.625));
#3872 = DIRECTION('',(3.491481338843E-15,1.,-1.219044193949E-29));
#3873 = DIRECTION('',(2.891205793295E-15,2.095850865446E-30,1.));
#3874 = ORIENTED_EDGE('',*,*,#3875,.T.);
#3875 = EDGE_CURVE('',#3867,#3876,#3878,.T.);
#3876 = VERTEX_POINT('',#3877);
#3877 = CARTESIAN_POINT('',(-11.85,-11.5,-28.425));
#3878 = LINE('',#3879,#3880);
#3879 = CARTESIAN_POINT('',(-15.42580068903,-11.5,-28.425));
#3880 = VECTOR('',#3881,1.);
#3881 = DIRECTION('',(1.,-3.491481338843E-15,-4.461738703186E-15));
#3882 = ORIENTED_EDGE('',*,*,#3883,.T.);
#3883 = EDGE_CURVE('',#3876,#3884,#3886,.T.);
#3884 = VERTEX_POINT('',#3885);
#3885 = CARTESIAN_POINT('',(-11.85,-11.5,-25.125));
#3886 = CIRCLE('',#3887,1.65);
#3887 = AXIS2_PLACEMENT_3D('',#3888,#3889,#3890);
#3888 = CARTESIAN_POINT('',(-11.85,-11.5,-26.775));
#3889 = DIRECTION('',(-3.491481338843E-15,-1.,1.219044193949E-29));
#3890 = DIRECTION('',(3.154042683594E-15,1.178160767806E-30,1.));
#3891 = ORIENTED_EDGE('',*,*,#3892,.T.);
#3892 = EDGE_CURVE('',#3884,#3893,#3895,.T.);
#3893 = VERTEX_POINT('',#3894);
#3894 = CARTESIAN_POINT('',(-12.3,-11.5,-25.125));
#3895 = LINE('',#3896,#3897);
#3896 = CARTESIAN_POINT('',(-11.85,-11.5,-25.125));
#3897 = VECTOR('',#3898,1.);
#3898 = DIRECTION('',(-1.,3.491481338843E-15,3.491481338843E-15));
#3899 = ORIENTED_EDGE('',*,*,#3900,.T.);
#3900 = EDGE_CURVE('',#3893,#3901,#3903,.T.);
#3901 = VERTEX_POINT('',#3902);
#3902 = CARTESIAN_POINT('',(-13.5,-11.5,-23.925));
#3903 = CIRCLE('',#3904,1.2);
#3904 = AXIS2_PLACEMENT_3D('',#3905,#3906,#3907);
#3905 = CARTESIAN_POINT('',(-12.3,-11.5,-23.925));
#3906 = DIRECTION('',(3.491481338843E-15,1.,-1.219044193949E-29));
#3907 = DIRECTION('',(2.891205793295E-15,2.095850865446E-30,1.));
#3908 = ORIENTED_EDGE('',*,*,#3909,.F.);
#3909 = EDGE_CURVE('',#3910,#3901,#3912,.T.);
#3910 = VERTEX_POINT('',#3911);
#3911 = CARTESIAN_POINT('',(-13.5,-11.5,-23.275));
#3912 = LINE('',#3913,#3914);
#3913 = CARTESIAN_POINT('',(-13.5,-11.5,12.499999999999));
#3914 = VECTOR('',#3915,1.);
#3915 = DIRECTION('',(-3.491481338843E-15,0.,-1.));
#3916 = ORIENTED_EDGE('',*,*,#3917,.T.);
#3917 = EDGE_CURVE('',#3910,#3918,#3920,.T.);
#3918 = VERTEX_POINT('',#3919);
#3919 = CARTESIAN_POINT('',(-12.3,-11.5,-22.075));
#3920 = CIRCLE('',#3921,1.2);
#3921 = AXIS2_PLACEMENT_3D('',#3922,#3923,#3924);
#3922 = CARTESIAN_POINT('',(-12.3,-11.5,-23.275));
#3923 = DIRECTION('',(3.491481338843E-15,1.,-1.219044193949E-29));
#3924 = DIRECTION('',(2.891205793295E-15,2.095850865446E-30,1.));
#3925 = ORIENTED_EDGE('',*,*,#3926,.T.);
#3926 = EDGE_CURVE('',#3918,#3927,#3929,.T.);
#3927 = VERTEX_POINT('',#3928);
#3928 = CARTESIAN_POINT('',(-11.85,-11.5,-22.075));
#3929 = LINE('',#3930,#3931);
#3930 = CARTESIAN_POINT('',(-15.42580068903,-11.5,-22.075));
#3931 = VECTOR('',#3932,1.);
#3932 = DIRECTION('',(1.,-3.491481338843E-15,-4.461738703186E-15));
#3933 = ORIENTED_EDGE('',*,*,#3934,.T.);
#3934 = EDGE_CURVE('',#3927,#3935,#3937,.T.);
#3935 = VERTEX_POINT('',#3936);
#3936 = CARTESIAN_POINT('',(-11.85,-11.5,-18.775));
#3937 = CIRCLE('',#3938,1.65);
#3938 = AXIS2_PLACEMENT_3D('',#3939,#3940,#3941);
#3939 = CARTESIAN_POINT('',(-11.85,-11.5,-20.425));
#3940 = DIRECTION('',(-3.491481338843E-15,-1.,1.219044193949E-29));
#3941 = DIRECTION('',(3.154042683594E-15,1.178160767806E-30,1.));
#3942 = ORIENTED_EDGE('',*,*,#3943,.T.);
#3943 = EDGE_CURVE('',#3935,#3944,#3946,.T.);
#3944 = VERTEX_POINT('',#3945);
#3945 = CARTESIAN_POINT('',(-12.3,-11.5,-18.775));
#3946 = LINE('',#3947,#3948);
#3947 = CARTESIAN_POINT('',(-11.85,-11.5,-18.775));
#3948 = VECTOR('',#3949,1.);
#3949 = DIRECTION('',(-1.,3.491481338843E-15,3.491481338843E-15));
#3950 = ORIENTED_EDGE('',*,*,#3951,.T.);
#3951 = EDGE_CURVE('',#3944,#3952,#3954,.T.);
#3952 = VERTEX_POINT('',#3953);
#3953 = CARTESIAN_POINT('',(-13.5,-11.5,-17.575));
#3954 = CIRCLE('',#3955,1.2);
#3955 = AXIS2_PLACEMENT_3D('',#3956,#3957,#3958);
#3956 = CARTESIAN_POINT('',(-12.3,-11.5,-17.575));
#3957 = DIRECTION('',(3.491481338843E-15,1.,-1.219044193949E-29));
#3958 = DIRECTION('',(2.891205793295E-15,2.095850865446E-30,1.));
#3959 = ORIENTED_EDGE('',*,*,#3960,.F.);
#3960 = EDGE_CURVE('',#3961,#3952,#3963,.T.);
#3961 = VERTEX_POINT('',#3962);
#3962 = CARTESIAN_POINT('',(-13.5,-11.5,-16.925));
#3963 = LINE('',#3964,#3965);
#3964 = CARTESIAN_POINT('',(-13.5,-11.5,12.499999999999));
#3965 = VECTOR('',#3966,1.);
#3966 = DIRECTION('',(-3.491481338843E-15,0.,-1.));
#3967 = ORIENTED_EDGE('',*,*,#3968,.T.);
#3968 = EDGE_CURVE('',#3961,#3969,#3971,.T.);
#3969 = VERTEX_POINT('',#3970);
#3970 = CARTESIAN_POINT('',(-12.3,-11.5,-15.725));
#3971 = CIRCLE('',#3972,1.2);
#3972 = AXIS2_PLACEMENT_3D('',#3973,#3974,#3975);
#3973 = CARTESIAN_POINT('',(-12.3,-11.5,-16.925));
#3974 = DIRECTION('',(3.491481338843E-15,1.,-1.219044193949E-29));
#3975 = DIRECTION('',(2.891205793295E-15,2.095850865446E-30,1.));
#3976 = ORIENTED_EDGE('',*,*,#3977,.T.);
#3977 = EDGE_CURVE('',#3969,#3978,#3980,.T.);
#3978 = VERTEX_POINT('',#3979);
#3979 = CARTESIAN_POINT('',(-11.85,-11.5,-15.725));
#3980 = LINE('',#3981,#3982);
#3981 = CARTESIAN_POINT('',(-15.42580068903,-11.5,-15.725));
#3982 = VECTOR('',#3983,1.);
#3983 = DIRECTION('',(1.,-3.491481338843E-15,-4.461738703186E-15));
#3984 = ORIENTED_EDGE('',*,*,#3985,.T.);
#3985 = EDGE_CURVE('',#3978,#3986,#3988,.T.);
#3986 = VERTEX_POINT('',#3987);
#3987 = CARTESIAN_POINT('',(-11.85,-11.5,-12.425));
#3988 = CIRCLE('',#3989,1.65);
#3989 = AXIS2_PLACEMENT_3D('',#3990,#3991,#3992);
#3990 = CARTESIAN_POINT('',(-11.85,-11.5,-14.075));
#3991 = DIRECTION('',(-3.491481338843E-15,-1.,1.219044193949E-29));
#3992 = DIRECTION('',(3.154042683594E-15,1.178160767806E-30,1.));
#3993 = ORIENTED_EDGE('',*,*,#3994,.T.);
#3994 = EDGE_CURVE('',#3986,#3995,#3997,.T.);
#3995 = VERTEX_POINT('',#3996);
#3996 = CARTESIAN_POINT('',(-12.3,-11.5,-12.425));
#3997 = LINE('',#3998,#3999);
#3998 = CARTESIAN_POINT('',(-11.85,-11.5,-12.425));
#3999 = VECTOR('',#4000,1.);
#4000 = DIRECTION('',(-1.,3.491481338843E-15,3.491481338843E-15));
#4001 = ORIENTED_EDGE('',*,*,#4002,.T.);
#4002 = EDGE_CURVE('',#3995,#4003,#4005,.T.);
#4003 = VERTEX_POINT('',#4004);
#4004 = CARTESIAN_POINT('',(-13.5,-11.5,-11.225));
#4005 = CIRCLE('',#4006,1.2);
#4006 = AXIS2_PLACEMENT_3D('',#4007,#4008,#4009);
#4007 = CARTESIAN_POINT('',(-12.3,-11.5,-11.225));
#4008 = DIRECTION('',(3.491481338843E-15,1.,-1.219044193949E-29));
#4009 = DIRECTION('',(2.891205793295E-15,2.095850865446E-30,1.));
#4010 = ORIENTED_EDGE('',*,*,#4011,.F.);
#4011 = EDGE_CURVE('',#4012,#4003,#4014,.T.);
#4012 = VERTEX_POINT('',#4013);
#4013 = CARTESIAN_POINT('',(-13.5,-11.5,-10.575));
#4014 = LINE('',#4015,#4016);
#4015 = CARTESIAN_POINT('',(-13.5,-11.5,12.499999999999));
#4016 = VECTOR('',#4017,1.);
#4017 = DIRECTION('',(-3.491481338843E-15,0.,-1.));
#4018 = ORIENTED_EDGE('',*,*,#4019,.T.);
#4019 = EDGE_CURVE('',#4012,#4020,#4022,.T.);
#4020 = VERTEX_POINT('',#4021);
#4021 = CARTESIAN_POINT('',(-12.3,-11.5,-9.375000000001));
#4022 = CIRCLE('',#4023,1.2);
#4023 = AXIS2_PLACEMENT_3D('',#4024,#4025,#4026);
#4024 = CARTESIAN_POINT('',(-12.3,-11.5,-10.575));
#4025 = DIRECTION('',(3.491481338843E-15,1.,-1.219044193949E-29));
#4026 = DIRECTION('',(2.891205793295E-15,2.095850865446E-30,1.));
#4027 = ORIENTED_EDGE('',*,*,#4028,.T.);
#4028 = EDGE_CURVE('',#4020,#4029,#4031,.T.);
#4029 = VERTEX_POINT('',#4030);
#4030 = CARTESIAN_POINT('',(-11.85,-11.5,-9.375000000001));
#4031 = LINE('',#4032,#4033);
#4032 = CARTESIAN_POINT('',(-15.42580068903,-11.5,-9.375000000001));
#4033 = VECTOR('',#4034,1.);
#4034 = DIRECTION('',(1.,-3.491481338843E-15,-4.461738703186E-15));
#4035 = ORIENTED_EDGE('',*,*,#4036,.T.);
#4036 = EDGE_CURVE('',#4029,#4037,#4039,.T.);
#4037 = VERTEX_POINT('',#4038);
#4038 = CARTESIAN_POINT('',(-11.85,-11.5,-6.075000000001));
#4039 = CIRCLE('',#4040,1.65);
#4040 = AXIS2_PLACEMENT_3D('',#4041,#4042,#4043);
#4041 = CARTESIAN_POINT('',(-11.85,-11.5,-7.725000000001));
#4042 = DIRECTION('',(-3.491481338843E-15,-1.,1.219044193949E-29));
#4043 = DIRECTION('',(3.154042683594E-15,1.178160767806E-30,1.));
#4044 = ORIENTED_EDGE('',*,*,#4045,.T.);
#4045 = EDGE_CURVE('',#4037,#4046,#4048,.T.);
#4046 = VERTEX_POINT('',#4047);
#4047 = CARTESIAN_POINT('',(-12.3,-11.5,-6.075000000001));
#4048 = LINE('',#4049,#4050);
#4049 = CARTESIAN_POINT('',(-11.85,-11.5,-6.075000000001));
#4050 = VECTOR('',#4051,1.);
#4051 = DIRECTION('',(-1.,3.491481338843E-15,3.491481338843E-15));
#4052 = ORIENTED_EDGE('',*,*,#4053,.T.);
#4053 = EDGE_CURVE('',#4046,#4054,#4056,.T.);
#4054 = VERTEX_POINT('',#4055);
#4055 = CARTESIAN_POINT('',(-13.5,-11.5,-4.875000000001));
#4056 = CIRCLE('',#4057,1.2);
#4057 = AXIS2_PLACEMENT_3D('',#4058,#4059,#4060);
#4058 = CARTESIAN_POINT('',(-12.3,-11.5,-4.875000000001));
#4059 = DIRECTION('',(3.491481338843E-15,1.,-1.219044193949E-29));
#4060 = DIRECTION('',(2.891205793295E-15,2.095850865446E-30,1.));
#4061 = ORIENTED_EDGE('',*,*,#4062,.F.);
#4062 = EDGE_CURVE('',#4063,#4054,#4065,.T.);
#4063 = VERTEX_POINT('',#4064);
#4064 = CARTESIAN_POINT('',(-13.5,-11.5,-4.225000000001));
#4065 = LINE('',#4066,#4067);
#4066 = CARTESIAN_POINT('',(-13.5,-11.5,12.499999999999));
#4067 = VECTOR('',#4068,1.);
#4068 = DIRECTION('',(-3.491481338843E-15,0.,-1.));
#4069 = ORIENTED_EDGE('',*,*,#4070,.T.);
#4070 = EDGE_CURVE('',#4063,#4071,#4073,.T.);
#4071 = VERTEX_POINT('',#4072);
#4072 = CARTESIAN_POINT('',(-12.3,-11.5,-3.025000000001));
#4073 = CIRCLE('',#4074,1.2);
#4074 = AXIS2_PLACEMENT_3D('',#4075,#4076,#4077);
#4075 = CARTESIAN_POINT('',(-12.3,-11.5,-4.225000000001));
#4076 = DIRECTION('',(3.491481338843E-15,1.,-1.219044193949E-29));
#4077 = DIRECTION('',(2.891205793295E-15,2.095850865446E-30,1.));
#4078 = ORIENTED_EDGE('',*,*,#4079,.T.);
#4079 = EDGE_CURVE('',#4071,#4080,#4082,.T.);
#4080 = VERTEX_POINT('',#4081);
#4081 = CARTESIAN_POINT('',(-11.85,-11.5,-3.025000000001));
#4082 = LINE('',#4083,#4084);
#4083 = CARTESIAN_POINT('',(-15.42580068903,-11.5,-3.025000000001));
#4084 = VECTOR('',#4085,1.);
#4085 = DIRECTION('',(1.,-3.491481338843E-15,-4.461738703186E-15));
#4086 = ORIENTED_EDGE('',*,*,#4087,.T.);
#4087 = EDGE_CURVE('',#4080,#4088,#4090,.T.);
#4088 = VERTEX_POINT('',#4089);
#4089 = CARTESIAN_POINT('',(-11.85,-11.5,0.274999999999));
#4090 = CIRCLE('',#4091,1.65);
#4091 = AXIS2_PLACEMENT_3D('',#4092,#4093,#4094);
#4092 = CARTESIAN_POINT('',(-11.85,-11.5,-1.375000000001));
#4093 = DIRECTION('',(-3.491481338843E-15,-1.,1.219044193949E-29));
#4094 = DIRECTION('',(3.154042683594E-15,1.178160767806E-30,1.));
#4095 = ORIENTED_EDGE('',*,*,#4096,.T.);
#4096 = EDGE_CURVE('',#4088,#4097,#4099,.T.);
#4097 = VERTEX_POINT('',#4098);
#4098 = CARTESIAN_POINT('',(-12.3,-11.5,0.274999999999));
#4099 = LINE('',#4100,#4101);
#4100 = CARTESIAN_POINT('',(-11.85,-11.5,0.274999999999));
#4101 = VECTOR('',#4102,1.);
#4102 = DIRECTION('',(-1.,3.491481338843E-15,3.491481338843E-15));
#4103 = ORIENTED_EDGE('',*,*,#4104,.T.);
#4104 = EDGE_CURVE('',#4097,#3452,#4105,.T.);
#4105 = CIRCLE('',#4106,1.2);
#4106 = AXIS2_PLACEMENT_3D('',#4107,#4108,#4109);
#4107 = CARTESIAN_POINT('',(-12.3,-11.5,1.474999999999));
#4108 = DIRECTION('',(3.491481338843E-15,1.,-1.219044193949E-29));
#4109 = DIRECTION('',(2.891205793295E-15,2.095850865446E-30,1.));
#4110 = PLANE('',#4111);
#4111 = AXIS2_PLACEMENT_3D('',#4112,#4113,#4114);
#4112 = CARTESIAN_POINT('',(11.499999999999,-11.5,12.499999999999));
#4113 = DIRECTION('',(3.491481338843E-15,1.,-1.219044193949E-29));
#4114 = DIRECTION('',(3.491481338843E-15,0.,1.));
#4115 = ADVANCED_FACE('',(#4116),#4132,.F.);
#4116 = FACE_BOUND('',#4117,.T.);
#4117 = EDGE_LOOP('',(#4118,#4119,#4125,#4126));
#4118 = ORIENTED_EDGE('',*,*,#2983,.F.);
#4119 = ORIENTED_EDGE('',*,*,#4120,.T.);
#4120 = EDGE_CURVE('',#2975,#3859,#4121,.T.);
#4121 = LINE('',#4122,#4123);
#4122 = CARTESIAN_POINT('',(-13.5,-11.5,-29.625));
#4123 = VECTOR('',#4124,1.);
#4124 = DIRECTION('',(3.491481338843E-15,1.,-1.219044193949E-29));
#4125 = ORIENTED_EDGE('',*,*,#3858,.T.);
#4126 = ORIENTED_EDGE('',*,*,#4127,.T.);
#4127 = EDGE_CURVE('',#3850,#2984,#4128,.T.);
#4128 = LINE('',#4129,#4130);
#4129 = CARTESIAN_POINT('',(-13.5,-13.5,-32.42));
#4130 = VECTOR('',#4131,1.);
#4131 = DIRECTION('',(-3.491481338843E-15,-1.,1.219044193949E-29));
#4132 = PLANE('',#4133);
#4133 = AXIS2_PLACEMENT_3D('',#4134,#4135,#4136);
#4134 = CARTESIAN_POINT('',(-13.5,-10.865,11.864999999999));
#4135 = DIRECTION('',(1.,-3.491481338843E-15,-3.491481338843E-15));
#4136 = DIRECTION('',(-3.491481338843E-15,0.,-1.));
#4137 = ADVANCED_FACE('',(#4138),#4154,.F.);
#4138 = FACE_BOUND('',#4139,.T.);
#4139 = EDGE_LOOP('',(#4140,#4141,#4147,#4148));
#4140 = ORIENTED_EDGE('',*,*,#3909,.T.);
#4141 = ORIENTED_EDGE('',*,*,#4142,.T.);
#4142 = EDGE_CURVE('',#3901,#2933,#4143,.T.);
#4143 = LINE('',#4144,#4145);
#4144 = CARTESIAN_POINT('',(-13.5,-13.5,-23.925));
#4145 = VECTOR('',#4146,1.);
#4146 = DIRECTION('',(-3.491481338843E-15,-1.,1.219044193949E-29));
#4147 = ORIENTED_EDGE('',*,*,#2932,.F.);
#4148 = ORIENTED_EDGE('',*,*,#4149,.T.);
#4149 = EDGE_CURVE('',#2924,#3910,#4150,.T.);
#4150 = LINE('',#4151,#4152);
#4151 = CARTESIAN_POINT('',(-13.5,-11.5,-23.275));
#4152 = VECTOR('',#4153,1.);
#4153 = DIRECTION('',(3.491481338843E-15,1.,-1.219044193949E-29));
#4154 = PLANE('',#4155);
#4155 = AXIS2_PLACEMENT_3D('',#4156,#4157,#4158);
#4156 = CARTESIAN_POINT('',(-13.5,-10.865,11.864999999999));
#4157 = DIRECTION('',(1.,-3.491481338843E-15,-3.491481338843E-15));
#4158 = DIRECTION('',(-3.491481338843E-15,0.,-1.));
#4159 = ADVANCED_FACE('',(#4160),#4176,.F.);
#4160 = FACE_BOUND('',#4161,.T.);
#4161 = EDGE_LOOP('',(#4162,#4163,#4169,#4170));
#4162 = ORIENTED_EDGE('',*,*,#2881,.F.);
#4163 = ORIENTED_EDGE('',*,*,#4164,.T.);
#4164 = EDGE_CURVE('',#2873,#3961,#4165,.T.);
#4165 = LINE('',#4166,#4167);
#4166 = CARTESIAN_POINT('',(-13.5,-11.5,-16.925));
#4167 = VECTOR('',#4168,1.);
#4168 = DIRECTION('',(3.491481338843E-15,1.,-1.219044193949E-29));
#4169 = ORIENTED_EDGE('',*,*,#3960,.T.);
#4170 = ORIENTED_EDGE('',*,*,#4171,.T.);
#4171 = EDGE_CURVE('',#3952,#2882,#4172,.T.);
#4172 = LINE('',#4173,#4174);
#4173 = CARTESIAN_POINT('',(-13.5,-13.5,-17.575));
#4174 = VECTOR('',#4175,1.);
#4175 = DIRECTION('',(-3.491481338843E-15,-1.,1.219044193949E-29));
#4176 = PLANE('',#4177);
#4177 = AXIS2_PLACEMENT_3D('',#4178,#4179,#4180);
#4178 = CARTESIAN_POINT('',(-13.5,-10.865,11.864999999999));
#4179 = DIRECTION('',(1.,-3.491481338843E-15,-3.491481338843E-15));
#4180 = DIRECTION('',(-3.491481338843E-15,0.,-1.));
#4181 = ADVANCED_FACE('',(#4182),#4198,.F.);
#4182 = FACE_BOUND('',#4183,.T.);
#4183 = EDGE_LOOP('',(#4184,#4185,#4191,#4192));
#4184 = ORIENTED_EDGE('',*,*,#2830,.F.);
#4185 = ORIENTED_EDGE('',*,*,#4186,.T.);
#4186 = EDGE_CURVE('',#2822,#4012,#4187,.T.);
#4187 = LINE('',#4188,#4189);
#4188 = CARTESIAN_POINT('',(-13.5,-11.5,-10.575));
#4189 = VECTOR('',#4190,1.);
#4190 = DIRECTION('',(3.491481338843E-15,1.,-1.219044193949E-29));
#4191 = ORIENTED_EDGE('',*,*,#4011,.T.);
#4192 = ORIENTED_EDGE('',*,*,#4193,.T.);
#4193 = EDGE_CURVE('',#4003,#2831,#4194,.T.);
#4194 = LINE('',#4195,#4196);
#4195 = CARTESIAN_POINT('',(-13.5,-13.5,-11.225));
#4196 = VECTOR('',#4197,1.);
#4197 = DIRECTION('',(-3.491481338843E-15,-1.,1.219044193949E-29));
#4198 = PLANE('',#4199);
#4199 = AXIS2_PLACEMENT_3D('',#4200,#4201,#4202);
#4200 = CARTESIAN_POINT('',(-13.5,-10.865,11.864999999999));
#4201 = DIRECTION('',(1.,-3.491481338843E-15,-3.491481338843E-15));
#4202 = DIRECTION('',(-3.491481338843E-15,0.,-1.));
#4203 = ADVANCED_FACE('',(#4204),#4220,.F.);
#4204 = FACE_BOUND('',#4205,.T.);
#4205 = EDGE_LOOP('',(#4206,#4207,#4213,#4214));
#4206 = ORIENTED_EDGE('',*,*,#2779,.F.);
#4207 = ORIENTED_EDGE('',*,*,#4208,.T.);
#4208 = EDGE_CURVE('',#2771,#4063,#4209,.T.);
#4209 = LINE('',#4210,#4211);
#4210 = CARTESIAN_POINT('',(-13.5,-11.5,-4.225000000001));
#4211 = VECTOR('',#4212,1.);
#4212 = DIRECTION('',(3.491481338843E-15,1.,-1.219044193949E-29));
#4213 = ORIENTED_EDGE('',*,*,#4062,.T.);
#4214 = ORIENTED_EDGE('',*,*,#4215,.T.);
#4215 = EDGE_CURVE('',#4054,#2780,#4216,.T.);
#4216 = LINE('',#4217,#4218);
#4217 = CARTESIAN_POINT('',(-13.5,-13.5,-4.875000000001));
#4218 = VECTOR('',#4219,1.);
#4219 = DIRECTION('',(-3.491481338843E-15,-1.,1.219044193949E-29));
#4220 = PLANE('',#4221);
#4221 = AXIS2_PLACEMENT_3D('',#4222,#4223,#4224);
#4222 = CARTESIAN_POINT('',(-13.5,-10.865,11.864999999999));
#4223 = DIRECTION('',(1.,-3.491481338843E-15,-3.491481338843E-15));
#4224 = DIRECTION('',(-3.491481338843E-15,0.,-1.));
#4225 = ADVANCED_FACE('',(#4226),#4242,.F.);
#4226 = FACE_BOUND('',#4227,.T.);
#4227 = EDGE_LOOP('',(#4228,#4229,#4235,#4236));
#4228 = ORIENTED_EDGE('',*,*,#2728,.F.);
#4229 = ORIENTED_EDGE('',*,*,#4230,.T.);
#4230 = EDGE_CURVE('',#2720,#3450,#4231,.T.);
#4231 = LINE('',#4232,#4233);
#4232 = CARTESIAN_POINT('',(-13.5,-11.5,2.124999999999));
#4233 = VECTOR('',#4234,1.);
#4234 = DIRECTION('',(3.491481338843E-15,1.,-1.219044193949E-29));
#4235 = ORIENTED_EDGE('',*,*,#3449,.T.);
#4236 = ORIENTED_EDGE('',*,*,#4237,.T.);
#4237 = EDGE_CURVE('',#3452,#2729,#4238,.T.);
#4238 = LINE('',#4239,#4240);
#4239 = CARTESIAN_POINT('',(-13.5,-13.5,1.474999999999));
#4240 = VECTOR('',#4241,1.);
#4241 = DIRECTION('',(-3.491481338843E-15,-1.,1.219044193949E-29));
#4242 = PLANE('',#4243);
#4243 = AXIS2_PLACEMENT_3D('',#4244,#4245,#4246);
#4244 = CARTESIAN_POINT('',(-13.5,-10.865,11.864999999999));
#4245 = DIRECTION('',(1.,-3.491481338843E-15,-3.491481338843E-15));
#4246 = DIRECTION('',(-3.491481338843E-15,0.,-1.));
#4247 = ADVANCED_FACE('',(#4248),#4264,.F.);
#4248 = FACE_BOUND('',#4249,.T.);
#4249 = EDGE_LOOP('',(#4250,#4251,#4257,#4258));
#4250 = ORIENTED_EDGE('',*,*,#3502,.T.);
#4251 = ORIENTED_EDGE('',*,*,#4252,.T.);
#4252 = EDGE_CURVE('',#3494,#3340,#4253,.T.);
#4253 = LINE('',#4254,#4255);
#4254 = CARTESIAN_POINT('',(-13.5,-13.5,7.824999999999));
#4255 = VECTOR('',#4256,1.);
#4256 = DIRECTION('',(-3.491481338843E-15,-1.,1.219044193949E-29));
#4257 = ORIENTED_EDGE('',*,*,#3339,.F.);
#4258 = ORIENTED_EDGE('',*,*,#4259,.T.);
#4259 = EDGE_CURVE('',#3332,#3503,#4260,.T.);
#4260 = LINE('',#4261,#4262);
#4261 = CARTESIAN_POINT('',(-13.5,-13.5,11.864999999999));
#4262 = VECTOR('',#4263,1.);
#4263 = DIRECTION('',(3.491481338843E-15,1.,-1.219044193949E-29));
#4264 = PLANE('',#4265);
#4265 = AXIS2_PLACEMENT_3D('',#4266,#4267,#4268);
#4266 = CARTESIAN_POINT('',(-13.5,-10.865,11.864999999999));
#4267 = DIRECTION('',(1.,-3.491481338843E-15,-3.491481338843E-15));
#4268 = DIRECTION('',(-3.491481338843E-15,0.,-1.));
#4269 = ADVANCED_FACE('',(#4270),#4286,.T.);
#4270 = FACE_BOUND('',#4271,.T.);
#4271 = EDGE_LOOP('',(#4272,#4273,#4279,#4280));
#4272 = ORIENTED_EDGE('',*,*,#3068,.T.);
#4273 = ORIENTED_EDGE('',*,*,#4274,.T.);
#4274 = EDGE_CURVE('',#3060,#3774,#4275,.T.);
#4275 = LINE('',#4276,#4277);
#4276 = CARTESIAN_POINT('',(11.499999999999,-11.5,-23.925));
#4277 = VECTOR('',#4278,1.);
#4278 = DIRECTION('',(3.491481338843E-15,1.,-1.219044193949E-29));
#4279 = ORIENTED_EDGE('',*,*,#3773,.F.);
#4280 = ORIENTED_EDGE('',*,*,#4281,.T.);
#4281 = EDGE_CURVE('',#3765,#3069,#4282,.T.);
#4282 = LINE('',#4283,#4284);
#4283 = CARTESIAN_POINT('',(11.499999999999,-13.5,-23.275));
#4284 = VECTOR('',#4285,1.);
#4285 = DIRECTION('',(-3.491481338843E-15,-1.,1.219044193949E-29));
#4286 = PLANE('',#4287);
#4287 = AXIS2_PLACEMENT_3D('',#4288,#4289,#4290);
#4288 = CARTESIAN_POINT('',(11.499999999999,-10.865,14.499999999999));
#4289 = DIRECTION('',(1.,-3.491481338843E-15,-3.491481338843E-15));
#4290 = DIRECTION('',(-3.491481338843E-15,-1.,1.219044193949E-29));
#4291 = ADVANCED_FACE('',(#4292),#4308,.T.);
#4292 = FACE_BOUND('',#4293,.T.);
#4293 = EDGE_LOOP('',(#4294,#4295,#4301,#4302));
#4294 = ORIENTED_EDGE('',*,*,#3722,.F.);
#4295 = ORIENTED_EDGE('',*,*,#4296,.T.);
#4296 = EDGE_CURVE('',#3714,#3120,#4297,.T.);
#4297 = LINE('',#4298,#4299);
#4298 = CARTESIAN_POINT('',(11.499999999999,-13.5,-16.925));
#4299 = VECTOR('',#4300,1.);
#4300 = DIRECTION('',(-3.491481338843E-15,-1.,1.219044193949E-29));
#4301 = ORIENTED_EDGE('',*,*,#3119,.T.);
#4302 = ORIENTED_EDGE('',*,*,#4303,.T.);
#4303 = EDGE_CURVE('',#3111,#3723,#4304,.T.);
#4304 = LINE('',#4305,#4306);
#4305 = CARTESIAN_POINT('',(11.499999999999,-11.5,-17.575));
#4306 = VECTOR('',#4307,1.);
#4307 = DIRECTION('',(3.491481338843E-15,1.,-1.219044193949E-29));
#4308 = PLANE('',#4309);
#4309 = AXIS2_PLACEMENT_3D('',#4310,#4311,#4312);
#4310 = CARTESIAN_POINT('',(11.499999999999,-10.865,14.499999999999));
#4311 = DIRECTION('',(1.,-3.491481338843E-15,-3.491481338843E-15));
#4312 = DIRECTION('',(-3.491481338843E-15,-1.,1.219044193949E-29));
#4313 = ADVANCED_FACE('',(#4314),#4330,.T.);
#4314 = FACE_BOUND('',#4315,.T.);
#4315 = EDGE_LOOP('',(#4316,#4317,#4323,#4324));
#4316 = ORIENTED_EDGE('',*,*,#3671,.F.);
#4317 = ORIENTED_EDGE('',*,*,#4318,.T.);
#4318 = EDGE_CURVE('',#3663,#3171,#4319,.T.);
#4319 = LINE('',#4320,#4321);
#4320 = CARTESIAN_POINT('',(11.499999999999,-13.5,-10.575));
#4321 = VECTOR('',#4322,1.);
#4322 = DIRECTION('',(-3.491481338843E-15,-1.,1.219044193949E-29));
#4323 = ORIENTED_EDGE('',*,*,#3170,.T.);
#4324 = ORIENTED_EDGE('',*,*,#4325,.T.);
#4325 = EDGE_CURVE('',#3162,#3672,#4326,.T.);
#4326 = LINE('',#4327,#4328);
#4327 = CARTESIAN_POINT('',(11.499999999999,-11.5,-11.225));
#4328 = VECTOR('',#4329,1.);
#4329 = DIRECTION('',(3.491481338843E-15,1.,-1.219044193949E-29));
#4330 = PLANE('',#4331);
#4331 = AXIS2_PLACEMENT_3D('',#4332,#4333,#4334);
#4332 = CARTESIAN_POINT('',(11.499999999999,-10.865,14.499999999999));
#4333 = DIRECTION('',(1.,-3.491481338843E-15,-3.491481338843E-15));
#4334 = DIRECTION('',(-3.491481338843E-15,-1.,1.219044193949E-29));
#4335 = ADVANCED_FACE('',(#4336),#4352,.T.);
#4336 = FACE_BOUND('',#4337,.T.);
#4337 = EDGE_LOOP('',(#4338,#4339,#4345,#4346));
#4338 = ORIENTED_EDGE('',*,*,#3620,.F.);
#4339 = ORIENTED_EDGE('',*,*,#4340,.T.);
#4340 = EDGE_CURVE('',#3612,#3222,#4341,.T.);
#4341 = LINE('',#4342,#4343);
#4342 = CARTESIAN_POINT('',(11.499999999999,-13.5,-4.225000000001));
#4343 = VECTOR('',#4344,1.);
#4344 = DIRECTION('',(-3.491481338843E-15,-1.,1.219044193949E-29));
#4345 = ORIENTED_EDGE('',*,*,#3221,.T.);
#4346 = ORIENTED_EDGE('',*,*,#4347,.T.);
#4347 = EDGE_CURVE('',#3213,#3621,#4348,.T.);
#4348 = LINE('',#4349,#4350);
#4349 = CARTESIAN_POINT('',(11.499999999999,-11.5,-4.875000000001));
#4350 = VECTOR('',#4351,1.);
#4351 = DIRECTION('',(3.491481338843E-15,1.,-1.219044193949E-29));
#4352 = PLANE('',#4353);
#4353 = AXIS2_PLACEMENT_3D('',#4354,#4355,#4356);
#4354 = CARTESIAN_POINT('',(11.499999999999,-10.865,14.499999999999));
#4355 = DIRECTION('',(1.,-3.491481338843E-15,-3.491481338843E-15));
#4356 = DIRECTION('',(-3.491481338843E-15,-1.,1.219044193949E-29));
#4357 = ADVANCED_FACE('',(#4358),#4374,.T.);
#4358 = FACE_BOUND('',#4359,.T.);
#4359 = EDGE_LOOP('',(#4360,#4361,#4367,#4368));
#4360 = ORIENTED_EDGE('',*,*,#3569,.F.);
#4361 = ORIENTED_EDGE('',*,*,#4362,.T.);
#4362 = EDGE_CURVE('',#3561,#3273,#4363,.T.);
#4363 = LINE('',#4364,#4365);
#4364 = CARTESIAN_POINT('',(11.499999999999,-13.5,2.124999999999));
#4365 = VECTOR('',#4366,1.);
#4366 = DIRECTION('',(-3.491481338843E-15,-1.,1.219044193949E-29));
#4367 = ORIENTED_EDGE('',*,*,#3272,.T.);
#4368 = ORIENTED_EDGE('',*,*,#4369,.T.);
#4369 = EDGE_CURVE('',#3264,#3570,#4370,.T.);
#4370 = LINE('',#4371,#4372);
#4371 = CARTESIAN_POINT('',(11.499999999999,-11.5,1.474999999999));
#4372 = VECTOR('',#4373,1.);
#4373 = DIRECTION('',(3.491481338843E-15,1.,-1.219044193949E-29));
#4374 = PLANE('',#4375);
#4375 = AXIS2_PLACEMENT_3D('',#4376,#4377,#4378);
#4376 = CARTESIAN_POINT('',(11.499999999999,-10.865,14.499999999999));
#4377 = DIRECTION('',(1.,-3.491481338843E-15,-3.491481338843E-15));
#4378 = DIRECTION('',(-3.491481338843E-15,-1.,1.219044193949E-29));
#4379 = ADVANCED_FACE('',(#4380),#4396,.T.);
#4380 = FACE_BOUND('',#4381,.T.);
#4381 = EDGE_LOOP('',(#4382,#4383,#4389,#4390));
#4382 = ORIENTED_EDGE('',*,*,#3323,.T.);
#4383 = ORIENTED_EDGE('',*,*,#4384,.T.);
#4384 = EDGE_CURVE('',#3315,#3519,#4385,.T.);
#4385 = LINE('',#4386,#4387);
#4386 = CARTESIAN_POINT('',(11.499999999999,-11.5,7.824999999999));
#4387 = VECTOR('',#4388,1.);
#4388 = DIRECTION('',(3.491481338843E-15,1.,-1.219044193949E-29));
#4389 = ORIENTED_EDGE('',*,*,#3518,.F.);
#4390 = ORIENTED_EDGE('',*,*,#4391,.T.);
#4391 = EDGE_CURVE('',#3511,#3324,#4392,.T.);
#4392 = LINE('',#4393,#4394);
#4393 = CARTESIAN_POINT('',(11.499999999999,-11.5,11.864999999999));
#4394 = VECTOR('',#4395,1.);
#4395 = DIRECTION('',(-3.491481338843E-15,-1.,1.219044193949E-29));
#4396 = PLANE('',#4397);
#4397 = AXIS2_PLACEMENT_3D('',#4398,#4399,#4400);
#4398 = CARTESIAN_POINT('',(11.499999999999,-10.865,14.499999999999));
#4399 = DIRECTION('',(1.,-3.491481338843E-15,-3.491481338843E-15));
#4400 = DIRECTION('',(-3.491481338843E-15,-1.,1.219044193949E-29));
#4401 = ADVANCED_FACE('',(#4402,#4412,#4422,#4432,#4442,#4452),#4487,.T.
  );
#4402 = FACE_BOUND('',#4403,.T.);
#4403 = EDGE_LOOP('',(#4404,#4405));
#4404 = ORIENTED_EDGE('',*,*,#48,.F.);
#4405 = ORIENTED_EDGE('',*,*,#4406,.F.);
#4406 = EDGE_CURVE('',#41,#22,#4407,.T.);
#4407 = CIRCLE('',#4408,1.6256);
#4408 = AXIS2_PLACEMENT_3D('',#4409,#4410,#4411);
#4409 = CARTESIAN_POINT('',(-1.000000000001,-7.5,12.499999999999));
#4410 = DIRECTION('',(-3.491481338843E-15,0.,-1.));
#4411 = DIRECTION('',(3.468166398207E-15,1.,-1.210903825934E-29));
#4412 = FACE_BOUND('',#4413,.T.);
#4413 = EDGE_LOOP('',(#4414,#4415));
#4414 = ORIENTED_EDGE('',*,*,#90,.F.);
#4415 = ORIENTED_EDGE('',*,*,#4416,.F.);
#4416 = EDGE_CURVE('',#83,#64,#4417,.T.);
#4417 = CIRCLE('',#4418,1.6256);
#4418 = AXIS2_PLACEMENT_3D('',#4419,#4420,#4421);
#4419 = CARTESIAN_POINT('',(-9.500000000001,1.,12.499999999999));
#4420 = DIRECTION('',(-3.491481338843E-15,0.,-1.));
#4421 = DIRECTION('',(3.201384367575E-15,1.,-1.117757377785E-29));
#4422 = FACE_BOUND('',#4423,.T.);
#4423 = EDGE_LOOP('',(#4424,#4425));
#4424 = ORIENTED_EDGE('',*,*,#132,.F.);
#4425 = ORIENTED_EDGE('',*,*,#4426,.F.);
#4426 = EDGE_CURVE('',#125,#106,#4427,.T.);
#4427 = CIRCLE('',#4428,1.6256);
#4428 = AXIS2_PLACEMENT_3D('',#4429,#4430,#4431);
#4429 = CARTESIAN_POINT('',(-1.000000000001,9.5,12.499999999999));
#4430 = DIRECTION('',(-3.491481338843E-15,0.,-1.));
#4431 = DIRECTION('',(3.468166398207E-15,1.,-1.210903825934E-29));
#4432 = FACE_BOUND('',#4433,.T.);
#4433 = EDGE_LOOP('',(#4434,#4435));
#4434 = ORIENTED_EDGE('',*,*,#174,.F.);
#4435 = ORIENTED_EDGE('',*,*,#4436,.F.);
#4436 = EDGE_CURVE('',#167,#148,#4437,.T.);
#4437 = CIRCLE('',#4438,1.6256);
#4438 = AXIS2_PLACEMENT_3D('',#4439,#4440,#4441);
#4439 = CARTESIAN_POINT('',(7.499999999999,1.,12.499999999999));
#4440 = DIRECTION('',(-3.491481338843E-15,0.,-1.));
#4441 = DIRECTION('',(3.734948428838E-15,1.,-1.304050274083E-29));
#4442 = FACE_BOUND('',#4443,.T.);
#4443 = EDGE_LOOP('',(#4444,#4451));
#4444 = ORIENTED_EDGE('',*,*,#4445,.F.);
#4445 = EDGE_CURVE('',#486,#494,#4446,.T.);
#4446 = CIRCLE('',#4447,3.75);
#4447 = AXIS2_PLACEMENT_3D('',#4448,#4449,#4450);
#4448 = CARTESIAN_POINT('',(-1.000000000001,1.,12.499999999999));
#4449 = DIRECTION('',(-3.491481338843E-15,0.,-1.));
#4450 = DIRECTION('',(3.469446951954E-15,1.,-1.211350928885E-29));
#4451 = ORIENTED_EDGE('',*,*,#493,.F.);
#4452 = FACE_BOUND('',#4453,.T.);
#4453 = EDGE_LOOP('',(#4454,#4465,#4473,#4481));
#4454 = ORIENTED_EDGE('',*,*,#4455,.F.);
#4455 = EDGE_CURVE('',#4456,#4458,#4460,.T.);
#4456 = VERTEX_POINT('',#4457);
#4457 = CARTESIAN_POINT('',(11.499999999999,1.,12.499999999999));
#4458 = VERTEX_POINT('',#4459);
#4459 = CARTESIAN_POINT('',(-13.5,1.,12.499999999999));
#4460 = CIRCLE('',#4461,12.5);
#4461 = AXIS2_PLACEMENT_3D('',#4462,#4463,#4464);
#4462 = CARTESIAN_POINT('',(-1.000000000001,1.,12.499999999999));
#4463 = DIRECTION('',(3.491481338843E-15,0.,1.));
#4464 = DIRECTION('',(-3.486794186713E-15,-1.,1.21740768353E-29));
#4465 = ORIENTED_EDGE('',*,*,#4466,.T.);
#4466 = EDGE_CURVE('',#4456,#4467,#4469,.T.);
#4467 = VERTEX_POINT('',#4468);
#4468 = CARTESIAN_POINT('',(11.499999999999,-10.865,12.499999999999));
#4469 = LINE('',#4470,#4471);
#4470 = CARTESIAN_POINT('',(11.499999999999,-11.5,12.499999999999));
#4471 = VECTOR('',#4472,1.);
#4472 = DIRECTION('',(-3.491481338843E-15,-1.,1.219044193949E-29));
#4473 = ORIENTED_EDGE('',*,*,#4474,.T.);
#4474 = EDGE_CURVE('',#4467,#4475,#4477,.T.);
#4475 = VERTEX_POINT('',#4476);
#4476 = CARTESIAN_POINT('',(-13.5,-10.865,12.499999999999));
#4477 = LINE('',#4478,#4479);
#4478 = CARTESIAN_POINT('',(11.499999999999,-10.865,12.499999999999));
#4479 = VECTOR('',#4480,1.);
#4480 = DIRECTION('',(-1.,3.491481338843E-15,3.491481338843E-15));
#4481 = ORIENTED_EDGE('',*,*,#4482,.F.);
#4482 = EDGE_CURVE('',#4458,#4475,#4483,.T.);
#4483 = LINE('',#4484,#4485);
#4484 = CARTESIAN_POINT('',(-13.5,-11.5,12.499999999999));
#4485 = VECTOR('',#4486,1.);
#4486 = DIRECTION('',(-3.491481338843E-15,-1.,1.219044193949E-29));
#4487 = PLANE('',#4488);
#4488 = AXIS2_PLACEMENT_3D('',#4489,#4490,#4491);
#4489 = CARTESIAN_POINT('',(11.499999999999,-11.5,12.499999999999));
#4490 = DIRECTION('',(-3.491481338843E-15,0.,-1.));
#4491 = DIRECTION('',(3.491481338843E-15,1.,-1.219044193949E-29));
#4492 = ADVANCED_FACE('',(#4493),#4516,.T.);
#4493 = FACE_BOUND('',#4494,.T.);
#4494 = EDGE_LOOP('',(#4495,#4496,#4503,#4509));
#4495 = ORIENTED_EDGE('',*,*,#4391,.F.);
#4496 = ORIENTED_EDGE('',*,*,#4497,.F.);
#4497 = EDGE_CURVE('',#4467,#3511,#4498,.T.);
#4498 = CIRCLE('',#4499,0.635);
#4499 = AXIS2_PLACEMENT_3D('',#4500,#4501,#4502);
#4500 = CARTESIAN_POINT('',(11.499999999999,-10.865,11.864999999999));
#4501 = DIRECTION('',(1.,-3.491481338843E-15,-3.491481338843E-15));
#4502 = DIRECTION('',(-3.491481338843E-15,-1.,2.652245649055E-30));
#4503 = ORIENTED_EDGE('',*,*,#4504,.F.);
#4504 = EDGE_CURVE('',#1635,#4467,#4505,.T.);
#4505 = LINE('',#4506,#4507);
#4506 = CARTESIAN_POINT('',(11.499999999999,-10.865,14.499999999999));
#4507 = VECTOR('',#4508,1.);
#4508 = DIRECTION('',(-3.491481338843E-15,-1.626303258728E-16,-1.));
#4509 = ORIENTED_EDGE('',*,*,#4510,.T.);
#4510 = EDGE_CURVE('',#1635,#3324,#4511,.T.);
#4511 = CIRCLE('',#4512,2.635);
#4512 = AXIS2_PLACEMENT_3D('',#4513,#4514,#4515);
#4513 = CARTESIAN_POINT('',(11.499999999999,-10.865,11.864999999999));
#4514 = DIRECTION('',(1.,-3.491481338843E-15,-3.491481338843E-15));
#4515 = DIRECTION('',(-3.491481338843E-15,6.975488760627E-31,-1.));
#4516 = PLANE('',#4517);
#4517 = AXIS2_PLACEMENT_3D('',#4518,#4519,#4520);
#4518 = CARTESIAN_POINT('',(11.499999999999,-11.5,11.864999999999));
#4519 = DIRECTION('',(1.,-3.491481338843E-15,-3.491481338843E-15));
#4520 = DIRECTION('',(-3.491481338843E-15,-1.,1.219044193949E-29));
#4521 = ADVANCED_FACE('',(#4522),#4538,.T.);
#4522 = FACE_BOUND('',#4523,.T.);
#4523 = EDGE_LOOP('',(#4524,#4525,#4531,#4532));
#4524 = ORIENTED_EDGE('',*,*,#3824,.F.);
#4525 = ORIENTED_EDGE('',*,*,#4526,.T.);
#4526 = EDGE_CURVE('',#3816,#3018,#4527,.T.);
#4527 = LINE('',#4528,#4529);
#4528 = CARTESIAN_POINT('',(11.499999999999,-13.5,-29.625));
#4529 = VECTOR('',#4530,1.);
#4530 = DIRECTION('',(-3.491481338843E-15,-1.,1.219044193949E-29));
#4531 = ORIENTED_EDGE('',*,*,#3017,.T.);
#4532 = ORIENTED_EDGE('',*,*,#4533,.T.);
#4533 = EDGE_CURVE('',#3009,#3825,#4534,.T.);
#4534 = LINE('',#4535,#4536);
#4535 = CARTESIAN_POINT('',(11.499999999999,-10.865,-32.42));
#4536 = VECTOR('',#4537,1.);
#4537 = DIRECTION('',(3.491481338843E-15,1.,-1.219044193949E-29));
#4538 = PLANE('',#4539);
#4539 = AXIS2_PLACEMENT_3D('',#4540,#4541,#4542);
#4540 = CARTESIAN_POINT('',(11.499999999999,-10.865,14.499999999999));
#4541 = DIRECTION('',(1.,-3.491481338843E-15,-3.491481338843E-15));
#4542 = DIRECTION('',(-3.491481338843E-15,-1.,1.219044193949E-29));
#4543 = ADVANCED_FACE('',(#4544),#4567,.T.);
#4544 = FACE_BOUND('',#4545,.T.);
#4545 = EDGE_LOOP('',(#4546,#4552,#4559,#4560));
#4546 = ORIENTED_EDGE('',*,*,#4547,.F.);
#4547 = EDGE_CURVE('',#4475,#1652,#4548,.T.);
#4548 = LINE('',#4549,#4550);
#4549 = CARTESIAN_POINT('',(-13.5,-10.865,12.499999999999));
#4550 = VECTOR('',#4551,1.);
#4551 = DIRECTION('',(3.491481338843E-15,1.626303258728E-16,1.));
#4552 = ORIENTED_EDGE('',*,*,#4553,.T.);
#4553 = EDGE_CURVE('',#4475,#3503,#4554,.T.);
#4554 = CIRCLE('',#4555,0.635);
#4555 = AXIS2_PLACEMENT_3D('',#4556,#4557,#4558);
#4556 = CARTESIAN_POINT('',(-13.5,-10.865,11.864999999999));
#4557 = DIRECTION('',(1.,-3.491481338843E-15,-3.491481338843E-15));
#4558 = DIRECTION('',(-3.491481338843E-15,-1.,2.652245649055E-30));
#4559 = ORIENTED_EDGE('',*,*,#4259,.F.);
#4560 = ORIENTED_EDGE('',*,*,#4561,.F.);
#4561 = EDGE_CURVE('',#1652,#3332,#4562,.T.);
#4562 = CIRCLE('',#4563,2.635);
#4563 = AXIS2_PLACEMENT_3D('',#4564,#4565,#4566);
#4564 = CARTESIAN_POINT('',(-13.5,-10.865,11.864999999999));
#4565 = DIRECTION('',(1.,-3.491481338843E-15,-3.491481338843E-15));
#4566 = DIRECTION('',(-3.491481338843E-15,6.975488760627E-31,-1.));
#4567 = PLANE('',#4568);
#4568 = AXIS2_PLACEMENT_3D('',#4569,#4570,#4571);
#4569 = CARTESIAN_POINT('',(-13.5,-10.865,12.499999999999));
#4570 = DIRECTION('',(-1.,3.491481338843E-15,3.491481338843E-15));
#4571 = DIRECTION('',(3.491481338843E-15,1.,-1.219044193949E-29));
#4572 = ADVANCED_FACE('',(#4573),#4584,.T.);
#4573 = FACE_BOUND('',#4574,.T.);
#4574 = EDGE_LOOP('',(#4575,#4581,#4582,#4583));
#4575 = ORIENTED_EDGE('',*,*,#4576,.T.);
#4576 = EDGE_CURVE('',#1643,#4458,#4577,.T.);
#4577 = LINE('',#4578,#4579);
#4578 = CARTESIAN_POINT('',(-13.5,1.,14.499999999999));
#4579 = VECTOR('',#4580,1.);
#4580 = DIRECTION('',(-3.491481338843E-15,0.,-1.));
#4581 = ORIENTED_EDGE('',*,*,#4482,.T.);
#4582 = ORIENTED_EDGE('',*,*,#4547,.T.);
#4583 = ORIENTED_EDGE('',*,*,#1651,.F.);
#4584 = PLANE('',#4585);
#4585 = AXIS2_PLACEMENT_3D('',#4586,#4587,#4588);
#4586 = CARTESIAN_POINT('',(-13.5,-13.5,11.864999999999));
#4587 = DIRECTION('',(-1.,3.491481338843E-15,3.491481338843E-15));
#4588 = DIRECTION('',(3.491481338843E-15,1.,-1.219044193949E-29));
#4589 = ADVANCED_FACE('',(#4590),#4606,.T.);
#4590 = FACE_BOUND('',#4591,.T.);
#4591 = EDGE_LOOP('',(#4592,#4593,#4599,#4600));
#4592 = ORIENTED_EDGE('',*,*,#3000,.T.);
#4593 = ORIENTED_EDGE('',*,*,#4594,.T.);
#4594 = EDGE_CURVE('',#2992,#3842,#4595,.T.);
#4595 = LINE('',#4596,#4597);
#4596 = CARTESIAN_POINT('',(-8.420000000001,-11.5,-37.5));
#4597 = VECTOR('',#4598,1.);
#4598 = DIRECTION('',(3.491481338843E-15,1.,-1.219044193949E-29));
#4599 = ORIENTED_EDGE('',*,*,#3841,.F.);
#4600 = ORIENTED_EDGE('',*,*,#4601,.T.);
#4601 = EDGE_CURVE('',#3833,#3001,#4602,.T.);
#4602 = LINE('',#4603,#4604);
#4603 = CARTESIAN_POINT('',(6.419999999999,-11.5,-37.5));
#4604 = VECTOR('',#4605,1.);
#4605 = DIRECTION('',(-3.491481338843E-15,-1.,1.219044193949E-29));
#4606 = PLANE('',#4607);
#4607 = AXIS2_PLACEMENT_3D('',#4608,#4609,#4610);
#4608 = CARTESIAN_POINT('',(11.499999999999,-11.5,-37.5));
#4609 = DIRECTION('',(-3.491481338843E-15,0.,-1.));
#4610 = DIRECTION('',(3.491481338843E-15,1.,-1.219044193949E-29));
#4611 = ADVANCED_FACE('',(#4612),#4618,.F.);
#4612 = FACE_BOUND('',#4613,.F.);
#4613 = EDGE_LOOP('',(#4614,#4615,#4616,#4617));
#4614 = ORIENTED_EDGE('',*,*,#3510,.F.);
#4615 = ORIENTED_EDGE('',*,*,#4497,.F.);
#4616 = ORIENTED_EDGE('',*,*,#4474,.T.);
#4617 = ORIENTED_EDGE('',*,*,#4553,.T.);
#4618 = CYLINDRICAL_SURFACE('',#4619,0.635);
#4619 = AXIS2_PLACEMENT_3D('',#4620,#4621,#4622);
#4620 = CARTESIAN_POINT('',(11.499999999999,-10.865,11.864999999999));
#4621 = DIRECTION('',(-1.,3.491481338843E-15,3.491481338843E-15));
#4622 = DIRECTION('',(3.491481338843E-15,1.,-2.652245649055E-30));
#4623 = ADVANCED_FACE('',(#4624),#4630,.T.);
#4624 = FACE_BOUND('',#4625,.T.);
#4625 = EDGE_LOOP('',(#4626,#4627,#4628,#4629));
#4626 = ORIENTED_EDGE('',*,*,#4561,.T.);
#4627 = ORIENTED_EDGE('',*,*,#3331,.F.);
#4628 = ORIENTED_EDGE('',*,*,#4510,.F.);
#4629 = ORIENTED_EDGE('',*,*,#1659,.T.);
#4630 = CYLINDRICAL_SURFACE('',#4631,2.635);
#4631 = AXIS2_PLACEMENT_3D('',#4632,#4633,#4634);
#4632 = CARTESIAN_POINT('',(11.499999999999,-10.865,11.864999999999));
#4633 = DIRECTION('',(-1.,3.491481338843E-15,3.491481338843E-15));
#4634 = DIRECTION('',(3.491481338843E-15,1.,-6.975488760627E-31));
#4635 = ADVANCED_FACE('',(#4636),#4647,.T.);
#4636 = FACE_BOUND('',#4637,.T.);
#4637 = EDGE_LOOP('',(#4638,#4644,#4645,#4646));
#4638 = ORIENTED_EDGE('',*,*,#4639,.T.);
#4639 = EDGE_CURVE('',#4456,#1633,#4640,.T.);
#4640 = LINE('',#4641,#4642);
#4641 = CARTESIAN_POINT('',(11.499999999999,1.,12.499999999999));
#4642 = VECTOR('',#4643,1.);
#4643 = DIRECTION('',(3.491481338843E-15,-0.,1.));
#4644 = ORIENTED_EDGE('',*,*,#1632,.T.);
#4645 = ORIENTED_EDGE('',*,*,#4504,.T.);
#4646 = ORIENTED_EDGE('',*,*,#4466,.F.);
#4647 = PLANE('',#4648);
#4648 = AXIS2_PLACEMENT_3D('',#4649,#4650,#4651);
#4649 = CARTESIAN_POINT('',(11.499999999999,-10.865,11.864999999999));
#4650 = DIRECTION('',(1.,-3.491481338843E-15,-3.491481338843E-15));
#4651 = DIRECTION('',(-3.491481338843E-15,0.,-1.));
#4652 = ADVANCED_FACE('',(#4653),#4659,.T.);
#4653 = FACE_BOUND('',#4654,.T.);
#4654 = EDGE_LOOP('',(#4655,#4656,#4657,#4658));
#4655 = ORIENTED_EDGE('',*,*,#4576,.F.);
#4656 = ORIENTED_EDGE('',*,*,#1642,.F.);
#4657 = ORIENTED_EDGE('',*,*,#4639,.F.);
#4658 = ORIENTED_EDGE('',*,*,#4455,.T.);
#4659 = CYLINDRICAL_SURFACE('',#4660,12.5);
#4660 = AXIS2_PLACEMENT_3D('',#4661,#4662,#4663);
#4661 = CARTESIAN_POINT('',(-1.000000000001,1.,14.499999999999));
#4662 = DIRECTION('',(3.491481338843E-15,0.,1.));
#4663 = DIRECTION('',(-3.486794186713E-15,-1.,1.21740768353E-29));
#4664 = ADVANCED_FACE('',(#4665),#4671,.F.);
#4665 = FACE_BOUND('',#4666,.F.);
#4666 = EDGE_LOOP('',(#4667,#4668,#4669,#4670));
#4667 = ORIENTED_EDGE('',*,*,#4445,.F.);
#4668 = ORIENTED_EDGE('',*,*,#483,.F.);
#4669 = ORIENTED_EDGE('',*,*,#1622,.T.);
#4670 = ORIENTED_EDGE('',*,*,#502,.T.);
#4671 = CYLINDRICAL_SURFACE('',#4672,3.75);
#4672 = AXIS2_PLACEMENT_3D('',#4673,#4674,#4675);
#4673 = CARTESIAN_POINT('',(-1.000000000001,1.,12.499999999999));
#4674 = DIRECTION('',(-3.491481338843E-15,0.,-1.));
#4675 = DIRECTION('',(3.469446951954E-15,1.,-1.211350928885E-29));
#4676 = ADVANCED_FACE('',(#4677),#4683,.F.);
#4677 = FACE_BOUND('',#4678,.F.);
#4678 = EDGE_LOOP('',(#4679,#4680,#4681,#4682));
#4679 = ORIENTED_EDGE('',*,*,#3439,.F.);
#4680 = ORIENTED_EDGE('',*,*,#441,.F.);
#4681 = ORIENTED_EDGE('',*,*,#2699,.T.);
#4682 = ORIENTED_EDGE('',*,*,#460,.T.);
#4683 = CYLINDRICAL_SURFACE('',#4684,1.65);
#4684 = AXIS2_PLACEMENT_3D('',#4685,#4686,#4687);
#4685 = CARTESIAN_POINT('',(-1.000000000001,-13.5,8.149999999999));
#4686 = DIRECTION('',(3.491481338843E-15,1.,-1.219044193949E-29));
#4687 = DIRECTION('',(3.548298019043E-15,-1.983743786545E-31,1.));
#4688 = ADVANCED_FACE('',(#4689),#4695,.F.);
#4689 = FACE_BOUND('',#4690,.F.);
#4690 = EDGE_LOOP('',(#4691,#4692,#4693,#4694));
#4691 = ORIENTED_EDGE('',*,*,#3429,.F.);
#4692 = ORIENTED_EDGE('',*,*,#399,.F.);
#4693 = ORIENTED_EDGE('',*,*,#2689,.T.);
#4694 = ORIENTED_EDGE('',*,*,#418,.T.);
#4695 = CYLINDRICAL_SURFACE('',#4696,1.65);
#4696 = AXIS2_PLACEMENT_3D('',#4697,#4698,#4699);
#4697 = CARTESIAN_POINT('',(-1.000000000001,-13.5,1.799999999999));
#4698 = DIRECTION('',(3.491481338843E-15,1.,-1.219044193949E-29));
#4699 = DIRECTION('',(3.548298019043E-15,-1.983743786545E-31,1.));
#4700 = ADVANCED_FACE('',(#4701),#4707,.F.);
#4701 = FACE_BOUND('',#4702,.F.);
#4702 = EDGE_LOOP('',(#4703,#4704,#4705,#4706));
#4703 = ORIENTED_EDGE('',*,*,#3419,.F.);
#4704 = ORIENTED_EDGE('',*,*,#357,.F.);
#4705 = ORIENTED_EDGE('',*,*,#2679,.T.);
#4706 = ORIENTED_EDGE('',*,*,#376,.T.);
#4707 = CYLINDRICAL_SURFACE('',#4708,1.65);
#4708 = AXIS2_PLACEMENT_3D('',#4709,#4710,#4711);
#4709 = CARTESIAN_POINT('',(-1.000000000001,-13.5,-4.550000000001));
#4710 = DIRECTION('',(3.491481338843E-15,1.,-1.219044193949E-29));
#4711 = DIRECTION('',(3.548298019043E-15,-1.983743786545E-31,1.));
#4712 = ADVANCED_FACE('',(#4713),#4719,.F.);
#4713 = FACE_BOUND('',#4714,.F.);
#4714 = EDGE_LOOP('',(#4715,#4716,#4717,#4718));
#4715 = ORIENTED_EDGE('',*,*,#3409,.F.);
#4716 = ORIENTED_EDGE('',*,*,#315,.F.);
#4717 = ORIENTED_EDGE('',*,*,#2669,.T.);
#4718 = ORIENTED_EDGE('',*,*,#334,.T.);
#4719 = CYLINDRICAL_SURFACE('',#4720,1.65);
#4720 = AXIS2_PLACEMENT_3D('',#4721,#4722,#4723);
#4721 = CARTESIAN_POINT('',(-1.000000000001,-13.5,-10.9));
#4722 = DIRECTION('',(3.491481338843E-15,1.,-1.219044193949E-29));
#4723 = DIRECTION('',(3.548298019043E-15,-1.983743786545E-31,1.));
#4724 = ADVANCED_FACE('',(#4725),#4731,.F.);
#4725 = FACE_BOUND('',#4726,.F.);
#4726 = EDGE_LOOP('',(#4727,#4728,#4729,#4730));
#4727 = ORIENTED_EDGE('',*,*,#3399,.F.);
#4728 = ORIENTED_EDGE('',*,*,#273,.F.);
#4729 = ORIENTED_EDGE('',*,*,#2659,.T.);
#4730 = ORIENTED_EDGE('',*,*,#292,.T.);
#4731 = CYLINDRICAL_SURFACE('',#4732,1.65);
#4732 = AXIS2_PLACEMENT_3D('',#4733,#4734,#4735);
#4733 = CARTESIAN_POINT('',(-1.000000000001,-13.5,-17.25));
#4734 = DIRECTION('',(3.491481338843E-15,1.,-1.219044193949E-29));
#4735 = DIRECTION('',(3.548298019043E-15,-1.983743786545E-31,1.));
#4736 = ADVANCED_FACE('',(#4737),#4743,.F.);
#4737 = FACE_BOUND('',#4738,.F.);
#4738 = EDGE_LOOP('',(#4739,#4740,#4741,#4742));
#4739 = ORIENTED_EDGE('',*,*,#3389,.F.);
#4740 = ORIENTED_EDGE('',*,*,#231,.F.);
#4741 = ORIENTED_EDGE('',*,*,#2649,.T.);
#4742 = ORIENTED_EDGE('',*,*,#250,.T.);
#4743 = CYLINDRICAL_SURFACE('',#4744,1.65);
#4744 = AXIS2_PLACEMENT_3D('',#4745,#4746,#4747);
#4745 = CARTESIAN_POINT('',(-1.000000000001,-13.5,-23.6));
#4746 = DIRECTION('',(3.491481338843E-15,1.,-1.219044193949E-29));
#4747 = DIRECTION('',(3.548298019043E-15,-1.983743786545E-31,1.));
#4748 = ADVANCED_FACE('',(#4749),#4755,.F.);
#4749 = FACE_BOUND('',#4750,.F.);
#4750 = EDGE_LOOP('',(#4751,#4752,#4753,#4754));
#4751 = ORIENTED_EDGE('',*,*,#3379,.F.);
#4752 = ORIENTED_EDGE('',*,*,#189,.F.);
#4753 = ORIENTED_EDGE('',*,*,#2639,.T.);
#4754 = ORIENTED_EDGE('',*,*,#208,.T.);
#4755 = CYLINDRICAL_SURFACE('',#4756,1.65);
#4756 = AXIS2_PLACEMENT_3D('',#4757,#4758,#4759);
#4757 = CARTESIAN_POINT('',(-1.000000000001,-13.5,-29.95));
#4758 = DIRECTION('',(3.491481338843E-15,1.,-1.219044193949E-29));
#4759 = DIRECTION('',(3.548298019043E-15,-1.983743786545E-31,1.));
#4760 = ADVANCED_FACE('',(#4761),#4767,.T.);
#4761 = FACE_BOUND('',#4762,.T.);
#4762 = EDGE_LOOP('',(#4763,#4764,#4765,#4766));
#4763 = ORIENTED_EDGE('',*,*,#3849,.F.);
#4764 = ORIENTED_EDGE('',*,*,#4594,.F.);
#4765 = ORIENTED_EDGE('',*,*,#2991,.F.);
#4766 = ORIENTED_EDGE('',*,*,#4127,.F.);
#4767 = CYLINDRICAL_SURFACE('',#4768,5.08);
#4768 = AXIS2_PLACEMENT_3D('',#4769,#4770,#4771);
#4769 = CARTESIAN_POINT('',(-8.420000000001,-10.865,-32.42));
#4770 = DIRECTION('',(3.491481338843E-15,1.,-1.219044193949E-29));
#4771 = DIRECTION('',(3.41480999208E-15,2.676965764463E-31,1.));
#4772 = ADVANCED_FACE('',(#4773),#4779,.T.);
#4773 = FACE_BOUND('',#4774,.T.);
#4774 = EDGE_LOOP('',(#4775,#4776,#4777,#4778));
#4775 = ORIENTED_EDGE('',*,*,#3832,.F.);
#4776 = ORIENTED_EDGE('',*,*,#4533,.F.);
#4777 = ORIENTED_EDGE('',*,*,#3008,.F.);
#4778 = ORIENTED_EDGE('',*,*,#4601,.F.);
#4779 = CYLINDRICAL_SURFACE('',#4780,5.08);
#4780 = AXIS2_PLACEMENT_3D('',#4781,#4782,#4783);
#4781 = CARTESIAN_POINT('',(6.419999999999,-11.5,-32.42));
#4782 = DIRECTION('',(-3.491481338843E-15,-1.,1.219044193949E-29));
#4783 = DIRECTION('',(-3.41480999208E-15,-2.676965764463E-31,-1.));
#4784 = ADVANCED_FACE('',(#4785),#4801,.F.);
#4785 = FACE_BOUND('',#4786,.T.);
#4786 = EDGE_LOOP('',(#4787,#4788,#4794,#4795));
#4787 = ORIENTED_EDGE('',*,*,#3535,.T.);
#4788 = ORIENTED_EDGE('',*,*,#4789,.T.);
#4789 = EDGE_CURVE('',#3527,#3307,#4790,.T.);
#4790 = LINE('',#4791,#4792);
#4791 = CARTESIAN_POINT('',(10.299999999999,-13.5,6.624999999999));
#4792 = VECTOR('',#4793,1.);
#4793 = DIRECTION('',(-3.491481338843E-15,-1.,1.219044193949E-29));
#4794 = ORIENTED_EDGE('',*,*,#3306,.F.);
#4795 = ORIENTED_EDGE('',*,*,#4796,.T.);
#4796 = EDGE_CURVE('',#3298,#3536,#4797,.T.);
#4797 = LINE('',#4798,#4799);
#4798 = CARTESIAN_POINT('',(9.849999999999,-13.5,6.624999999999));
#4799 = VECTOR('',#4800,1.);
#4800 = DIRECTION('',(3.491481338843E-15,1.,-1.219044193949E-29));
#4801 = PLANE('',#4802);
#4802 = AXIS2_PLACEMENT_3D('',#4803,#4804,#4805);
#4803 = CARTESIAN_POINT('',(9.849999999999,-13.5,6.624999999999));
#4804 = DIRECTION('',(3.491481338843E-15,0.,1.));
#4805 = DIRECTION('',(-3.491481338843E-15,-1.,1.219044193949E-29));
#4806 = ADVANCED_FACE('',(#4807),#4818,.F.);
#4807 = FACE_BOUND('',#4808,.F.);
#4808 = EDGE_LOOP('',(#4809,#4815,#4816,#4817));
#4809 = ORIENTED_EDGE('',*,*,#4810,.F.);
#4810 = EDGE_CURVE('',#3290,#3544,#4811,.T.);
#4811 = LINE('',#4812,#4813);
#4812 = CARTESIAN_POINT('',(9.849999999999,-13.5,3.324999999999));
#4813 = VECTOR('',#4814,1.);
#4814 = DIRECTION('',(3.491481338843E-15,1.,-1.219044193949E-29));
#4815 = ORIENTED_EDGE('',*,*,#3297,.T.);
#4816 = ORIENTED_EDGE('',*,*,#4796,.T.);
#4817 = ORIENTED_EDGE('',*,*,#3543,.F.);
#4818 = CYLINDRICAL_SURFACE('',#4819,1.65);
#4819 = AXIS2_PLACEMENT_3D('',#4820,#4821,#4822);
#4820 = CARTESIAN_POINT('',(9.849999999999,-13.5,4.974999999999));
#4821 = DIRECTION('',(3.491481338843E-15,1.,-1.219044193949E-29));
#4822 = DIRECTION('',(3.154042683594E-15,1.178160767806E-30,1.));
#4823 = ADVANCED_FACE('',(#4824),#4835,.F.);
#4824 = FACE_BOUND('',#4825,.T.);
#4825 = EDGE_LOOP('',(#4826,#4827,#4833,#4834));
#4826 = ORIENTED_EDGE('',*,*,#3289,.F.);
#4827 = ORIENTED_EDGE('',*,*,#4828,.T.);
#4828 = EDGE_CURVE('',#3281,#3553,#4829,.T.);
#4829 = LINE('',#4830,#4831);
#4830 = CARTESIAN_POINT('',(10.299999999999,-11.5,3.324999999999));
#4831 = VECTOR('',#4832,1.);
#4832 = DIRECTION('',(3.491481338843E-15,1.,-1.219044193949E-29));
#4833 = ORIENTED_EDGE('',*,*,#3552,.T.);
#4834 = ORIENTED_EDGE('',*,*,#4810,.F.);
#4835 = PLANE('',#4836);
#4836 = AXIS2_PLACEMENT_3D('',#4837,#4838,#4839);
#4837 = CARTESIAN_POINT('',(13.425800689028,-13.5,3.324999999999));
#4838 = DIRECTION('',(-2.5212239745E-15,-3.387635481479E-30,-1.));
#4839 = DIRECTION('',(1.,-3.491481338843E-15,-2.5212239745E-15));
#4840 = ADVANCED_FACE('',(#4841),#4857,.F.);
#4841 = FACE_BOUND('',#4842,.T.);
#4842 = EDGE_LOOP('',(#4843,#4844,#4850,#4851));
#4843 = ORIENTED_EDGE('',*,*,#3586,.T.);
#4844 = ORIENTED_EDGE('',*,*,#4845,.T.);
#4845 = EDGE_CURVE('',#3578,#3256,#4846,.T.);
#4846 = LINE('',#4847,#4848);
#4847 = CARTESIAN_POINT('',(10.299999999999,-13.5,0.274999999999));
#4848 = VECTOR('',#4849,1.);
#4849 = DIRECTION('',(-3.491481338843E-15,-1.,1.219044193949E-29));
#4850 = ORIENTED_EDGE('',*,*,#3255,.F.);
#4851 = ORIENTED_EDGE('',*,*,#4852,.T.);
#4852 = EDGE_CURVE('',#3247,#3587,#4853,.T.);
#4853 = LINE('',#4854,#4855);
#4854 = CARTESIAN_POINT('',(9.849999999999,-13.5,0.274999999999));
#4855 = VECTOR('',#4856,1.);
#4856 = DIRECTION('',(3.491481338843E-15,1.,-1.219044193949E-29));
#4857 = PLANE('',#4858);
#4858 = AXIS2_PLACEMENT_3D('',#4859,#4860,#4861);
#4859 = CARTESIAN_POINT('',(9.849999999999,-13.5,0.274999999999));
#4860 = DIRECTION('',(3.491481338843E-15,0.,1.));
#4861 = DIRECTION('',(-3.491481338843E-15,-1.,1.219044193949E-29));
#4862 = ADVANCED_FACE('',(#4863),#4874,.F.);
#4863 = FACE_BOUND('',#4864,.F.);
#4864 = EDGE_LOOP('',(#4865,#4871,#4872,#4873));
#4865 = ORIENTED_EDGE('',*,*,#4866,.F.);
#4866 = EDGE_CURVE('',#3239,#3595,#4867,.T.);
#4867 = LINE('',#4868,#4869);
#4868 = CARTESIAN_POINT('',(9.849999999999,-13.5,-3.025000000001));
#4869 = VECTOR('',#4870,1.);
#4870 = DIRECTION('',(3.491481338843E-15,1.,-1.219044193949E-29));
#4871 = ORIENTED_EDGE('',*,*,#3246,.T.);
#4872 = ORIENTED_EDGE('',*,*,#4852,.T.);
#4873 = ORIENTED_EDGE('',*,*,#3594,.F.);
#4874 = CYLINDRICAL_SURFACE('',#4875,1.65);
#4875 = AXIS2_PLACEMENT_3D('',#4876,#4877,#4878);
#4876 = CARTESIAN_POINT('',(9.849999999999,-13.5,-1.375000000001));
#4877 = DIRECTION('',(3.491481338843E-15,1.,-1.219044193949E-29));
#4878 = DIRECTION('',(3.154042683594E-15,1.178160767806E-30,1.));
#4879 = ADVANCED_FACE('',(#4880),#4891,.F.);
#4880 = FACE_BOUND('',#4881,.T.);
#4881 = EDGE_LOOP('',(#4882,#4883,#4889,#4890));
#4882 = ORIENTED_EDGE('',*,*,#3238,.F.);
#4883 = ORIENTED_EDGE('',*,*,#4884,.T.);
#4884 = EDGE_CURVE('',#3230,#3604,#4885,.T.);
#4885 = LINE('',#4886,#4887);
#4886 = CARTESIAN_POINT('',(10.299999999999,-11.5,-3.025000000001));
#4887 = VECTOR('',#4888,1.);
#4888 = DIRECTION('',(3.491481338843E-15,1.,-1.219044193949E-29));
#4889 = ORIENTED_EDGE('',*,*,#3603,.T.);
#4890 = ORIENTED_EDGE('',*,*,#4866,.F.);
#4891 = PLANE('',#4892);
#4892 = AXIS2_PLACEMENT_3D('',#4893,#4894,#4895);
#4893 = CARTESIAN_POINT('',(13.425800689028,-13.5,-3.025000000001));
#4894 = DIRECTION('',(-2.5212239745E-15,-3.387635481479E-30,-1.));
#4895 = DIRECTION('',(1.,-3.491481338843E-15,-2.5212239745E-15));
#4896 = ADVANCED_FACE('',(#4897),#4913,.F.);
#4897 = FACE_BOUND('',#4898,.T.);
#4898 = EDGE_LOOP('',(#4899,#4900,#4906,#4907));
#4899 = ORIENTED_EDGE('',*,*,#3637,.T.);
#4900 = ORIENTED_EDGE('',*,*,#4901,.T.);
#4901 = EDGE_CURVE('',#3629,#3205,#4902,.T.);
#4902 = LINE('',#4903,#4904);
#4903 = CARTESIAN_POINT('',(10.299999999999,-13.5,-6.075000000001));
#4904 = VECTOR('',#4905,1.);
#4905 = DIRECTION('',(-3.491481338843E-15,-1.,1.219044193949E-29));
#4906 = ORIENTED_EDGE('',*,*,#3204,.F.);
#4907 = ORIENTED_EDGE('',*,*,#4908,.T.);
#4908 = EDGE_CURVE('',#3196,#3638,#4909,.T.);
#4909 = LINE('',#4910,#4911);
#4910 = CARTESIAN_POINT('',(9.849999999999,-13.5,-6.075000000001));
#4911 = VECTOR('',#4912,1.);
#4912 = DIRECTION('',(3.491481338843E-15,1.,-1.219044193949E-29));
#4913 = PLANE('',#4914);
#4914 = AXIS2_PLACEMENT_3D('',#4915,#4916,#4917);
#4915 = CARTESIAN_POINT('',(9.849999999999,-13.5,-6.075000000001));
#4916 = DIRECTION('',(3.491481338843E-15,0.,1.));
#4917 = DIRECTION('',(-3.491481338843E-15,-1.,1.219044193949E-29));
#4918 = ADVANCED_FACE('',(#4919),#4930,.F.);
#4919 = FACE_BOUND('',#4920,.F.);
#4920 = EDGE_LOOP('',(#4921,#4927,#4928,#4929));
#4921 = ORIENTED_EDGE('',*,*,#4922,.F.);
#4922 = EDGE_CURVE('',#3188,#3646,#4923,.T.);
#4923 = LINE('',#4924,#4925);
#4924 = CARTESIAN_POINT('',(9.849999999999,-13.5,-9.375000000001));
#4925 = VECTOR('',#4926,1.);
#4926 = DIRECTION('',(3.491481338843E-15,1.,-1.219044193949E-29));
#4927 = ORIENTED_EDGE('',*,*,#3195,.T.);
#4928 = ORIENTED_EDGE('',*,*,#4908,.T.);
#4929 = ORIENTED_EDGE('',*,*,#3645,.F.);
#4930 = CYLINDRICAL_SURFACE('',#4931,1.65);
#4931 = AXIS2_PLACEMENT_3D('',#4932,#4933,#4934);
#4932 = CARTESIAN_POINT('',(9.849999999999,-13.5,-7.725000000001));
#4933 = DIRECTION('',(3.491481338843E-15,1.,-1.219044193949E-29));
#4934 = DIRECTION('',(3.154042683594E-15,1.178160767806E-30,1.));
#4935 = ADVANCED_FACE('',(#4936),#4947,.F.);
#4936 = FACE_BOUND('',#4937,.T.);
#4937 = EDGE_LOOP('',(#4938,#4939,#4945,#4946));
#4938 = ORIENTED_EDGE('',*,*,#3187,.F.);
#4939 = ORIENTED_EDGE('',*,*,#4940,.T.);
#4940 = EDGE_CURVE('',#3179,#3655,#4941,.T.);
#4941 = LINE('',#4942,#4943);
#4942 = CARTESIAN_POINT('',(10.299999999999,-11.5,-9.375000000001));
#4943 = VECTOR('',#4944,1.);
#4944 = DIRECTION('',(3.491481338843E-15,1.,-1.219044193949E-29));
#4945 = ORIENTED_EDGE('',*,*,#3654,.T.);
#4946 = ORIENTED_EDGE('',*,*,#4922,.F.);
#4947 = PLANE('',#4948);
#4948 = AXIS2_PLACEMENT_3D('',#4949,#4950,#4951);
#4949 = CARTESIAN_POINT('',(13.425800689028,-13.5,-9.375000000001));
#4950 = DIRECTION('',(-2.5212239745E-15,-3.387635481479E-30,-1.));
#4951 = DIRECTION('',(1.,-3.491481338843E-15,-2.5212239745E-15));
#4952 = ADVANCED_FACE('',(#4953),#4969,.F.);
#4953 = FACE_BOUND('',#4954,.T.);
#4954 = EDGE_LOOP('',(#4955,#4956,#4962,#4963));
#4955 = ORIENTED_EDGE('',*,*,#3688,.T.);
#4956 = ORIENTED_EDGE('',*,*,#4957,.T.);
#4957 = EDGE_CURVE('',#3680,#3154,#4958,.T.);
#4958 = LINE('',#4959,#4960);
#4959 = CARTESIAN_POINT('',(10.299999999999,-13.5,-12.425));
#4960 = VECTOR('',#4961,1.);
#4961 = DIRECTION('',(-3.491481338843E-15,-1.,1.219044193949E-29));
#4962 = ORIENTED_EDGE('',*,*,#3153,.F.);
#4963 = ORIENTED_EDGE('',*,*,#4964,.T.);
#4964 = EDGE_CURVE('',#3145,#3689,#4965,.T.);
#4965 = LINE('',#4966,#4967);
#4966 = CARTESIAN_POINT('',(9.849999999999,-13.5,-12.425));
#4967 = VECTOR('',#4968,1.);
#4968 = DIRECTION('',(3.491481338843E-15,1.,-1.219044193949E-29));
#4969 = PLANE('',#4970);
#4970 = AXIS2_PLACEMENT_3D('',#4971,#4972,#4973);
#4971 = CARTESIAN_POINT('',(9.849999999999,-13.5,-12.425));
#4972 = DIRECTION('',(3.491481338843E-15,0.,1.));
#4973 = DIRECTION('',(-3.491481338843E-15,-1.,1.219044193949E-29));
#4974 = ADVANCED_FACE('',(#4975),#4986,.F.);
#4975 = FACE_BOUND('',#4976,.F.);
#4976 = EDGE_LOOP('',(#4977,#4983,#4984,#4985));
#4977 = ORIENTED_EDGE('',*,*,#4978,.F.);
#4978 = EDGE_CURVE('',#3137,#3697,#4979,.T.);
#4979 = LINE('',#4980,#4981);
#4980 = CARTESIAN_POINT('',(9.849999999999,-13.5,-15.725));
#4981 = VECTOR('',#4982,1.);
#4982 = DIRECTION('',(3.491481338843E-15,1.,-1.219044193949E-29));
#4983 = ORIENTED_EDGE('',*,*,#3144,.T.);
#4984 = ORIENTED_EDGE('',*,*,#4964,.T.);
#4985 = ORIENTED_EDGE('',*,*,#3696,.F.);
#4986 = CYLINDRICAL_SURFACE('',#4987,1.65);
#4987 = AXIS2_PLACEMENT_3D('',#4988,#4989,#4990);
#4988 = CARTESIAN_POINT('',(9.849999999999,-13.5,-14.075));
#4989 = DIRECTION('',(3.491481338843E-15,1.,-1.219044193949E-29));
#4990 = DIRECTION('',(3.154042683594E-15,1.178160767806E-30,1.));
#4991 = ADVANCED_FACE('',(#4992),#5003,.F.);
#4992 = FACE_BOUND('',#4993,.T.);
#4993 = EDGE_LOOP('',(#4994,#4995,#5001,#5002));
#4994 = ORIENTED_EDGE('',*,*,#3136,.F.);
#4995 = ORIENTED_EDGE('',*,*,#4996,.T.);
#4996 = EDGE_CURVE('',#3128,#3706,#4997,.T.);
#4997 = LINE('',#4998,#4999);
#4998 = CARTESIAN_POINT('',(10.299999999999,-11.5,-15.725));
#4999 = VECTOR('',#5000,1.);
#5000 = DIRECTION('',(3.491481338843E-15,1.,-1.219044193949E-29));
#5001 = ORIENTED_EDGE('',*,*,#3705,.T.);
#5002 = ORIENTED_EDGE('',*,*,#4978,.F.);
#5003 = PLANE('',#5004);
#5004 = AXIS2_PLACEMENT_3D('',#5005,#5006,#5007);
#5005 = CARTESIAN_POINT('',(13.425800689028,-13.5,-15.725));
#5006 = DIRECTION('',(-2.5212239745E-15,-3.387635481479E-30,-1.));
#5007 = DIRECTION('',(1.,-3.491481338843E-15,-2.5212239745E-15));
#5008 = ADVANCED_FACE('',(#5009),#5025,.F.);
#5009 = FACE_BOUND('',#5010,.T.);
#5010 = EDGE_LOOP('',(#5011,#5012,#5018,#5019));
#5011 = ORIENTED_EDGE('',*,*,#3739,.T.);
#5012 = ORIENTED_EDGE('',*,*,#5013,.T.);
#5013 = EDGE_CURVE('',#3731,#3103,#5014,.T.);
#5014 = LINE('',#5015,#5016);
#5015 = CARTESIAN_POINT('',(10.299999999999,-13.5,-18.775));
#5016 = VECTOR('',#5017,1.);
#5017 = DIRECTION('',(-3.491481338843E-15,-1.,1.219044193949E-29));
#5018 = ORIENTED_EDGE('',*,*,#3102,.F.);
#5019 = ORIENTED_EDGE('',*,*,#5020,.T.);
#5020 = EDGE_CURVE('',#3094,#3740,#5021,.T.);
#5021 = LINE('',#5022,#5023);
#5022 = CARTESIAN_POINT('',(9.849999999999,-13.5,-18.775));
#5023 = VECTOR('',#5024,1.);
#5024 = DIRECTION('',(3.491481338843E-15,1.,-1.219044193949E-29));
#5025 = PLANE('',#5026);
#5026 = AXIS2_PLACEMENT_3D('',#5027,#5028,#5029);
#5027 = CARTESIAN_POINT('',(9.849999999999,-13.5,-18.775));
#5028 = DIRECTION('',(3.491481338843E-15,0.,1.));
#5029 = DIRECTION('',(-3.491481338843E-15,-1.,1.219044193949E-29));
#5030 = ADVANCED_FACE('',(#5031),#5042,.F.);
#5031 = FACE_BOUND('',#5032,.F.);
#5032 = EDGE_LOOP('',(#5033,#5039,#5040,#5041));
#5033 = ORIENTED_EDGE('',*,*,#5034,.F.);
#5034 = EDGE_CURVE('',#3086,#3748,#5035,.T.);
#5035 = LINE('',#5036,#5037);
#5036 = CARTESIAN_POINT('',(9.849999999999,-13.5,-22.075));
#5037 = VECTOR('',#5038,1.);
#5038 = DIRECTION('',(3.491481338843E-15,1.,-1.219044193949E-29));
#5039 = ORIENTED_EDGE('',*,*,#3093,.T.);
#5040 = ORIENTED_EDGE('',*,*,#5020,.T.);
#5041 = ORIENTED_EDGE('',*,*,#3747,.F.);
#5042 = CYLINDRICAL_SURFACE('',#5043,1.65);
#5043 = AXIS2_PLACEMENT_3D('',#5044,#5045,#5046);
#5044 = CARTESIAN_POINT('',(9.849999999999,-13.5,-20.425));
#5045 = DIRECTION('',(3.491481338843E-15,1.,-1.219044193949E-29));
#5046 = DIRECTION('',(3.154042683594E-15,1.178160767806E-30,1.));
#5047 = ADVANCED_FACE('',(#5048),#5059,.F.);
#5048 = FACE_BOUND('',#5049,.T.);
#5049 = EDGE_LOOP('',(#5050,#5051,#5057,#5058));
#5050 = ORIENTED_EDGE('',*,*,#3085,.F.);
#5051 = ORIENTED_EDGE('',*,*,#5052,.T.);
#5052 = EDGE_CURVE('',#3077,#3757,#5053,.T.);
#5053 = LINE('',#5054,#5055);
#5054 = CARTESIAN_POINT('',(10.299999999999,-11.5,-22.075));
#5055 = VECTOR('',#5056,1.);
#5056 = DIRECTION('',(3.491481338843E-15,1.,-1.219044193949E-29));
#5057 = ORIENTED_EDGE('',*,*,#3756,.T.);
#5058 = ORIENTED_EDGE('',*,*,#5034,.F.);
#5059 = PLANE('',#5060);
#5060 = AXIS2_PLACEMENT_3D('',#5061,#5062,#5063);
#5061 = CARTESIAN_POINT('',(13.425800689028,-13.5,-22.075));
#5062 = DIRECTION('',(-2.5212239745E-15,-3.387635481479E-30,-1.));
#5063 = DIRECTION('',(1.,-3.491481338843E-15,-2.5212239745E-15));
#5064 = ADVANCED_FACE('',(#5065),#5081,.F.);
#5065 = FACE_BOUND('',#5066,.T.);
#5066 = EDGE_LOOP('',(#5067,#5068,#5074,#5075));
#5067 = ORIENTED_EDGE('',*,*,#3790,.T.);
#5068 = ORIENTED_EDGE('',*,*,#5069,.T.);
#5069 = EDGE_CURVE('',#3782,#3052,#5070,.T.);
#5070 = LINE('',#5071,#5072);
#5071 = CARTESIAN_POINT('',(10.299999999999,-13.5,-25.125));
#5072 = VECTOR('',#5073,1.);
#5073 = DIRECTION('',(-3.491481338843E-15,-1.,1.219044193949E-29));
#5074 = ORIENTED_EDGE('',*,*,#3051,.F.);
#5075 = ORIENTED_EDGE('',*,*,#5076,.T.);
#5076 = EDGE_CURVE('',#3043,#3791,#5077,.T.);
#5077 = LINE('',#5078,#5079);
#5078 = CARTESIAN_POINT('',(9.849999999999,-13.5,-25.125));
#5079 = VECTOR('',#5080,1.);
#5080 = DIRECTION('',(3.491481338843E-15,1.,-1.219044193949E-29));
#5081 = PLANE('',#5082);
#5082 = AXIS2_PLACEMENT_3D('',#5083,#5084,#5085);
#5083 = CARTESIAN_POINT('',(9.849999999999,-13.5,-25.125));
#5084 = DIRECTION('',(3.491481338843E-15,0.,1.));
#5085 = DIRECTION('',(-3.491481338843E-15,-1.,1.219044193949E-29));
#5086 = ADVANCED_FACE('',(#5087),#5098,.F.);
#5087 = FACE_BOUND('',#5088,.F.);
#5088 = EDGE_LOOP('',(#5089,#5095,#5096,#5097));
#5089 = ORIENTED_EDGE('',*,*,#5090,.F.);
#5090 = EDGE_CURVE('',#3035,#3799,#5091,.T.);
#5091 = LINE('',#5092,#5093);
#5092 = CARTESIAN_POINT('',(9.849999999999,-13.5,-28.425));
#5093 = VECTOR('',#5094,1.);
#5094 = DIRECTION('',(3.491481338843E-15,1.,-1.219044193949E-29));
#5095 = ORIENTED_EDGE('',*,*,#3042,.T.);
#5096 = ORIENTED_EDGE('',*,*,#5076,.T.);
#5097 = ORIENTED_EDGE('',*,*,#3798,.F.);
#5098 = CYLINDRICAL_SURFACE('',#5099,1.65);
#5099 = AXIS2_PLACEMENT_3D('',#5100,#5101,#5102);
#5100 = CARTESIAN_POINT('',(9.849999999999,-13.5,-26.775));
#5101 = DIRECTION('',(3.491481338843E-15,1.,-1.219044193949E-29));
#5102 = DIRECTION('',(3.154042683594E-15,1.178160767806E-30,1.));
#5103 = ADVANCED_FACE('',(#5104),#5115,.F.);
#5104 = FACE_BOUND('',#5105,.T.);
#5105 = EDGE_LOOP('',(#5106,#5107,#5113,#5114));
#5106 = ORIENTED_EDGE('',*,*,#3034,.F.);
#5107 = ORIENTED_EDGE('',*,*,#5108,.T.);
#5108 = EDGE_CURVE('',#3026,#3808,#5109,.T.);
#5109 = LINE('',#5110,#5111);
#5110 = CARTESIAN_POINT('',(10.299999999999,-11.5,-28.425));
#5111 = VECTOR('',#5112,1.);
#5112 = DIRECTION('',(3.491481338843E-15,1.,-1.219044193949E-29));
#5113 = ORIENTED_EDGE('',*,*,#3807,.T.);
#5114 = ORIENTED_EDGE('',*,*,#5090,.F.);
#5115 = PLANE('',#5116);
#5116 = AXIS2_PLACEMENT_3D('',#5117,#5118,#5119);
#5117 = CARTESIAN_POINT('',(13.425800689028,-13.5,-28.425));
#5118 = DIRECTION('',(-2.5212239745E-15,-3.387635481479E-30,-1.));
#5119 = DIRECTION('',(1.,-3.491481338843E-15,-2.5212239745E-15));
#5120 = ADVANCED_FACE('',(#5121),#5137,.T.);
#5121 = FACE_BOUND('',#5122,.T.);
#5122 = EDGE_LOOP('',(#5123,#5124,#5130,#5131));
#5123 = ORIENTED_EDGE('',*,*,#3468,.F.);
#5124 = ORIENTED_EDGE('',*,*,#5125,.T.);
#5125 = EDGE_CURVE('',#3460,#2710,#5126,.T.);
#5126 = LINE('',#5127,#5128);
#5127 = CARTESIAN_POINT('',(-12.3,-13.5,3.324999999999));
#5128 = VECTOR('',#5129,1.);
#5129 = DIRECTION('',(-3.491481338843E-15,-1.,1.219044193949E-29));
#5130 = ORIENTED_EDGE('',*,*,#2709,.T.);
#5131 = ORIENTED_EDGE('',*,*,#5132,.T.);
#5132 = EDGE_CURVE('',#2712,#3469,#5133,.T.);
#5133 = LINE('',#5134,#5135);
#5134 = CARTESIAN_POINT('',(-11.85,-13.5,3.324999999999));
#5135 = VECTOR('',#5136,1.);
#5136 = DIRECTION('',(3.491481338843E-15,1.,-1.219044193949E-29));
#5137 = PLANE('',#5138);
#5138 = AXIS2_PLACEMENT_3D('',#5139,#5140,#5141);
#5139 = CARTESIAN_POINT('',(-15.42580068903,-13.5,3.324999999999));
#5140 = DIRECTION('',(4.461738703186E-15,-3.387635481479E-30,1.));
#5141 = DIRECTION('',(-1.,3.491481338843E-15,4.461738703186E-15));
#5142 = ADVANCED_FACE('',(#5143),#5159,.T.);
#5143 = FACE_BOUND('',#5144,.T.);
#5144 = EDGE_LOOP('',(#5145,#5146,#5152,#5153));
#5145 = ORIENTED_EDGE('',*,*,#3356,.T.);
#5146 = ORIENTED_EDGE('',*,*,#5147,.T.);
#5147 = EDGE_CURVE('',#3348,#3486,#5148,.T.);
#5148 = LINE('',#5149,#5150);
#5149 = CARTESIAN_POINT('',(-12.3,-11.5,6.624999999999));
#5150 = VECTOR('',#5151,1.);
#5151 = DIRECTION('',(3.491481338843E-15,1.,-1.219044193949E-29));
#5152 = ORIENTED_EDGE('',*,*,#3485,.F.);
#5153 = ORIENTED_EDGE('',*,*,#5154,.F.);
#5154 = EDGE_CURVE('',#3357,#3477,#5155,.T.);
#5155 = LINE('',#5156,#5157);
#5156 = CARTESIAN_POINT('',(-11.85,-13.5,6.624999999999));
#5157 = VECTOR('',#5158,1.);
#5158 = DIRECTION('',(3.491481338843E-15,1.,-1.219044193949E-29));
#5159 = PLANE('',#5160);
#5160 = AXIS2_PLACEMENT_3D('',#5161,#5162,#5163);
#5161 = CARTESIAN_POINT('',(-11.85,-13.5,6.624999999999));
#5162 = DIRECTION('',(-3.491481338843E-15,0.,-1.));
#5163 = DIRECTION('',(3.491481338843E-15,1.,-1.219044193949E-29));
#5164 = ADVANCED_FACE('',(#5165),#5171,.F.);
#5165 = FACE_BOUND('',#5166,.F.);
#5166 = EDGE_LOOP('',(#5167,#5168,#5169,#5170));
#5167 = ORIENTED_EDGE('',*,*,#5154,.F.);
#5168 = ORIENTED_EDGE('',*,*,#3364,.F.);
#5169 = ORIENTED_EDGE('',*,*,#5132,.T.);
#5170 = ORIENTED_EDGE('',*,*,#3476,.T.);
#5171 = CYLINDRICAL_SURFACE('',#5172,1.65);
#5172 = AXIS2_PLACEMENT_3D('',#5173,#5174,#5175);
#5173 = CARTESIAN_POINT('',(-11.85,-13.5,4.974999999999));
#5174 = DIRECTION('',(3.491481338843E-15,1.,-1.219044193949E-29));
#5175 = DIRECTION('',(3.154042683594E-15,1.178160767806E-30,1.));
#5176 = ADVANCED_FACE('',(#5177),#5193,.T.);
#5177 = FACE_BOUND('',#5178,.T.);
#5178 = EDGE_LOOP('',(#5179,#5180,#5186,#5187));
#5179 = ORIENTED_EDGE('',*,*,#4079,.F.);
#5180 = ORIENTED_EDGE('',*,*,#5181,.T.);
#5181 = EDGE_CURVE('',#4071,#2763,#5182,.T.);
#5182 = LINE('',#5183,#5184);
#5183 = CARTESIAN_POINT('',(-12.3,-13.5,-3.025000000001));
#5184 = VECTOR('',#5185,1.);
#5185 = DIRECTION('',(-3.491481338843E-15,-1.,1.219044193949E-29));
#5186 = ORIENTED_EDGE('',*,*,#2762,.T.);
#5187 = ORIENTED_EDGE('',*,*,#5188,.T.);
#5188 = EDGE_CURVE('',#2754,#4080,#5189,.T.);
#5189 = LINE('',#5190,#5191);
#5190 = CARTESIAN_POINT('',(-11.85,-13.5,-3.025000000001));
#5191 = VECTOR('',#5192,1.);
#5192 = DIRECTION('',(3.491481338843E-15,1.,-1.219044193949E-29));
#5193 = PLANE('',#5194);
#5194 = AXIS2_PLACEMENT_3D('',#5195,#5196,#5197);
#5195 = CARTESIAN_POINT('',(-15.42580068903,-13.5,-3.025000000001));
#5196 = DIRECTION('',(4.461738703186E-15,-3.387635481479E-30,1.));
#5197 = DIRECTION('',(-1.,3.491481338843E-15,4.461738703186E-15));
#5198 = ADVANCED_FACE('',(#5199),#5215,.T.);
#5199 = FACE_BOUND('',#5200,.T.);
#5200 = EDGE_LOOP('',(#5201,#5202,#5208,#5209));
#5201 = ORIENTED_EDGE('',*,*,#2745,.T.);
#5202 = ORIENTED_EDGE('',*,*,#5203,.T.);
#5203 = EDGE_CURVE('',#2737,#4097,#5204,.T.);
#5204 = LINE('',#5205,#5206);
#5205 = CARTESIAN_POINT('',(-12.3,-11.5,0.274999999999));
#5206 = VECTOR('',#5207,1.);
#5207 = DIRECTION('',(3.491481338843E-15,1.,-1.219044193949E-29));
#5208 = ORIENTED_EDGE('',*,*,#4096,.F.);
#5209 = ORIENTED_EDGE('',*,*,#5210,.F.);
#5210 = EDGE_CURVE('',#2746,#4088,#5211,.T.);
#5211 = LINE('',#5212,#5213);
#5212 = CARTESIAN_POINT('',(-11.85,-13.5,0.274999999999));
#5213 = VECTOR('',#5214,1.);
#5214 = DIRECTION('',(3.491481338843E-15,1.,-1.219044193949E-29));
#5215 = PLANE('',#5216);
#5216 = AXIS2_PLACEMENT_3D('',#5217,#5218,#5219);
#5217 = CARTESIAN_POINT('',(-11.85,-13.5,0.274999999999));
#5218 = DIRECTION('',(-3.491481338843E-15,0.,-1.));
#5219 = DIRECTION('',(3.491481338843E-15,1.,-1.219044193949E-29));
#5220 = ADVANCED_FACE('',(#5221),#5227,.F.);
#5221 = FACE_BOUND('',#5222,.F.);
#5222 = EDGE_LOOP('',(#5223,#5224,#5225,#5226));
#5223 = ORIENTED_EDGE('',*,*,#5210,.F.);
#5224 = ORIENTED_EDGE('',*,*,#2753,.F.);
#5225 = ORIENTED_EDGE('',*,*,#5188,.T.);
#5226 = ORIENTED_EDGE('',*,*,#4087,.T.);
#5227 = CYLINDRICAL_SURFACE('',#5228,1.65);
#5228 = AXIS2_PLACEMENT_3D('',#5229,#5230,#5231);
#5229 = CARTESIAN_POINT('',(-11.85,-13.5,-1.375000000001));
#5230 = DIRECTION('',(3.491481338843E-15,1.,-1.219044193949E-29));
#5231 = DIRECTION('',(3.154042683594E-15,1.178160767806E-30,1.));
#5232 = ADVANCED_FACE('',(#5233),#5249,.T.);
#5233 = FACE_BOUND('',#5234,.T.);
#5234 = EDGE_LOOP('',(#5235,#5236,#5242,#5243));
#5235 = ORIENTED_EDGE('',*,*,#4028,.F.);
#5236 = ORIENTED_EDGE('',*,*,#5237,.T.);
#5237 = EDGE_CURVE('',#4020,#2814,#5238,.T.);
#5238 = LINE('',#5239,#5240);
#5239 = CARTESIAN_POINT('',(-12.3,-13.5,-9.375000000001));
#5240 = VECTOR('',#5241,1.);
#5241 = DIRECTION('',(-3.491481338843E-15,-1.,1.219044193949E-29));
#5242 = ORIENTED_EDGE('',*,*,#2813,.T.);
#5243 = ORIENTED_EDGE('',*,*,#5244,.T.);
#5244 = EDGE_CURVE('',#2805,#4029,#5245,.T.);
#5245 = LINE('',#5246,#5247);
#5246 = CARTESIAN_POINT('',(-11.85,-13.5,-9.375000000001));
#5247 = VECTOR('',#5248,1.);
#5248 = DIRECTION('',(3.491481338843E-15,1.,-1.219044193949E-29));
#5249 = PLANE('',#5250);
#5250 = AXIS2_PLACEMENT_3D('',#5251,#5252,#5253);
#5251 = CARTESIAN_POINT('',(-15.42580068903,-13.5,-9.375000000001));
#5252 = DIRECTION('',(4.461738703186E-15,-3.387635481479E-30,1.));
#5253 = DIRECTION('',(-1.,3.491481338843E-15,4.461738703186E-15));
#5254 = ADVANCED_FACE('',(#5255),#5271,.T.);
#5255 = FACE_BOUND('',#5256,.T.);
#5256 = EDGE_LOOP('',(#5257,#5258,#5264,#5265));
#5257 = ORIENTED_EDGE('',*,*,#2796,.T.);
#5258 = ORIENTED_EDGE('',*,*,#5259,.T.);
#5259 = EDGE_CURVE('',#2788,#4046,#5260,.T.);
#5260 = LINE('',#5261,#5262);
#5261 = CARTESIAN_POINT('',(-12.3,-11.5,-6.075000000001));
#5262 = VECTOR('',#5263,1.);
#5263 = DIRECTION('',(3.491481338843E-15,1.,-1.219044193949E-29));
#5264 = ORIENTED_EDGE('',*,*,#4045,.F.);
#5265 = ORIENTED_EDGE('',*,*,#5266,.F.);
#5266 = EDGE_CURVE('',#2797,#4037,#5267,.T.);
#5267 = LINE('',#5268,#5269);
#5268 = CARTESIAN_POINT('',(-11.85,-13.5,-6.075000000001));
#5269 = VECTOR('',#5270,1.);
#5270 = DIRECTION('',(3.491481338843E-15,1.,-1.219044193949E-29));
#5271 = PLANE('',#5272);
#5272 = AXIS2_PLACEMENT_3D('',#5273,#5274,#5275);
#5273 = CARTESIAN_POINT('',(-11.85,-13.5,-6.075000000001));
#5274 = DIRECTION('',(-3.491481338843E-15,0.,-1.));
#5275 = DIRECTION('',(3.491481338843E-15,1.,-1.219044193949E-29));
#5276 = ADVANCED_FACE('',(#5277),#5283,.F.);
#5277 = FACE_BOUND('',#5278,.F.);
#5278 = EDGE_LOOP('',(#5279,#5280,#5281,#5282));
#5279 = ORIENTED_EDGE('',*,*,#5266,.F.);
#5280 = ORIENTED_EDGE('',*,*,#2804,.F.);
#5281 = ORIENTED_EDGE('',*,*,#5244,.T.);
#5282 = ORIENTED_EDGE('',*,*,#4036,.T.);
#5283 = CYLINDRICAL_SURFACE('',#5284,1.65);
#5284 = AXIS2_PLACEMENT_3D('',#5285,#5286,#5287);
#5285 = CARTESIAN_POINT('',(-11.85,-13.5,-7.725000000001));
#5286 = DIRECTION('',(3.491481338843E-15,1.,-1.219044193949E-29));
#5287 = DIRECTION('',(3.154042683594E-15,1.178160767806E-30,1.));
#5288 = ADVANCED_FACE('',(#5289),#5305,.T.);
#5289 = FACE_BOUND('',#5290,.T.);
#5290 = EDGE_LOOP('',(#5291,#5292,#5298,#5299));
#5291 = ORIENTED_EDGE('',*,*,#3977,.F.);
#5292 = ORIENTED_EDGE('',*,*,#5293,.T.);
#5293 = EDGE_CURVE('',#3969,#2865,#5294,.T.);
#5294 = LINE('',#5295,#5296);
#5295 = CARTESIAN_POINT('',(-12.3,-13.5,-15.725));
#5296 = VECTOR('',#5297,1.);
#5297 = DIRECTION('',(-3.491481338843E-15,-1.,1.219044193949E-29));
#5298 = ORIENTED_EDGE('',*,*,#2864,.T.);
#5299 = ORIENTED_EDGE('',*,*,#5300,.T.);
#5300 = EDGE_CURVE('',#2856,#3978,#5301,.T.);
#5301 = LINE('',#5302,#5303);
#5302 = CARTESIAN_POINT('',(-11.85,-13.5,-15.725));
#5303 = VECTOR('',#5304,1.);
#5304 = DIRECTION('',(3.491481338843E-15,1.,-1.219044193949E-29));
#5305 = PLANE('',#5306);
#5306 = AXIS2_PLACEMENT_3D('',#5307,#5308,#5309);
#5307 = CARTESIAN_POINT('',(-15.42580068903,-13.5,-15.725));
#5308 = DIRECTION('',(4.461738703186E-15,-3.387635481479E-30,1.));
#5309 = DIRECTION('',(-1.,3.491481338843E-15,4.461738703186E-15));
#5310 = ADVANCED_FACE('',(#5311),#5327,.T.);
#5311 = FACE_BOUND('',#5312,.T.);
#5312 = EDGE_LOOP('',(#5313,#5314,#5320,#5321));
#5313 = ORIENTED_EDGE('',*,*,#2847,.T.);
#5314 = ORIENTED_EDGE('',*,*,#5315,.T.);
#5315 = EDGE_CURVE('',#2839,#3995,#5316,.T.);
#5316 = LINE('',#5317,#5318);
#5317 = CARTESIAN_POINT('',(-12.3,-11.5,-12.425));
#5318 = VECTOR('',#5319,1.);
#5319 = DIRECTION('',(3.491481338843E-15,1.,-1.219044193949E-29));
#5320 = ORIENTED_EDGE('',*,*,#3994,.F.);
#5321 = ORIENTED_EDGE('',*,*,#5322,.F.);
#5322 = EDGE_CURVE('',#2848,#3986,#5323,.T.);
#5323 = LINE('',#5324,#5325);
#5324 = CARTESIAN_POINT('',(-11.85,-13.5,-12.425));
#5325 = VECTOR('',#5326,1.);
#5326 = DIRECTION('',(3.491481338843E-15,1.,-1.219044193949E-29));
#5327 = PLANE('',#5328);
#5328 = AXIS2_PLACEMENT_3D('',#5329,#5330,#5331);
#5329 = CARTESIAN_POINT('',(-11.85,-13.5,-12.425));
#5330 = DIRECTION('',(-3.491481338843E-15,0.,-1.));
#5331 = DIRECTION('',(3.491481338843E-15,1.,-1.219044193949E-29));
#5332 = ADVANCED_FACE('',(#5333),#5339,.F.);
#5333 = FACE_BOUND('',#5334,.F.);
#5334 = EDGE_LOOP('',(#5335,#5336,#5337,#5338));
#5335 = ORIENTED_EDGE('',*,*,#5322,.F.);
#5336 = ORIENTED_EDGE('',*,*,#2855,.F.);
#5337 = ORIENTED_EDGE('',*,*,#5300,.T.);
#5338 = ORIENTED_EDGE('',*,*,#3985,.T.);
#5339 = CYLINDRICAL_SURFACE('',#5340,1.65);
#5340 = AXIS2_PLACEMENT_3D('',#5341,#5342,#5343);
#5341 = CARTESIAN_POINT('',(-11.85,-13.5,-14.075));
#5342 = DIRECTION('',(3.491481338843E-15,1.,-1.219044193949E-29));
#5343 = DIRECTION('',(3.154042683594E-15,1.178160767806E-30,1.));
#5344 = ADVANCED_FACE('',(#5345),#5361,.T.);
#5345 = FACE_BOUND('',#5346,.T.);
#5346 = EDGE_LOOP('',(#5347,#5348,#5354,#5355));
#5347 = ORIENTED_EDGE('',*,*,#3926,.F.);
#5348 = ORIENTED_EDGE('',*,*,#5349,.T.);
#5349 = EDGE_CURVE('',#3918,#2916,#5350,.T.);
#5350 = LINE('',#5351,#5352);
#5351 = CARTESIAN_POINT('',(-12.3,-13.5,-22.075));
#5352 = VECTOR('',#5353,1.);
#5353 = DIRECTION('',(-3.491481338843E-15,-1.,1.219044193949E-29));
#5354 = ORIENTED_EDGE('',*,*,#2915,.T.);
#5355 = ORIENTED_EDGE('',*,*,#5356,.T.);
#5356 = EDGE_CURVE('',#2907,#3927,#5357,.T.);
#5357 = LINE('',#5358,#5359);
#5358 = CARTESIAN_POINT('',(-11.85,-13.5,-22.075));
#5359 = VECTOR('',#5360,1.);
#5360 = DIRECTION('',(3.491481338843E-15,1.,-1.219044193949E-29));
#5361 = PLANE('',#5362);
#5362 = AXIS2_PLACEMENT_3D('',#5363,#5364,#5365);
#5363 = CARTESIAN_POINT('',(-15.42580068903,-13.5,-22.075));
#5364 = DIRECTION('',(4.461738703186E-15,-3.387635481479E-30,1.));
#5365 = DIRECTION('',(-1.,3.491481338843E-15,4.461738703186E-15));
#5366 = ADVANCED_FACE('',(#5367),#5383,.T.);
#5367 = FACE_BOUND('',#5368,.T.);
#5368 = EDGE_LOOP('',(#5369,#5370,#5376,#5377));
#5369 = ORIENTED_EDGE('',*,*,#2898,.T.);
#5370 = ORIENTED_EDGE('',*,*,#5371,.T.);
#5371 = EDGE_CURVE('',#2890,#3944,#5372,.T.);
#5372 = LINE('',#5373,#5374);
#5373 = CARTESIAN_POINT('',(-12.3,-11.5,-18.775));
#5374 = VECTOR('',#5375,1.);
#5375 = DIRECTION('',(3.491481338843E-15,1.,-1.219044193949E-29));
#5376 = ORIENTED_EDGE('',*,*,#3943,.F.);
#5377 = ORIENTED_EDGE('',*,*,#5378,.F.);
#5378 = EDGE_CURVE('',#2899,#3935,#5379,.T.);
#5379 = LINE('',#5380,#5381);
#5380 = CARTESIAN_POINT('',(-11.85,-13.5,-18.775));
#5381 = VECTOR('',#5382,1.);
#5382 = DIRECTION('',(3.491481338843E-15,1.,-1.219044193949E-29));
#5383 = PLANE('',#5384);
#5384 = AXIS2_PLACEMENT_3D('',#5385,#5386,#5387);
#5385 = CARTESIAN_POINT('',(-11.85,-13.5,-18.775));
#5386 = DIRECTION('',(-3.491481338843E-15,0.,-1.));
#5387 = DIRECTION('',(3.491481338843E-15,1.,-1.219044193949E-29));
#5388 = ADVANCED_FACE('',(#5389),#5395,.F.);
#5389 = FACE_BOUND('',#5390,.F.);
#5390 = EDGE_LOOP('',(#5391,#5392,#5393,#5394));
#5391 = ORIENTED_EDGE('',*,*,#5378,.F.);
#5392 = ORIENTED_EDGE('',*,*,#2906,.F.);
#5393 = ORIENTED_EDGE('',*,*,#5356,.T.);
#5394 = ORIENTED_EDGE('',*,*,#3934,.T.);
#5395 = CYLINDRICAL_SURFACE('',#5396,1.65);
#5396 = AXIS2_PLACEMENT_3D('',#5397,#5398,#5399);
#5397 = CARTESIAN_POINT('',(-11.85,-13.5,-20.425));
#5398 = DIRECTION('',(3.491481338843E-15,1.,-1.219044193949E-29));
#5399 = DIRECTION('',(3.154042683594E-15,1.178160767806E-30,1.));
#5400 = ADVANCED_FACE('',(#5401),#5417,.T.);
#5401 = FACE_BOUND('',#5402,.T.);
#5402 = EDGE_LOOP('',(#5403,#5404,#5410,#5411));
#5403 = ORIENTED_EDGE('',*,*,#3875,.F.);
#5404 = ORIENTED_EDGE('',*,*,#5405,.T.);
#5405 = EDGE_CURVE('',#3867,#2967,#5406,.T.);
#5406 = LINE('',#5407,#5408);
#5407 = CARTESIAN_POINT('',(-12.3,-13.5,-28.425));
#5408 = VECTOR('',#5409,1.);
#5409 = DIRECTION('',(-3.491481338843E-15,-1.,1.219044193949E-29));
#5410 = ORIENTED_EDGE('',*,*,#2966,.T.);
#5411 = ORIENTED_EDGE('',*,*,#5412,.T.);
#5412 = EDGE_CURVE('',#2958,#3876,#5413,.T.);
#5413 = LINE('',#5414,#5415);
#5414 = CARTESIAN_POINT('',(-11.85,-13.5,-28.425));
#5415 = VECTOR('',#5416,1.);
#5416 = DIRECTION('',(3.491481338843E-15,1.,-1.219044193949E-29));
#5417 = PLANE('',#5418);
#5418 = AXIS2_PLACEMENT_3D('',#5419,#5420,#5421);
#5419 = CARTESIAN_POINT('',(-15.42580068903,-13.5,-28.425));
#5420 = DIRECTION('',(4.461738703186E-15,-3.387635481479E-30,1.));
#5421 = DIRECTION('',(-1.,3.491481338843E-15,4.461738703186E-15));
#5422 = ADVANCED_FACE('',(#5423),#5439,.T.);
#5423 = FACE_BOUND('',#5424,.T.);
#5424 = EDGE_LOOP('',(#5425,#5426,#5432,#5433));
#5425 = ORIENTED_EDGE('',*,*,#2949,.T.);
#5426 = ORIENTED_EDGE('',*,*,#5427,.T.);
#5427 = EDGE_CURVE('',#2941,#3893,#5428,.T.);
#5428 = LINE('',#5429,#5430);
#5429 = CARTESIAN_POINT('',(-12.3,-11.5,-25.125));
#5430 = VECTOR('',#5431,1.);
#5431 = DIRECTION('',(3.491481338843E-15,1.,-1.219044193949E-29));
#5432 = ORIENTED_EDGE('',*,*,#3892,.F.);
#5433 = ORIENTED_EDGE('',*,*,#5434,.F.);
#5434 = EDGE_CURVE('',#2950,#3884,#5435,.T.);
#5435 = LINE('',#5436,#5437);
#5436 = CARTESIAN_POINT('',(-11.85,-13.5,-25.125));
#5437 = VECTOR('',#5438,1.);
#5438 = DIRECTION('',(3.491481338843E-15,1.,-1.219044193949E-29));
#5439 = PLANE('',#5440);
#5440 = AXIS2_PLACEMENT_3D('',#5441,#5442,#5443);
#5441 = CARTESIAN_POINT('',(-11.85,-13.5,-25.125));
#5442 = DIRECTION('',(-3.491481338843E-15,0.,-1.));
#5443 = DIRECTION('',(3.491481338843E-15,1.,-1.219044193949E-29));
#5444 = ADVANCED_FACE('',(#5445),#5451,.F.);
#5445 = FACE_BOUND('',#5446,.F.);
#5446 = EDGE_LOOP('',(#5447,#5448,#5449,#5450));
#5447 = ORIENTED_EDGE('',*,*,#5434,.F.);
#5448 = ORIENTED_EDGE('',*,*,#2957,.F.);
#5449 = ORIENTED_EDGE('',*,*,#5412,.T.);
#5450 = ORIENTED_EDGE('',*,*,#3883,.T.);
#5451 = CYLINDRICAL_SURFACE('',#5452,1.65);
#5452 = AXIS2_PLACEMENT_3D('',#5453,#5454,#5455);
#5453 = CARTESIAN_POINT('',(-11.85,-13.5,-26.775));
#5454 = DIRECTION('',(3.491481338843E-15,1.,-1.219044193949E-29));
#5455 = DIRECTION('',(3.154042683594E-15,1.178160767806E-30,1.));
#5456 = ADVANCED_FACE('',(#5457),#5463,.T.);
#5457 = FACE_BOUND('',#5458,.T.);
#5458 = EDGE_LOOP('',(#5459,#5460,#5461,#5462));
#5459 = ORIENTED_EDGE('',*,*,#3459,.F.);
#5460 = ORIENTED_EDGE('',*,*,#4230,.F.);
#5461 = ORIENTED_EDGE('',*,*,#2719,.F.);
#5462 = ORIENTED_EDGE('',*,*,#5125,.F.);
#5463 = CYLINDRICAL_SURFACE('',#5464,1.2);
#5464 = AXIS2_PLACEMENT_3D('',#5465,#5466,#5467);
#5465 = CARTESIAN_POINT('',(-12.3,-13.5,2.124999999999));
#5466 = DIRECTION('',(3.491481338843E-15,1.,-1.219044193949E-29));
#5467 = DIRECTION('',(2.891205793295E-15,2.095850865446E-30,1.));
#5468 = ADVANCED_FACE('',(#5469),#5475,.T.);
#5469 = FACE_BOUND('',#5470,.T.);
#5470 = EDGE_LOOP('',(#5471,#5472,#5473,#5474));
#5471 = ORIENTED_EDGE('',*,*,#3280,.F.);
#5472 = ORIENTED_EDGE('',*,*,#4362,.F.);
#5473 = ORIENTED_EDGE('',*,*,#3560,.F.);
#5474 = ORIENTED_EDGE('',*,*,#4828,.F.);
#5475 = CYLINDRICAL_SURFACE('',#5476,1.2);
#5476 = AXIS2_PLACEMENT_3D('',#5477,#5478,#5479);
#5477 = CARTESIAN_POINT('',(10.299999999999,-13.5,2.124999999999));
#5478 = DIRECTION('',(-3.491481338843E-15,-1.,1.219044193949E-29));
#5479 = DIRECTION('',(-2.891205793295E-15,-2.095850865446E-30,-1.));
#5480 = ADVANCED_FACE('',(#5481),#5487,.T.);
#5481 = FACE_BOUND('',#5482,.T.);
#5482 = EDGE_LOOP('',(#5483,#5484,#5485,#5486));
#5483 = ORIENTED_EDGE('',*,*,#2940,.F.);
#5484 = ORIENTED_EDGE('',*,*,#4142,.F.);
#5485 = ORIENTED_EDGE('',*,*,#3900,.F.);
#5486 = ORIENTED_EDGE('',*,*,#5427,.F.);
#5487 = CYLINDRICAL_SURFACE('',#5488,1.2);
#5488 = AXIS2_PLACEMENT_3D('',#5489,#5490,#5491);
#5489 = CARTESIAN_POINT('',(-12.3,-13.5,-23.925));
#5490 = DIRECTION('',(-3.491481338843E-15,-1.,1.219044193949E-29));
#5491 = DIRECTION('',(-2.891205793295E-15,-2.095850865446E-30,-1.));
#5492 = ADVANCED_FACE('',(#5493),#5499,.T.);
#5493 = FACE_BOUND('',#5494,.T.);
#5494 = EDGE_LOOP('',(#5495,#5496,#5497,#5498));
#5495 = ORIENTED_EDGE('',*,*,#3866,.F.);
#5496 = ORIENTED_EDGE('',*,*,#4120,.F.);
#5497 = ORIENTED_EDGE('',*,*,#2974,.F.);
#5498 = ORIENTED_EDGE('',*,*,#5405,.F.);
#5499 = CYLINDRICAL_SURFACE('',#5500,1.2);
#5500 = AXIS2_PLACEMENT_3D('',#5501,#5502,#5503);
#5501 = CARTESIAN_POINT('',(-12.3,-13.5,-29.625));
#5502 = DIRECTION('',(3.491481338843E-15,1.,-1.219044193949E-29));
#5503 = DIRECTION('',(2.891205793295E-15,2.095850865446E-30,1.));
#5504 = ADVANCED_FACE('',(#5505),#5511,.T.);
#5505 = FACE_BOUND('',#5506,.T.);
#5506 = EDGE_LOOP('',(#5507,#5508,#5509,#5510));
#5507 = ORIENTED_EDGE('',*,*,#3781,.F.);
#5508 = ORIENTED_EDGE('',*,*,#4274,.F.);
#5509 = ORIENTED_EDGE('',*,*,#3059,.F.);
#5510 = ORIENTED_EDGE('',*,*,#5069,.F.);
#5511 = CYLINDRICAL_SURFACE('',#5512,1.2);
#5512 = AXIS2_PLACEMENT_3D('',#5513,#5514,#5515);
#5513 = CARTESIAN_POINT('',(10.299999999999,-13.5,-23.925));
#5514 = DIRECTION('',(3.491481338843E-15,1.,-1.219044193949E-29));
#5515 = DIRECTION('',(2.891205793295E-15,2.095850865446E-30,1.));
#5516 = ADVANCED_FACE('',(#5517),#5523,.T.);
#5517 = FACE_BOUND('',#5518,.T.);
#5518 = EDGE_LOOP('',(#5519,#5520,#5521,#5522));
#5519 = ORIENTED_EDGE('',*,*,#3025,.F.);
#5520 = ORIENTED_EDGE('',*,*,#4526,.F.);
#5521 = ORIENTED_EDGE('',*,*,#3815,.F.);
#5522 = ORIENTED_EDGE('',*,*,#5108,.F.);
#5523 = CYLINDRICAL_SURFACE('',#5524,1.2);
#5524 = AXIS2_PLACEMENT_3D('',#5525,#5526,#5527);
#5525 = CARTESIAN_POINT('',(10.299999999999,-13.5,-29.625));
#5526 = DIRECTION('',(-3.491481338843E-15,-1.,1.219044193949E-29));
#5527 = DIRECTION('',(-2.891205793295E-15,-2.095850865446E-30,-1.));
#5528 = ADVANCED_FACE('',(#5529),#5535,.T.);
#5529 = FACE_BOUND('',#5530,.T.);
#5530 = EDGE_LOOP('',(#5531,#5532,#5533,#5534));
#5531 = ORIENTED_EDGE('',*,*,#3127,.F.);
#5532 = ORIENTED_EDGE('',*,*,#4296,.F.);
#5533 = ORIENTED_EDGE('',*,*,#3713,.F.);
#5534 = ORIENTED_EDGE('',*,*,#4996,.F.);
#5535 = CYLINDRICAL_SURFACE('',#5536,1.2);
#5536 = AXIS2_PLACEMENT_3D('',#5537,#5538,#5539);
#5537 = CARTESIAN_POINT('',(10.299999999999,-13.5,-16.925));
#5538 = DIRECTION('',(-3.491481338843E-15,-1.,1.219044193949E-29));
#5539 = DIRECTION('',(-2.891205793295E-15,-2.095850865446E-30,-1.));
#5540 = ADVANCED_FACE('',(#5541),#5547,.T.);
#5541 = FACE_BOUND('',#5542,.T.);
#5542 = EDGE_LOOP('',(#5543,#5544,#5545,#5546));
#5543 = ORIENTED_EDGE('',*,*,#3347,.F.);
#5544 = ORIENTED_EDGE('',*,*,#4252,.F.);
#5545 = ORIENTED_EDGE('',*,*,#3493,.F.);
#5546 = ORIENTED_EDGE('',*,*,#5147,.F.);
#5547 = CYLINDRICAL_SURFACE('',#5548,1.2);
#5548 = AXIS2_PLACEMENT_3D('',#5549,#5550,#5551);
#5549 = CARTESIAN_POINT('',(-12.3,-13.5,7.824999999999));
#5550 = DIRECTION('',(-3.491481338843E-15,-1.,1.219044193949E-29));
#5551 = DIRECTION('',(-2.891205793295E-15,-2.095850865446E-30,-1.));
#5552 = ADVANCED_FACE('',(#5553),#5559,.T.);
#5553 = FACE_BOUND('',#5554,.T.);
#5554 = EDGE_LOOP('',(#5555,#5556,#5557,#5558));
#5555 = ORIENTED_EDGE('',*,*,#4070,.F.);
#5556 = ORIENTED_EDGE('',*,*,#4208,.F.);
#5557 = ORIENTED_EDGE('',*,*,#2770,.F.);
#5558 = ORIENTED_EDGE('',*,*,#5181,.F.);
#5559 = CYLINDRICAL_SURFACE('',#5560,1.2);
#5560 = AXIS2_PLACEMENT_3D('',#5561,#5562,#5563);
#5561 = CARTESIAN_POINT('',(-12.3,-13.5,-4.225000000001));
#5562 = DIRECTION('',(3.491481338843E-15,1.,-1.219044193949E-29));
#5563 = DIRECTION('',(2.891205793295E-15,2.095850865446E-30,1.));
#5564 = ADVANCED_FACE('',(#5565),#5571,.T.);
#5565 = FACE_BOUND('',#5566,.T.);
#5566 = EDGE_LOOP('',(#5567,#5568,#5569,#5570));
#5567 = ORIENTED_EDGE('',*,*,#2736,.F.);
#5568 = ORIENTED_EDGE('',*,*,#4237,.F.);
#5569 = ORIENTED_EDGE('',*,*,#4104,.F.);
#5570 = ORIENTED_EDGE('',*,*,#5203,.F.);
#5571 = CYLINDRICAL_SURFACE('',#5572,1.2);
#5572 = AXIS2_PLACEMENT_3D('',#5573,#5574,#5575);
#5573 = CARTESIAN_POINT('',(-12.3,-13.5,1.474999999999));
#5574 = DIRECTION('',(-3.491481338843E-15,-1.,1.219044193949E-29));
#5575 = DIRECTION('',(-2.891205793295E-15,-2.095850865446E-30,-1.));
#5576 = ADVANCED_FACE('',(#5577),#5583,.T.);
#5577 = FACE_BOUND('',#5578,.T.);
#5578 = EDGE_LOOP('',(#5579,#5580,#5581,#5582));
#5579 = ORIENTED_EDGE('',*,*,#4019,.F.);
#5580 = ORIENTED_EDGE('',*,*,#4186,.F.);
#5581 = ORIENTED_EDGE('',*,*,#2821,.F.);
#5582 = ORIENTED_EDGE('',*,*,#5237,.F.);
#5583 = CYLINDRICAL_SURFACE('',#5584,1.2);
#5584 = AXIS2_PLACEMENT_3D('',#5585,#5586,#5587);
#5585 = CARTESIAN_POINT('',(-12.3,-13.5,-10.575));
#5586 = DIRECTION('',(3.491481338843E-15,1.,-1.219044193949E-29));
#5587 = DIRECTION('',(2.891205793295E-15,2.095850865446E-30,1.));
#5588 = ADVANCED_FACE('',(#5589),#5595,.T.);
#5589 = FACE_BOUND('',#5590,.T.);
#5590 = EDGE_LOOP('',(#5591,#5592,#5593,#5594));
#5591 = ORIENTED_EDGE('',*,*,#2787,.F.);
#5592 = ORIENTED_EDGE('',*,*,#4215,.F.);
#5593 = ORIENTED_EDGE('',*,*,#4053,.F.);
#5594 = ORIENTED_EDGE('',*,*,#5259,.F.);
#5595 = CYLINDRICAL_SURFACE('',#5596,1.2);
#5596 = AXIS2_PLACEMENT_3D('',#5597,#5598,#5599);
#5597 = CARTESIAN_POINT('',(-12.3,-13.5,-4.875000000001));
#5598 = DIRECTION('',(-3.491481338843E-15,-1.,1.219044193949E-29));
#5599 = DIRECTION('',(-2.891205793295E-15,-2.095850865446E-30,-1.));
#5600 = ADVANCED_FACE('',(#5601),#5607,.T.);
#5601 = FACE_BOUND('',#5602,.T.);
#5602 = EDGE_LOOP('',(#5603,#5604,#5605,#5606));
#5603 = ORIENTED_EDGE('',*,*,#3968,.F.);
#5604 = ORIENTED_EDGE('',*,*,#4164,.F.);
#5605 = ORIENTED_EDGE('',*,*,#2872,.F.);
#5606 = ORIENTED_EDGE('',*,*,#5293,.F.);
#5607 = CYLINDRICAL_SURFACE('',#5608,1.2);
#5608 = AXIS2_PLACEMENT_3D('',#5609,#5610,#5611);
#5609 = CARTESIAN_POINT('',(-12.3,-13.5,-16.925));
#5610 = DIRECTION('',(3.491481338843E-15,1.,-1.219044193949E-29));
#5611 = DIRECTION('',(2.891205793295E-15,2.095850865446E-30,1.));
#5612 = ADVANCED_FACE('',(#5613),#5619,.T.);
#5613 = FACE_BOUND('',#5614,.T.);
#5614 = EDGE_LOOP('',(#5615,#5616,#5617,#5618));
#5615 = ORIENTED_EDGE('',*,*,#2838,.F.);
#5616 = ORIENTED_EDGE('',*,*,#4193,.F.);
#5617 = ORIENTED_EDGE('',*,*,#4002,.F.);
#5618 = ORIENTED_EDGE('',*,*,#5315,.F.);
#5619 = CYLINDRICAL_SURFACE('',#5620,1.2);
#5620 = AXIS2_PLACEMENT_3D('',#5621,#5622,#5623);
#5621 = CARTESIAN_POINT('',(-12.3,-13.5,-11.225));
#5622 = DIRECTION('',(-3.491481338843E-15,-1.,1.219044193949E-29));
#5623 = DIRECTION('',(-2.891205793295E-15,-2.095850865446E-30,-1.));
#5624 = ADVANCED_FACE('',(#5625),#5631,.T.);
#5625 = FACE_BOUND('',#5626,.T.);
#5626 = EDGE_LOOP('',(#5627,#5628,#5629,#5630));
#5627 = ORIENTED_EDGE('',*,*,#3917,.F.);
#5628 = ORIENTED_EDGE('',*,*,#4149,.F.);
#5629 = ORIENTED_EDGE('',*,*,#2923,.F.);
#5630 = ORIENTED_EDGE('',*,*,#5349,.F.);
#5631 = CYLINDRICAL_SURFACE('',#5632,1.2);
#5632 = AXIS2_PLACEMENT_3D('',#5633,#5634,#5635);
#5633 = CARTESIAN_POINT('',(-12.3,-13.5,-23.275));
#5634 = DIRECTION('',(3.491481338843E-15,1.,-1.219044193949E-29));
#5635 = DIRECTION('',(2.891205793295E-15,2.095850865446E-30,1.));
#5636 = ADVANCED_FACE('',(#5637),#5643,.T.);
#5637 = FACE_BOUND('',#5638,.T.);
#5638 = EDGE_LOOP('',(#5639,#5640,#5641,#5642));
#5639 = ORIENTED_EDGE('',*,*,#2889,.F.);
#5640 = ORIENTED_EDGE('',*,*,#4171,.F.);
#5641 = ORIENTED_EDGE('',*,*,#3951,.F.);
#5642 = ORIENTED_EDGE('',*,*,#5371,.F.);
#5643 = CYLINDRICAL_SURFACE('',#5644,1.2);
#5644 = AXIS2_PLACEMENT_3D('',#5645,#5646,#5647);
#5645 = CARTESIAN_POINT('',(-12.3,-13.5,-17.575));
#5646 = DIRECTION('',(-3.491481338843E-15,-1.,1.219044193949E-29));
#5647 = DIRECTION('',(-2.891205793295E-15,-2.095850865446E-30,-1.));
#5648 = ADVANCED_FACE('',(#5649),#5655,.T.);
#5649 = FACE_BOUND('',#5650,.T.);
#5650 = EDGE_LOOP('',(#5651,#5652,#5653,#5654));
#5651 = ORIENTED_EDGE('',*,*,#3526,.F.);
#5652 = ORIENTED_EDGE('',*,*,#4384,.F.);
#5653 = ORIENTED_EDGE('',*,*,#3314,.F.);
#5654 = ORIENTED_EDGE('',*,*,#4789,.F.);
#5655 = CYLINDRICAL_SURFACE('',#5656,1.2);
#5656 = AXIS2_PLACEMENT_3D('',#5657,#5658,#5659);
#5657 = CARTESIAN_POINT('',(10.299999999999,-13.5,7.824999999999));
#5658 = DIRECTION('',(3.491481338843E-15,1.,-1.219044193949E-29));
#5659 = DIRECTION('',(2.891205793295E-15,2.095850865446E-30,1.));
#5660 = ADVANCED_FACE('',(#5661),#5667,.T.);
#5661 = FACE_BOUND('',#5662,.T.);
#5662 = EDGE_LOOP('',(#5663,#5664,#5665,#5666));
#5663 = ORIENTED_EDGE('',*,*,#3229,.F.);
#5664 = ORIENTED_EDGE('',*,*,#4340,.F.);
#5665 = ORIENTED_EDGE('',*,*,#3611,.F.);
#5666 = ORIENTED_EDGE('',*,*,#4884,.F.);
#5667 = CYLINDRICAL_SURFACE('',#5668,1.2);
#5668 = AXIS2_PLACEMENT_3D('',#5669,#5670,#5671);
#5669 = CARTESIAN_POINT('',(10.299999999999,-13.5,-4.225000000001));
#5670 = DIRECTION('',(-3.491481338843E-15,-1.,1.219044193949E-29));
#5671 = DIRECTION('',(-2.891205793295E-15,-2.095850865446E-30,-1.));
#5672 = ADVANCED_FACE('',(#5673),#5679,.T.);
#5673 = FACE_BOUND('',#5674,.T.);
#5674 = EDGE_LOOP('',(#5675,#5676,#5677,#5678));
#5675 = ORIENTED_EDGE('',*,*,#3577,.F.);
#5676 = ORIENTED_EDGE('',*,*,#4369,.F.);
#5677 = ORIENTED_EDGE('',*,*,#3263,.F.);
#5678 = ORIENTED_EDGE('',*,*,#4845,.F.);
#5679 = CYLINDRICAL_SURFACE('',#5680,1.2);
#5680 = AXIS2_PLACEMENT_3D('',#5681,#5682,#5683);
#5681 = CARTESIAN_POINT('',(10.299999999999,-13.5,1.474999999999));
#5682 = DIRECTION('',(3.491481338843E-15,1.,-1.219044193949E-29));
#5683 = DIRECTION('',(2.891205793295E-15,2.095850865446E-30,1.));
#5684 = ADVANCED_FACE('',(#5685),#5691,.T.);
#5685 = FACE_BOUND('',#5686,.T.);
#5686 = EDGE_LOOP('',(#5687,#5688,#5689,#5690));
#5687 = ORIENTED_EDGE('',*,*,#3178,.F.);
#5688 = ORIENTED_EDGE('',*,*,#4318,.F.);
#5689 = ORIENTED_EDGE('',*,*,#3662,.F.);
#5690 = ORIENTED_EDGE('',*,*,#4940,.F.);
#5691 = CYLINDRICAL_SURFACE('',#5692,1.2);
#5692 = AXIS2_PLACEMENT_3D('',#5693,#5694,#5695);
#5693 = CARTESIAN_POINT('',(10.299999999999,-13.5,-10.575));
#5694 = DIRECTION('',(-3.491481338843E-15,-1.,1.219044193949E-29));
#5695 = DIRECTION('',(-2.891205793295E-15,-2.095850865446E-30,-1.));
#5696 = ADVANCED_FACE('',(#5697),#5703,.T.);
#5697 = FACE_BOUND('',#5698,.T.);
#5698 = EDGE_LOOP('',(#5699,#5700,#5701,#5702));
#5699 = ORIENTED_EDGE('',*,*,#3628,.F.);
#5700 = ORIENTED_EDGE('',*,*,#4347,.F.);
#5701 = ORIENTED_EDGE('',*,*,#3212,.F.);
#5702 = ORIENTED_EDGE('',*,*,#4901,.F.);
#5703 = CYLINDRICAL_SURFACE('',#5704,1.2);
#5704 = AXIS2_PLACEMENT_3D('',#5705,#5706,#5707);
#5705 = CARTESIAN_POINT('',(10.299999999999,-13.5,-4.875000000001));
#5706 = DIRECTION('',(3.491481338843E-15,1.,-1.219044193949E-29));
#5707 = DIRECTION('',(2.891205793295E-15,2.095850865446E-30,1.));
#5708 = ADVANCED_FACE('',(#5709),#5715,.T.);
#5709 = FACE_BOUND('',#5710,.T.);
#5710 = EDGE_LOOP('',(#5711,#5712,#5713,#5714));
#5711 = ORIENTED_EDGE('',*,*,#3679,.F.);
#5712 = ORIENTED_EDGE('',*,*,#4325,.F.);
#5713 = ORIENTED_EDGE('',*,*,#3161,.F.);
#5714 = ORIENTED_EDGE('',*,*,#4957,.F.);
#5715 = CYLINDRICAL_SURFACE('',#5716,1.2);
#5716 = AXIS2_PLACEMENT_3D('',#5717,#5718,#5719);
#5717 = CARTESIAN_POINT('',(10.299999999999,-13.5,-11.225));
#5718 = DIRECTION('',(3.491481338843E-15,1.,-1.219044193949E-29));
#5719 = DIRECTION('',(2.891205793295E-15,2.095850865446E-30,1.));
#5720 = ADVANCED_FACE('',(#5721),#5727,.T.);
#5721 = FACE_BOUND('',#5722,.T.);
#5722 = EDGE_LOOP('',(#5723,#5724,#5725,#5726));
#5723 = ORIENTED_EDGE('',*,*,#3076,.F.);
#5724 = ORIENTED_EDGE('',*,*,#4281,.F.);
#5725 = ORIENTED_EDGE('',*,*,#3764,.F.);
#5726 = ORIENTED_EDGE('',*,*,#5052,.F.);
#5727 = CYLINDRICAL_SURFACE('',#5728,1.2);
#5728 = AXIS2_PLACEMENT_3D('',#5729,#5730,#5731);
#5729 = CARTESIAN_POINT('',(10.299999999999,-13.5,-23.275));
#5730 = DIRECTION('',(-3.491481338843E-15,-1.,1.219044193949E-29));
#5731 = DIRECTION('',(-2.891205793295E-15,-2.095850865446E-30,-1.));
#5732 = ADVANCED_FACE('',(#5733),#5739,.T.);
#5733 = FACE_BOUND('',#5734,.T.);
#5734 = EDGE_LOOP('',(#5735,#5736,#5737,#5738));
#5735 = ORIENTED_EDGE('',*,*,#3730,.F.);
#5736 = ORIENTED_EDGE('',*,*,#4303,.F.);
#5737 = ORIENTED_EDGE('',*,*,#3110,.F.);
#5738 = ORIENTED_EDGE('',*,*,#5013,.F.);
#5739 = CYLINDRICAL_SURFACE('',#5740,1.2);
#5740 = AXIS2_PLACEMENT_3D('',#5741,#5742,#5743);
#5741 = CARTESIAN_POINT('',(10.299999999999,-13.5,-17.575));
#5742 = DIRECTION('',(3.491481338843E-15,1.,-1.219044193949E-29));
#5743 = DIRECTION('',(2.891205793295E-15,2.095850865446E-30,1.));
#5744 = ADVANCED_FACE('',(#5745),#5751,.F.);
#5745 = FACE_BOUND('',#5746,.F.);
#5746 = EDGE_LOOP('',(#5747,#5748,#5749,#5750));
#5747 = ORIENTED_EDGE('',*,*,#1612,.F.);
#5748 = ORIENTED_EDGE('',*,*,#147,.F.);
#5749 = ORIENTED_EDGE('',*,*,#4436,.F.);
#5750 = ORIENTED_EDGE('',*,*,#166,.T.);
#5751 = CYLINDRICAL_SURFACE('',#5752,1.6256);
#5752 = AXIS2_PLACEMENT_3D('',#5753,#5754,#5755);
#5753 = CARTESIAN_POINT('',(7.499999999999,1.,-37.5));
#5754 = DIRECTION('',(3.491481338843E-15,0.,1.));
#5755 = DIRECTION('',(-3.734948428838E-15,-1.,1.304050274083E-29));
#5756 = ADVANCED_FACE('',(#5757),#5763,.F.);
#5757 = FACE_BOUND('',#5758,.F.);
#5758 = EDGE_LOOP('',(#5759,#5760,#5761,#5762));
#5759 = ORIENTED_EDGE('',*,*,#1602,.F.);
#5760 = ORIENTED_EDGE('',*,*,#105,.F.);
#5761 = ORIENTED_EDGE('',*,*,#4426,.F.);
#5762 = ORIENTED_EDGE('',*,*,#124,.T.);
#5763 = CYLINDRICAL_SURFACE('',#5764,1.6256);
#5764 = AXIS2_PLACEMENT_3D('',#5765,#5766,#5767);
#5765 = CARTESIAN_POINT('',(-1.000000000001,9.5,-37.5));
#5766 = DIRECTION('',(3.491481338843E-15,0.,1.));
#5767 = DIRECTION('',(-3.468166398207E-15,-1.,1.210903825934E-29));
#5768 = ADVANCED_FACE('',(#5769),#5775,.F.);
#5769 = FACE_BOUND('',#5770,.F.);
#5770 = EDGE_LOOP('',(#5771,#5772,#5773,#5774));
#5771 = ORIENTED_EDGE('',*,*,#1592,.F.);
#5772 = ORIENTED_EDGE('',*,*,#63,.F.);
#5773 = ORIENTED_EDGE('',*,*,#4416,.F.);
#5774 = ORIENTED_EDGE('',*,*,#82,.T.);
#5775 = CYLINDRICAL_SURFACE('',#5776,1.6256);
#5776 = AXIS2_PLACEMENT_3D('',#5777,#5778,#5779);
#5777 = CARTESIAN_POINT('',(-9.500000000001,1.,-37.5));
#5778 = DIRECTION('',(3.491481338843E-15,0.,1.));
#5779 = DIRECTION('',(-3.201384367575E-15,-1.,1.117757377785E-29));
#5780 = ADVANCED_FACE('',(#5781),#5787,.F.);
#5781 = FACE_BOUND('',#5782,.F.);
#5782 = EDGE_LOOP('',(#5783,#5784,#5785,#5786));
#5783 = ORIENTED_EDGE('',*,*,#1582,.F.);
#5784 = ORIENTED_EDGE('',*,*,#21,.F.);
#5785 = ORIENTED_EDGE('',*,*,#4406,.F.);
#5786 = ORIENTED_EDGE('',*,*,#40,.T.);
#5787 = CYLINDRICAL_SURFACE('',#5788,1.6256);
#5788 = AXIS2_PLACEMENT_3D('',#5789,#5790,#5791);
#5789 = CARTESIAN_POINT('',(-1.000000000001,-7.5,-37.5));
#5790 = DIRECTION('',(3.491481338843E-15,0.,1.));
#5791 = DIRECTION('',(-3.468166398207E-15,-1.,1.210903825934E-29));
#5792 = ADVANCED_FACE('',(#5793),#5818,.T.);
#5793 = FACE_BOUND('',#5794,.T.);
#5794 = EDGE_LOOP('',(#5795,#5796,#5804,#5812));
#5795 = ORIENTED_EDGE('',*,*,#1476,.F.);
#5796 = ORIENTED_EDGE('',*,*,#5797,.F.);
#5797 = EDGE_CURVE('',#5798,#1477,#5800,.T.);
#5798 = VERTEX_POINT('',#5799);
#5799 = CARTESIAN_POINT('',(5.071478268104,-10.01392927882,
    14.449999999999));
#5800 = LINE('',#5801,#5802);
#5801 = CARTESIAN_POINT('',(5.071478268104,-10.01392927882,
    14.449999999999));
#5802 = VECTOR('',#5803,1.);
#5803 = DIRECTION('',(3.491481338843E-15,-6.123233995737E-17,1.));
#5804 = ORIENTED_EDGE('',*,*,#5805,.T.);
#5805 = EDGE_CURVE('',#5798,#5806,#5808,.T.);
#5806 = VERTEX_POINT('',#5807);
#5807 = CARTESIAN_POINT('',(5.138483855814,-10.01392927882,
    14.449999999999));
#5808 = LINE('',#5809,#5810);
#5809 = CARTESIAN_POINT('',(5.071478268104,-10.01392927882,
    14.449999999999));
#5810 = VECTOR('',#5811,1.);
#5811 = DIRECTION('',(1.,2.980827670179E-15,-3.491481338843E-15));
#5812 = ORIENTED_EDGE('',*,*,#5813,.T.);
#5813 = EDGE_CURVE('',#5806,#1479,#5814,.T.);
#5814 = LINE('',#5815,#5816);
#5815 = CARTESIAN_POINT('',(5.138483855814,-10.01392927882,
    14.449999999999));
#5816 = VECTOR('',#5817,1.);
#5817 = DIRECTION('',(3.491481338843E-15,-6.123233995737E-17,1.));
#5818 = PLANE('',#5819);
#5819 = AXIS2_PLACEMENT_3D('',#5820,#5821,#5822);
#5820 = CARTESIAN_POINT('',(5.071478268104,-10.01392927882,
    14.449999999999));
#5821 = DIRECTION('',(2.980827670179E-15,-1.,-6.123233995738E-17));
#5822 = DIRECTION('',(-1.,-2.980827670179E-15,3.491481338843E-15));
#5823 = ADVANCED_FACE('',(#5824),#5842,.T.);
#5824 = FACE_BOUND('',#5825,.T.);
#5825 = EDGE_LOOP('',(#5826,#5827,#5828,#5836));
#5826 = ORIENTED_EDGE('',*,*,#1486,.F.);
#5827 = ORIENTED_EDGE('',*,*,#5813,.F.);
#5828 = ORIENTED_EDGE('',*,*,#5829,.T.);
#5829 = EDGE_CURVE('',#5806,#5830,#5832,.T.);
#5830 = VERTEX_POINT('',#5831);
#5831 = CARTESIAN_POINT('',(5.03934396961,-10.3967025,14.449999999999));
#5832 = LINE('',#5833,#5834);
#5833 = CARTESIAN_POINT('',(5.138483855814,-10.01392927882,
    14.449999999999));
#5834 = VECTOR('',#5835,1.);
#5835 = DIRECTION('',(-0.250730824584,-0.968056844201,8.754219951068E-16
    ));
#5836 = ORIENTED_EDGE('',*,*,#5837,.T.);
#5837 = EDGE_CURVE('',#5830,#1487,#5838,.T.);
#5838 = LINE('',#5839,#5840);
#5839 = CARTESIAN_POINT('',(5.03934396961,-10.3967025,14.449999999999));
#5840 = VECTOR('',#5841,1.);
#5841 = DIRECTION('',(3.491481338843E-15,-6.123233995737E-17,1.));
#5842 = PLANE('',#5843);
#5843 = AXIS2_PLACEMENT_3D('',#5844,#5845,#5846);
#5844 = CARTESIAN_POINT('',(5.138483855814,-10.01392927882,
    14.449999999999));
#5845 = DIRECTION('',(-0.968056844201,0.250730824584,3.395305241554E-15)
  );
#5846 = DIRECTION('',(0.250730824584,0.968056844201,-8.754219951068E-16)
  );
#5847 = ADVANCED_FACE('',(#5848),#5866,.T.);
#5848 = FACE_BOUND('',#5849,.T.);
#5849 = EDGE_LOOP('',(#5850,#5851,#5852,#5860));
#5850 = ORIENTED_EDGE('',*,*,#1494,.F.);
#5851 = ORIENTED_EDGE('',*,*,#5837,.F.);
#5852 = ORIENTED_EDGE('',*,*,#5853,.T.);
#5853 = EDGE_CURVE('',#5830,#5854,#5856,.T.);
#5854 = VERTEX_POINT('',#5855);
#5855 = CARTESIAN_POINT('',(4.980042503936,-10.3967025,14.449999999999)
  );
#5856 = LINE('',#5857,#5858);
#5857 = CARTESIAN_POINT('',(5.03934396961,-10.3967025,14.449999999999));
#5858 = VECTOR('',#5859,1.);
#5859 = DIRECTION('',(-1.,-1.650966568522E-16,3.491481338843E-15));
#5860 = ORIENTED_EDGE('',*,*,#5861,.T.);
#5861 = EDGE_CURVE('',#5854,#1495,#5862,.T.);
#5862 = LINE('',#5863,#5864);
#5863 = CARTESIAN_POINT('',(4.980042503936,-10.3967025,14.449999999999)
  );
#5864 = VECTOR('',#5865,1.);
#5865 = DIRECTION('',(3.491481338843E-15,-6.123233995737E-17,1.));
#5866 = PLANE('',#5867);
#5867 = AXIS2_PLACEMENT_3D('',#5868,#5869,#5870);
#5868 = CARTESIAN_POINT('',(5.03934396961,-10.3967025,14.449999999999));
#5869 = DIRECTION('',(-1.650966568522E-16,1.,6.123233995737E-17));
#5870 = DIRECTION('',(1.,1.650966568522E-16,-3.491481338843E-15));
#5871 = ADVANCED_FACE('',(#5872),#5890,.T.);
#5872 = FACE_BOUND('',#5873,.T.);
#5873 = EDGE_LOOP('',(#5874,#5875,#5876,#5884));
#5874 = ORIENTED_EDGE('',*,*,#1502,.F.);
#5875 = ORIENTED_EDGE('',*,*,#5861,.F.);
#5876 = ORIENTED_EDGE('',*,*,#5877,.T.);
#5877 = EDGE_CURVE('',#5854,#5878,#5880,.T.);
#5878 = VERTEX_POINT('',#5879);
#5879 = CARTESIAN_POINT('',(4.88222042808,-10.101614352,14.449999999999)
  );
#5880 = LINE('',#5881,#5882);
#5881 = CARTESIAN_POINT('',(4.980042503936,-10.3967025,14.449999999999)
  );
#5882 = VECTOR('',#5883,1.);
#5883 = DIRECTION('',(-0.314662176631,0.949203726603,1.098637117746E-15)
  );
#5884 = ORIENTED_EDGE('',*,*,#5885,.T.);
#5885 = EDGE_CURVE('',#5878,#1503,#5886,.T.);
#5886 = LINE('',#5887,#5888);
#5887 = CARTESIAN_POINT('',(4.88222042808,-10.101614352,14.449999999999)
  );
#5888 = VECTOR('',#5889,1.);
#5889 = DIRECTION('',(3.491481338843E-15,-6.123233995737E-17,1.));
#5890 = PLANE('',#5891);
#5891 = AXIS2_PLACEMENT_3D('',#5892,#5893,#5894);
#5892 = CARTESIAN_POINT('',(4.980042503936,-10.3967025,14.449999999999)
  );
#5893 = DIRECTION('',(0.949203726603,0.314662176631,-3.294859596825E-15)
  );
#5894 = DIRECTION('',(0.314662176631,-0.949203726603,-1.098637117746E-15
    ));
#5895 = ADVANCED_FACE('',(#5896),#5914,.T.);
#5896 = FACE_BOUND('',#5897,.T.);
#5897 = EDGE_LOOP('',(#5898,#5899,#5900,#5908));
#5898 = ORIENTED_EDGE('',*,*,#1510,.F.);
#5899 = ORIENTED_EDGE('',*,*,#5885,.F.);
#5900 = ORIENTED_EDGE('',*,*,#5901,.T.);
#5901 = EDGE_CURVE('',#5878,#5902,#5904,.T.);
#5902 = VERTEX_POINT('',#5903);
#5903 = CARTESIAN_POINT('',(4.785107942412,-10.3967025,14.449999999999)
  );
#5904 = LINE('',#5905,#5906);
#5905 = CARTESIAN_POINT('',(4.88222042808,-10.101614352,14.449999999999)
  );
#5906 = VECTOR('',#5907,1.);
#5907 = DIRECTION('',(-0.312603438092,-0.949883724723,1.091449070555E-15
    ));
#5908 = ORIENTED_EDGE('',*,*,#5909,.T.);
#5909 = EDGE_CURVE('',#5902,#1511,#5910,.T.);
#5910 = LINE('',#5911,#5912);
#5911 = CARTESIAN_POINT('',(4.785107942412,-10.3967025,14.449999999999)
  );
#5912 = VECTOR('',#5913,1.);
#5913 = DIRECTION('',(3.491481338843E-15,-6.123233995737E-17,1.));
#5914 = PLANE('',#5915);
#5915 = AXIS2_PLACEMENT_3D('',#5916,#5917,#5918);
#5916 = CARTESIAN_POINT('',(4.88222042808,-10.101614352,14.449999999999)
  );
#5917 = DIRECTION('',(-0.949883724723,0.312603438092,3.335642738934E-15)
  );
#5918 = DIRECTION('',(0.312603438092,0.949883724723,-1.091449070555E-15)
  );
#5919 = ADVANCED_FACE('',(#5920),#5938,.T.);
#5920 = FACE_BOUND('',#5921,.T.);
#5921 = EDGE_LOOP('',(#5922,#5923,#5924,#5932));
#5922 = ORIENTED_EDGE('',*,*,#1518,.F.);
#5923 = ORIENTED_EDGE('',*,*,#5909,.F.);
#5924 = ORIENTED_EDGE('',*,*,#5925,.T.);
#5925 = EDGE_CURVE('',#5902,#5926,#5928,.T.);
#5926 = VERTEX_POINT('',#5927);
#5927 = CARTESIAN_POINT('',(4.726110586818,-10.3967025,14.449999999999)
  );
#5928 = LINE('',#5929,#5930);
#5929 = CARTESIAN_POINT('',(4.785107942412,-10.3967025,14.449999999999)
  );
#5930 = VECTOR('',#5931,1.);
#5931 = DIRECTION('',(-1.,-1.839449970363E-16,3.491481338843E-15));
#5932 = ORIENTED_EDGE('',*,*,#5933,.T.);
#5933 = EDGE_CURVE('',#5926,#1519,#5934,.T.);
#5934 = LINE('',#5935,#5936);
#5935 = CARTESIAN_POINT('',(4.726110586818,-10.3967025,14.449999999999)
  );
#5936 = VECTOR('',#5937,1.);
#5937 = DIRECTION('',(3.491481338843E-15,-6.123233995737E-17,1.));
#5938 = PLANE('',#5939);
#5939 = AXIS2_PLACEMENT_3D('',#5940,#5941,#5942);
#5940 = CARTESIAN_POINT('',(4.785107942412,-10.3967025,14.449999999999)
  );
#5941 = DIRECTION('',(-1.839449970363E-16,1.,6.123233995737E-17));
#5942 = DIRECTION('',(1.,1.839449970363E-16,-3.491481338843E-15));
#5943 = ADVANCED_FACE('',(#5944),#5962,.T.);
#5944 = FACE_BOUND('',#5945,.T.);
#5945 = EDGE_LOOP('',(#5946,#5947,#5948,#5956));
#5946 = ORIENTED_EDGE('',*,*,#1526,.F.);
#5947 = ORIENTED_EDGE('',*,*,#5933,.F.);
#5948 = ORIENTED_EDGE('',*,*,#5949,.T.);
#5949 = EDGE_CURVE('',#5926,#5950,#5952,.T.);
#5950 = VERTEX_POINT('',#5951);
#5951 = CARTESIAN_POINT('',(4.625957000345,-10.01392927882,
    14.449999999999));
#5952 = LINE('',#5953,#5954);
#5953 = CARTESIAN_POINT('',(4.726110586818,-10.3967025,14.449999999999)
  );
#5954 = VECTOR('',#5955,1.);
#5955 = DIRECTION('',(-0.253131042469,0.967432000369,8.838023110641E-16)
  );
#5956 = ORIENTED_EDGE('',*,*,#5957,.T.);
#5957 = EDGE_CURVE('',#5950,#1527,#5958,.T.);
#5958 = LINE('',#5959,#5960);
#5959 = CARTESIAN_POINT('',(4.625957000345,-10.01392927882,
    14.449999999999));
#5960 = VECTOR('',#5961,1.);
#5961 = DIRECTION('',(3.491481338843E-15,-6.123233995737E-17,1.));
#5962 = PLANE('',#5963);
#5963 = AXIS2_PLACEMENT_3D('',#5964,#5965,#5966);
#5964 = CARTESIAN_POINT('',(4.726110586818,-10.3967025,14.449999999999)
  );
#5965 = DIRECTION('',(0.967432000369,0.253131042469,-3.362270969842E-15)
  );
#5966 = DIRECTION('',(0.253131042469,-0.967432000369,-8.838023110641E-16
    ));
#5967 = ADVANCED_FACE('',(#5968),#5986,.T.);
#5968 = FACE_BOUND('',#5969,.T.);
#5969 = EDGE_LOOP('',(#5970,#5971,#5972,#5980));
#5970 = ORIENTED_EDGE('',*,*,#1534,.F.);
#5971 = ORIENTED_EDGE('',*,*,#5957,.F.);
#5972 = ORIENTED_EDGE('',*,*,#5973,.T.);
#5973 = EDGE_CURVE('',#5950,#5974,#5976,.T.);
#5974 = VERTEX_POINT('',#5975);
#5975 = CARTESIAN_POINT('',(4.692962588056,-10.01392927882,
    14.449999999999));
#5976 = LINE('',#5977,#5978);
#5977 = CARTESIAN_POINT('',(4.625957000345,-10.01392927882,
    14.449999999999));
#5978 = VECTOR('',#5979,1.);
#5979 = DIRECTION('',(1.,-3.491481338843E-15,-3.491481338843E-15));
#5980 = ORIENTED_EDGE('',*,*,#5981,.T.);
#5981 = EDGE_CURVE('',#5974,#1535,#5982,.T.);
#5982 = LINE('',#5983,#5984);
#5983 = CARTESIAN_POINT('',(4.692962588056,-10.01392927882,
    14.449999999999));
#5984 = VECTOR('',#5985,1.);
#5985 = DIRECTION('',(3.491481338843E-15,-6.123233995737E-17,1.));
#5986 = PLANE('',#5987);
#5987 = AXIS2_PLACEMENT_3D('',#5988,#5989,#5990);
#5988 = CARTESIAN_POINT('',(4.625957000345,-10.01392927882,
    14.449999999999));
#5989 = DIRECTION('',(-3.491481338843E-15,-1.,-6.123233995736E-17));
#5990 = DIRECTION('',(-3.491481338843E-15,6.123233995737E-17,-1.));
#5991 = ADVANCED_FACE('',(#5992),#6010,.T.);
#5992 = FACE_BOUND('',#5993,.T.);
#5993 = EDGE_LOOP('',(#5994,#5995,#5996,#6004));
#5994 = ORIENTED_EDGE('',*,*,#1542,.F.);
#5995 = ORIENTED_EDGE('',*,*,#5981,.F.);
#5996 = ORIENTED_EDGE('',*,*,#5997,.T.);
#5997 = EDGE_CURVE('',#5974,#5998,#6000,.T.);
#5998 = VERTEX_POINT('',#5999);
#5999 = CARTESIAN_POINT('',(4.762603796463,-10.31033523717,
    14.449999999999));
#6000 = LINE('',#6001,#6002);
#6001 = CARTESIAN_POINT('',(4.692962588056,-10.01392927882,
    14.449999999999));
#6002 = VECTOR('',#6003,1.);
#6003 = DIRECTION('',(0.228723855574,-0.973491344539,-7.985850734844E-16
    ));
#6004 = ORIENTED_EDGE('',*,*,#6005,.T.);
#6005 = EDGE_CURVE('',#5998,#1543,#6006,.T.);
#6006 = LINE('',#6007,#6008);
#6007 = CARTESIAN_POINT('',(4.762603796463,-10.31033523717,
    14.449999999999));
#6008 = VECTOR('',#6009,1.);
#6009 = DIRECTION('',(3.491481338843E-15,-6.123233995737E-17,1.));
#6010 = PLANE('',#6011);
#6011 = AXIS2_PLACEMENT_3D('',#6012,#6013,#6014);
#6012 = CARTESIAN_POINT('',(4.692962588056,-10.01392927882,
    14.449999999999));
#6013 = DIRECTION('',(-0.973491344539,-0.228723855574,3.384921566101E-15
    ));
#6014 = DIRECTION('',(-0.228723855574,0.973491344539,7.985850734844E-16)
  );
#6015 = ADVANCED_FACE('',(#6016),#6034,.T.);
#6016 = FACE_BOUND('',#6017,.T.);
#6017 = EDGE_LOOP('',(#6018,#6019,#6020,#6028));
#6018 = ORIENTED_EDGE('',*,*,#1550,.F.);
#6019 = ORIENTED_EDGE('',*,*,#6005,.F.);
#6020 = ORIENTED_EDGE('',*,*,#6021,.T.);
#6021 = EDGE_CURVE('',#5998,#6022,#6024,.T.);
#6022 = VERTEX_POINT('',#6023);
#6023 = CARTESIAN_POINT('',(4.857688881596,-10.01392927882,
    14.449999999999));
#6024 = LINE('',#6025,#6026);
#6025 = CARTESIAN_POINT('',(4.762603796463,-10.31033523717,
    14.449999999999));
#6026 = VECTOR('',#6027,1.);
#6027 = DIRECTION('',(0.305460981264,0.952204594047,-1.066511315829E-15)
  );
#6028 = ORIENTED_EDGE('',*,*,#6029,.T.);
#6029 = EDGE_CURVE('',#6022,#1551,#6030,.T.);
#6030 = LINE('',#6031,#6032);
#6031 = CARTESIAN_POINT('',(4.857688881596,-10.01392927882,
    14.449999999999));
#6032 = VECTOR('',#6033,1.);
#6033 = DIRECTION('',(3.491481338843E-15,-6.123233995737E-17,1.));
#6034 = PLANE('',#6035);
#6035 = AXIS2_PLACEMENT_3D('',#6036,#6037,#6038);
#6036 = CARTESIAN_POINT('',(4.762603796463,-10.31033523717,
    14.449999999999));
#6037 = DIRECTION('',(0.952204594047,-0.305460981264,-3.343308661526E-15
    ));
#6038 = DIRECTION('',(-0.305460981264,-0.952204594047,1.066511315829E-15
    ));
#6039 = ADVANCED_FACE('',(#6040),#6058,.T.);
#6040 = FACE_BOUND('',#6041,.T.);
#6041 = EDGE_LOOP('',(#6042,#6043,#6044,#6052));
#6042 = ORIENTED_EDGE('',*,*,#1558,.F.);
#6043 = ORIENTED_EDGE('',*,*,#6029,.F.);
#6044 = ORIENTED_EDGE('',*,*,#6045,.T.);
#6045 = EDGE_CURVE('',#6022,#6046,#6048,.T.);
#6046 = VERTEX_POINT('',#6047);
#6047 = CARTESIAN_POINT('',(4.910502665555,-10.01392927882,
    14.449999999999));
#6048 = LINE('',#6049,#6050);
#6049 = CARTESIAN_POINT('',(4.857688881596,-10.01392927882,
    14.449999999999));
#6050 = VECTOR('',#6051,1.);
#6051 = DIRECTION('',(1.,4.720027787766E-15,-3.491481338843E-15));
#6052 = ORIENTED_EDGE('',*,*,#6053,.T.);
#6053 = EDGE_CURVE('',#6046,#1559,#6054,.T.);
#6054 = LINE('',#6055,#6056);
#6055 = CARTESIAN_POINT('',(4.910502665555,-10.01392927882,
    14.449999999999));
#6056 = VECTOR('',#6057,1.);
#6057 = DIRECTION('',(3.491481338843E-15,-6.123233995737E-17,1.));
#6058 = PLANE('',#6059);
#6059 = AXIS2_PLACEMENT_3D('',#6060,#6061,#6062);
#6060 = CARTESIAN_POINT('',(4.857688881596,-10.01392927882,
    14.449999999999));
#6061 = DIRECTION('',(4.720027787766E-15,-1.,-6.123233995738E-17));
#6062 = DIRECTION('',(-1.,-4.720027787766E-15,3.491481338843E-15));
#6063 = ADVANCED_FACE('',(#6064),#6082,.T.);
#6064 = FACE_BOUND('',#6065,.T.);
#6065 = EDGE_LOOP('',(#6066,#6067,#6068,#6076));
#6066 = ORIENTED_EDGE('',*,*,#1566,.F.);
#6067 = ORIENTED_EDGE('',*,*,#6053,.F.);
#6068 = ORIENTED_EDGE('',*,*,#6069,.T.);
#6069 = EDGE_CURVE('',#6046,#6070,#6072,.T.);
#6070 = VERTEX_POINT('',#6071);
#6071 = CARTESIAN_POINT('',(5.007919261304,-10.31033523717,
    14.449999999999));
#6072 = LINE('',#6073,#6074);
#6073 = CARTESIAN_POINT('',(4.910502665555,-10.01392927882,
    14.449999999999));
#6074 = VECTOR('',#6075,1.);
#6075 = DIRECTION('',(0.312228692984,-0.95000697012,-1.090140655006E-15)
  );
#6076 = ORIENTED_EDGE('',*,*,#6077,.T.);
#6077 = EDGE_CURVE('',#6070,#1567,#6078,.T.);
#6078 = LINE('',#6079,#6080);
#6079 = CARTESIAN_POINT('',(5.007919261304,-10.31033523717,
    14.449999999999));
#6080 = VECTOR('',#6081,1.);
#6081 = DIRECTION('',(3.491481338843E-15,-6.123233995737E-17,1.));
#6082 = PLANE('',#6083);
#6083 = AXIS2_PLACEMENT_3D('',#6084,#6085,#6086);
#6084 = CARTESIAN_POINT('',(4.910502665555,-10.01392927882,
    14.449999999999));
#6085 = DIRECTION('',(-0.95000697012,-0.312228692984,3.297813114473E-15)
  );
#6086 = DIRECTION('',(-0.312228692984,0.95000697012,1.090140655006E-15)
  );
#6087 = ADVANCED_FACE('',(#6088),#6099,.T.);
#6088 = FACE_BOUND('',#6089,.T.);
#6089 = EDGE_LOOP('',(#6090,#6091,#6092,#6098));
#6090 = ORIENTED_EDGE('',*,*,#1574,.F.);
#6091 = ORIENTED_EDGE('',*,*,#6077,.F.);
#6092 = ORIENTED_EDGE('',*,*,#6093,.T.);
#6093 = EDGE_CURVE('',#6070,#5798,#6094,.T.);
#6094 = LINE('',#6095,#6096);
#6095 = CARTESIAN_POINT('',(5.007919261304,-10.31033523717,
    14.449999999999));
#6096 = VECTOR('',#6097,1.);
#6097 = DIRECTION('',(0.209666107353,0.977773042903,-7.320453012108E-16)
  );
#6098 = ORIENTED_EDGE('',*,*,#5797,.T.);
#6099 = PLANE('',#6100);
#6100 = AXIS2_PLACEMENT_3D('',#6101,#6102,#6103);
#6101 = CARTESIAN_POINT('',(5.007919261304,-10.31033523717,
    14.449999999999));
#6102 = DIRECTION('',(0.977773042903,-0.209666107353,-3.426714679282E-15
    ));
#6103 = DIRECTION('',(-0.209666107353,-0.977773042903,7.320453012108E-16
    ));
#6104 = ADVANCED_FACE('',(#6105),#6120,.T.);
#6105 = FACE_BOUND('',#6106,.T.);
#6106 = EDGE_LOOP('',(#6107,#6108,#6109,#6110,#6111,#6112,#6113,#6114,
    #6115,#6116,#6117,#6118,#6119));
#6107 = ORIENTED_EDGE('',*,*,#5805,.F.);
#6108 = ORIENTED_EDGE('',*,*,#6093,.F.);
#6109 = ORIENTED_EDGE('',*,*,#6069,.F.);
#6110 = ORIENTED_EDGE('',*,*,#6045,.F.);
#6111 = ORIENTED_EDGE('',*,*,#6021,.F.);
#6112 = ORIENTED_EDGE('',*,*,#5997,.F.);
#6113 = ORIENTED_EDGE('',*,*,#5973,.F.);
#6114 = ORIENTED_EDGE('',*,*,#5949,.F.);
#6115 = ORIENTED_EDGE('',*,*,#5925,.F.);
#6116 = ORIENTED_EDGE('',*,*,#5901,.F.);
#6117 = ORIENTED_EDGE('',*,*,#5877,.F.);
#6118 = ORIENTED_EDGE('',*,*,#5853,.F.);
#6119 = ORIENTED_EDGE('',*,*,#5829,.F.);
#6120 = PLANE('',#6121);
#6121 = AXIS2_PLACEMENT_3D('',#6122,#6123,#6124);
#6122 = CARTESIAN_POINT('',(-1.000000000001,-11.5,14.449999999999));
#6123 = DIRECTION('',(3.491481338843E-15,0.,1.));
#6124 = DIRECTION('',(-3.491481338843E-15,-1.,1.219044193949E-29));
#6125 = ADVANCED_FACE('',(#6126),#6151,.T.);
#6126 = FACE_BOUND('',#6127,.T.);
#6127 = EDGE_LOOP('',(#6128,#6129,#6137,#6145));
#6128 = ORIENTED_EDGE('',*,*,#1667,.F.);
#6129 = ORIENTED_EDGE('',*,*,#6130,.F.);
#6130 = EDGE_CURVE('',#6131,#1668,#6133,.T.);
#6131 = VERTEX_POINT('',#6132);
#6132 = CARTESIAN_POINT('',(5.642394259006,-10.01392927882,
    14.449999999999));
#6133 = LINE('',#6134,#6135);
#6134 = CARTESIAN_POINT('',(5.642394259006,-10.01392927882,
    14.449999999999));
#6135 = VECTOR('',#6136,1.);
#6136 = DIRECTION('',(3.491481338843E-15,-6.123233995737E-17,1.));
#6137 = ORIENTED_EDGE('',*,*,#6138,.T.);
#6138 = EDGE_CURVE('',#6131,#6139,#6141,.T.);
#6139 = VERTEX_POINT('',#6140);
#6140 = CARTESIAN_POINT('',(5.709399846716,-10.01392927882,
    14.449999999999));
#6141 = LINE('',#6142,#6143);
#6142 = CARTESIAN_POINT('',(5.642394259006,-10.01392927882,
    14.449999999999));
#6143 = VECTOR('',#6144,1.);
#6144 = DIRECTION('',(1.,-2.553268343321E-16,-3.491481338843E-15));
#6145 = ORIENTED_EDGE('',*,*,#6146,.T.);
#6146 = EDGE_CURVE('',#6139,#1670,#6147,.T.);
#6147 = LINE('',#6148,#6149);
#6148 = CARTESIAN_POINT('',(5.709399846716,-10.01392927882,
    14.449999999999));
#6149 = VECTOR('',#6150,1.);
#6150 = DIRECTION('',(3.491481338843E-15,-6.123233995737E-17,1.));
#6151 = PLANE('',#6152);
#6152 = AXIS2_PLACEMENT_3D('',#6153,#6154,#6155);
#6153 = CARTESIAN_POINT('',(5.642394259006,-10.01392927882,
    14.449999999999));
#6154 = DIRECTION('',(-2.553268343321E-16,-1.,-6.123233995737E-17));
#6155 = DIRECTION('',(-1.,2.553268343321E-16,3.491481338843E-15));
#6156 = ADVANCED_FACE('',(#6157),#6175,.T.);
#6157 = FACE_BOUND('',#6158,.T.);
#6158 = EDGE_LOOP('',(#6159,#6160,#6161,#6169));
#6159 = ORIENTED_EDGE('',*,*,#1677,.F.);
#6160 = ORIENTED_EDGE('',*,*,#6146,.F.);
#6161 = ORIENTED_EDGE('',*,*,#6162,.T.);
#6162 = EDGE_CURVE('',#6139,#6163,#6165,.T.);
#6163 = VERTEX_POINT('',#6164);
#6164 = CARTESIAN_POINT('',(5.610259960512,-10.3967025,14.449999999999)
  );
#6165 = LINE('',#6166,#6167);
#6166 = CARTESIAN_POINT('',(5.709399846716,-10.01392927882,
    14.449999999999));
#6167 = VECTOR('',#6168,1.);
#6168 = DIRECTION('',(-0.250730824584,-0.968056844201,8.754219951068E-16
    ));
#6169 = ORIENTED_EDGE('',*,*,#6170,.T.);
#6170 = EDGE_CURVE('',#6163,#1678,#6171,.T.);
#6171 = LINE('',#6172,#6173);
#6172 = CARTESIAN_POINT('',(5.610259960512,-10.3967025,14.449999999999)
  );
#6173 = VECTOR('',#6174,1.);
#6174 = DIRECTION('',(3.491481338843E-15,-6.123233995737E-17,1.));
#6175 = PLANE('',#6176);
#6176 = AXIS2_PLACEMENT_3D('',#6177,#6178,#6179);
#6177 = CARTESIAN_POINT('',(5.709399846716,-10.01392927882,
    14.449999999999));
#6178 = DIRECTION('',(-0.968056844201,0.250730824584,3.395305241554E-15)
  );
#6179 = DIRECTION('',(0.250730824584,0.968056844201,-8.754219951068E-16)
  );
#6180 = ADVANCED_FACE('',(#6181),#6199,.T.);
#6181 = FACE_BOUND('',#6182,.T.);
#6182 = EDGE_LOOP('',(#6183,#6184,#6185,#6193));
#6183 = ORIENTED_EDGE('',*,*,#1685,.F.);
#6184 = ORIENTED_EDGE('',*,*,#6170,.F.);
#6185 = ORIENTED_EDGE('',*,*,#6186,.T.);
#6186 = EDGE_CURVE('',#6163,#6187,#6189,.T.);
#6187 = VERTEX_POINT('',#6188);
#6188 = CARTESIAN_POINT('',(5.550958494838,-10.3967025,14.449999999999)
  );
#6189 = LINE('',#6190,#6191);
#6190 = CARTESIAN_POINT('',(5.610259960512,-10.3967025,14.449999999999)
  );
#6191 = VECTOR('',#6192,1.);
#6192 = DIRECTION('',(-1.,3.491481338843E-15,3.491481338843E-15));
#6193 = ORIENTED_EDGE('',*,*,#6194,.T.);
#6194 = EDGE_CURVE('',#6187,#1686,#6195,.T.);
#6195 = LINE('',#6196,#6197);
#6196 = CARTESIAN_POINT('',(5.550958494838,-10.3967025,14.449999999999)
  );
#6197 = VECTOR('',#6198,1.);
#6198 = DIRECTION('',(3.491481338843E-15,-6.123233995737E-17,1.));
#6199 = PLANE('',#6200);
#6200 = AXIS2_PLACEMENT_3D('',#6201,#6202,#6203);
#6201 = CARTESIAN_POINT('',(5.610259960512,-10.3967025,14.449999999999)
  );
#6202 = DIRECTION('',(3.491481338843E-15,1.,6.123233995736E-17));
#6203 = DIRECTION('',(3.491481338843E-15,-6.123233995737E-17,1.));
#6204 = ADVANCED_FACE('',(#6205),#6223,.T.);
#6205 = FACE_BOUND('',#6206,.T.);
#6206 = EDGE_LOOP('',(#6207,#6208,#6209,#6217));
#6207 = ORIENTED_EDGE('',*,*,#1693,.F.);
#6208 = ORIENTED_EDGE('',*,*,#6194,.F.);
#6209 = ORIENTED_EDGE('',*,*,#6210,.T.);
#6210 = EDGE_CURVE('',#6187,#6211,#6213,.T.);
#6211 = VERTEX_POINT('',#6212);
#6212 = CARTESIAN_POINT('',(5.453136418982,-10.101614352,14.449999999999
    ));
#6213 = LINE('',#6214,#6215);
#6214 = CARTESIAN_POINT('',(5.550958494838,-10.3967025,14.449999999999)
  );
#6215 = VECTOR('',#6216,1.);
#6216 = DIRECTION('',(-0.314662176631,0.949203726603,1.098637117746E-15)
  );
#6217 = ORIENTED_EDGE('',*,*,#6218,.T.);
#6218 = EDGE_CURVE('',#6211,#1694,#6219,.T.);
#6219 = LINE('',#6220,#6221);
#6220 = CARTESIAN_POINT('',(5.453136418982,-10.101614352,14.449999999999
    ));
#6221 = VECTOR('',#6222,1.);
#6222 = DIRECTION('',(3.491481338843E-15,-6.123233995737E-17,1.));
#6223 = PLANE('',#6224);
#6224 = AXIS2_PLACEMENT_3D('',#6225,#6226,#6227);
#6225 = CARTESIAN_POINT('',(5.550958494838,-10.3967025,14.449999999999)
  );
#6226 = DIRECTION('',(0.949203726603,0.314662176631,-3.294859596825E-15)
  );
#6227 = DIRECTION('',(0.314662176631,-0.949203726603,-1.098637117746E-15
    ));
#6228 = ADVANCED_FACE('',(#6229),#6247,.T.);
#6229 = FACE_BOUND('',#6230,.T.);
#6230 = EDGE_LOOP('',(#6231,#6232,#6233,#6241));
#6231 = ORIENTED_EDGE('',*,*,#1701,.F.);
#6232 = ORIENTED_EDGE('',*,*,#6218,.F.);
#6233 = ORIENTED_EDGE('',*,*,#6234,.T.);
#6234 = EDGE_CURVE('',#6211,#6235,#6237,.T.);
#6235 = VERTEX_POINT('',#6236);
#6236 = CARTESIAN_POINT('',(5.356023933313,-10.3967025,14.449999999999)
  );
#6237 = LINE('',#6238,#6239);
#6238 = CARTESIAN_POINT('',(5.453136418982,-10.101614352,14.449999999999
    ));
#6239 = VECTOR('',#6240,1.);
#6240 = DIRECTION('',(-0.312603438092,-0.949883724723,1.091449070555E-15
    ));
#6241 = ORIENTED_EDGE('',*,*,#6242,.T.);
#6242 = EDGE_CURVE('',#6235,#1702,#6243,.T.);
#6243 = LINE('',#6244,#6245);
#6244 = CARTESIAN_POINT('',(5.356023933313,-10.3967025,14.449999999999)
  );
#6245 = VECTOR('',#6246,1.);
#6246 = DIRECTION('',(3.491481338843E-15,-6.123233995737E-17,1.));
#6247 = PLANE('',#6248);
#6248 = AXIS2_PLACEMENT_3D('',#6249,#6250,#6251);
#6249 = CARTESIAN_POINT('',(5.453136418982,-10.101614352,14.449999999999
    ));
#6250 = DIRECTION('',(-0.949883724723,0.312603438092,3.335642738934E-15)
  );
#6251 = DIRECTION('',(0.312603438092,0.949883724723,-1.091449070555E-15)
  );
#6252 = ADVANCED_FACE('',(#6253),#6271,.T.);
#6253 = FACE_BOUND('',#6254,.T.);
#6254 = EDGE_LOOP('',(#6255,#6256,#6257,#6265));
#6255 = ORIENTED_EDGE('',*,*,#1709,.F.);
#6256 = ORIENTED_EDGE('',*,*,#6242,.F.);
#6257 = ORIENTED_EDGE('',*,*,#6258,.T.);
#6258 = EDGE_CURVE('',#6235,#6259,#6261,.T.);
#6259 = VERTEX_POINT('',#6260);
#6260 = CARTESIAN_POINT('',(5.29702657772,-10.3967025,14.449999999999));
#6261 = LINE('',#6262,#6263);
#6262 = CARTESIAN_POINT('',(5.356023933313,-10.3967025,14.449999999999)
  );
#6263 = VECTOR('',#6264,1.);
#6264 = DIRECTION('',(-1.,-3.859371332916E-15,3.491481338843E-15));
#6265 = ORIENTED_EDGE('',*,*,#6266,.T.);
#6266 = EDGE_CURVE('',#6259,#1710,#6267,.T.);
#6267 = LINE('',#6268,#6269);
#6268 = CARTESIAN_POINT('',(5.29702657772,-10.3967025,14.449999999999));
#6269 = VECTOR('',#6270,1.);
#6270 = DIRECTION('',(3.491481338843E-15,-6.123233995737E-17,1.));
#6271 = PLANE('',#6272);
#6272 = AXIS2_PLACEMENT_3D('',#6273,#6274,#6275);
#6273 = CARTESIAN_POINT('',(5.356023933313,-10.3967025,14.449999999999)
  );
#6274 = DIRECTION('',(-3.859371332916E-15,1.,6.123233995738E-17));
#6275 = DIRECTION('',(1.,3.859371332916E-15,-3.491481338843E-15));
#6276 = ADVANCED_FACE('',(#6277),#6295,.T.);
#6277 = FACE_BOUND('',#6278,.T.);
#6278 = EDGE_LOOP('',(#6279,#6280,#6281,#6289));
#6279 = ORIENTED_EDGE('',*,*,#1717,.F.);
#6280 = ORIENTED_EDGE('',*,*,#6266,.F.);
#6281 = ORIENTED_EDGE('',*,*,#6282,.T.);
#6282 = EDGE_CURVE('',#6259,#6283,#6285,.T.);
#6283 = VERTEX_POINT('',#6284);
#6284 = CARTESIAN_POINT('',(5.196872991247,-10.01392927882,
    14.449999999999));
#6285 = LINE('',#6286,#6287);
#6286 = CARTESIAN_POINT('',(5.29702657772,-10.3967025,14.449999999999));
#6287 = VECTOR('',#6288,1.);
#6288 = DIRECTION('',(-0.253131042469,0.967432000369,8.838023110641E-16)
  );
#6289 = ORIENTED_EDGE('',*,*,#6290,.T.);
#6290 = EDGE_CURVE('',#6283,#1718,#6291,.T.);
#6291 = LINE('',#6292,#6293);
#6292 = CARTESIAN_POINT('',(5.196872991247,-10.01392927882,
    14.449999999999));
#6293 = VECTOR('',#6294,1.);
#6294 = DIRECTION('',(3.491481338843E-15,-6.123233995737E-17,1.));
#6295 = PLANE('',#6296);
#6296 = AXIS2_PLACEMENT_3D('',#6297,#6298,#6299);
#6297 = CARTESIAN_POINT('',(5.29702657772,-10.3967025,14.449999999999));
#6298 = DIRECTION('',(0.967432000369,0.253131042469,-3.362270969842E-15)
  );
#6299 = DIRECTION('',(0.253131042469,-0.967432000369,-8.838023110641E-16
    ));
#6300 = ADVANCED_FACE('',(#6301),#6319,.T.);
#6301 = FACE_BOUND('',#6302,.T.);
#6302 = EDGE_LOOP('',(#6303,#6304,#6305,#6313));
#6303 = ORIENTED_EDGE('',*,*,#1725,.F.);
#6304 = ORIENTED_EDGE('',*,*,#6290,.F.);
#6305 = ORIENTED_EDGE('',*,*,#6306,.T.);
#6306 = EDGE_CURVE('',#6283,#6307,#6309,.T.);
#6307 = VERTEX_POINT('',#6308);
#6308 = CARTESIAN_POINT('',(5.263878578958,-10.01392927882,
    14.449999999999));
#6309 = LINE('',#6310,#6311);
#6310 = CARTESIAN_POINT('',(5.196872991247,-10.01392927882,
    14.449999999999));
#6311 = VECTOR('',#6312,1.);
#6312 = DIRECTION('',(1.,-3.491481338843E-15,-3.491481338843E-15));
#6313 = ORIENTED_EDGE('',*,*,#6314,.T.);
#6314 = EDGE_CURVE('',#6307,#1726,#6315,.T.);
#6315 = LINE('',#6316,#6317);
#6316 = CARTESIAN_POINT('',(5.263878578958,-10.01392927882,
    14.449999999999));
#6317 = VECTOR('',#6318,1.);
#6318 = DIRECTION('',(3.491481338843E-15,-6.123233995737E-17,1.));
#6319 = PLANE('',#6320);
#6320 = AXIS2_PLACEMENT_3D('',#6321,#6322,#6323);
#6321 = CARTESIAN_POINT('',(5.196872991247,-10.01392927882,
    14.449999999999));
#6322 = DIRECTION('',(-3.491481338843E-15,-1.,-6.123233995736E-17));
#6323 = DIRECTION('',(-3.491481338843E-15,6.123233995737E-17,-1.));
#6324 = ADVANCED_FACE('',(#6325),#6343,.T.);
#6325 = FACE_BOUND('',#6326,.T.);
#6326 = EDGE_LOOP('',(#6327,#6328,#6329,#6337));
#6327 = ORIENTED_EDGE('',*,*,#1733,.F.);
#6328 = ORIENTED_EDGE('',*,*,#6314,.F.);
#6329 = ORIENTED_EDGE('',*,*,#6330,.T.);
#6330 = EDGE_CURVE('',#6307,#6331,#6333,.T.);
#6331 = VERTEX_POINT('',#6332);
#6332 = CARTESIAN_POINT('',(5.333519787365,-10.31033523717,
    14.449999999999));
#6333 = LINE('',#6334,#6335);
#6334 = CARTESIAN_POINT('',(5.263878578958,-10.01392927882,
    14.449999999999));
#6335 = VECTOR('',#6336,1.);
#6336 = DIRECTION('',(0.228723855574,-0.973491344539,-7.985850734844E-16
    ));
#6337 = ORIENTED_EDGE('',*,*,#6338,.T.);
#6338 = EDGE_CURVE('',#6331,#1734,#6339,.T.);
#6339 = LINE('',#6340,#6341);
#6340 = CARTESIAN_POINT('',(5.333519787365,-10.31033523717,
    14.449999999999));
#6341 = VECTOR('',#6342,1.);
#6342 = DIRECTION('',(3.491481338843E-15,-6.123233995737E-17,1.));
#6343 = PLANE('',#6344);
#6344 = AXIS2_PLACEMENT_3D('',#6345,#6346,#6347);
#6345 = CARTESIAN_POINT('',(5.263878578958,-10.01392927882,
    14.449999999999));
#6346 = DIRECTION('',(-0.973491344539,-0.228723855574,3.384921566101E-15
    ));
#6347 = DIRECTION('',(-0.228723855574,0.973491344539,7.985850734844E-16)
  );
#6348 = ADVANCED_FACE('',(#6349),#6367,.T.);
#6349 = FACE_BOUND('',#6350,.T.);
#6350 = EDGE_LOOP('',(#6351,#6352,#6353,#6361));
#6351 = ORIENTED_EDGE('',*,*,#1741,.F.);
#6352 = ORIENTED_EDGE('',*,*,#6338,.F.);
#6353 = ORIENTED_EDGE('',*,*,#6354,.T.);
#6354 = EDGE_CURVE('',#6331,#6355,#6357,.T.);
#6355 = VERTEX_POINT('',#6356);
#6356 = CARTESIAN_POINT('',(5.428604872498,-10.01392927882,
    14.449999999999));
#6357 = LINE('',#6358,#6359);
#6358 = CARTESIAN_POINT('',(5.333519787365,-10.31033523717,
    14.449999999999));
#6359 = VECTOR('',#6360,1.);
#6360 = DIRECTION('',(0.305460981264,0.952204594047,-1.066511315829E-15)
  );
#6361 = ORIENTED_EDGE('',*,*,#6362,.T.);
#6362 = EDGE_CURVE('',#6355,#1742,#6363,.T.);
#6363 = LINE('',#6364,#6365);
#6364 = CARTESIAN_POINT('',(5.428604872498,-10.01392927882,
    14.449999999999));
#6365 = VECTOR('',#6366,1.);
#6366 = DIRECTION('',(3.491481338843E-15,-6.123233995737E-17,1.));
#6367 = PLANE('',#6368);
#6368 = AXIS2_PLACEMENT_3D('',#6369,#6370,#6371);
#6369 = CARTESIAN_POINT('',(5.333519787365,-10.31033523717,
    14.449999999999));
#6370 = DIRECTION('',(0.952204594047,-0.305460981264,-3.343308661526E-15
    ));
#6371 = DIRECTION('',(-0.305460981264,-0.952204594047,1.066511315829E-15
    ));
#6372 = ADVANCED_FACE('',(#6373),#6391,.T.);
#6373 = FACE_BOUND('',#6374,.T.);
#6374 = EDGE_LOOP('',(#6375,#6376,#6377,#6385));
#6375 = ORIENTED_EDGE('',*,*,#1749,.F.);
#6376 = ORIENTED_EDGE('',*,*,#6362,.F.);
#6377 = ORIENTED_EDGE('',*,*,#6378,.T.);
#6378 = EDGE_CURVE('',#6355,#6379,#6381,.T.);
#6379 = VERTEX_POINT('',#6380);
#6380 = CARTESIAN_POINT('',(5.481418656457,-10.01392927882,
    14.449999999999));
#6381 = LINE('',#6382,#6383);
#6382 = CARTESIAN_POINT('',(5.428604872498,-10.01392927882,
    14.449999999999));
#6383 = VECTOR('',#6384,1.);
#6384 = DIRECTION('',(1.,6.142732244615E-16,-3.491481338843E-15));
#6385 = ORIENTED_EDGE('',*,*,#6386,.T.);
#6386 = EDGE_CURVE('',#6379,#1750,#6387,.T.);
#6387 = LINE('',#6388,#6389);
#6388 = CARTESIAN_POINT('',(5.481418656457,-10.01392927882,
    14.449999999999));
#6389 = VECTOR('',#6390,1.);
#6390 = DIRECTION('',(3.491481338843E-15,-6.123233995737E-17,1.));
#6391 = PLANE('',#6392);
#6392 = AXIS2_PLACEMENT_3D('',#6393,#6394,#6395);
#6393 = CARTESIAN_POINT('',(5.428604872498,-10.01392927882,
    14.449999999999));
#6394 = DIRECTION('',(6.142732244615E-16,-1.,-6.123233995737E-17));
#6395 = DIRECTION('',(-1.,-6.142732244615E-16,3.491481338843E-15));
#6396 = ADVANCED_FACE('',(#6397),#6415,.T.);
#6397 = FACE_BOUND('',#6398,.T.);
#6398 = EDGE_LOOP('',(#6399,#6400,#6401,#6409));
#6399 = ORIENTED_EDGE('',*,*,#1757,.F.);
#6400 = ORIENTED_EDGE('',*,*,#6386,.F.);
#6401 = ORIENTED_EDGE('',*,*,#6402,.T.);
#6402 = EDGE_CURVE('',#6379,#6403,#6405,.T.);
#6403 = VERTEX_POINT('',#6404);
#6404 = CARTESIAN_POINT('',(5.578835252206,-10.31033523717,
    14.449999999999));
#6405 = LINE('',#6406,#6407);
#6406 = CARTESIAN_POINT('',(5.481418656457,-10.01392927882,
    14.449999999999));
#6407 = VECTOR('',#6408,1.);
#6408 = DIRECTION('',(0.312228692984,-0.95000697012,-1.090140655006E-15)
  );
#6409 = ORIENTED_EDGE('',*,*,#6410,.T.);
#6410 = EDGE_CURVE('',#6403,#1758,#6411,.T.);
#6411 = LINE('',#6412,#6413);
#6412 = CARTESIAN_POINT('',(5.578835252206,-10.31033523717,
    14.449999999999));
#6413 = VECTOR('',#6414,1.);
#6414 = DIRECTION('',(3.491481338843E-15,-6.123233995737E-17,1.));
#6415 = PLANE('',#6416);
#6416 = AXIS2_PLACEMENT_3D('',#6417,#6418,#6419);
#6417 = CARTESIAN_POINT('',(5.481418656457,-10.01392927882,
    14.449999999999));
#6418 = DIRECTION('',(-0.95000697012,-0.312228692984,3.297813114473E-15)
  );
#6419 = DIRECTION('',(-0.312228692984,0.95000697012,1.090140655006E-15)
  );
#6420 = ADVANCED_FACE('',(#6421),#6432,.T.);
#6421 = FACE_BOUND('',#6422,.T.);
#6422 = EDGE_LOOP('',(#6423,#6424,#6425,#6431));
#6423 = ORIENTED_EDGE('',*,*,#1765,.F.);
#6424 = ORIENTED_EDGE('',*,*,#6410,.F.);
#6425 = ORIENTED_EDGE('',*,*,#6426,.T.);
#6426 = EDGE_CURVE('',#6403,#6131,#6427,.T.);
#6427 = LINE('',#6428,#6429);
#6428 = CARTESIAN_POINT('',(5.578835252206,-10.31033523717,
    14.449999999999));
#6429 = VECTOR('',#6430,1.);
#6430 = DIRECTION('',(0.209666107353,0.977773042903,-7.320453012108E-16)
  );
#6431 = ORIENTED_EDGE('',*,*,#6130,.T.);
#6432 = PLANE('',#6433);
#6433 = AXIS2_PLACEMENT_3D('',#6434,#6435,#6436);
#6434 = CARTESIAN_POINT('',(5.578835252206,-10.31033523717,
    14.449999999999));
#6435 = DIRECTION('',(0.977773042903,-0.209666107353,-3.426714679282E-15
    ));
#6436 = DIRECTION('',(-0.209666107353,-0.977773042903,7.320453012108E-16
    ));
#6437 = ADVANCED_FACE('',(#6438),#6453,.T.);
#6438 = FACE_BOUND('',#6439,.T.);
#6439 = EDGE_LOOP('',(#6440,#6441,#6442,#6443,#6444,#6445,#6446,#6447,
    #6448,#6449,#6450,#6451,#6452));
#6440 = ORIENTED_EDGE('',*,*,#6138,.F.);
#6441 = ORIENTED_EDGE('',*,*,#6426,.F.);
#6442 = ORIENTED_EDGE('',*,*,#6402,.F.);
#6443 = ORIENTED_EDGE('',*,*,#6378,.F.);
#6444 = ORIENTED_EDGE('',*,*,#6354,.F.);
#6445 = ORIENTED_EDGE('',*,*,#6330,.F.);
#6446 = ORIENTED_EDGE('',*,*,#6306,.F.);
#6447 = ORIENTED_EDGE('',*,*,#6282,.F.);
#6448 = ORIENTED_EDGE('',*,*,#6258,.F.);
#6449 = ORIENTED_EDGE('',*,*,#6234,.F.);
#6450 = ORIENTED_EDGE('',*,*,#6210,.F.);
#6451 = ORIENTED_EDGE('',*,*,#6186,.F.);
#6452 = ORIENTED_EDGE('',*,*,#6162,.F.);
#6453 = PLANE('',#6454);
#6454 = AXIS2_PLACEMENT_3D('',#6455,#6456,#6457);
#6455 = CARTESIAN_POINT('',(-1.000000000001,-11.5,14.449999999999));
#6456 = DIRECTION('',(3.491481338843E-15,0.,1.));
#6457 = DIRECTION('',(-3.491481338843E-15,-1.,1.219044193949E-29));
#6458 = ADVANCED_FACE('',(#6459),#6484,.T.);
#6459 = FACE_BOUND('',#6460,.T.);
#6460 = EDGE_LOOP('',(#6461,#6462,#6470,#6478));
#6461 = ORIENTED_EDGE('',*,*,#1370,.F.);
#6462 = ORIENTED_EDGE('',*,*,#6463,.F.);
#6463 = EDGE_CURVE('',#6464,#1371,#6466,.T.);
#6464 = VERTEX_POINT('',#6465);
#6465 = CARTESIAN_POINT('',(6.213310249907,-10.01392927882,
    14.449999999999));
#6466 = LINE('',#6467,#6468);
#6467 = CARTESIAN_POINT('',(6.213310249907,-10.01392927882,
    14.449999999999));
#6468 = VECTOR('',#6469,1.);
#6469 = DIRECTION('',(3.491481338843E-15,-6.123233995737E-17,1.));
#6470 = ORIENTED_EDGE('',*,*,#6471,.T.);
#6471 = EDGE_CURVE('',#6464,#6472,#6474,.T.);
#6472 = VERTEX_POINT('',#6473);
#6473 = CARTESIAN_POINT('',(6.280315837618,-10.01392927882,
    14.449999999999));
#6474 = LINE('',#6475,#6476);
#6475 = CARTESIAN_POINT('',(6.213310249907,-10.01392927882,
    14.449999999999));
#6476 = VECTOR('',#6477,1.);
#6477 = DIRECTION('',(1.,-2.553268343321E-16,-3.491481338843E-15));
#6478 = ORIENTED_EDGE('',*,*,#6479,.T.);
#6479 = EDGE_CURVE('',#6472,#1373,#6480,.T.);
#6480 = LINE('',#6481,#6482);
#6481 = CARTESIAN_POINT('',(6.280315837618,-10.01392927882,
    14.449999999999));
#6482 = VECTOR('',#6483,1.);
#6483 = DIRECTION('',(3.491481338843E-15,-6.123233995737E-17,1.));
#6484 = PLANE('',#6485);
#6485 = AXIS2_PLACEMENT_3D('',#6486,#6487,#6488);
#6486 = CARTESIAN_POINT('',(6.213310249907,-10.01392927882,
    14.449999999999));
#6487 = DIRECTION('',(-2.553268343321E-16,-1.,-6.123233995737E-17));
#6488 = DIRECTION('',(-1.,2.553268343321E-16,3.491481338843E-15));
#6489 = ADVANCED_FACE('',(#6490),#6508,.T.);
#6490 = FACE_BOUND('',#6491,.T.);
#6491 = EDGE_LOOP('',(#6492,#6493,#6494,#6502));
#6492 = ORIENTED_EDGE('',*,*,#1380,.F.);
#6493 = ORIENTED_EDGE('',*,*,#6479,.F.);
#6494 = ORIENTED_EDGE('',*,*,#6495,.T.);
#6495 = EDGE_CURVE('',#6472,#6496,#6498,.T.);
#6496 = VERTEX_POINT('',#6497);
#6497 = CARTESIAN_POINT('',(6.181175951414,-10.3967025,14.449999999999)
  );
#6498 = LINE('',#6499,#6500);
#6499 = CARTESIAN_POINT('',(6.280315837618,-10.01392927882,
    14.449999999999));
#6500 = VECTOR('',#6501,1.);
#6501 = DIRECTION('',(-0.250730824584,-0.968056844201,8.754219951069E-16
    ));
#6502 = ORIENTED_EDGE('',*,*,#6503,.T.);
#6503 = EDGE_CURVE('',#6496,#1381,#6504,.T.);
#6504 = LINE('',#6505,#6506);
#6505 = CARTESIAN_POINT('',(6.181175951414,-10.3967025,14.449999999999)
  );
#6506 = VECTOR('',#6507,1.);
#6507 = DIRECTION('',(3.491481338843E-15,-6.123233995737E-17,1.));
#6508 = PLANE('',#6509);
#6509 = AXIS2_PLACEMENT_3D('',#6510,#6511,#6512);
#6510 = CARTESIAN_POINT('',(6.280315837618,-10.01392927882,
    14.449999999999));
#6511 = DIRECTION('',(-0.968056844201,0.250730824584,3.395305241554E-15)
  );
#6512 = DIRECTION('',(0.250730824584,0.968056844201,-8.754219951069E-16)
  );
#6513 = ADVANCED_FACE('',(#6514),#6532,.T.);
#6514 = FACE_BOUND('',#6515,.T.);
#6515 = EDGE_LOOP('',(#6516,#6517,#6518,#6526));
#6516 = ORIENTED_EDGE('',*,*,#1388,.F.);
#6517 = ORIENTED_EDGE('',*,*,#6503,.F.);
#6518 = ORIENTED_EDGE('',*,*,#6519,.T.);
#6519 = EDGE_CURVE('',#6496,#6520,#6522,.T.);
#6520 = VERTEX_POINT('',#6521);
#6521 = CARTESIAN_POINT('',(6.12187448574,-10.3967025,14.449999999999));
#6522 = LINE('',#6523,#6524);
#6523 = CARTESIAN_POINT('',(6.181175951414,-10.3967025,14.449999999999)
  );
#6524 = VECTOR('',#6525,1.);
#6525 = DIRECTION('',(-1.,-1.650966568522E-16,3.491481338843E-15));
#6526 = ORIENTED_EDGE('',*,*,#6527,.T.);
#6527 = EDGE_CURVE('',#6520,#1389,#6528,.T.);
#6528 = LINE('',#6529,#6530);
#6529 = CARTESIAN_POINT('',(6.12187448574,-10.3967025,14.449999999999));
#6530 = VECTOR('',#6531,1.);
#6531 = DIRECTION('',(3.491481338843E-15,-6.123233995737E-17,1.));
#6532 = PLANE('',#6533);
#6533 = AXIS2_PLACEMENT_3D('',#6534,#6535,#6536);
#6534 = CARTESIAN_POINT('',(6.181175951414,-10.3967025,14.449999999999)
  );
#6535 = DIRECTION('',(-1.650966568522E-16,1.,6.123233995737E-17));
#6536 = DIRECTION('',(1.,1.650966568522E-16,-3.491481338843E-15));
#6537 = ADVANCED_FACE('',(#6538),#6556,.T.);
#6538 = FACE_BOUND('',#6539,.T.);
#6539 = EDGE_LOOP('',(#6540,#6541,#6542,#6550));
#6540 = ORIENTED_EDGE('',*,*,#1396,.F.);
#6541 = ORIENTED_EDGE('',*,*,#6527,.F.);
#6542 = ORIENTED_EDGE('',*,*,#6543,.T.);
#6543 = EDGE_CURVE('',#6520,#6544,#6546,.T.);
#6544 = VERTEX_POINT('',#6545);
#6545 = CARTESIAN_POINT('',(6.024052409884,-10.101614352,14.449999999999
    ));
#6546 = LINE('',#6547,#6548);
#6547 = CARTESIAN_POINT('',(6.12187448574,-10.3967025,14.449999999999));
#6548 = VECTOR('',#6549,1.);
#6549 = DIRECTION('',(-0.314662176631,0.949203726603,1.098637117746E-15)
  );
#6550 = ORIENTED_EDGE('',*,*,#6551,.T.);
#6551 = EDGE_CURVE('',#6544,#1397,#6552,.T.);
#6552 = LINE('',#6553,#6554);
#6553 = CARTESIAN_POINT('',(6.024052409884,-10.101614352,14.449999999999
    ));
#6554 = VECTOR('',#6555,1.);
#6555 = DIRECTION('',(3.491481338843E-15,-6.123233995737E-17,1.));
#6556 = PLANE('',#6557);
#6557 = AXIS2_PLACEMENT_3D('',#6558,#6559,#6560);
#6558 = CARTESIAN_POINT('',(6.12187448574,-10.3967025,14.449999999999));
#6559 = DIRECTION('',(0.949203726603,0.314662176631,-3.294859596825E-15)
  );
#6560 = DIRECTION('',(0.314662176631,-0.949203726603,-1.098637117746E-15
    ));
#6561 = ADVANCED_FACE('',(#6562),#6580,.T.);
#6562 = FACE_BOUND('',#6563,.T.);
#6563 = EDGE_LOOP('',(#6564,#6565,#6566,#6574));
#6564 = ORIENTED_EDGE('',*,*,#1404,.F.);
#6565 = ORIENTED_EDGE('',*,*,#6551,.F.);
#6566 = ORIENTED_EDGE('',*,*,#6567,.T.);
#6567 = EDGE_CURVE('',#6544,#6568,#6570,.T.);
#6568 = VERTEX_POINT('',#6569);
#6569 = CARTESIAN_POINT('',(5.926939924215,-10.3967025,14.449999999999)
  );
#6570 = LINE('',#6571,#6572);
#6571 = CARTESIAN_POINT('',(6.024052409884,-10.101614352,14.449999999999
    ));
#6572 = VECTOR('',#6573,1.);
#6573 = DIRECTION('',(-0.312603438092,-0.949883724723,1.091449070555E-15
    ));
#6574 = ORIENTED_EDGE('',*,*,#6575,.T.);
#6575 = EDGE_CURVE('',#6568,#1405,#6576,.T.);
#6576 = LINE('',#6577,#6578);
#6577 = CARTESIAN_POINT('',(5.926939924215,-10.3967025,14.449999999999)
  );
#6578 = VECTOR('',#6579,1.);
#6579 = DIRECTION('',(3.491481338843E-15,-6.123233995737E-17,1.));
#6580 = PLANE('',#6581);
#6581 = AXIS2_PLACEMENT_3D('',#6582,#6583,#6584);
#6582 = CARTESIAN_POINT('',(6.024052409884,-10.101614352,14.449999999999
    ));
#6583 = DIRECTION('',(-0.949883724723,0.312603438092,3.335642738934E-15)
  );
#6584 = DIRECTION('',(0.312603438092,0.949883724723,-1.091449070555E-15)
  );
#6585 = ADVANCED_FACE('',(#6586),#6604,.T.);
#6586 = FACE_BOUND('',#6587,.T.);
#6587 = EDGE_LOOP('',(#6588,#6589,#6590,#6598));
#6588 = ORIENTED_EDGE('',*,*,#1412,.F.);
#6589 = ORIENTED_EDGE('',*,*,#6575,.F.);
#6590 = ORIENTED_EDGE('',*,*,#6591,.T.);
#6591 = EDGE_CURVE('',#6568,#6592,#6594,.T.);
#6592 = VERTEX_POINT('',#6593);
#6593 = CARTESIAN_POINT('',(5.867942568621,-10.3967025,14.449999999999)
  );
#6594 = LINE('',#6595,#6596);
#6595 = CARTESIAN_POINT('',(5.926939924215,-10.3967025,14.449999999999)
  );
#6596 = VECTOR('',#6597,1.);
#6597 = DIRECTION('',(-1.,-1.839449970363E-16,3.491481338843E-15));
#6598 = ORIENTED_EDGE('',*,*,#6599,.T.);
#6599 = EDGE_CURVE('',#6592,#1413,#6600,.T.);
#6600 = LINE('',#6601,#6602);
#6601 = CARTESIAN_POINT('',(5.867942568621,-10.3967025,14.449999999999)
  );
#6602 = VECTOR('',#6603,1.);
#6603 = DIRECTION('',(3.491481338843E-15,-6.123233995737E-17,1.));
#6604 = PLANE('',#6605);
#6605 = AXIS2_PLACEMENT_3D('',#6606,#6607,#6608);
#6606 = CARTESIAN_POINT('',(5.926939924215,-10.3967025,14.449999999999)
  );
#6607 = DIRECTION('',(-1.839449970363E-16,1.,6.123233995737E-17));
#6608 = DIRECTION('',(1.,1.839449970363E-16,-3.491481338843E-15));
#6609 = ADVANCED_FACE('',(#6610),#6628,.T.);
#6610 = FACE_BOUND('',#6611,.T.);
#6611 = EDGE_LOOP('',(#6612,#6613,#6614,#6622));
#6612 = ORIENTED_EDGE('',*,*,#1420,.F.);
#6613 = ORIENTED_EDGE('',*,*,#6599,.F.);
#6614 = ORIENTED_EDGE('',*,*,#6615,.T.);
#6615 = EDGE_CURVE('',#6592,#6616,#6618,.T.);
#6616 = VERTEX_POINT('',#6617);
#6617 = CARTESIAN_POINT('',(5.767788982149,-10.01392927882,
    14.449999999999));
#6618 = LINE('',#6619,#6620);
#6619 = CARTESIAN_POINT('',(5.867942568621,-10.3967025,14.449999999999)
  );
#6620 = VECTOR('',#6621,1.);
#6621 = DIRECTION('',(-0.253131042469,0.967432000369,8.838023110641E-16)
  );
#6622 = ORIENTED_EDGE('',*,*,#6623,.T.);
#6623 = EDGE_CURVE('',#6616,#1421,#6624,.T.);
#6624 = LINE('',#6625,#6626);
#6625 = CARTESIAN_POINT('',(5.767788982149,-10.01392927882,
    14.449999999999));
#6626 = VECTOR('',#6627,1.);
#6627 = DIRECTION('',(3.491481338843E-15,-6.123233995737E-17,1.));
#6628 = PLANE('',#6629);
#6629 = AXIS2_PLACEMENT_3D('',#6630,#6631,#6632);
#6630 = CARTESIAN_POINT('',(5.867942568621,-10.3967025,14.449999999999)
  );
#6631 = DIRECTION('',(0.967432000369,0.253131042469,-3.362270969842E-15)
  );
#6632 = DIRECTION('',(0.253131042469,-0.967432000369,-8.838023110641E-16
    ));
#6633 = ADVANCED_FACE('',(#6634),#6652,.T.);
#6634 = FACE_BOUND('',#6635,.T.);
#6635 = EDGE_LOOP('',(#6636,#6637,#6638,#6646));
#6636 = ORIENTED_EDGE('',*,*,#1428,.F.);
#6637 = ORIENTED_EDGE('',*,*,#6623,.F.);
#6638 = ORIENTED_EDGE('',*,*,#6639,.T.);
#6639 = EDGE_CURVE('',#6616,#6640,#6642,.T.);
#6640 = VERTEX_POINT('',#6641);
#6641 = CARTESIAN_POINT('',(5.83479456986,-10.01392927882,
    14.449999999999));
#6642 = LINE('',#6643,#6644);
#6643 = CARTESIAN_POINT('',(5.767788982149,-10.01392927882,
    14.449999999999));
#6644 = VECTOR('',#6645,1.);
#6645 = DIRECTION('',(1.,-3.491481338843E-15,-3.491481338843E-15));
#6646 = ORIENTED_EDGE('',*,*,#6647,.T.);
#6647 = EDGE_CURVE('',#6640,#1429,#6648,.T.);
#6648 = LINE('',#6649,#6650);
#6649 = CARTESIAN_POINT('',(5.83479456986,-10.01392927882,
    14.449999999999));
#6650 = VECTOR('',#6651,1.);
#6651 = DIRECTION('',(3.491481338843E-15,-6.123233995737E-17,1.));
#6652 = PLANE('',#6653);
#6653 = AXIS2_PLACEMENT_3D('',#6654,#6655,#6656);
#6654 = CARTESIAN_POINT('',(5.767788982149,-10.01392927882,
    14.449999999999));
#6655 = DIRECTION('',(-3.491481338843E-15,-1.,-6.123233995736E-17));
#6656 = DIRECTION('',(-3.491481338843E-15,6.123233995737E-17,-1.));
#6657 = ADVANCED_FACE('',(#6658),#6676,.T.);
#6658 = FACE_BOUND('',#6659,.T.);
#6659 = EDGE_LOOP('',(#6660,#6661,#6662,#6670));
#6660 = ORIENTED_EDGE('',*,*,#1436,.F.);
#6661 = ORIENTED_EDGE('',*,*,#6647,.F.);
#6662 = ORIENTED_EDGE('',*,*,#6663,.T.);
#6663 = EDGE_CURVE('',#6640,#6664,#6666,.T.);
#6664 = VERTEX_POINT('',#6665);
#6665 = CARTESIAN_POINT('',(5.904435778267,-10.31033523717,
    14.449999999999));
#6666 = LINE('',#6667,#6668);
#6667 = CARTESIAN_POINT('',(5.83479456986,-10.01392927882,
    14.449999999999));
#6668 = VECTOR('',#6669,1.);
#6669 = DIRECTION('',(0.228723855574,-0.973491344539,-7.985850734844E-16
    ));
#6670 = ORIENTED_EDGE('',*,*,#6671,.T.);
#6671 = EDGE_CURVE('',#6664,#1437,#6672,.T.);
#6672 = LINE('',#6673,#6674);
#6673 = CARTESIAN_POINT('',(5.904435778267,-10.31033523717,
    14.449999999999));
#6674 = VECTOR('',#6675,1.);
#6675 = DIRECTION('',(3.491481338843E-15,-6.123233995737E-17,1.));
#6676 = PLANE('',#6677);
#6677 = AXIS2_PLACEMENT_3D('',#6678,#6679,#6680);
#6678 = CARTESIAN_POINT('',(5.83479456986,-10.01392927882,
    14.449999999999));
#6679 = DIRECTION('',(-0.973491344539,-0.228723855574,3.384921566101E-15
    ));
#6680 = DIRECTION('',(-0.228723855574,0.973491344539,7.985850734844E-16)
  );
#6681 = ADVANCED_FACE('',(#6682),#6700,.T.);
#6682 = FACE_BOUND('',#6683,.T.);
#6683 = EDGE_LOOP('',(#6684,#6685,#6686,#6694));
#6684 = ORIENTED_EDGE('',*,*,#1444,.F.);
#6685 = ORIENTED_EDGE('',*,*,#6671,.F.);
#6686 = ORIENTED_EDGE('',*,*,#6687,.T.);
#6687 = EDGE_CURVE('',#6664,#6688,#6690,.T.);
#6688 = VERTEX_POINT('',#6689);
#6689 = CARTESIAN_POINT('',(5.9995208634,-10.01392927882,14.449999999999
    ));
#6690 = LINE('',#6691,#6692);
#6691 = CARTESIAN_POINT('',(5.904435778267,-10.31033523717,
    14.449999999999));
#6692 = VECTOR('',#6693,1.);
#6693 = DIRECTION('',(0.305460981264,0.952204594047,-1.066511315829E-15)
  );
#6694 = ORIENTED_EDGE('',*,*,#6695,.T.);
#6695 = EDGE_CURVE('',#6688,#1445,#6696,.T.);
#6696 = LINE('',#6697,#6698);
#6697 = CARTESIAN_POINT('',(5.9995208634,-10.01392927882,14.449999999999
    ));
#6698 = VECTOR('',#6699,1.);
#6699 = DIRECTION('',(3.491481338843E-15,-6.123233995737E-17,1.));
#6700 = PLANE('',#6701);
#6701 = AXIS2_PLACEMENT_3D('',#6702,#6703,#6704);
#6702 = CARTESIAN_POINT('',(5.904435778267,-10.31033523717,
    14.449999999999));
#6703 = DIRECTION('',(0.952204594047,-0.305460981264,-3.343308661526E-15
    ));
#6704 = DIRECTION('',(-0.305460981264,-0.952204594047,1.066511315829E-15
    ));
#6705 = ADVANCED_FACE('',(#6706),#6724,.T.);
#6706 = FACE_BOUND('',#6707,.T.);
#6707 = EDGE_LOOP('',(#6708,#6709,#6710,#6718));
#6708 = ORIENTED_EDGE('',*,*,#1452,.F.);
#6709 = ORIENTED_EDGE('',*,*,#6695,.F.);
#6710 = ORIENTED_EDGE('',*,*,#6711,.T.);
#6711 = EDGE_CURVE('',#6688,#6712,#6714,.T.);
#6712 = VERTEX_POINT('',#6713);
#6713 = CARTESIAN_POINT('',(6.052334647359,-10.01392927882,
    14.449999999999));
#6714 = LINE('',#6715,#6716);
#6715 = CARTESIAN_POINT('',(5.9995208634,-10.01392927882,14.449999999999
    ));
#6716 = VECTOR('',#6717,1.);
#6717 = DIRECTION('',(1.,6.142732244617E-16,-3.491481338843E-15));
#6718 = ORIENTED_EDGE('',*,*,#6719,.T.);
#6719 = EDGE_CURVE('',#6712,#1453,#6720,.T.);
#6720 = LINE('',#6721,#6722);
#6721 = CARTESIAN_POINT('',(6.052334647359,-10.01392927882,
    14.449999999999));
#6722 = VECTOR('',#6723,1.);
#6723 = DIRECTION('',(3.491481338843E-15,-6.123233995737E-17,1.));
#6724 = PLANE('',#6725);
#6725 = AXIS2_PLACEMENT_3D('',#6726,#6727,#6728);
#6726 = CARTESIAN_POINT('',(5.9995208634,-10.01392927882,14.449999999999
    ));
#6727 = DIRECTION('',(6.142732244617E-16,-1.,-6.123233995737E-17));
#6728 = DIRECTION('',(-1.,-6.142732244617E-16,3.491481338843E-15));
#6729 = ADVANCED_FACE('',(#6730),#6748,.T.);
#6730 = FACE_BOUND('',#6731,.T.);
#6731 = EDGE_LOOP('',(#6732,#6733,#6734,#6742));
#6732 = ORIENTED_EDGE('',*,*,#1460,.F.);
#6733 = ORIENTED_EDGE('',*,*,#6719,.F.);
#6734 = ORIENTED_EDGE('',*,*,#6735,.T.);
#6735 = EDGE_CURVE('',#6712,#6736,#6738,.T.);
#6736 = VERTEX_POINT('',#6737);
#6737 = CARTESIAN_POINT('',(6.149751243108,-10.31033523717,
    14.449999999999));
#6738 = LINE('',#6739,#6740);
#6739 = CARTESIAN_POINT('',(6.052334647359,-10.01392927882,
    14.449999999999));
#6740 = VECTOR('',#6741,1.);
#6741 = DIRECTION('',(0.312228692984,-0.95000697012,-1.090140655006E-15)
  );
#6742 = ORIENTED_EDGE('',*,*,#6743,.T.);
#6743 = EDGE_CURVE('',#6736,#1461,#6744,.T.);
#6744 = LINE('',#6745,#6746);
#6745 = CARTESIAN_POINT('',(6.149751243108,-10.31033523717,
    14.449999999999));
#6746 = VECTOR('',#6747,1.);
#6747 = DIRECTION('',(3.491481338843E-15,-6.123233995737E-17,1.));
#6748 = PLANE('',#6749);
#6749 = AXIS2_PLACEMENT_3D('',#6750,#6751,#6752);
#6750 = CARTESIAN_POINT('',(6.052334647359,-10.01392927882,
    14.449999999999));
#6751 = DIRECTION('',(-0.95000697012,-0.312228692984,3.297813114473E-15)
  );
#6752 = DIRECTION('',(-0.312228692984,0.95000697012,1.090140655006E-15)
  );
#6753 = ADVANCED_FACE('',(#6754),#6765,.T.);
#6754 = FACE_BOUND('',#6755,.T.);
#6755 = EDGE_LOOP('',(#6756,#6757,#6758,#6764));
#6756 = ORIENTED_EDGE('',*,*,#1468,.F.);
#6757 = ORIENTED_EDGE('',*,*,#6743,.F.);
#6758 = ORIENTED_EDGE('',*,*,#6759,.T.);
#6759 = EDGE_CURVE('',#6736,#6464,#6760,.T.);
#6760 = LINE('',#6761,#6762);
#6761 = CARTESIAN_POINT('',(6.149751243108,-10.31033523717,
    14.449999999999));
#6762 = VECTOR('',#6763,1.);
#6763 = DIRECTION('',(0.209666107353,0.977773042903,-7.320453012108E-16)
  );
#6764 = ORIENTED_EDGE('',*,*,#6463,.T.);
#6765 = PLANE('',#6766);
#6766 = AXIS2_PLACEMENT_3D('',#6767,#6768,#6769);
#6767 = CARTESIAN_POINT('',(6.149751243108,-10.31033523717,
    14.449999999999));
#6768 = DIRECTION('',(0.977773042903,-0.209666107353,-3.426714679282E-15
    ));
#6769 = DIRECTION('',(-0.209666107353,-0.977773042903,7.320453012108E-16
    ));
#6770 = ADVANCED_FACE('',(#6771),#6786,.T.);
#6771 = FACE_BOUND('',#6772,.T.);
#6772 = EDGE_LOOP('',(#6773,#6774,#6775,#6776,#6777,#6778,#6779,#6780,
    #6781,#6782,#6783,#6784,#6785));
#6773 = ORIENTED_EDGE('',*,*,#6471,.F.);
#6774 = ORIENTED_EDGE('',*,*,#6759,.F.);
#6775 = ORIENTED_EDGE('',*,*,#6735,.F.);
#6776 = ORIENTED_EDGE('',*,*,#6711,.F.);
#6777 = ORIENTED_EDGE('',*,*,#6687,.F.);
#6778 = ORIENTED_EDGE('',*,*,#6663,.F.);
#6779 = ORIENTED_EDGE('',*,*,#6639,.F.);
#6780 = ORIENTED_EDGE('',*,*,#6615,.F.);
#6781 = ORIENTED_EDGE('',*,*,#6591,.F.);
#6782 = ORIENTED_EDGE('',*,*,#6567,.F.);
#6783 = ORIENTED_EDGE('',*,*,#6543,.F.);
#6784 = ORIENTED_EDGE('',*,*,#6519,.F.);
#6785 = ORIENTED_EDGE('',*,*,#6495,.F.);
#6786 = PLANE('',#6787);
#6787 = AXIS2_PLACEMENT_3D('',#6788,#6789,#6790);
#6788 = CARTESIAN_POINT('',(-1.000000000001,-11.5,14.449999999999));
#6789 = DIRECTION('',(3.491481338843E-15,0.,1.));
#6790 = DIRECTION('',(-3.491481338843E-15,-1.,1.219044193949E-29));
#6791 = ADVANCED_FACE('',(#6792),#6817,.T.);
#6792 = FACE_BOUND('',#6793,.T.);
#6793 = EDGE_LOOP('',(#6794,#6795,#6803,#6811));
#6794 = ORIENTED_EDGE('',*,*,#1773,.F.);
#6795 = ORIENTED_EDGE('',*,*,#6796,.F.);
#6796 = EDGE_CURVE('',#6797,#1774,#6799,.T.);
#6797 = VERTEX_POINT('',#6798);
#6798 = CARTESIAN_POINT('',(6.474946289062,-10.29938727427,
    14.449999999999));
#6799 = LINE('',#6800,#6801);
#6800 = CARTESIAN_POINT('',(6.474946289062,-10.29938727427,
    14.449999999999));
#6801 = VECTOR('',#6802,1.);
#6802 = DIRECTION('',(3.491481338843E-15,-6.123233995737E-17,1.));
#6803 = ORIENTED_EDGE('',*,*,#6804,.T.);
#6804 = EDGE_CURVE('',#6797,#6805,#6807,.T.);
#6805 = VERTEX_POINT('',#6806);
#6806 = CARTESIAN_POINT('',(6.474946289062,-10.3967025,14.449999999999)
  );
#6807 = LINE('',#6808,#6809);
#6808 = CARTESIAN_POINT('',(6.474946289062,-10.29938727427,
    14.449999999999));
#6809 = VECTOR('',#6810,1.);
#6810 = DIRECTION('',(-3.491481338843E-15,-1.,1.219044193949E-29));
#6811 = ORIENTED_EDGE('',*,*,#6812,.T.);
#6812 = EDGE_CURVE('',#6805,#1776,#6813,.T.);
#6813 = LINE('',#6814,#6815);
#6814 = CARTESIAN_POINT('',(6.474946289062,-10.3967025,14.449999999999)
  );
#6815 = VECTOR('',#6816,1.);
#6816 = DIRECTION('',(3.491481338843E-15,-6.123233995737E-17,1.));
#6817 = PLANE('',#6818);
#6818 = AXIS2_PLACEMENT_3D('',#6819,#6820,#6821);
#6819 = CARTESIAN_POINT('',(6.474946289062,-10.29938727427,
    14.449999999999));
#6820 = DIRECTION('',(-1.,3.491481338843E-15,3.491481338843E-15));
#6821 = DIRECTION('',(3.491481338843E-15,1.,-1.219044193949E-29));
#6822 = ADVANCED_FACE('',(#6823),#6841,.T.);
#6823 = FACE_BOUND('',#6824,.T.);
#6824 = EDGE_LOOP('',(#6825,#6826,#6827,#6835));
#6825 = ORIENTED_EDGE('',*,*,#1783,.F.);
#6826 = ORIENTED_EDGE('',*,*,#6812,.F.);
#6827 = ORIENTED_EDGE('',*,*,#6828,.T.);
#6828 = EDGE_CURVE('',#6805,#6829,#6831,.T.);
#6829 = VERTEX_POINT('',#6830);
#6830 = CARTESIAN_POINT('',(6.39060642677,-10.3967025,14.449999999999));
#6831 = LINE('',#6832,#6833);
#6832 = CARTESIAN_POINT('',(6.474946289062,-10.3967025,14.449999999999)
  );
#6833 = VECTOR('',#6834,1.);
#6834 = DIRECTION('',(-1.,9.204499356197E-16,3.491481338843E-15));
#6835 = ORIENTED_EDGE('',*,*,#6836,.T.);
#6836 = EDGE_CURVE('',#6829,#1784,#6837,.T.);
#6837 = LINE('',#6838,#6839);
#6838 = CARTESIAN_POINT('',(6.39060642677,-10.3967025,14.449999999999));
#6839 = VECTOR('',#6840,1.);
#6840 = DIRECTION('',(3.491481338843E-15,-6.123233995737E-17,1.));
#6841 = PLANE('',#6842);
#6842 = AXIS2_PLACEMENT_3D('',#6843,#6844,#6845);
#6843 = CARTESIAN_POINT('',(6.474946289062,-10.3967025,14.449999999999)
  );
#6844 = DIRECTION('',(9.204499356197E-16,1.,6.123233995736E-17));
#6845 = DIRECTION('',(1.,-9.204499356197E-16,-3.491481338843E-15));
#6846 = ADVANCED_FACE('',(#6847),#6865,.T.);
#6847 = FACE_BOUND('',#6848,.T.);
#6848 = EDGE_LOOP('',(#6849,#6850,#6851,#6859));
#6849 = ORIENTED_EDGE('',*,*,#1791,.F.);
#6850 = ORIENTED_EDGE('',*,*,#6836,.F.);
#6851 = ORIENTED_EDGE('',*,*,#6852,.T.);
#6852 = EDGE_CURVE('',#6829,#6853,#6855,.T.);
#6853 = VERTEX_POINT('',#6854);
#6854 = CARTESIAN_POINT('',(6.39060642677,-10.29938727427,
    14.449999999999));
#6855 = LINE('',#6856,#6857);
#6856 = CARTESIAN_POINT('',(6.39060642677,-10.3967025,14.449999999999));
#6857 = VECTOR('',#6858,1.);
#6858 = DIRECTION('',(3.491481338843E-15,1.,-1.219044193949E-29));
#6859 = ORIENTED_EDGE('',*,*,#6860,.T.);
#6860 = EDGE_CURVE('',#6853,#1792,#6861,.T.);
#6861 = LINE('',#6862,#6863);
#6862 = CARTESIAN_POINT('',(6.39060642677,-10.29938727427,
    14.449999999999));
#6863 = VECTOR('',#6864,1.);
#6864 = DIRECTION('',(3.491481338843E-15,-6.123233995737E-17,1.));
#6865 = PLANE('',#6866);
#6866 = AXIS2_PLACEMENT_3D('',#6867,#6868,#6869);
#6867 = CARTESIAN_POINT('',(6.39060642677,-10.3967025,14.449999999999));
#6868 = DIRECTION('',(1.,-3.491481338843E-15,-3.491481338843E-15));
#6869 = DIRECTION('',(-3.491481338843E-15,-1.,1.219044193949E-29));
#6870 = ADVANCED_FACE('',(#6871),#6882,.T.);
#6871 = FACE_BOUND('',#6872,.T.);
#6872 = EDGE_LOOP('',(#6873,#6874,#6875,#6881));
#6873 = ORIENTED_EDGE('',*,*,#1799,.F.);
#6874 = ORIENTED_EDGE('',*,*,#6860,.F.);
#6875 = ORIENTED_EDGE('',*,*,#6876,.T.);
#6876 = EDGE_CURVE('',#6853,#6797,#6877,.T.);
#6877 = LINE('',#6878,#6879);
#6878 = CARTESIAN_POINT('',(6.39060642677,-10.29938727427,
    14.449999999999));
#6879 = VECTOR('',#6880,1.);
#6880 = DIRECTION('',(1.,-3.491481338843E-15,-3.491481338843E-15));
#6881 = ORIENTED_EDGE('',*,*,#6796,.T.);
#6882 = PLANE('',#6883);
#6883 = AXIS2_PLACEMENT_3D('',#6884,#6885,#6886);
#6884 = CARTESIAN_POINT('',(6.39060642677,-10.29938727427,
    14.449999999999));
#6885 = DIRECTION('',(-3.491481338843E-15,-1.,-6.123233995736E-17));
#6886 = DIRECTION('',(-3.491481338843E-15,6.123233995737E-17,-1.));
#6887 = ADVANCED_FACE('',(#6888),#6894,.F.);
#6888 = FACE_BOUND('',#6889,.T.);
#6889 = EDGE_LOOP('',(#6890,#6891,#6892,#6893));
#6890 = ORIENTED_EDGE('',*,*,#6804,.F.);
#6891 = ORIENTED_EDGE('',*,*,#6876,.F.);
#6892 = ORIENTED_EDGE('',*,*,#6852,.F.);
#6893 = ORIENTED_EDGE('',*,*,#6828,.F.);
#6894 = PLANE('',#6895);
#6895 = AXIS2_PLACEMENT_3D('',#6896,#6897,#6898);
#6896 = CARTESIAN_POINT('',(-1.000000000001,-11.5,14.449999999999));
#6897 = DIRECTION('',(-3.491481338843E-15,0.,-1.));
#6898 = DIRECTION('',(3.491481338843E-15,1.,-1.219044193949E-29));
#6899 = ADVANCED_FACE('',(#6900),#6941,.T.);
#6900 = FACE_BOUND('',#6901,.T.);
#6901 = EDGE_LOOP('',(#6902,#6903,#6911,#6935));
#6902 = ORIENTED_EDGE('',*,*,#1240,.F.);
#6903 = ORIENTED_EDGE('',*,*,#6904,.F.);
#6904 = EDGE_CURVE('',#6905,#1241,#6907,.T.);
#6905 = VERTEX_POINT('',#6906);
#6906 = CARTESIAN_POINT('',(6.812204368204,-10.00095391539,
    14.449999999999));
#6907 = LINE('',#6908,#6909);
#6908 = CARTESIAN_POINT('',(6.812204368204,-10.00095391539,
    14.449999999999));
#6909 = VECTOR('',#6910,1.);
#6910 = DIRECTION('',(3.491481338843E-15,-6.123233995737E-17,1.));
#6911 = ORIENTED_EDGE('',*,*,#6912,.T.);
#6912 = EDGE_CURVE('',#6905,#6913,#6915,.T.);
#6913 = VERTEX_POINT('',#6914);
#6914 = CARTESIAN_POINT('',(6.955034735957,-10.19892957772,
    14.449999999999));
#6915 = B_SPLINE_CURVE_WITH_KNOTS('',3,(#6916,#6917,#6918,#6919,#6920,
    #6921,#6922,#6923,#6924,#6925,#6926,#6927,#6928,#6929,#6930,#6931,
    #6932,#6933,#6934),.UNSPECIFIED.,.F.,.F.,(4,1,1,1,1,1,1,1,1,1,1,1,1,
    1,1,1,4),(0.,5.976012706536E-02,0.116820874616,0.171630685376,
    0.225139641293,0.278473261681,0.332342517285,0.387576681131,
    0.444714694456,0.504198187039,0.56549679872,0.628988442782,
    0.69554580413,0.765720942581,0.839815090506,0.917807990261,1.),
  .UNSPECIFIED.);
#6916 = CARTESIAN_POINT('',(6.812204368204,-10.00095391539,
    14.449999999999));
#6917 = CARTESIAN_POINT('',(6.81768668884,-10.0011056914,14.449999999999
    ));
#6918 = CARTESIAN_POINT('',(6.828403692352,-10.00140238766,
    14.449999999999));
#6919 = CARTESIAN_POINT('',(6.844008425488,-10.00383489821,
    14.449999999999));
#6920 = CARTESIAN_POINT('',(6.858606383542,-10.00805939392,
    14.449999999999));
#6921 = CARTESIAN_POINT('',(6.872354449184,-10.01371173726,
    14.449999999999));
#6922 = CARTESIAN_POINT('',(6.885099352732,-10.02120696202,
    14.449999999999));
#6923 = CARTESIAN_POINT('',(6.896939127934,-10.03030504886,
    14.449999999999));
#6924 = CARTESIAN_POINT('',(6.907843396485,-10.04101622461,
    14.449999999999));
#6925 = CARTESIAN_POINT('',(6.917683277653,-10.05337343217,
    14.449999999999));
#6926 = CARTESIAN_POINT('',(6.926447397003,-10.06716730537,
    14.449999999999));
#6927 = CARTESIAN_POINT('',(6.934180193826,-10.08222093969,
    14.449999999999));
#6928 = CARTESIAN_POINT('',(6.940686169878,-10.09854842696,
    14.449999999999));
#6929 = CARTESIAN_POINT('',(6.945905912555,-10.11617384971,
    14.449999999999));
#6930 = CARTESIAN_POINT('',(6.950072762498,-10.13507191065,
    14.449999999999));
#6931 = CARTESIAN_POINT('',(6.952956217385,-10.15526676188,
    14.449999999999));
#6932 = CARTESIAN_POINT('',(6.954681871391,-10.17669928534,
    14.449999999999));
#6933 = CARTESIAN_POINT('',(6.954915076676,-10.19139110247,
    14.449999999999));
#6934 = CARTESIAN_POINT('',(6.955034735957,-10.19892957772,
    14.449999999999));
#6935 = ORIENTED_EDGE('',*,*,#6936,.T.);
#6936 = EDGE_CURVE('',#6913,#1243,#6937,.T.);
#6937 = LINE('',#6938,#6939);
#6938 = CARTESIAN_POINT('',(6.955034735957,-10.19892957772,
    14.449999999999));
#6939 = VECTOR('',#6940,1.);
#6940 = DIRECTION('',(3.491481338843E-15,-6.123233995737E-17,1.));
#6941 = B_SPLINE_SURFACE_WITH_KNOTS('',3,1,(
    (#6942,#6943)
    ,(#6944,#6945)
    ,(#6946,#6947)
    ,(#6948,#6949)
    ,(#6950,#6951)
    ,(#6952,#6953)
    ,(#6954,#6955)
    ,(#6956,#6957)
    ,(#6958,#6959)
    ,(#6960,#6961)
    ,(#6962,#6963)
    ,(#6964,#6965)
    ,(#6966,#6967)
    ,(#6968,#6969)
    ,(#6970,#6971)
    ,(#6972,#6973)
    ,(#6974,#6975)
    ,(#6976,#6977)
    ,(#6978,#6979
    )),.UNSPECIFIED.,.F.,.F.,.F.,(4,1,1,1,1,1,1,1,1,1,1,1,1,1,1,1,4),(2,
    2),(0.,5.976012706536E-02,0.116820874616,0.171630685376,
    0.225139641293,0.278473261681,0.332342517285,0.387576681131,
    0.444714694456,0.504198187039,0.56549679872,0.628988442782,
    0.69554580413,0.765720942581,0.839815090506,0.917807990261,1.),(0.,
    1.),.UNSPECIFIED.);
#6942 = CARTESIAN_POINT('',(6.812204368204,-10.00095391539,
    14.449999999999));
#6943 = CARTESIAN_POINT('',(6.812204368204,-10.00095391539,
    14.499999999999));
#6944 = CARTESIAN_POINT('',(6.81768668884,-10.0011056914,14.449999999999
    ));
#6945 = CARTESIAN_POINT('',(6.81768668884,-10.0011056914,14.499999999999
    ));
#6946 = CARTESIAN_POINT('',(6.828403692352,-10.00140238766,
    14.449999999999));
#6947 = CARTESIAN_POINT('',(6.828403692352,-10.00140238766,
    14.499999999999));
#6948 = CARTESIAN_POINT('',(6.844008425488,-10.00383489821,
    14.449999999999));
#6949 = CARTESIAN_POINT('',(6.844008425488,-10.00383489821,
    14.499999999999));
#6950 = CARTESIAN_POINT('',(6.858606383542,-10.00805939392,
    14.449999999999));
#6951 = CARTESIAN_POINT('',(6.858606383542,-10.00805939392,
    14.499999999999));
#6952 = CARTESIAN_POINT('',(6.872354449184,-10.01371173726,
    14.449999999999));
#6953 = CARTESIAN_POINT('',(6.872354449184,-10.01371173726,
    14.499999999999));
#6954 = CARTESIAN_POINT('',(6.885099352732,-10.02120696202,
    14.449999999999));
#6955 = CARTESIAN_POINT('',(6.885099352732,-10.02120696202,
    14.499999999999));
#6956 = CARTESIAN_POINT('',(6.896939127934,-10.03030504886,
    14.449999999999));
#6957 = CARTESIAN_POINT('',(6.896939127934,-10.03030504886,
    14.499999999999));
#6958 = CARTESIAN_POINT('',(6.907843396485,-10.04101622461,
    14.449999999999));
#6959 = CARTESIAN_POINT('',(6.907843396485,-10.04101622461,
    14.499999999999));
#6960 = CARTESIAN_POINT('',(6.917683277653,-10.05337343217,
    14.449999999999));
#6961 = CARTESIAN_POINT('',(6.917683277653,-10.05337343217,
    14.499999999999));
#6962 = CARTESIAN_POINT('',(6.926447397003,-10.06716730537,
    14.449999999999));
#6963 = CARTESIAN_POINT('',(6.926447397003,-10.06716730537,
    14.499999999999));
#6964 = CARTESIAN_POINT('',(6.934180193826,-10.08222093969,
    14.449999999999));
#6965 = CARTESIAN_POINT('',(6.934180193826,-10.08222093969,
    14.499999999999));
#6966 = CARTESIAN_POINT('',(6.940686169878,-10.09854842696,
    14.449999999999));
#6967 = CARTESIAN_POINT('',(6.940686169878,-10.09854842696,
    14.499999999999));
#6968 = CARTESIAN_POINT('',(6.945905912555,-10.11617384971,
    14.449999999999));
#6969 = CARTESIAN_POINT('',(6.945905912555,-10.11617384971,
    14.499999999999));
#6970 = CARTESIAN_POINT('',(6.950072762498,-10.13507191065,
    14.449999999999));
#6971 = CARTESIAN_POINT('',(6.950072762498,-10.13507191065,
    14.499999999999));
#6972 = CARTESIAN_POINT('',(6.952956217385,-10.15526676188,
    14.449999999999));
#6973 = CARTESIAN_POINT('',(6.952956217385,-10.15526676188,
    14.499999999999));
#6974 = CARTESIAN_POINT('',(6.954681871391,-10.17669928534,
    14.449999999999));
#6975 = CARTESIAN_POINT('',(6.954681871391,-10.17669928534,
    14.499999999999));
#6976 = CARTESIAN_POINT('',(6.954915076676,-10.19139110247,
    14.449999999999));
#6977 = CARTESIAN_POINT('',(6.954915076676,-10.19139110247,
    14.499999999999));
#6978 = CARTESIAN_POINT('',(6.955034735957,-10.19892957772,
    14.449999999999));
#6979 = CARTESIAN_POINT('',(6.955034735957,-10.19892957772,
    14.499999999999));
#6980 = ADVANCED_FACE('',(#6981),#7007,.T.);
#6981 = FACE_BOUND('',#6982,.T.);
#6982 = EDGE_LOOP('',(#6983,#6984,#6985,#7001));
#6983 = ORIENTED_EDGE('',*,*,#1266,.F.);
#6984 = ORIENTED_EDGE('',*,*,#6936,.F.);
#6985 = ORIENTED_EDGE('',*,*,#6986,.T.);
#6986 = EDGE_CURVE('',#6913,#6987,#6989,.T.);
#6987 = VERTEX_POINT('',#6988);
#6988 = CARTESIAN_POINT('',(6.905160682774,-10.34986954762,
    14.449999999999));
#6989 = B_SPLINE_CURVE_WITH_KNOTS('',3,(#6990,#6991,#6992,#6993,#6994,
    #6995,#6996,#6997,#6998,#6999,#7000),.UNSPECIFIED.,.F.,.F.,(4,1,1,1,
    1,1,1,1,4),(0.,0.141139607479,0.276779273369,0.407869866841,
    0.535092537951,0.657601552922,0.775388512515,0.888980183148,1.),
  .UNSPECIFIED.);
#6990 = CARTESIAN_POINT('',(6.955034735957,-10.19892957772,
    14.449999999999));
#6991 = CARTESIAN_POINT('',(6.954882276372,-10.20657218191,
    14.449999999999));
#6992 = CARTESIAN_POINT('',(6.954583298263,-10.22155957256,
    14.449999999999));
#6993 = CARTESIAN_POINT('',(6.952138950208,-10.24354235687,
    14.449999999999));
#6994 = CARTESIAN_POINT('',(6.947945827769,-10.2644757502,
    14.449999999999));
#6995 = CARTESIAN_POINT('',(6.942347264134,-10.28434549923,
    14.449999999999));
#6996 = CARTESIAN_POINT('',(6.935129907964,-10.30292254767,
    14.449999999999));
#6997 = CARTESIAN_POINT('',(6.926613901896,-10.32010438218,
    14.449999999999));
#6998 = CARTESIAN_POINT('',(6.916848018934,-10.33592929062,
    14.449999999999));
#6999 = CARTESIAN_POINT('',(6.909026609174,-10.34525840212,
    14.449999999999));
#7000 = CARTESIAN_POINT('',(6.905160682774,-10.34986954762,
    14.449999999999));
#7001 = ORIENTED_EDGE('',*,*,#7002,.T.);
#7002 = EDGE_CURVE('',#6987,#1267,#7003,.T.);
#7003 = LINE('',#7004,#7005);
#7004 = CARTESIAN_POINT('',(6.905160682774,-10.34986954762,
    14.449999999999));
#7005 = VECTOR('',#7006,1.);
#7006 = DIRECTION('',(3.491481338843E-15,-6.123233995737E-17,1.));
#7007 = B_SPLINE_SURFACE_WITH_KNOTS('',3,1,(
    (#7008,#7009)
    ,(#7010,#7011)
    ,(#7012,#7013)
    ,(#7014,#7015)
    ,(#7016,#7017)
    ,(#7018,#7019)
    ,(#7020,#7021)
    ,(#7022,#7023)
    ,(#7024,#7025)
    ,(#7026,#7027)
    ,(#7028,#7029
  )),.UNSPECIFIED.,.F.,.F.,.F.,(4,1,1,1,1,1,1,1,4),(2,2),(0.,
    0.141139607479,0.276779273369,0.407869866841,0.535092537951,
    0.657601552922,0.775388512515,0.888980183148,1.),(0.,1.),
  .UNSPECIFIED.);
#7008 = CARTESIAN_POINT('',(6.955034735957,-10.19892957772,
    14.449999999999));
#7009 = CARTESIAN_POINT('',(6.955034735957,-10.19892957772,
    14.499999999999));
#7010 = CARTESIAN_POINT('',(6.954882276372,-10.20657218191,
    14.449999999999));
#7011 = CARTESIAN_POINT('',(6.954882276372,-10.20657218191,
    14.499999999999));
#7012 = CARTESIAN_POINT('',(6.954583298263,-10.22155957256,
    14.449999999999));
#7013 = CARTESIAN_POINT('',(6.954583298263,-10.22155957256,
    14.499999999999));
#7014 = CARTESIAN_POINT('',(6.952138950208,-10.24354235687,
    14.449999999999));
#7015 = CARTESIAN_POINT('',(6.952138950208,-10.24354235687,
    14.499999999999));
#7016 = CARTESIAN_POINT('',(6.947945827769,-10.2644757502,
    14.449999999999));
#7017 = CARTESIAN_POINT('',(6.947945827769,-10.2644757502,
    14.499999999999));
#7018 = CARTESIAN_POINT('',(6.942347264134,-10.28434549923,
    14.449999999999));
#7019 = CARTESIAN_POINT('',(6.942347264134,-10.28434549923,
    14.499999999999));
#7020 = CARTESIAN_POINT('',(6.935129907964,-10.30292254767,
    14.449999999999));
#7021 = CARTESIAN_POINT('',(6.935129907964,-10.30292254767,
    14.499999999999));
#7022 = CARTESIAN_POINT('',(6.926613901896,-10.32010438218,
    14.449999999999));
#7023 = CARTESIAN_POINT('',(6.926613901896,-10.32010438218,
    14.499999999999));
#7024 = CARTESIAN_POINT('',(6.916848018934,-10.33592929062,
    14.449999999999));
#7025 = CARTESIAN_POINT('',(6.916848018934,-10.33592929062,
    14.499999999999));
#7026 = CARTESIAN_POINT('',(6.909026609174,-10.34525840212,
    14.449999999999));
#7027 = CARTESIAN_POINT('',(6.909026609174,-10.34525840212,
    14.499999999999));
#7028 = CARTESIAN_POINT('',(6.905160682774,-10.34986954762,
    14.449999999999));
#7029 = CARTESIAN_POINT('',(6.905160682774,-10.34986954762,
    14.499999999999));
#7030 = ADVANCED_FACE('',(#7031),#7057,.T.);
#7031 = FACE_BOUND('',#7032,.T.);
#7032 = EDGE_LOOP('',(#7033,#7034,#7035,#7051));
#7033 = ORIENTED_EDGE('',*,*,#1282,.F.);
#7034 = ORIENTED_EDGE('',*,*,#7002,.F.);
#7035 = ORIENTED_EDGE('',*,*,#7036,.T.);
#7036 = EDGE_CURVE('',#6987,#7037,#7039,.T.);
#7037 = VERTEX_POINT('',#7038);
#7038 = CARTESIAN_POINT('',(6.789700222256,-10.40319018171,
    14.449999999999));
#7039 = B_SPLINE_CURVE_WITH_KNOTS('',3,(#7040,#7041,#7042,#7043,#7044,
    #7045,#7046,#7047,#7048,#7049,#7050),.UNSPECIFIED.,.F.,.F.,(4,1,1,1,
    1,1,1,1,4),(0.,0.126797949907,0.251778883298,0.37588464807,
    0.501035108725,0.625886951774,0.749452557543,0.873839526368,1.),
  .UNSPECIFIED.);
#7040 = CARTESIAN_POINT('',(6.905160682774,-10.34986954762,
    14.449999999999));
#7041 = CARTESIAN_POINT('',(6.901384584175,-10.35393322994,
    14.449999999999));
#7042 = CARTESIAN_POINT('',(6.893886498525,-10.36200236197,
    14.449999999999));
#7043 = CARTESIAN_POINT('',(6.881351054245,-10.37269865203,
    14.449999999999));
#7044 = CARTESIAN_POINT('',(6.867761258867,-10.38186512189,
    14.449999999999));
#7045 = CARTESIAN_POINT('',(6.853295730075,-10.38956834623,
    14.449999999999));
#7046 = CARTESIAN_POINT('',(6.838097842546,-10.39563853076,
    14.449999999999));
#7047 = CARTESIAN_POINT('',(6.822377538413,-10.40006401874,
    14.449999999999));
#7048 = CARTESIAN_POINT('',(6.806171897338,-10.40261760459,
    14.449999999999));
#7049 = CARTESIAN_POINT('',(6.79521662964,-10.40299842413,
    14.449999999999));
#7050 = CARTESIAN_POINT('',(6.789700222256,-10.40319018171,
    14.449999999999));
#7051 = ORIENTED_EDGE('',*,*,#7052,.T.);
#7052 = EDGE_CURVE('',#7037,#1283,#7053,.T.);
#7053 = LINE('',#7054,#7055);
#7054 = CARTESIAN_POINT('',(6.789700222256,-10.40319018171,
    14.449999999999));
#7055 = VECTOR('',#7056,1.);
#7056 = DIRECTION('',(3.491481338843E-15,-6.123233995737E-17,1.));
#7057 = B_SPLINE_SURFACE_WITH_KNOTS('',3,1,(
    (#7058,#7059)
    ,(#7060,#7061)
    ,(#7062,#7063)
    ,(#7064,#7065)
    ,(#7066,#7067)
    ,(#7068,#7069)
    ,(#7070,#7071)
    ,(#7072,#7073)
    ,(#7074,#7075)
    ,(#7076,#7077)
    ,(#7078,#7079
  )),.UNSPECIFIED.,.F.,.F.,.F.,(4,1,1,1,1,1,1,1,4),(2,2),(0.,
    0.126797949907,0.251778883298,0.37588464807,0.501035108725,
    0.625886951774,0.749452557543,0.873839526368,1.),(0.,1.),
  .UNSPECIFIED.);
#7058 = CARTESIAN_POINT('',(6.905160682774,-10.34986954762,
    14.449999999999));
#7059 = CARTESIAN_POINT('',(6.905160682774,-10.34986954762,
    14.499999999999));
#7060 = CARTESIAN_POINT('',(6.901384584175,-10.35393322994,
    14.449999999999));
#7061 = CARTESIAN_POINT('',(6.901384584175,-10.35393322994,
    14.499999999999));
#7062 = CARTESIAN_POINT('',(6.893886498525,-10.36200236197,
    14.449999999999));
#7063 = CARTESIAN_POINT('',(6.893886498525,-10.36200236197,
    14.499999999999));
#7064 = CARTESIAN_POINT('',(6.881351054245,-10.37269865203,
    14.449999999999));
#7065 = CARTESIAN_POINT('',(6.881351054245,-10.37269865203,
    14.499999999999));
#7066 = CARTESIAN_POINT('',(6.867761258867,-10.38186512189,
    14.449999999999));
#7067 = CARTESIAN_POINT('',(6.867761258867,-10.38186512189,
    14.499999999999));
#7068 = CARTESIAN_POINT('',(6.853295730075,-10.38956834623,
    14.449999999999));
#7069 = CARTESIAN_POINT('',(6.853295730075,-10.38956834623,
    14.499999999999));
#7070 = CARTESIAN_POINT('',(6.838097842546,-10.39563853076,
    14.449999999999));
#7071 = CARTESIAN_POINT('',(6.838097842546,-10.39563853076,
    14.499999999999));
#7072 = CARTESIAN_POINT('',(6.822377538413,-10.40006401874,
    14.449999999999));
#7073 = CARTESIAN_POINT('',(6.822377538413,-10.40006401874,
    14.499999999999));
#7074 = CARTESIAN_POINT('',(6.806171897338,-10.40261760459,
    14.449999999999));
#7075 = CARTESIAN_POINT('',(6.806171897338,-10.40261760459,
    14.499999999999));
#7076 = CARTESIAN_POINT('',(6.79521662964,-10.40299842413,
    14.449999999999));
#7077 = CARTESIAN_POINT('',(6.79521662964,-10.40299842413,
    14.499999999999));
#7078 = CARTESIAN_POINT('',(6.789700222256,-10.40319018171,
    14.449999999999));
#7079 = CARTESIAN_POINT('',(6.789700222256,-10.40319018171,
    14.499999999999));
#7080 = ADVANCED_FACE('',(#7081),#7107,.T.);
#7081 = FACE_BOUND('',#7082,.T.);
#7082 = EDGE_LOOP('',(#7083,#7084,#7085,#7101));
#7083 = ORIENTED_EDGE('',*,*,#1298,.F.);
#7084 = ORIENTED_EDGE('',*,*,#7052,.F.);
#7085 = ORIENTED_EDGE('',*,*,#7086,.T.);
#7086 = EDGE_CURVE('',#7037,#7087,#7089,.T.);
#7087 = VERTEX_POINT('',#7088);
#7088 = CARTESIAN_POINT('',(6.68903978565,-10.37632712461,
    14.449999999999));
#7089 = B_SPLINE_CURVE_WITH_KNOTS('',3,(#7090,#7091,#7092,#7093,#7094,
    #7095,#7096,#7097,#7098,#7099,#7100),.UNSPECIFIED.,.F.,.F.,(4,1,1,1,
    1,1,1,1,4),(0.,0.134606393722,0.262949535815,0.386511201016,
    0.504938973376,0.622874352931,0.743699605813,0.869292842218,1.),
  .UNSPECIFIED.);
#7090 = CARTESIAN_POINT('',(6.789700222256,-10.40319018171,
    14.449999999999));
#7091 = CARTESIAN_POINT('',(6.78496682248,-10.40311668744,
    14.449999999999));
#7092 = CARTESIAN_POINT('',(6.775720268586,-10.4029731186,
    14.449999999999));
#7093 = CARTESIAN_POINT('',(6.762175792713,-10.40172439377,
    14.449999999999));
#7094 = CARTESIAN_POINT('',(6.74930003018,-10.3997311739,14.449999999999
    ));
#7095 = CARTESIAN_POINT('',(6.736961132623,-10.3968659063,
    14.449999999999));
#7096 = CARTESIAN_POINT('',(6.724978234632,-10.39306237243,
    14.449999999999));
#7097 = CARTESIAN_POINT('',(6.713082262563,-10.38829853789,
    14.449999999999));
#7098 = CARTESIAN_POINT('',(6.700955730922,-10.38290881275,
    14.449999999999));
#7099 = CARTESIAN_POINT('',(6.693064253211,-10.37855001082,
    14.449999999999));
#7100 = CARTESIAN_POINT('',(6.68903978565,-10.37632712461,
    14.449999999999));
#7101 = ORIENTED_EDGE('',*,*,#7102,.T.);
#7102 = EDGE_CURVE('',#7087,#1299,#7103,.T.);
#7103 = LINE('',#7104,#7105);
#7104 = CARTESIAN_POINT('',(6.68903978565,-10.37632712461,
    14.449999999999));
#7105 = VECTOR('',#7106,1.);
#7106 = DIRECTION('',(3.491481338843E-15,-6.123233995737E-17,1.));
#7107 = B_SPLINE_SURFACE_WITH_KNOTS('',3,1,(
    (#7108,#7109)
    ,(#7110,#7111)
    ,(#7112,#7113)
    ,(#7114,#7115)
    ,(#7116,#7117)
    ,(#7118,#7119)
    ,(#7120,#7121)
    ,(#7122,#7123)
    ,(#7124,#7125)
    ,(#7126,#7127)
    ,(#7128,#7129
  )),.UNSPECIFIED.,.F.,.F.,.F.,(4,1,1,1,1,1,1,1,4),(2,2),(0.,
    0.134606393722,0.262949535815,0.386511201016,0.504938973376,
    0.622874352931,0.743699605813,0.869292842218,1.),(0.,1.),
  .UNSPECIFIED.);
#7108 = CARTESIAN_POINT('',(6.789700222256,-10.40319018171,
    14.449999999999));
#7109 = CARTESIAN_POINT('',(6.789700222256,-10.40319018171,
    14.499999999999));
#7110 = CARTESIAN_POINT('',(6.78496682248,-10.40311668744,
    14.449999999999));
#7111 = CARTESIAN_POINT('',(6.78496682248,-10.40311668744,
    14.499999999999));
#7112 = CARTESIAN_POINT('',(6.775720268586,-10.4029731186,
    14.449999999999));
#7113 = CARTESIAN_POINT('',(6.775720268586,-10.4029731186,
    14.499999999999));
#7114 = CARTESIAN_POINT('',(6.762175792713,-10.40172439377,
    14.449999999999));
#7115 = CARTESIAN_POINT('',(6.762175792713,-10.40172439377,
    14.499999999999));
#7116 = CARTESIAN_POINT('',(6.74930003018,-10.3997311739,14.449999999999
    ));
#7117 = CARTESIAN_POINT('',(6.74930003018,-10.3997311739,14.499999999999
    ));
#7118 = CARTESIAN_POINT('',(6.736961132623,-10.3968659063,
    14.449999999999));
#7119 = CARTESIAN_POINT('',(6.736961132623,-10.3968659063,
    14.499999999999));
#7120 = CARTESIAN_POINT('',(6.724978234632,-10.39306237243,
    14.449999999999));
#7121 = CARTESIAN_POINT('',(6.724978234632,-10.39306237243,
    14.499999999999));
#7122 = CARTESIAN_POINT('',(6.713082262563,-10.38829853789,
    14.449999999999));
#7123 = CARTESIAN_POINT('',(6.713082262563,-10.38829853789,
    14.499999999999));
#7124 = CARTESIAN_POINT('',(6.700955730922,-10.38290881275,
    14.449999999999));
#7125 = CARTESIAN_POINT('',(6.700955730922,-10.38290881275,
    14.499999999999));
#7126 = CARTESIAN_POINT('',(6.693064253211,-10.37855001082,
    14.449999999999));
#7127 = CARTESIAN_POINT('',(6.693064253211,-10.37855001082,
    14.499999999999));
#7128 = CARTESIAN_POINT('',(6.68903978565,-10.37632712461,
    14.449999999999));
#7129 = CARTESIAN_POINT('',(6.68903978565,-10.37632712461,
    14.499999999999));
#7130 = ADVANCED_FACE('',(#7131),#7149,.T.);
#7131 = FACE_BOUND('',#7132,.T.);
#7132 = EDGE_LOOP('',(#7133,#7134,#7135,#7143));
#7133 = ORIENTED_EDGE('',*,*,#1314,.F.);
#7134 = ORIENTED_EDGE('',*,*,#7102,.F.);
#7135 = ORIENTED_EDGE('',*,*,#7136,.T.);
#7136 = EDGE_CURVE('',#7087,#7137,#7139,.T.);
#7137 = VERTEX_POINT('',#7138);
#7138 = CARTESIAN_POINT('',(6.68903978565,-10.53943149772,
    14.449999999999));
#7139 = LINE('',#7140,#7141);
#7140 = CARTESIAN_POINT('',(6.68903978565,-10.37632712461,
    14.449999999999));
#7141 = VECTOR('',#7142,1.);
#7142 = DIRECTION('',(1.777984870448E-14,-1.,-6.207800995915E-29));
#7143 = ORIENTED_EDGE('',*,*,#7144,.T.);
#7144 = EDGE_CURVE('',#7137,#1315,#7145,.T.);
#7145 = LINE('',#7146,#7147);
#7146 = CARTESIAN_POINT('',(6.68903978565,-10.53943149772,
    14.449999999999));
#7147 = VECTOR('',#7148,1.);
#7148 = DIRECTION('',(3.491481338843E-15,-6.123233995737E-17,1.));
#7149 = PLANE('',#7150);
#7150 = AXIS2_PLACEMENT_3D('',#7151,#7152,#7153);
#7151 = CARTESIAN_POINT('',(6.68903978565,-10.37632712461,
    14.449999999999));
#7152 = DIRECTION('',(-1.,-1.777984870448E-14,3.491481338843E-15));
#7153 = DIRECTION('',(-1.777984870448E-14,1.,6.207800995915E-29));
#7154 = ADVANCED_FACE('',(#7155),#7173,.T.);
#7155 = FACE_BOUND('',#7156,.T.);
#7156 = EDGE_LOOP('',(#7157,#7158,#7159,#7167));
#7157 = ORIENTED_EDGE('',*,*,#1322,.F.);
#7158 = ORIENTED_EDGE('',*,*,#7144,.F.);
#7159 = ORIENTED_EDGE('',*,*,#7160,.T.);
#7160 = EDGE_CURVE('',#7137,#7161,#7163,.T.);
#7161 = VERTEX_POINT('',#7162);
#7162 = CARTESIAN_POINT('',(6.624162968502,-10.53943149772,
    14.449999999999));
#7163 = LINE('',#7164,#7165);
#7164 = CARTESIAN_POINT('',(6.68903978565,-10.53943149772,
    14.449999999999));
#7165 = VECTOR('',#7166,1.);
#7166 = DIRECTION('',(-1.,1.491405146529E-16,3.491481338843E-15));
#7167 = ORIENTED_EDGE('',*,*,#7168,.T.);
#7168 = EDGE_CURVE('',#7161,#1323,#7169,.T.);
#7169 = LINE('',#7170,#7171);
#7170 = CARTESIAN_POINT('',(6.624162968502,-10.53943149772,
    14.449999999999));
#7171 = VECTOR('',#7172,1.);
#7172 = DIRECTION('',(3.491481338843E-15,-6.123233995737E-17,1.));
#7173 = PLANE('',#7174);
#7174 = AXIS2_PLACEMENT_3D('',#7175,#7176,#7177);
#7175 = CARTESIAN_POINT('',(6.68903978565,-10.53943149772,
    14.449999999999));
#7176 = DIRECTION('',(1.491405146529E-16,1.,6.123233995737E-17));
#7177 = DIRECTION('',(1.,-1.491405146529E-16,-3.491481338843E-15));
#7178 = ADVANCED_FACE('',(#7179),#7197,.T.);
#7179 = FACE_BOUND('',#7180,.T.);
#7180 = EDGE_LOOP('',(#7181,#7182,#7183,#7191));
#7181 = ORIENTED_EDGE('',*,*,#1330,.F.);
#7182 = ORIENTED_EDGE('',*,*,#7168,.F.);
#7183 = ORIENTED_EDGE('',*,*,#7184,.T.);
#7184 = EDGE_CURVE('',#7161,#7185,#7187,.T.);
#7185 = VERTEX_POINT('',#7186);
#7186 = CARTESIAN_POINT('',(6.624162968502,-10.01392927882,
    14.449999999999));
#7187 = LINE('',#7188,#7189);
#7188 = CARTESIAN_POINT('',(6.624162968502,-10.53943149772,
    14.449999999999));
#7189 = VECTOR('',#7190,1.);
#7190 = DIRECTION('',(3.491481338843E-15,1.,-1.219044193949E-29));
#7191 = ORIENTED_EDGE('',*,*,#7192,.T.);
#7192 = EDGE_CURVE('',#7185,#1331,#7193,.T.);
#7193 = LINE('',#7194,#7195);
#7194 = CARTESIAN_POINT('',(6.624162968502,-10.01392927882,
    14.449999999999));
#7195 = VECTOR('',#7196,1.);
#7196 = DIRECTION('',(3.491481338843E-15,-6.123233995737E-17,1.));
#7197 = PLANE('',#7198);
#7198 = AXIS2_PLACEMENT_3D('',#7199,#7200,#7201);
#7199 = CARTESIAN_POINT('',(6.624162968502,-10.53943149772,
    14.449999999999));
#7200 = DIRECTION('',(1.,-3.491481338843E-15,-3.491481338843E-15));
#7201 = DIRECTION('',(-3.491481338843E-15,-1.,1.219044193949E-29));
#7202 = ADVANCED_FACE('',(#7203),#7221,.T.);
#7203 = FACE_BOUND('',#7204,.T.);
#7204 = EDGE_LOOP('',(#7205,#7206,#7207,#7215));
#7205 = ORIENTED_EDGE('',*,*,#1338,.F.);
#7206 = ORIENTED_EDGE('',*,*,#7192,.F.);
#7207 = ORIENTED_EDGE('',*,*,#7208,.T.);
#7208 = EDGE_CURVE('',#7185,#7209,#7211,.T.);
#7209 = VERTEX_POINT('',#7210);
#7210 = CARTESIAN_POINT('',(6.68903978565,-10.01392927882,
    14.449999999999));
#7211 = LINE('',#7212,#7213);
#7212 = CARTESIAN_POINT('',(6.624162968502,-10.01392927882,
    14.449999999999));
#7213 = VECTOR('',#7214,1.);
#7214 = DIRECTION('',(1.,-3.491481338843E-15,-3.491481338843E-15));
#7215 = ORIENTED_EDGE('',*,*,#7216,.T.);
#7216 = EDGE_CURVE('',#7209,#1339,#7217,.T.);
#7217 = LINE('',#7218,#7219);
#7218 = CARTESIAN_POINT('',(6.68903978565,-10.01392927882,
    14.449999999999));
#7219 = VECTOR('',#7220,1.);
#7220 = DIRECTION('',(3.491481338843E-15,-6.123233995737E-17,1.));
#7221 = PLANE('',#7222);
#7222 = AXIS2_PLACEMENT_3D('',#7223,#7224,#7225);
#7223 = CARTESIAN_POINT('',(6.624162968502,-10.01392927882,
    14.449999999999));
#7224 = DIRECTION('',(-3.491481338843E-15,-1.,-6.123233995736E-17));
#7225 = DIRECTION('',(-3.491481338843E-15,6.123233995737E-17,-1.));
#7226 = ADVANCED_FACE('',(#7227),#7245,.T.);
#7227 = FACE_BOUND('',#7228,.T.);
#7228 = EDGE_LOOP('',(#7229,#7230,#7231,#7239));
#7229 = ORIENTED_EDGE('',*,*,#1346,.F.);
#7230 = ORIENTED_EDGE('',*,*,#7216,.F.);
#7231 = ORIENTED_EDGE('',*,*,#7232,.T.);
#7232 = EDGE_CURVE('',#7209,#7233,#7235,.T.);
#7233 = VERTEX_POINT('',#7234);
#7234 = CARTESIAN_POINT('',(6.68903978565,-10.05184166884,
    14.449999999999));
#7235 = LINE('',#7236,#7237);
#7236 = CARTESIAN_POINT('',(6.68903978565,-10.01392927882,
    14.449999999999));
#7237 = VECTOR('',#7238,1.);
#7238 = DIRECTION('',(-3.491481338843E-15,-1.,1.219044193949E-29));
#7239 = ORIENTED_EDGE('',*,*,#7240,.T.);
#7240 = EDGE_CURVE('',#7233,#1347,#7241,.T.);
#7241 = LINE('',#7242,#7243);
#7242 = CARTESIAN_POINT('',(6.68903978565,-10.05184166884,
    14.449999999999));
#7243 = VECTOR('',#7244,1.);
#7244 = DIRECTION('',(3.491481338843E-15,-6.123233995737E-17,1.));
#7245 = PLANE('',#7246);
#7246 = AXIS2_PLACEMENT_3D('',#7247,#7248,#7249);
#7247 = CARTESIAN_POINT('',(6.68903978565,-10.01392927882,
    14.449999999999));
#7248 = DIRECTION('',(-1.,3.491481338843E-15,3.491481338843E-15));
#7249 = DIRECTION('',(3.491481338843E-15,1.,-1.219044193949E-29));
#7250 = ADVANCED_FACE('',(#7251),#7270,.T.);
#7251 = FACE_BOUND('',#7252,.T.);
#7252 = EDGE_LOOP('',(#7253,#7254,#7255,#7269));
#7253 = ORIENTED_EDGE('',*,*,#1354,.F.);
#7254 = ORIENTED_EDGE('',*,*,#7240,.F.);
#7255 = ORIENTED_EDGE('',*,*,#7256,.T.);
#7256 = EDGE_CURVE('',#7233,#6905,#7257,.T.);
#7257 = B_SPLINE_CURVE_WITH_KNOTS('',3,(#7258,#7259,#7260,#7261,#7262,
    #7263,#7264,#7265,#7266,#7267,#7268),.UNSPECIFIED.,.F.,.F.,(4,1,1,1,
    1,1,1,1,4),(0.,0.12233457958,0.244823153139,0.368691295553,
    0.493899458303,0.619862545505,0.745055209045,0.871753408086,1.),
  .UNSPECIFIED.);
#7258 = CARTESIAN_POINT('',(6.68903978565,-10.05184166884,
    14.449999999999));
#7259 = CARTESIAN_POINT('',(6.693315916583,-10.04829815544,
    14.449999999999));
#7260 = CARTESIAN_POINT('',(6.701873561214,-10.04120666809,
    14.449999999999));
#7261 = CARTESIAN_POINT('',(6.715647377697,-10.03166975597,
    14.449999999999));
#7262 = CARTESIAN_POINT('',(6.730164671303,-10.02307332302,
    14.449999999999));
#7263 = CARTESIAN_POINT('',(6.745327304683,-10.01531580015,
    14.449999999999));
#7264 = CARTESIAN_POINT('',(6.761175045229,-10.00885616227,
    14.449999999999));
#7265 = CARTESIAN_POINT('',(6.777738237583,-10.0042965529,
    14.449999999999));
#7266 = CARTESIAN_POINT('',(6.794806678264,-10.00147203458,
    14.449999999999));
#7267 = CARTESIAN_POINT('',(6.8063817048,-10.00112731966,14.449999999999
    ));
#7268 = CARTESIAN_POINT('',(6.812204368204,-10.00095391539,
    14.449999999999));
#7269 = ORIENTED_EDGE('',*,*,#6904,.T.);
#7270 = B_SPLINE_SURFACE_WITH_KNOTS('',3,1,(
    (#7271,#7272)
    ,(#7273,#7274)
    ,(#7275,#7276)
    ,(#7277,#7278)
    ,(#7279,#7280)
    ,(#7281,#7282)
    ,(#7283,#7284)
    ,(#7285,#7286)
    ,(#7287,#7288)
    ,(#7289,#7290)
    ,(#7291,#7292
  )),.UNSPECIFIED.,.F.,.F.,.F.,(4,1,1,1,1,1,1,1,4),(2,2),(0.,
    0.12233457958,0.244823153139,0.368691295553,0.493899458303,
    0.619862545505,0.745055209045,0.871753408086,1.),(0.,1.),
  .UNSPECIFIED.);
#7271 = CARTESIAN_POINT('',(6.68903978565,-10.05184166884,
    14.449999999999));
#7272 = CARTESIAN_POINT('',(6.68903978565,-10.05184166884,
    14.499999999999));
#7273 = CARTESIAN_POINT('',(6.693315916583,-10.04829815544,
    14.449999999999));
#7274 = CARTESIAN_POINT('',(6.693315916583,-10.04829815544,
    14.499999999999));
#7275 = CARTESIAN_POINT('',(6.701873561214,-10.04120666809,
    14.449999999999));
#7276 = CARTESIAN_POINT('',(6.701873561214,-10.04120666809,
    14.499999999999));
#7277 = CARTESIAN_POINT('',(6.715647377697,-10.03166975597,
    14.449999999999));
#7278 = CARTESIAN_POINT('',(6.715647377697,-10.03166975597,
    14.499999999999));
#7279 = CARTESIAN_POINT('',(6.730164671303,-10.02307332302,
    14.449999999999));
#7280 = CARTESIAN_POINT('',(6.730164671303,-10.02307332302,
    14.499999999999));
#7281 = CARTESIAN_POINT('',(6.745327304683,-10.01531580015,
    14.449999999999));
#7282 = CARTESIAN_POINT('',(6.745327304683,-10.01531580015,
    14.499999999999));
#7283 = CARTESIAN_POINT('',(6.761175045229,-10.00885616227,
    14.449999999999));
#7284 = CARTESIAN_POINT('',(6.761175045229,-10.00885616227,
    14.499999999999));
#7285 = CARTESIAN_POINT('',(6.777738237583,-10.0042965529,
    14.449999999999));
#7286 = CARTESIAN_POINT('',(6.777738237583,-10.0042965529,
    14.499999999999));
#7287 = CARTESIAN_POINT('',(6.794806678264,-10.00147203458,
    14.449999999999));
#7288 = CARTESIAN_POINT('',(6.794806678264,-10.00147203458,
    14.499999999999));
#7289 = CARTESIAN_POINT('',(6.8063817048,-10.00112731966,14.449999999999
    ));
#7290 = CARTESIAN_POINT('',(6.8063817048,-10.00112731966,14.499999999999
    ));
#7291 = CARTESIAN_POINT('',(6.812204368204,-10.00095391539,
    14.449999999999));
#7292 = CARTESIAN_POINT('',(6.812204368204,-10.00095391539,
    14.499999999999));
#7293 = ADVANCED_FACE('',(#7294,#7384),#7396,.T.);
#7294 = FACE_BOUND('',#7295,.T.);
#7295 = EDGE_LOOP('',(#7296,#7314,#7322,#7338,#7362));
#7296 = ORIENTED_EDGE('',*,*,#7297,.F.);
#7297 = EDGE_CURVE('',#7298,#7300,#7302,.T.);
#7298 = VERTEX_POINT('',#7299);
#7299 = CARTESIAN_POINT('',(6.68903978565,-10.3233106006,14.449999999999
    ));
#7300 = VERTEX_POINT('',#7301);
#7301 = CARTESIAN_POINT('',(6.778752259362,-10.34480104628,
    14.449999999999));
#7302 = B_SPLINE_CURVE_WITH_KNOTS('',3,(#7303,#7304,#7305,#7306,#7307,
    #7308,#7309,#7310,#7311,#7312,#7313),.UNSPECIFIED.,.F.,.F.,(4,1,1,1,
    1,1,1,1,4),(0.,0.151484567842,0.290320249924,0.414909947851,
    0.52762801659,0.636258714077,0.751532271949,0.872637229553,1.),
  .UNSPECIFIED.);
#7303 = CARTESIAN_POINT('',(6.68903978565,-10.3233106006,14.449999999999
    ));
#7304 = CARTESIAN_POINT('',(6.693306277227,-10.32529612704,
    14.449999999999));
#7305 = CARTESIAN_POINT('',(6.701483010466,-10.32910138947,
    14.449999999999));
#7306 = CARTESIAN_POINT('',(6.713559918478,-10.33360274309,
    14.449999999999));
#7307 = CARTESIAN_POINT('',(6.724519910236,-10.33765481324,
    14.449999999999));
#7308 = CARTESIAN_POINT('',(6.734911571758,-10.34043520349,
    14.449999999999));
#7309 = CARTESIAN_POINT('',(6.745184221843,-10.34239422464,
    14.449999999999));
#7310 = CARTESIAN_POINT('',(6.755807979772,-10.34382095032,
    14.449999999999));
#7311 = CARTESIAN_POINT('',(6.767082816746,-10.34460781664,
    14.449999999999));
#7312 = CARTESIAN_POINT('',(6.774797677318,-10.34473556393,
    14.449999999999));
#7313 = CARTESIAN_POINT('',(6.778752259362,-10.34480104628,
    14.449999999999));
#7314 = ORIENTED_EDGE('',*,*,#7315,.F.);
#7315 = EDGE_CURVE('',#7316,#7298,#7318,.T.);
#7316 = VERTEX_POINT('',#7317);
#7317 = CARTESIAN_POINT('',(6.68903978565,-10.10343901248,
    14.449999999999));
#7318 = LINE('',#7319,#7320);
#7319 = CARTESIAN_POINT('',(6.68903978565,-10.10343901248,
    14.449999999999));
#7320 = VECTOR('',#7321,1.);
#7321 = DIRECTION('',(-3.491481338843E-15,-1.,1.219044193949E-29));
#7322 = ORIENTED_EDGE('',*,*,#7323,.F.);
#7323 = EDGE_CURVE('',#7324,#7316,#7326,.T.);
#7324 = VERTEX_POINT('',#7325);
#7325 = CARTESIAN_POINT('',(6.796086533944,-10.05934305083,
    14.449999999999));
#7326 = B_SPLINE_CURVE_WITH_KNOTS('',3,(#7327,#7328,#7329,#7330,#7331,
    #7332,#7333,#7334,#7335,#7336,#7337),.UNSPECIFIED.,.F.,.F.,(4,1,1,1,
    1,1,1,1,4),(0.,0.115389569551,0.232307122701,0.352680803953,
    0.477399317245,0.605473192716,0.734108804725,0.866019786901,1.),
  .UNSPECIFIED.);
#7327 = CARTESIAN_POINT('',(6.796086533944,-10.05934305083,
    14.449999999999));
#7328 = CARTESIAN_POINT('',(6.79154738683,-10.05946156093,
    14.449999999999));
#7329 = CARTESIAN_POINT('',(6.782408985416,-10.05970015045,
    14.449999999999));
#7330 = CARTESIAN_POINT('',(6.76874371238,-10.06224102139,
    14.449999999999));
#7331 = CARTESIAN_POINT('',(6.754979271831,-10.06590501654,
    14.449999999999));
#7332 = CARTESIAN_POINT('',(6.741358350948,-10.07141016748,
    14.449999999999));
#7333 = CARTESIAN_POINT('',(6.727861320933,-10.07794711927,
    14.449999999999));
#7334 = CARTESIAN_POINT('',(6.714624791267,-10.08557445726,
    14.449999999999));
#7335 = CARTESIAN_POINT('',(6.701506523749,-10.09386261418,
    14.449999999999));
#7336 = CARTESIAN_POINT('',(6.693216869063,-10.10023036125,
    14.449999999999));
#7337 = CARTESIAN_POINT('',(6.68903978565,-10.10343901248,
    14.449999999999));
#7338 = ORIENTED_EDGE('',*,*,#7339,.F.);
#7339 = EDGE_CURVE('',#7340,#7324,#7342,.T.);
#7340 = VERTEX_POINT('',#7341);
#7341 = CARTESIAN_POINT('',(6.890157918809,-10.19892957772,
    14.449999999999));
#7342 = B_SPLINE_CURVE_WITH_KNOTS('',3,(#7343,#7344,#7345,#7346,#7347,
    #7348,#7349,#7350,#7351,#7352,#7353,#7354,#7355,#7356,#7357,#7358,
    #7359,#7360,#7361),.UNSPECIFIED.,.F.,.F.,(4,1,1,1,1,1,1,1,1,1,1,1,1,
    1,1,1,4),(0.,8.902215839325E-02,0.171831786038,0.249759942413,
    0.322491259269,0.389818740908,0.453144716325,0.51263896323,
    0.56842577559,0.621719673546,0.67341787886,0.724386267716,
    0.775637427535,0.82787831891,0.882238382888,0.939551163926,1.),
  .UNSPECIFIED.);
#7343 = CARTESIAN_POINT('',(6.890157918809,-10.19892957772,
    14.449999999999));
#7344 = CARTESIAN_POINT('',(6.890066011238,-10.19325172891,
    14.449999999999));
#7345 = CARTESIAN_POINT('',(6.889888609991,-10.18229226759,
    14.449999999999));
#7346 = CARTESIAN_POINT('',(6.888928067347,-10.1663808493,
    14.449999999999));
#7347 = CARTESIAN_POINT('',(6.887096812504,-10.15159385986,
    14.449999999999));
#7348 = CARTESIAN_POINT('',(6.884619205994,-10.13790075624,
    14.449999999999));
#7349 = CARTESIAN_POINT('',(6.881349253003,-10.12533709329,
    14.449999999999));
#7350 = CARTESIAN_POINT('',(6.877475887834,-10.11382289355,
    14.449999999999));
#7351 = CARTESIAN_POINT('',(6.872659986343,-10.10348079979,
    14.449999999999));
#7352 = CARTESIAN_POINT('',(6.867335744581,-10.09411226842,
    14.449999999999));
#7353 = CARTESIAN_POINT('',(6.861066121454,-10.08596168279,
    14.449999999999));
#7354 = CARTESIAN_POINT('',(6.854166217339,-10.07876205221,
    14.449999999999));
#7355 = CARTESIAN_POINT('',(6.846380483194,-10.07271566555,
    14.449999999999));
#7356 = CARTESIAN_POINT('',(6.837776633927,-10.06786268228,
    14.449999999999));
#7357 = CARTESIAN_POINT('',(6.828472936513,-10.06394236756,
    14.449999999999));
#7358 = CARTESIAN_POINT('',(6.818345244604,-10.06124047322,
    14.449999999999));
#7359 = CARTESIAN_POINT('',(6.807460805349,-10.05959152793,
    14.449999999999));
#7360 = CARTESIAN_POINT('',(6.799944677253,-10.05942733405,
    14.449999999999));
#7361 = CARTESIAN_POINT('',(6.796086533944,-10.05934305083,
    14.449999999999));
#7362 = ORIENTED_EDGE('',*,*,#7363,.F.);
#7363 = EDGE_CURVE('',#7300,#7340,#7364,.T.);
#7364 = B_SPLINE_CURVE_WITH_KNOTS('',3,(#7365,#7366,#7367,#7368,#7369,
    #7370,#7371,#7372,#7373,#7374,#7375,#7376,#7377,#7378,#7379,#7380,
    #7381,#7382,#7383),.UNSPECIFIED.,.F.,.F.,(4,1,1,1,1,1,1,1,1,1,1,1,1,
    1,1,1,4),(0.,6.143167166735E-02,0.119973175146,0.175723635901,
    0.230443579587,0.283814101776,0.33743953602,0.391593095613,
    0.447121900627,0.50441442965,0.563920305554,0.626332494779,
    0.692716658723,0.762180499967,0.83656583403,0.915713627902,1.),
  .UNSPECIFIED.);
#7365 = CARTESIAN_POINT('',(6.778752259362,-10.34480104628,
    14.449999999999));
#7366 = CARTESIAN_POINT('',(6.783015863326,-10.34468255055,
    14.449999999999));
#7367 = CARTESIAN_POINT('',(6.791342482008,-10.34445113396,
    14.449999999999));
#7368 = CARTESIAN_POINT('',(6.803436798113,-10.34270032025,
    14.449999999999));
#7369 = CARTESIAN_POINT('',(6.814838204778,-10.3398723145,
    14.449999999999));
#7370 = CARTESIAN_POINT('',(6.825496345375,-10.33582701009,
    14.449999999999));
#7371 = CARTESIAN_POINT('',(6.835430800729,-10.33056551306,
    14.449999999999));
#7372 = CARTESIAN_POINT('',(6.844734774753,-10.32430969774,
    14.449999999999));
#7373 = CARTESIAN_POINT('',(6.853166442013,-10.31669308792,
    14.449999999999));
#7374 = CARTESIAN_POINT('',(6.86091115185,-10.30804956615,
    14.449999999999));
#7375 = CARTESIAN_POINT('',(6.867831546085,-10.29826426876,
    14.449999999999));
#7376 = CARTESIAN_POINT('',(6.873815119883,-10.28733726604,
    14.449999999999));
#7377 = CARTESIAN_POINT('',(6.878903803412,-10.27527979337,
    14.449999999999));
#7378 = CARTESIAN_POINT('',(6.882985062077,-10.2621246204,
    14.449999999999));
#7379 = CARTESIAN_POINT('',(6.88625151008,-10.24789552929,
    14.449999999999));
#7380 = CARTESIAN_POINT('',(6.888564204631,-10.2325817409,
    14.449999999999));
#7381 = CARTESIAN_POINT('',(6.889832550685,-10.2161163896,
    14.449999999999));
#7382 = CARTESIAN_POINT('',(6.890047213015,-10.20477735293,
    14.449999999999));
#7383 = CARTESIAN_POINT('',(6.890157918809,-10.19892957772,
    14.449999999999));
#7384 = FACE_BOUND('',#7385,.T.);
#7385 = EDGE_LOOP('',(#7386,#7387,#7388,#7389,#7390,#7391,#7392,#7393,
    #7394,#7395));
#7386 = ORIENTED_EDGE('',*,*,#6912,.F.);
#7387 = ORIENTED_EDGE('',*,*,#7256,.F.);
#7388 = ORIENTED_EDGE('',*,*,#7232,.F.);
#7389 = ORIENTED_EDGE('',*,*,#7208,.F.);
#7390 = ORIENTED_EDGE('',*,*,#7184,.F.);
#7391 = ORIENTED_EDGE('',*,*,#7160,.F.);
#7392 = ORIENTED_EDGE('',*,*,#7136,.F.);
#7393 = ORIENTED_EDGE('',*,*,#7086,.F.);
#7394 = ORIENTED_EDGE('',*,*,#7036,.F.);
#7395 = ORIENTED_EDGE('',*,*,#6986,.F.);
#7396 = PLANE('',#7397);
#7397 = AXIS2_PLACEMENT_3D('',#7398,#7399,#7400);
#7398 = CARTESIAN_POINT('',(6.925565931367,-10.06614812252,
    14.449999999999));
#7399 = DIRECTION('',(1.970285103736E-12,2.532481534336E-11,1.));
#7400 = DIRECTION('',(-3.491481338755E-15,-1.,2.532481534336E-11));
#7401 = ADVANCED_FACE('',(#7402),#7443,.T.);
#7402 = FACE_BOUND('',#7403,.T.);
#7403 = EDGE_LOOP('',(#7404,#7430,#7436,#7437));
#7404 = ORIENTED_EDGE('',*,*,#7405,.F.);
#7405 = EDGE_CURVE('',#7406,#7408,#7410,.T.);
#7406 = VERTEX_POINT('',#7407);
#7407 = CARTESIAN_POINT('',(6.778752259362,-10.34480104628,
    14.499999999999));
#7408 = VERTEX_POINT('',#7409);
#7409 = CARTESIAN_POINT('',(6.890157918809,-10.19892957772,
    14.500000000003));
#7410 = B_SPLINE_CURVE_WITH_KNOTS('',3,(#7411,#7412,#7413,#7414,#7415,
    #7416,#7417,#7418,#7419,#7420,#7421,#7422,#7423,#7424,#7425,#7426,
    #7427,#7428,#7429),.UNSPECIFIED.,.F.,.F.,(4,1,1,1,1,1,1,1,1,1,1,1,1,
    1,1,1,4),(0.,6.143167166735E-02,0.119973175146,0.175723635901,
    0.230443579587,0.283814101776,0.33743953602,0.391593095613,
    0.447121900627,0.50441442965,0.563920305554,0.626332494779,
    0.692716658723,0.762180499967,0.83656583403,0.915713627902,1.),
  .UNSPECIFIED.);
#7411 = CARTESIAN_POINT('',(6.778752259362,-10.34480104628,
    14.499999999999));
#7412 = CARTESIAN_POINT('',(6.783015863326,-10.34468255055,
    14.499999999999));
#7413 = CARTESIAN_POINT('',(6.791342482008,-10.34445113396,
    14.499999999999));
#7414 = CARTESIAN_POINT('',(6.803436798113,-10.34270032025,
    14.499999999999));
#7415 = CARTESIAN_POINT('',(6.814838204778,-10.3398723145,
    14.499999999999));
#7416 = CARTESIAN_POINT('',(6.825496345375,-10.33582701009,
    14.499999999999));
#7417 = CARTESIAN_POINT('',(6.835430800729,-10.33056551306,
    14.499999999999));
#7418 = CARTESIAN_POINT('',(6.844734774753,-10.32430969774,
    14.499999999999));
#7419 = CARTESIAN_POINT('',(6.853166442013,-10.31669308792,
    14.499999999999));
#7420 = CARTESIAN_POINT('',(6.86091115185,-10.30804956615,
    14.499999999999));
#7421 = CARTESIAN_POINT('',(6.867831546085,-10.29826426876,
    14.499999999999));
#7422 = CARTESIAN_POINT('',(6.873815119883,-10.28733726604,
    14.499999999999));
#7423 = CARTESIAN_POINT('',(6.878903803412,-10.27527979337,
    14.499999999999));
#7424 = CARTESIAN_POINT('',(6.882985062077,-10.2621246204,
    14.499999999999));
#7425 = CARTESIAN_POINT('',(6.88625151008,-10.24789552929,
    14.499999999999));
#7426 = CARTESIAN_POINT('',(6.888564204631,-10.2325817409,
    14.499999999999));
#7427 = CARTESIAN_POINT('',(6.889832550685,-10.2161163896,
    14.499999999999));
#7428 = CARTESIAN_POINT('',(6.890047213015,-10.20477735293,
    14.499999999999));
#7429 = CARTESIAN_POINT('',(6.890157918809,-10.19892957772,
    14.500000000003));
#7430 = ORIENTED_EDGE('',*,*,#7431,.F.);
#7431 = EDGE_CURVE('',#7300,#7406,#7432,.T.);
#7432 = LINE('',#7433,#7434);
#7433 = CARTESIAN_POINT('',(6.778752259362,-10.34480104628,
    14.449999999999));
#7434 = VECTOR('',#7435,1.);
#7435 = DIRECTION('',(3.491481338843E-15,-6.123233995737E-17,1.));
#7436 = ORIENTED_EDGE('',*,*,#7363,.T.);
#7437 = ORIENTED_EDGE('',*,*,#7438,.T.);
#7438 = EDGE_CURVE('',#7340,#7408,#7439,.T.);
#7439 = LINE('',#7440,#7441);
#7440 = CARTESIAN_POINT('',(6.890157918809,-10.19892957772,
    14.449999999999));
#7441 = VECTOR('',#7442,1.);
#7442 = DIRECTION('',(3.491481338843E-15,-6.123233995737E-17,1.));
#7443 = B_SPLINE_SURFACE_WITH_KNOTS('',3,1,(
    (#7444,#7445)
    ,(#7446,#7447)
    ,(#7448,#7449)
    ,(#7450,#7451)
    ,(#7452,#7453)
    ,(#7454,#7455)
    ,(#7456,#7457)
    ,(#7458,#7459)
    ,(#7460,#7461)
    ,(#7462,#7463)
    ,(#7464,#7465)
    ,(#7466,#7467)
    ,(#7468,#7469)
    ,(#7470,#7471)
    ,(#7472,#7473)
    ,(#7474,#7475)
    ,(#7476,#7477)
    ,(#7478,#7479)
    ,(#7480,#7481
    )),.UNSPECIFIED.,.F.,.F.,.F.,(4,1,1,1,1,1,1,1,1,1,1,1,1,1,1,1,4),(2,
    2),(0.,6.143167166735E-02,0.119973175146,0.175723635901,
    0.230443579587,0.283814101776,0.33743953602,0.391593095613,
    0.447121900627,0.50441442965,0.563920305554,0.626332494779,
    0.692716658723,0.762180499967,0.83656583403,0.915713627902,1.),(0.,
    1.),.UNSPECIFIED.);
#7444 = CARTESIAN_POINT('',(6.778752259362,-10.34480104628,
    14.449999999999));
#7445 = CARTESIAN_POINT('',(6.778752259362,-10.34480104628,
    14.499999999999));
#7446 = CARTESIAN_POINT('',(6.783015863326,-10.34468255055,
    14.449999999999));
#7447 = CARTESIAN_POINT('',(6.783015863326,-10.34468255055,
    14.499999999999));
#7448 = CARTESIAN_POINT('',(6.791342482008,-10.34445113396,
    14.449999999999));
#7449 = CARTESIAN_POINT('',(6.791342482008,-10.34445113396,
    14.499999999999));
#7450 = CARTESIAN_POINT('',(6.803436798113,-10.34270032025,
    14.449999999999));
#7451 = CARTESIAN_POINT('',(6.803436798113,-10.34270032025,
    14.499999999999));
#7452 = CARTESIAN_POINT('',(6.814838204778,-10.3398723145,
    14.449999999999));
#7453 = CARTESIAN_POINT('',(6.814838204778,-10.3398723145,
    14.499999999999));
#7454 = CARTESIAN_POINT('',(6.825496345375,-10.33582701009,
    14.449999999999));
#7455 = CARTESIAN_POINT('',(6.825496345375,-10.33582701009,
    14.499999999999));
#7456 = CARTESIAN_POINT('',(6.835430800729,-10.33056551306,
    14.449999999999));
#7457 = CARTESIAN_POINT('',(6.835430800729,-10.33056551306,
    14.499999999999));
#7458 = CARTESIAN_POINT('',(6.844734774753,-10.32430969774,
    14.449999999999));
#7459 = CARTESIAN_POINT('',(6.844734774753,-10.32430969774,
    14.499999999999));
#7460 = CARTESIAN_POINT('',(6.853166442013,-10.31669308792,
    14.449999999999));
#7461 = CARTESIAN_POINT('',(6.853166442013,-10.31669308792,
    14.499999999999));
#7462 = CARTESIAN_POINT('',(6.86091115185,-10.30804956615,
    14.449999999999));
#7463 = CARTESIAN_POINT('',(6.86091115185,-10.30804956615,
    14.499999999999));
#7464 = CARTESIAN_POINT('',(6.867831546085,-10.29826426876,
    14.449999999999));
#7465 = CARTESIAN_POINT('',(6.867831546085,-10.29826426876,
    14.499999999999));
#7466 = CARTESIAN_POINT('',(6.873815119883,-10.28733726604,
    14.449999999999));
#7467 = CARTESIAN_POINT('',(6.873815119883,-10.28733726604,
    14.499999999999));
#7468 = CARTESIAN_POINT('',(6.878903803412,-10.27527979337,
    14.449999999999));
#7469 = CARTESIAN_POINT('',(6.878903803412,-10.27527979337,
    14.499999999999));
#7470 = CARTESIAN_POINT('',(6.882985062077,-10.2621246204,
    14.449999999999));
#7471 = CARTESIAN_POINT('',(6.882985062077,-10.2621246204,
    14.499999999999));
#7472 = CARTESIAN_POINT('',(6.88625151008,-10.24789552929,
    14.449999999999));
#7473 = CARTESIAN_POINT('',(6.88625151008,-10.24789552929,
    14.499999999999));
#7474 = CARTESIAN_POINT('',(6.888564204631,-10.2325817409,
    14.449999999999));
#7475 = CARTESIAN_POINT('',(6.888564204631,-10.2325817409,
    14.499999999999));
#7476 = CARTESIAN_POINT('',(6.889832550685,-10.2161163896,
    14.449999999999));
#7477 = CARTESIAN_POINT('',(6.889832550685,-10.2161163896,
    14.499999999999));
#7478 = CARTESIAN_POINT('',(6.890047213015,-10.20477735293,
    14.449999999999));
#7479 = CARTESIAN_POINT('',(6.890047213015,-10.20477735293,
    14.499999999999));
#7480 = CARTESIAN_POINT('',(6.890157918809,-10.19892957772,
    14.449999999999));
#7481 = CARTESIAN_POINT('',(6.890157918809,-10.19892957772,
    14.499999999999));
#7482 = ADVANCED_FACE('',(#7483),#7509,.T.);
#7483 = FACE_BOUND('',#7484,.T.);
#7484 = EDGE_LOOP('',(#7485,#7501,#7507,#7508));
#7485 = ORIENTED_EDGE('',*,*,#7486,.F.);
#7486 = EDGE_CURVE('',#7487,#7406,#7489,.T.);
#7487 = VERTEX_POINT('',#7488);
#7488 = CARTESIAN_POINT('',(6.68903978565,-10.3233106006,14.499999999999
    ));
#7489 = B_SPLINE_CURVE_WITH_KNOTS('',3,(#7490,#7491,#7492,#7493,#7494,
    #7495,#7496,#7497,#7498,#7499,#7500),.UNSPECIFIED.,.F.,.F.,(4,1,1,1,
    1,1,1,1,4),(0.,0.151484567842,0.290320249924,0.414909947851,
    0.52762801659,0.636258714077,0.751532271949,0.872637229553,1.),
  .UNSPECIFIED.);
#7490 = CARTESIAN_POINT('',(6.68903978565,-10.3233106006,14.499999999999
    ));
#7491 = CARTESIAN_POINT('',(6.693306277227,-10.32529612704,
    14.499999999999));
#7492 = CARTESIAN_POINT('',(6.701483010466,-10.32910138947,
    14.499999999999));
#7493 = CARTESIAN_POINT('',(6.713559918478,-10.33360274309,
    14.499999999999));
#7494 = CARTESIAN_POINT('',(6.724519910236,-10.33765481324,
    14.499999999999));
#7495 = CARTESIAN_POINT('',(6.734911571758,-10.34043520349,
    14.499999999999));
#7496 = CARTESIAN_POINT('',(6.745184221843,-10.34239422464,
    14.499999999999));
#7497 = CARTESIAN_POINT('',(6.755807979772,-10.34382095032,
    14.499999999999));
#7498 = CARTESIAN_POINT('',(6.767082816746,-10.34460781664,
    14.499999999999));
#7499 = CARTESIAN_POINT('',(6.774797677318,-10.34473556393,
    14.499999999999));
#7500 = CARTESIAN_POINT('',(6.778752259362,-10.34480104628,
    14.499999999999));
#7501 = ORIENTED_EDGE('',*,*,#7502,.F.);
#7502 = EDGE_CURVE('',#7298,#7487,#7503,.T.);
#7503 = LINE('',#7504,#7505);
#7504 = CARTESIAN_POINT('',(6.68903978565,-10.3233106006,14.449999999999
    ));
#7505 = VECTOR('',#7506,1.);
#7506 = DIRECTION('',(3.491481338843E-15,-6.123233995737E-17,1.));
#7507 = ORIENTED_EDGE('',*,*,#7297,.T.);
#7508 = ORIENTED_EDGE('',*,*,#7431,.T.);
#7509 = B_SPLINE_SURFACE_WITH_KNOTS('',3,1,(
    (#7510,#7511)
    ,(#7512,#7513)
    ,(#7514,#7515)
    ,(#7516,#7517)
    ,(#7518,#7519)
    ,(#7520,#7521)
    ,(#7522,#7523)
    ,(#7524,#7525)
    ,(#7526,#7527)
    ,(#7528,#7529)
    ,(#7530,#7531
  )),.UNSPECIFIED.,.F.,.F.,.F.,(4,1,1,1,1,1,1,1,4),(2,2),(0.,
    0.151484567842,0.290320249924,0.414909947851,0.52762801659,
    0.636258714077,0.751532271949,0.872637229553,1.),(0.,1.),
  .UNSPECIFIED.);
#7510 = CARTESIAN_POINT('',(6.68903978565,-10.3233106006,14.449999999999
    ));
#7511 = CARTESIAN_POINT('',(6.68903978565,-10.3233106006,14.499999999999
    ));
#7512 = CARTESIAN_POINT('',(6.693306277227,-10.32529612704,
    14.449999999999));
#7513 = CARTESIAN_POINT('',(6.693306277227,-10.32529612704,
    14.499999999999));
#7514 = CARTESIAN_POINT('',(6.701483010466,-10.32910138947,
    14.449999999999));
#7515 = CARTESIAN_POINT('',(6.701483010466,-10.32910138947,
    14.499999999999));
#7516 = CARTESIAN_POINT('',(6.713559918478,-10.33360274309,
    14.449999999999));
#7517 = CARTESIAN_POINT('',(6.713559918478,-10.33360274309,
    14.499999999999));
#7518 = CARTESIAN_POINT('',(6.724519910236,-10.33765481324,
    14.449999999999));
#7519 = CARTESIAN_POINT('',(6.724519910236,-10.33765481324,
    14.499999999999));
#7520 = CARTESIAN_POINT('',(6.734911571758,-10.34043520349,
    14.449999999999));
#7521 = CARTESIAN_POINT('',(6.734911571758,-10.34043520349,
    14.499999999999));
#7522 = CARTESIAN_POINT('',(6.745184221843,-10.34239422464,
    14.449999999999));
#7523 = CARTESIAN_POINT('',(6.745184221843,-10.34239422464,
    14.499999999999));
#7524 = CARTESIAN_POINT('',(6.755807979772,-10.34382095032,
    14.449999999999));
#7525 = CARTESIAN_POINT('',(6.755807979772,-10.34382095032,
    14.499999999999));
#7526 = CARTESIAN_POINT('',(6.767082816746,-10.34460781664,
    14.449999999999));
#7527 = CARTESIAN_POINT('',(6.767082816746,-10.34460781664,
    14.499999999999));
#7528 = CARTESIAN_POINT('',(6.774797677318,-10.34473556393,
    14.449999999999));
#7529 = CARTESIAN_POINT('',(6.774797677318,-10.34473556393,
    14.499999999999));
#7530 = CARTESIAN_POINT('',(6.778752259362,-10.34480104628,
    14.449999999999));
#7531 = CARTESIAN_POINT('',(6.778752259362,-10.34480104628,
    14.499999999999));
#7532 = ADVANCED_FACE('',(#7533),#7551,.T.);
#7533 = FACE_BOUND('',#7534,.T.);
#7534 = EDGE_LOOP('',(#7535,#7543,#7549,#7550));
#7535 = ORIENTED_EDGE('',*,*,#7536,.F.);
#7536 = EDGE_CURVE('',#7537,#7487,#7539,.T.);
#7537 = VERTEX_POINT('',#7538);
#7538 = CARTESIAN_POINT('',(6.68903978565,-10.10343901248,
    14.499999999999));
#7539 = LINE('',#7540,#7541);
#7540 = CARTESIAN_POINT('',(6.68903978565,-10.10343901248,
    14.499999999999));
#7541 = VECTOR('',#7542,1.);
#7542 = DIRECTION('',(-3.491481338843E-15,-1.,1.219044193949E-29));
#7543 = ORIENTED_EDGE('',*,*,#7544,.F.);
#7544 = EDGE_CURVE('',#7316,#7537,#7545,.T.);
#7545 = LINE('',#7546,#7547);
#7546 = CARTESIAN_POINT('',(6.68903978565,-10.10343901248,
    14.449999999999));
#7547 = VECTOR('',#7548,1.);
#7548 = DIRECTION('',(3.491481338843E-15,-6.123233995737E-17,1.));
#7549 = ORIENTED_EDGE('',*,*,#7315,.T.);
#7550 = ORIENTED_EDGE('',*,*,#7502,.T.);
#7551 = PLANE('',#7552);
#7552 = AXIS2_PLACEMENT_3D('',#7553,#7554,#7555);
#7553 = CARTESIAN_POINT('',(6.68903978565,-10.10343901248,
    14.449999999999));
#7554 = DIRECTION('',(-1.,3.491481338843E-15,3.491481338843E-15));
#7555 = DIRECTION('',(3.491481338843E-15,1.,-1.219044193949E-29));
#7556 = ADVANCED_FACE('',(#7557),#7583,.T.);
#7557 = FACE_BOUND('',#7558,.T.);
#7558 = EDGE_LOOP('',(#7559,#7575,#7581,#7582));
#7559 = ORIENTED_EDGE('',*,*,#7560,.F.);
#7560 = EDGE_CURVE('',#7561,#7537,#7563,.T.);
#7561 = VERTEX_POINT('',#7562);
#7562 = CARTESIAN_POINT('',(6.796086533944,-10.05934305083,
    14.499999999999));
#7563 = B_SPLINE_CURVE_WITH_KNOTS('',3,(#7564,#7565,#7566,#7567,#7568,
    #7569,#7570,#7571,#7572,#7573,#7574),.UNSPECIFIED.,.F.,.F.,(4,1,1,1,
    1,1,1,1,4),(0.,0.115389569551,0.232307122701,0.352680803953,
    0.477399317245,0.605473192716,0.734108804725,0.866019786901,1.),
  .UNSPECIFIED.);
#7564 = CARTESIAN_POINT('',(6.796086533944,-10.05934305083,
    14.499999999999));
#7565 = CARTESIAN_POINT('',(6.79154738683,-10.05946156093,
    14.499999999999));
#7566 = CARTESIAN_POINT('',(6.782408985416,-10.05970015045,
    14.499999999999));
#7567 = CARTESIAN_POINT('',(6.76874371238,-10.06224102139,
    14.499999999999));
#7568 = CARTESIAN_POINT('',(6.754979271831,-10.06590501654,
    14.499999999999));
#7569 = CARTESIAN_POINT('',(6.741358350948,-10.07141016748,
    14.499999999999));
#7570 = CARTESIAN_POINT('',(6.727861320933,-10.07794711927,
    14.499999999999));
#7571 = CARTESIAN_POINT('',(6.714624791267,-10.08557445726,
    14.499999999999));
#7572 = CARTESIAN_POINT('',(6.701506523749,-10.09386261418,
    14.499999999999));
#7573 = CARTESIAN_POINT('',(6.693216869063,-10.10023036125,
    14.499999999999));
#7574 = CARTESIAN_POINT('',(6.68903978565,-10.10343901248,
    14.499999999999));
#7575 = ORIENTED_EDGE('',*,*,#7576,.F.);
#7576 = EDGE_CURVE('',#7324,#7561,#7577,.T.);
#7577 = LINE('',#7578,#7579);
#7578 = CARTESIAN_POINT('',(6.796086533944,-10.05934305083,
    14.449999999999));
#7579 = VECTOR('',#7580,1.);
#7580 = DIRECTION('',(3.491481338843E-15,-6.123233995737E-17,1.));
#7581 = ORIENTED_EDGE('',*,*,#7323,.T.);
#7582 = ORIENTED_EDGE('',*,*,#7544,.T.);
#7583 = B_SPLINE_SURFACE_WITH_KNOTS('',3,1,(
    (#7584,#7585)
    ,(#7586,#7587)
    ,(#7588,#7589)
    ,(#7590,#7591)
    ,(#7592,#7593)
    ,(#7594,#7595)
    ,(#7596,#7597)
    ,(#7598,#7599)
    ,(#7600,#7601)
    ,(#7602,#7603)
    ,(#7604,#7605
  )),.UNSPECIFIED.,.F.,.F.,.F.,(4,1,1,1,1,1,1,1,4),(2,2),(0.,
    0.115389569551,0.232307122701,0.352680803953,0.477399317245,
    0.605473192716,0.734108804725,0.866019786901,1.),(0.,1.),
  .UNSPECIFIED.);
#7584 = CARTESIAN_POINT('',(6.796086533944,-10.05934305083,
    14.449999999999));
#7585 = CARTESIAN_POINT('',(6.796086533944,-10.05934305083,
    14.499999999999));
#7586 = CARTESIAN_POINT('',(6.79154738683,-10.05946156093,
    14.449999999999));
#7587 = CARTESIAN_POINT('',(6.79154738683,-10.05946156093,
    14.499999999999));
#7588 = CARTESIAN_POINT('',(6.782408985416,-10.05970015045,
    14.449999999999));
#7589 = CARTESIAN_POINT('',(6.782408985416,-10.05970015045,
    14.499999999999));
#7590 = CARTESIAN_POINT('',(6.76874371238,-10.06224102139,
    14.449999999999));
#7591 = CARTESIAN_POINT('',(6.76874371238,-10.06224102139,
    14.499999999999));
#7592 = CARTESIAN_POINT('',(6.754979271831,-10.06590501654,
    14.449999999999));
#7593 = CARTESIAN_POINT('',(6.754979271831,-10.06590501654,
    14.499999999999));
#7594 = CARTESIAN_POINT('',(6.741358350948,-10.07141016748,
    14.449999999999));
#7595 = CARTESIAN_POINT('',(6.741358350948,-10.07141016748,
    14.499999999999));
#7596 = CARTESIAN_POINT('',(6.727861320933,-10.07794711927,
    14.449999999999));
#7597 = CARTESIAN_POINT('',(6.727861320933,-10.07794711927,
    14.499999999999));
#7598 = CARTESIAN_POINT('',(6.714624791267,-10.08557445726,
    14.449999999999));
#7599 = CARTESIAN_POINT('',(6.714624791267,-10.08557445726,
    14.499999999999));
#7600 = CARTESIAN_POINT('',(6.701506523749,-10.09386261418,
    14.449999999999));
#7601 = CARTESIAN_POINT('',(6.701506523749,-10.09386261418,
    14.499999999999));
#7602 = CARTESIAN_POINT('',(6.693216869063,-10.10023036125,
    14.449999999999));
#7603 = CARTESIAN_POINT('',(6.693216869063,-10.10023036125,
    14.499999999999));
#7604 = CARTESIAN_POINT('',(6.68903978565,-10.10343901248,
    14.449999999999));
#7605 = CARTESIAN_POINT('',(6.68903978565,-10.10343901248,
    14.499999999999));
#7606 = ADVANCED_FACE('',(#7607),#7634,.T.);
#7607 = FACE_BOUND('',#7608,.T.);
#7608 = EDGE_LOOP('',(#7609,#7631,#7632,#7633));
#7609 = ORIENTED_EDGE('',*,*,#7610,.F.);
#7610 = EDGE_CURVE('',#7408,#7561,#7611,.T.);
#7611 = B_SPLINE_CURVE_WITH_KNOTS('',3,(#7612,#7613,#7614,#7615,#7616,
    #7617,#7618,#7619,#7620,#7621,#7622,#7623,#7624,#7625,#7626,#7627,
    #7628,#7629,#7630),.UNSPECIFIED.,.F.,.F.,(4,1,1,1,1,1,1,1,1,1,1,1,1,
    1,1,1,4),(0.,8.902215839325E-02,0.171831786038,0.249759942413,
    0.322491259269,0.389818740908,0.453144716325,0.51263896323,
    0.56842577559,0.621719673546,0.67341787886,0.724386267716,
    0.775637427535,0.82787831891,0.882238382888,0.939551163926,1.),
  .UNSPECIFIED.);
#7612 = CARTESIAN_POINT('',(6.890157918809,-10.19892957772,
    14.500000000003));
#7613 = CARTESIAN_POINT('',(6.890066011238,-10.19325172891,
    14.499999999999));
#7614 = CARTESIAN_POINT('',(6.889888609991,-10.18229226759,
    14.499999999999));
#7615 = CARTESIAN_POINT('',(6.888928067347,-10.1663808493,
    14.499999999999));
#7616 = CARTESIAN_POINT('',(6.887096812504,-10.15159385986,
    14.499999999999));
#7617 = CARTESIAN_POINT('',(6.884619205994,-10.13790075624,
    14.499999999999));
#7618 = CARTESIAN_POINT('',(6.881349253003,-10.12533709329,
    14.499999999999));
#7619 = CARTESIAN_POINT('',(6.877475887834,-10.11382289355,
    14.499999999999));
#7620 = CARTESIAN_POINT('',(6.872659986343,-10.10348079979,
    14.499999999999));
#7621 = CARTESIAN_POINT('',(6.867335744581,-10.09411226842,
    14.499999999999));
#7622 = CARTESIAN_POINT('',(6.861066121454,-10.08596168279,
    14.499999999999));
#7623 = CARTESIAN_POINT('',(6.854166217339,-10.07876205221,
    14.499999999999));
#7624 = CARTESIAN_POINT('',(6.846380483194,-10.07271566555,
    14.499999999999));
#7625 = CARTESIAN_POINT('',(6.837776633927,-10.06786268228,
    14.499999999999));
#7626 = CARTESIAN_POINT('',(6.828472936513,-10.06394236756,
    14.499999999999));
#7627 = CARTESIAN_POINT('',(6.818345244604,-10.06124047322,
    14.499999999999));
#7628 = CARTESIAN_POINT('',(6.807460805349,-10.05959152793,
    14.499999999999));
#7629 = CARTESIAN_POINT('',(6.799944677253,-10.05942733405,
    14.499999999999));
#7630 = CARTESIAN_POINT('',(6.796086533944,-10.05934305083,
    14.499999999999));
#7631 = ORIENTED_EDGE('',*,*,#7438,.F.);
#7632 = ORIENTED_EDGE('',*,*,#7339,.T.);
#7633 = ORIENTED_EDGE('',*,*,#7576,.T.);
#7634 = B_SPLINE_SURFACE_WITH_KNOTS('',3,1,(
    (#7635,#7636)
    ,(#7637,#7638)
    ,(#7639,#7640)
    ,(#7641,#7642)
    ,(#7643,#7644)
    ,(#7645,#7646)
    ,(#7647,#7648)
    ,(#7649,#7650)
    ,(#7651,#7652)
    ,(#7653,#7654)
    ,(#7655,#7656)
    ,(#7657,#7658)
    ,(#7659,#7660)
    ,(#7661,#7662)
    ,(#7663,#7664)
    ,(#7665,#7666)
    ,(#7667,#7668)
    ,(#7669,#7670)
    ,(#7671,#7672
    )),.UNSPECIFIED.,.F.,.F.,.F.,(4,1,1,1,1,1,1,1,1,1,1,1,1,1,1,1,4),(2,
    2),(0.,8.902215839325E-02,0.171831786038,0.249759942413,
    0.322491259269,0.389818740908,0.453144716325,0.51263896323,
    0.56842577559,0.621719673546,0.67341787886,0.724386267716,
    0.775637427535,0.82787831891,0.882238382888,0.939551163926,1.),(0.,
    1.),.UNSPECIFIED.);
#7635 = CARTESIAN_POINT('',(6.890157918809,-10.19892957772,
    14.449999999999));
#7636 = CARTESIAN_POINT('',(6.890157918809,-10.19892957772,
    14.499999999999));
#7637 = CARTESIAN_POINT('',(6.890066011238,-10.19325172891,
    14.449999999999));
#7638 = CARTESIAN_POINT('',(6.890066011238,-10.19325172891,
    14.499999999999));
#7639 = CARTESIAN_POINT('',(6.889888609991,-10.18229226759,
    14.449999999999));
#7640 = CARTESIAN_POINT('',(6.889888609991,-10.18229226759,
    14.499999999999));
#7641 = CARTESIAN_POINT('',(6.888928067347,-10.1663808493,
    14.449999999999));
#7642 = CARTESIAN_POINT('',(6.888928067347,-10.1663808493,
    14.499999999999));
#7643 = CARTESIAN_POINT('',(6.887096812504,-10.15159385986,
    14.449999999999));
#7644 = CARTESIAN_POINT('',(6.887096812504,-10.15159385986,
    14.499999999999));
#7645 = CARTESIAN_POINT('',(6.884619205994,-10.13790075624,
    14.449999999999));
#7646 = CARTESIAN_POINT('',(6.884619205994,-10.13790075624,
    14.499999999999));
#7647 = CARTESIAN_POINT('',(6.881349253003,-10.12533709329,
    14.449999999999));
#7648 = CARTESIAN_POINT('',(6.881349253003,-10.12533709329,
    14.499999999999));
#7649 = CARTESIAN_POINT('',(6.877475887834,-10.11382289355,
    14.449999999999));
#7650 = CARTESIAN_POINT('',(6.877475887834,-10.11382289355,
    14.499999999999));
#7651 = CARTESIAN_POINT('',(6.872659986343,-10.10348079979,
    14.449999999999));
#7652 = CARTESIAN_POINT('',(6.872659986343,-10.10348079979,
    14.499999999999));
#7653 = CARTESIAN_POINT('',(6.867335744581,-10.09411226842,
    14.449999999999));
#7654 = CARTESIAN_POINT('',(6.867335744581,-10.09411226842,
    14.499999999999));
#7655 = CARTESIAN_POINT('',(6.861066121454,-10.08596168279,
    14.449999999999));
#7656 = CARTESIAN_POINT('',(6.861066121454,-10.08596168279,
    14.499999999999));
#7657 = CARTESIAN_POINT('',(6.854166217339,-10.07876205221,
    14.449999999999));
#7658 = CARTESIAN_POINT('',(6.854166217339,-10.07876205221,
    14.499999999999));
#7659 = CARTESIAN_POINT('',(6.846380483194,-10.07271566555,
    14.449999999999));
#7660 = CARTESIAN_POINT('',(6.846380483194,-10.07271566555,
    14.499999999999));
#7661 = CARTESIAN_POINT('',(6.837776633927,-10.06786268228,
    14.449999999999));
#7662 = CARTESIAN_POINT('',(6.837776633927,-10.06786268228,
    14.499999999999));
#7663 = CARTESIAN_POINT('',(6.828472936513,-10.06394236756,
    14.449999999999));
#7664 = CARTESIAN_POINT('',(6.828472936513,-10.06394236756,
    14.499999999999));
#7665 = CARTESIAN_POINT('',(6.818345244604,-10.06124047322,
    14.449999999999));
#7666 = CARTESIAN_POINT('',(6.818345244604,-10.06124047322,
    14.499999999999));
#7667 = CARTESIAN_POINT('',(6.807460805349,-10.05959152793,
    14.449999999999));
#7668 = CARTESIAN_POINT('',(6.807460805349,-10.05959152793,
    14.499999999999));
#7669 = CARTESIAN_POINT('',(6.799944677253,-10.05942733405,
    14.449999999999));
#7670 = CARTESIAN_POINT('',(6.799944677253,-10.05942733405,
    14.499999999999));
#7671 = CARTESIAN_POINT('',(6.796086533944,-10.05934305083,
    14.449999999999));
#7672 = CARTESIAN_POINT('',(6.796086533944,-10.05934305083,
    14.499999999999));
#7673 = ADVANCED_FACE('',(#7674),#7681,.F.);
#7674 = FACE_BOUND('',#7675,.T.);
#7675 = EDGE_LOOP('',(#7676,#7677,#7678,#7679,#7680));
#7676 = ORIENTED_EDGE('',*,*,#7405,.T.);
#7677 = ORIENTED_EDGE('',*,*,#7610,.T.);
#7678 = ORIENTED_EDGE('',*,*,#7560,.T.);
#7679 = ORIENTED_EDGE('',*,*,#7536,.T.);
#7680 = ORIENTED_EDGE('',*,*,#7486,.T.);
#7681 = PLANE('',#7682);
#7682 = AXIS2_PLACEMENT_3D('',#7683,#7684,#7685);
#7683 = CARTESIAN_POINT('',(11.499999999999,-11.5,14.499999999999));
#7684 = DIRECTION('',(-3.491481338843E-15,0.,-1.));
#7685 = DIRECTION('',(3.491481338843E-15,1.,-1.219044193949E-29));
#7686 = ADVANCED_FACE('',(#7687),#7728,.T.);
#7687 = FACE_BOUND('',#7688,.T.);
#7688 = EDGE_LOOP('',(#7689,#7690,#7698,#7722));
#7689 = ORIENTED_EDGE('',*,*,#1807,.F.);
#7690 = ORIENTED_EDGE('',*,*,#7691,.F.);
#7691 = EDGE_CURVE('',#7692,#1808,#7694,.T.);
#7692 = VERTEX_POINT('',#7693);
#7693 = CARTESIAN_POINT('',(7.208257062887,-10.00095391539,
    14.449999999999));
#7694 = LINE('',#7695,#7696);
#7695 = CARTESIAN_POINT('',(7.208257062887,-10.00095391539,
    14.449999999999));
#7696 = VECTOR('',#7697,1.);
#7697 = DIRECTION('',(3.491481338843E-15,-6.123233995737E-17,1.));
#7698 = ORIENTED_EDGE('',*,*,#7699,.T.);
#7699 = EDGE_CURVE('',#7692,#7700,#7702,.T.);
#7700 = VERTEX_POINT('',#7701);
#7701 = CARTESIAN_POINT('',(7.383221729133,-10.20551862946,
    14.449999999999));
#7702 = B_SPLINE_CURVE_WITH_KNOTS('',3,(#7703,#7704,#7705,#7706,#7707,
    #7708,#7709,#7710,#7711,#7712,#7713,#7714,#7715,#7716,#7717,#7718,
    #7719,#7720,#7721),.UNSPECIFIED.,.F.,.F.,(4,1,1,1,1,1,1,1,1,1,1,1,1,
    1,1,1,4),(0.,6.413182673187E-02,0.125487406905,0.184575589996,
    0.242113839961,0.298978398778,0.355627099908,0.412970483506,
    0.471742096013,0.531687352324,0.591967037736,0.653764853713,
    0.717237701099,0.783213416352,0.8517485028,0.924207197476,1.),
  .UNSPECIFIED.);
#7703 = CARTESIAN_POINT('',(7.208257062887,-10.00095391539,
    14.449999999999));
#7704 = CARTESIAN_POINT('',(7.214754998402,-10.00108264117,
    14.449999999999));
#7705 = CARTESIAN_POINT('',(7.227469575853,-10.00133452022,
    14.449999999999));
#7706 = CARTESIAN_POINT('',(7.245997825004,-10.00409718332,
    14.449999999999));
#7707 = CARTESIAN_POINT('',(7.263545414457,-10.00829510247,
    14.449999999999));
#7708 = CARTESIAN_POINT('',(7.280110525805,-10.01427853927,
    14.449999999999));
#7709 = CARTESIAN_POINT('',(7.295569036808,-10.02217036278,
    14.449999999999));
#7710 = CARTESIAN_POINT('',(7.310090715536,-10.03163686174,
    14.449999999999));
#7711 = CARTESIAN_POINT('',(7.32353579952,-10.04288685371,
    14.449999999999));
#7712 = CARTESIAN_POINT('',(7.335907135266,-10.05577288447,
    14.449999999999));
#7713 = CARTESIAN_POINT('',(7.346966159992,-10.07016259835,
    14.449999999999));
#7714 = CARTESIAN_POINT('',(7.35689077633,-10.08574135706,
    14.449999999999));
#7715 = CARTESIAN_POINT('',(7.364838607355,-10.10280149074,
    14.449999999999));
#7716 = CARTESIAN_POINT('',(7.371793230498,-10.12089936936,
    14.449999999999));
#7717 = CARTESIAN_POINT('',(7.376825035598,-10.14033943485,
    14.449999999999));
#7718 = CARTESIAN_POINT('',(7.380622617949,-10.16096135553,
    14.449999999999));
#7719 = CARTESIAN_POINT('',(7.382852268805,-10.18283011946,
    14.449999999999));
#7720 = CARTESIAN_POINT('',(7.383096742986,-10.19784324669,
    14.449999999999));
#7721 = CARTESIAN_POINT('',(7.383221729133,-10.20551862946,
    14.449999999999));
#7722 = ORIENTED_EDGE('',*,*,#7723,.T.);
#7723 = EDGE_CURVE('',#7700,#1810,#7724,.T.);
#7724 = LINE('',#7725,#7726);
#7725 = CARTESIAN_POINT('',(7.383221729133,-10.20551862946,
    14.449999999999));
#7726 = VECTOR('',#7727,1.);
#7727 = DIRECTION('',(3.491481338843E-15,-6.123233995737E-17,1.));
#7728 = B_SPLINE_SURFACE_WITH_KNOTS('',3,1,(
    (#7729,#7730)
    ,(#7731,#7732)
    ,(#7733,#7734)
    ,(#7735,#7736)
    ,(#7737,#7738)
    ,(#7739,#7740)
    ,(#7741,#7742)
    ,(#7743,#7744)
    ,(#7745,#7746)
    ,(#7747,#7748)
    ,(#7749,#7750)
    ,(#7751,#7752)
    ,(#7753,#7754)
    ,(#7755,#7756)
    ,(#7757,#7758)
    ,(#7759,#7760)
    ,(#7761,#7762)
    ,(#7763,#7764)
    ,(#7765,#7766
    )),.UNSPECIFIED.,.F.,.F.,.F.,(4,1,1,1,1,1,1,1,1,1,1,1,1,1,1,1,4),(2,
    2),(0.,6.413182673187E-02,0.125487406905,0.184575589996,
    0.242113839961,0.298978398778,0.355627099908,0.412970483506,
    0.471742096013,0.531687352324,0.591967037736,0.653764853713,
    0.717237701099,0.783213416352,0.8517485028,0.924207197476,1.),(0.,1.
    ),.UNSPECIFIED.);
#7729 = CARTESIAN_POINT('',(7.208257062887,-10.00095391539,
    14.449999999999));
#7730 = CARTESIAN_POINT('',(7.208257062887,-10.00095391539,
    14.499999999999));
#7731 = CARTESIAN_POINT('',(7.214754998402,-10.00108264117,
    14.449999999999));
#7732 = CARTESIAN_POINT('',(7.214754998402,-10.00108264117,
    14.499999999999));
#7733 = CARTESIAN_POINT('',(7.227469575853,-10.00133452022,
    14.449999999999));
#7734 = CARTESIAN_POINT('',(7.227469575853,-10.00133452022,
    14.499999999999));
#7735 = CARTESIAN_POINT('',(7.245997825004,-10.00409718332,
    14.449999999999));
#7736 = CARTESIAN_POINT('',(7.245997825004,-10.00409718332,
    14.499999999999));
#7737 = CARTESIAN_POINT('',(7.263545414457,-10.00829510247,
    14.449999999999));
#7738 = CARTESIAN_POINT('',(7.263545414457,-10.00829510247,
    14.499999999999));
#7739 = CARTESIAN_POINT('',(7.280110525805,-10.01427853927,
    14.449999999999));
#7740 = CARTESIAN_POINT('',(7.280110525805,-10.01427853927,
    14.499999999999));
#7741 = CARTESIAN_POINT('',(7.295569036808,-10.02217036278,
    14.449999999999));
#7742 = CARTESIAN_POINT('',(7.295569036808,-10.02217036278,
    14.499999999999));
#7743 = CARTESIAN_POINT('',(7.310090715536,-10.03163686174,
    14.449999999999));
#7744 = CARTESIAN_POINT('',(7.310090715536,-10.03163686174,
    14.499999999999));
#7745 = CARTESIAN_POINT('',(7.32353579952,-10.04288685371,
    14.449999999999));
#7746 = CARTESIAN_POINT('',(7.32353579952,-10.04288685371,
    14.499999999999));
#7747 = CARTESIAN_POINT('',(7.335907135266,-10.05577288447,
    14.449999999999));
#7748 = CARTESIAN_POINT('',(7.335907135266,-10.05577288447,
    14.499999999999));
#7749 = CARTESIAN_POINT('',(7.346966159992,-10.07016259835,
    14.449999999999));
#7750 = CARTESIAN_POINT('',(7.346966159992,-10.07016259835,
    14.499999999999));
#7751 = CARTESIAN_POINT('',(7.35689077633,-10.08574135706,
    14.449999999999));
#7752 = CARTESIAN_POINT('',(7.35689077633,-10.08574135706,
    14.499999999999));
#7753 = CARTESIAN_POINT('',(7.364838607355,-10.10280149074,
    14.449999999999));
#7754 = CARTESIAN_POINT('',(7.364838607355,-10.10280149074,
    14.499999999999));
#7755 = CARTESIAN_POINT('',(7.371793230498,-10.12089936936,
    14.449999999999));
#7756 = CARTESIAN_POINT('',(7.371793230498,-10.12089936936,
    14.499999999999));
#7757 = CARTESIAN_POINT('',(7.376825035598,-10.14033943485,
    14.449999999999));
#7758 = CARTESIAN_POINT('',(7.376825035598,-10.14033943485,
    14.499999999999));
#7759 = CARTESIAN_POINT('',(7.380622617949,-10.16096135553,
    14.449999999999));
#7760 = CARTESIAN_POINT('',(7.380622617949,-10.16096135553,
    14.499999999999));
#7761 = CARTESIAN_POINT('',(7.382852268805,-10.18283011946,
    14.449999999999));
#7762 = CARTESIAN_POINT('',(7.382852268805,-10.18283011946,
    14.499999999999));
#7763 = CARTESIAN_POINT('',(7.383096742986,-10.19784324669,
    14.449999999999));
#7764 = CARTESIAN_POINT('',(7.383096742986,-10.19784324669,
    14.499999999999));
#7765 = CARTESIAN_POINT('',(7.383221729133,-10.20551862946,
    14.449999999999));
#7766 = CARTESIAN_POINT('',(7.383221729133,-10.20551862946,
    14.499999999999));
#7767 = ADVANCED_FACE('',(#7768),#7802,.T.);
#7768 = FACE_BOUND('',#7769,.T.);
#7769 = EDGE_LOOP('',(#7770,#7771,#7772,#7796));
#7770 = ORIENTED_EDGE('',*,*,#1833,.F.);
#7771 = ORIENTED_EDGE('',*,*,#7723,.F.);
#7772 = ORIENTED_EDGE('',*,*,#7773,.T.);
#7773 = EDGE_CURVE('',#7700,#7774,#7776,.T.);
#7774 = VERTEX_POINT('',#7775);
#7775 = CARTESIAN_POINT('',(7.208257062887,-10.40967786343,
    14.449999999999));
#7776 = B_SPLINE_CURVE_WITH_KNOTS('',3,(#7777,#7778,#7779,#7780,#7781,
    #7782,#7783,#7784,#7785,#7786,#7787,#7788,#7789,#7790,#7791,#7792,
    #7793,#7794,#7795),.UNSPECIFIED.,.F.,.F.,(4,1,1,1,1,1,1,1,1,1,1,1,1,
    1,1,1,4),(0.,7.586643330576E-02,0.148063192469,0.216993473168,
    0.282710591523,0.346245101168,0.407801850924,0.468423322082,
    0.528163077185,0.58699178482,0.64417759536,0.700881329264,
    0.757650952595,0.815245099508,0.874390685268,0.935805870828,1.),
  .UNSPECIFIED.);
#7777 = CARTESIAN_POINT('',(7.383221729133,-10.20551862946,
    14.449999999999));
#7778 = CARTESIAN_POINT('',(7.383099318527,-10.21319438634,
    14.449999999999));
#7779 = CARTESIAN_POINT('',(7.38286041834,-10.22817462226,
    14.449999999999));
#7780 = CARTESIAN_POINT('',(7.380599234319,-10.25003800692,
    14.449999999999));
#7781 = CARTESIAN_POINT('',(7.376857795234,-10.27063829149,
    14.449999999999));
#7782 = CARTESIAN_POINT('',(7.371765837287,-10.29006134483,
    14.449999999999));
#7783 = CARTESIAN_POINT('',(7.364874222471,-10.30811844296,
    14.449999999999));
#7784 = CARTESIAN_POINT('',(7.356824887296,-10.3251227536,
    14.449999999999));
#7785 = CARTESIAN_POINT('',(7.347037745206,-10.34075605308,
    14.449999999999));
#7786 = CARTESIAN_POINT('',(7.335860987443,-10.35505775425,
    14.449999999999));
#7787 = CARTESIAN_POINT('',(7.323576864455,-10.36796168621,
    14.449999999999));
#7788 = CARTESIAN_POINT('',(7.310049570895,-10.37907789709,
    14.449999999999));
#7789 = CARTESIAN_POINT('',(7.295601930782,-10.38859029849,
    14.449999999999));
#7790 = CARTESIAN_POINT('',(7.280079971541,-10.39632734152,
    14.449999999999));
#7791 = CARTESIAN_POINT('',(7.263549913258,-10.40234528985,
    14.449999999999));
#7792 = CARTESIAN_POINT('',(7.245996561667,-10.40653217669,
    14.449999999999));
#7793 = CARTESIAN_POINT('',(7.227469913591,-10.40929790523,
    14.449999999999));
#7794 = CARTESIAN_POINT('',(7.21475511263,-10.40954935635,
    14.449999999999));
#7795 = CARTESIAN_POINT('',(7.208257062887,-10.40967786343,
    14.449999999999));
#7796 = ORIENTED_EDGE('',*,*,#7797,.T.);
#7797 = EDGE_CURVE('',#7774,#1834,#7798,.T.);
#7798 = LINE('',#7799,#7800);
#7799 = CARTESIAN_POINT('',(7.208257062887,-10.40967786343,
    14.449999999999));
#7800 = VECTOR('',#7801,1.);
#7801 = DIRECTION('',(3.491481338843E-15,-6.123233995737E-17,1.));
#7802 = B_SPLINE_SURFACE_WITH_KNOTS('',3,1,(
    (#7803,#7804)
    ,(#7805,#7806)
    ,(#7807,#7808)
    ,(#7809,#7810)
    ,(#7811,#7812)
    ,(#7813,#7814)
    ,(#7815,#7816)
    ,(#7817,#7818)
    ,(#7819,#7820)
    ,(#7821,#7822)
    ,(#7823,#7824)
    ,(#7825,#7826)
    ,(#7827,#7828)
    ,(#7829,#7830)
    ,(#7831,#7832)
    ,(#7833,#7834)
    ,(#7835,#7836)
    ,(#7837,#7838)
    ,(#7839,#7840
    )),.UNSPECIFIED.,.F.,.F.,.F.,(4,1,1,1,1,1,1,1,1,1,1,1,1,1,1,1,4),(2,
    2),(0.,7.586643330576E-02,0.148063192469,0.216993473168,
    0.282710591523,0.346245101168,0.407801850924,0.468423322082,
    0.528163077185,0.58699178482,0.64417759536,0.700881329264,
    0.757650952595,0.815245099508,0.874390685268,0.935805870828,1.),(0.,
    1.),.UNSPECIFIED.);
#7803 = CARTESIAN_POINT('',(7.383221729133,-10.20551862946,
    14.449999999999));
#7804 = CARTESIAN_POINT('',(7.383221729133,-10.20551862946,
    14.499999999999));
#7805 = CARTESIAN_POINT('',(7.383099318527,-10.21319438634,
    14.449999999999));
#7806 = CARTESIAN_POINT('',(7.383099318527,-10.21319438634,
    14.499999999999));
#7807 = CARTESIAN_POINT('',(7.38286041834,-10.22817462226,
    14.449999999999));
#7808 = CARTESIAN_POINT('',(7.38286041834,-10.22817462226,
    14.499999999999));
#7809 = CARTESIAN_POINT('',(7.380599234319,-10.25003800692,
    14.449999999999));
#7810 = CARTESIAN_POINT('',(7.380599234319,-10.25003800692,
    14.499999999999));
#7811 = CARTESIAN_POINT('',(7.376857795234,-10.27063829149,
    14.449999999999));
#7812 = CARTESIAN_POINT('',(7.376857795234,-10.27063829149,
    14.499999999999));
#7813 = CARTESIAN_POINT('',(7.371765837287,-10.29006134483,
    14.449999999999));
#7814 = CARTESIAN_POINT('',(7.371765837287,-10.29006134483,
    14.499999999999));
#7815 = CARTESIAN_POINT('',(7.364874222471,-10.30811844296,
    14.449999999999));
#7816 = CARTESIAN_POINT('',(7.364874222471,-10.30811844296,
    14.499999999999));
#7817 = CARTESIAN_POINT('',(7.356824887296,-10.3251227536,
    14.449999999999));
#7818 = CARTESIAN_POINT('',(7.356824887296,-10.3251227536,
    14.499999999999));
#7819 = CARTESIAN_POINT('',(7.347037745206,-10.34075605308,
    14.449999999999));
#7820 = CARTESIAN_POINT('',(7.347037745206,-10.34075605308,
    14.499999999999));
#7821 = CARTESIAN_POINT('',(7.335860987443,-10.35505775425,
    14.449999999999));
#7822 = CARTESIAN_POINT('',(7.335860987443,-10.35505775425,
    14.499999999999));
#7823 = CARTESIAN_POINT('',(7.323576864455,-10.36796168621,
    14.449999999999));
#7824 = CARTESIAN_POINT('',(7.323576864455,-10.36796168621,
    14.499999999999));
#7825 = CARTESIAN_POINT('',(7.310049570895,-10.37907789709,
    14.449999999999));
#7826 = CARTESIAN_POINT('',(7.310049570895,-10.37907789709,
    14.499999999999));
#7827 = CARTESIAN_POINT('',(7.295601930782,-10.38859029849,
    14.449999999999));
#7828 = CARTESIAN_POINT('',(7.295601930782,-10.38859029849,
    14.499999999999));
#7829 = CARTESIAN_POINT('',(7.280079971541,-10.39632734152,
    14.449999999999));
#7830 = CARTESIAN_POINT('',(7.280079971541,-10.39632734152,
    14.499999999999));
#7831 = CARTESIAN_POINT('',(7.263549913258,-10.40234528985,
    14.449999999999));
#7832 = CARTESIAN_POINT('',(7.263549913258,-10.40234528985,
    14.499999999999));
#7833 = CARTESIAN_POINT('',(7.245996561667,-10.40653217669,
    14.449999999999));
#7834 = CARTESIAN_POINT('',(7.245996561667,-10.40653217669,
    14.499999999999));
#7835 = CARTESIAN_POINT('',(7.227469913591,-10.40929790523,
    14.449999999999));
#7836 = CARTESIAN_POINT('',(7.227469913591,-10.40929790523,
    14.499999999999));
#7837 = CARTESIAN_POINT('',(7.21475511263,-10.40954935635,
    14.449999999999));
#7838 = CARTESIAN_POINT('',(7.21475511263,-10.40954935635,
    14.499999999999));
#7839 = CARTESIAN_POINT('',(7.208257062887,-10.40967786343,
    14.449999999999));
#7840 = CARTESIAN_POINT('',(7.208257062887,-10.40967786343,
    14.499999999999));
#7841 = ADVANCED_FACE('',(#7842),#7876,.T.);
#7842 = FACE_BOUND('',#7843,.T.);
#7843 = EDGE_LOOP('',(#7844,#7845,#7846,#7870));
#7844 = ORIENTED_EDGE('',*,*,#1857,.F.);
#7845 = ORIENTED_EDGE('',*,*,#7797,.F.);
#7846 = ORIENTED_EDGE('',*,*,#7847,.T.);
#7847 = EDGE_CURVE('',#7774,#7848,#7850,.T.);
#7848 = VERTEX_POINT('',#7849);
#7849 = CARTESIAN_POINT('',(7.032886916534,-10.20551862946,
    14.449999999999));
#7850 = B_SPLINE_CURVE_WITH_KNOTS('',3,(#7851,#7852,#7853,#7854,#7855,
    #7856,#7857,#7858,#7859,#7860,#7861,#7862,#7863,#7864,#7865,#7866,
    #7867,#7868,#7869),.UNSPECIFIED.,.F.,.F.,(4,1,1,1,1,1,1,1,1,1,1,1,1,
    1,1,1,4),(0.,6.474847846217E-02,0.126386629788,0.185753009771,
    0.2435601028,0.3005291218,0.357413165575,0.414499184224,
    0.473225233038,0.532656202253,0.592996140602,0.654590977554,
    0.717782751567,0.783385190503,0.852195184667,0.924265957138,1.),
  .UNSPECIFIED.);
#7851 = CARTESIAN_POINT('',(7.208257062887,-10.40967786343,
    14.449999999999));
#7852 = CARTESIAN_POINT('',(7.201691402861,-10.40955075795,
    14.449999999999));
#7853 = CARTESIAN_POINT('',(7.188875477873,-10.40930265276,
    14.449999999999));
#7854 = CARTESIAN_POINT('',(7.170214338544,-10.4065320587,
    14.449999999999));
#7855 = CARTESIAN_POINT('',(7.152560648116,-10.40234503524,
    14.449999999999));
#7856 = CARTESIAN_POINT('',(7.135928631255,-10.39632907095,
    14.449999999999));
#7857 = CARTESIAN_POINT('',(7.120309881016,-10.38858755323,
    14.449999999999));
#7858 = CARTESIAN_POINT('',(7.105766995755,-10.37910994338,
    14.449999999999));
#7859 = CARTESIAN_POINT('',(7.092233535428,-10.36795484907,
    14.449999999999));
#7860 = CARTESIAN_POINT('',(7.079944118036,-10.35508611946,
    14.449999999999));
#7861 = CARTESIAN_POINT('',(7.068852429231,-10.34075635865,
    14.449999999999));
#7862 = CARTESIAN_POINT('',(7.05923361388,-10.32506187364,
    14.449999999999));
#7863 = CARTESIAN_POINT('',(7.050947131035,-10.30819519089,
    14.449999999999));
#7864 = CARTESIAN_POINT('',(7.044414252068,-10.29000854867,
    14.449999999999));
#7865 = CARTESIAN_POINT('',(7.039228675845,-10.27064689425,
    14.449999999999));
#7866 = CARTESIAN_POINT('',(7.03551575255,-10.25003554682,
    14.449999999999));
#7867 = CARTESIAN_POINT('',(7.033246515576,-10.22817528634,
    14.449999999999));
#7868 = CARTESIAN_POINT('',(7.033008747206,-10.21319461133,
    14.449999999999));
#7869 = CARTESIAN_POINT('',(7.032886916534,-10.20551862946,
    14.449999999999));
#7870 = ORIENTED_EDGE('',*,*,#7871,.T.);
#7871 = EDGE_CURVE('',#7848,#1858,#7872,.T.);
#7872 = LINE('',#7873,#7874);
#7873 = CARTESIAN_POINT('',(7.032886916534,-10.20551862946,
    14.449999999999));
#7874 = VECTOR('',#7875,1.);
#7875 = DIRECTION('',(3.491481338843E-15,-6.123233995737E-17,1.));
#7876 = B_SPLINE_SURFACE_WITH_KNOTS('',3,1,(
    (#7877,#7878)
    ,(#7879,#7880)
    ,(#7881,#7882)
    ,(#7883,#7884)
    ,(#7885,#7886)
    ,(#7887,#7888)
    ,(#7889,#7890)
    ,(#7891,#7892)
    ,(#7893,#7894)
    ,(#7895,#7896)
    ,(#7897,#7898)
    ,(#7899,#7900)
    ,(#7901,#7902)
    ,(#7903,#7904)
    ,(#7905,#7906)
    ,(#7907,#7908)
    ,(#7909,#7910)
    ,(#7911,#7912)
    ,(#7913,#7914
    )),.UNSPECIFIED.,.F.,.F.,.F.,(4,1,1,1,1,1,1,1,1,1,1,1,1,1,1,1,4),(2,
    2),(0.,6.474847846217E-02,0.126386629788,0.185753009771,0.2435601028
    ,0.3005291218,0.357413165575,0.414499184224,0.473225233038,
    0.532656202253,0.592996140602,0.654590977554,0.717782751567,
    0.783385190503,0.852195184667,0.924265957138,1.),(0.,1.),
  .UNSPECIFIED.);
#7877 = CARTESIAN_POINT('',(7.208257062887,-10.40967786343,
    14.449999999999));
#7878 = CARTESIAN_POINT('',(7.208257062887,-10.40967786343,
    14.499999999999));
#7879 = CARTESIAN_POINT('',(7.201691402861,-10.40955075795,
    14.449999999999));
#7880 = CARTESIAN_POINT('',(7.201691402861,-10.40955075795,
    14.499999999999));
#7881 = CARTESIAN_POINT('',(7.188875477873,-10.40930265276,
    14.449999999999));
#7882 = CARTESIAN_POINT('',(7.188875477873,-10.40930265276,
    14.499999999999));
#7883 = CARTESIAN_POINT('',(7.170214338544,-10.4065320587,
    14.449999999999));
#7884 = CARTESIAN_POINT('',(7.170214338544,-10.4065320587,
    14.499999999999));
#7885 = CARTESIAN_POINT('',(7.152560648116,-10.40234503524,
    14.449999999999));
#7886 = CARTESIAN_POINT('',(7.152560648116,-10.40234503524,
    14.499999999999));
#7887 = CARTESIAN_POINT('',(7.135928631255,-10.39632907095,
    14.449999999999));
#7888 = CARTESIAN_POINT('',(7.135928631255,-10.39632907095,
    14.499999999999));
#7889 = CARTESIAN_POINT('',(7.120309881016,-10.38858755323,
    14.449999999999));
#7890 = CARTESIAN_POINT('',(7.120309881016,-10.38858755323,
    14.499999999999));
#7891 = CARTESIAN_POINT('',(7.105766995755,-10.37910994338,
    14.449999999999));
#7892 = CARTESIAN_POINT('',(7.105766995755,-10.37910994338,
    14.499999999999));
#7893 = CARTESIAN_POINT('',(7.092233535428,-10.36795484907,
    14.449999999999));
#7894 = CARTESIAN_POINT('',(7.092233535428,-10.36795484907,
    14.499999999999));
#7895 = CARTESIAN_POINT('',(7.079944118036,-10.35508611946,
    14.449999999999));
#7896 = CARTESIAN_POINT('',(7.079944118036,-10.35508611946,
    14.499999999999));
#7897 = CARTESIAN_POINT('',(7.068852429231,-10.34075635865,
    14.449999999999));
#7898 = CARTESIAN_POINT('',(7.068852429231,-10.34075635865,
    14.499999999999));
#7899 = CARTESIAN_POINT('',(7.05923361388,-10.32506187364,
    14.449999999999));
#7900 = CARTESIAN_POINT('',(7.05923361388,-10.32506187364,
    14.499999999999));
#7901 = CARTESIAN_POINT('',(7.050947131035,-10.30819519089,
    14.449999999999));
#7902 = CARTESIAN_POINT('',(7.050947131035,-10.30819519089,
    14.499999999999));
#7903 = CARTESIAN_POINT('',(7.044414252068,-10.29000854867,
    14.449999999999));
#7904 = CARTESIAN_POINT('',(7.044414252068,-10.29000854867,
    14.499999999999));
#7905 = CARTESIAN_POINT('',(7.039228675845,-10.27064689425,
    14.449999999999));
#7906 = CARTESIAN_POINT('',(7.039228675845,-10.27064689425,
    14.499999999999));
#7907 = CARTESIAN_POINT('',(7.03551575255,-10.25003554682,
    14.449999999999));
#7908 = CARTESIAN_POINT('',(7.03551575255,-10.25003554682,
    14.499999999999));
#7909 = CARTESIAN_POINT('',(7.033246515576,-10.22817528634,
    14.449999999999));
#7910 = CARTESIAN_POINT('',(7.033246515576,-10.22817528634,
    14.499999999999));
#7911 = CARTESIAN_POINT('',(7.033008747206,-10.21319461133,
    14.449999999999));
#7912 = CARTESIAN_POINT('',(7.033008747206,-10.21319461133,
    14.499999999999));
#7913 = CARTESIAN_POINT('',(7.032886916534,-10.20551862946,
    14.449999999999));
#7914 = CARTESIAN_POINT('',(7.032886916534,-10.20551862946,
    14.499999999999));
#7915 = ADVANCED_FACE('',(#7916),#7943,.T.);
#7916 = FACE_BOUND('',#7917,.T.);
#7917 = EDGE_LOOP('',(#7918,#7919,#7920,#7942));
#7918 = ORIENTED_EDGE('',*,*,#1881,.F.);
#7919 = ORIENTED_EDGE('',*,*,#7871,.F.);
#7920 = ORIENTED_EDGE('',*,*,#7921,.T.);
#7921 = EDGE_CURVE('',#7848,#7692,#7922,.T.);
#7922 = B_SPLINE_CURVE_WITH_KNOTS('',3,(#7923,#7924,#7925,#7926,#7927,
    #7928,#7929,#7930,#7931,#7932,#7933,#7934,#7935,#7936,#7937,#7938,
    #7939,#7940,#7941),.UNSPECIFIED.,.F.,.F.,(4,1,1,1,1,1,1,1,1,1,1,1,1,
    1,1,1,4),(0.,7.566077568468E-02,0.147993251351,0.216408953498,
    0.282269742731,0.345400383298,0.407235210806,0.467233490291,
    0.52687088715,0.585540122783,0.642783617402,0.699612630003,
    0.756675523883,0.814426692754,0.873735640082,0.935314160981,1.),
  .UNSPECIFIED.);
#7923 = CARTESIAN_POINT('',(7.032886916534,-10.20551862946,
    14.449999999999));
#7924 = CARTESIAN_POINT('',(7.033011323281,-10.19784302201,
    14.449999999999));
#7925 = CARTESIAN_POINT('',(7.033254664152,-10.1828294553,
    14.449999999999));
#7926 = CARTESIAN_POINT('',(7.035492382448,-10.16096381979,
    14.449999999999));
#7927 = CARTESIAN_POINT('',(7.039261535225,-10.14033087459,
    14.449999999999));
#7928 = CARTESIAN_POINT('',(7.044387281541,-10.12095230943,
    14.449999999999));
#7929 = CARTESIAN_POINT('',(7.050982370248,-10.10272471892,
    14.449999999999));
#7930 = CARTESIAN_POINT('',(7.059167535822,-10.08580223224,
    14.449999999999));
#7931 = CARTESIAN_POINT('',(7.068923718068,-10.0701616622,
    14.449999999999));
#7932 = CARTESIAN_POINT('',(7.079897926136,-10.05574475254,
    14.449999999999));
#7933 = CARTESIAN_POINT('',(7.092274597303,-10.04289364917,
    14.449999999999));
#7934 = CARTESIAN_POINT('',(7.105725748149,-10.03160467431,
    14.449999999999));
#7935 = CARTESIAN_POINT('',(7.120342715398,-10.02217331027,
    14.449999999999));
#7936 = CARTESIAN_POINT('',(7.135898181568,-10.01427664917,
    14.449999999999));
#7937 = CARTESIAN_POINT('',(7.152565136203,-10.00829538688,
    14.449999999999));
#7938 = CARTESIAN_POINT('',(7.170213078544,-10.00409729357,
    14.449999999999));
#7939 = CARTESIAN_POINT('',(7.18887581666,-10.0013297785,14.449999999999
    ));
#7940 = CARTESIAN_POINT('',(7.201691517628,-10.00108124189,
    14.449999999999));
#7941 = CARTESIAN_POINT('',(7.208257062887,-10.00095391539,
    14.449999999999));
#7942 = ORIENTED_EDGE('',*,*,#7691,.T.);
#7943 = B_SPLINE_SURFACE_WITH_KNOTS('',3,1,(
    (#7944,#7945)
    ,(#7946,#7947)
    ,(#7948,#7949)
    ,(#7950,#7951)
    ,(#7952,#7953)
    ,(#7954,#7955)
    ,(#7956,#7957)
    ,(#7958,#7959)
    ,(#7960,#7961)
    ,(#7962,#7963)
    ,(#7964,#7965)
    ,(#7966,#7967)
    ,(#7968,#7969)
    ,(#7970,#7971)
    ,(#7972,#7973)
    ,(#7974,#7975)
    ,(#7976,#7977)
    ,(#7978,#7979)
    ,(#7980,#7981
    )),.UNSPECIFIED.,.F.,.F.,.F.,(4,1,1,1,1,1,1,1,1,1,1,1,1,1,1,1,4),(2,
    2),(0.,7.566077568468E-02,0.147993251351,0.216408953498,
    0.282269742731,0.345400383298,0.407235210806,0.467233490291,
    0.52687088715,0.585540122783,0.642783617402,0.699612630003,
    0.756675523883,0.814426692754,0.873735640082,0.935314160981,1.),(0.,
    1.),.UNSPECIFIED.);
#7944 = CARTESIAN_POINT('',(7.032886916534,-10.20551862946,
    14.449999999999));
#7945 = CARTESIAN_POINT('',(7.032886916534,-10.20551862946,
    14.499999999999));
#7946 = CARTESIAN_POINT('',(7.033011323281,-10.19784302201,
    14.449999999999));
#7947 = CARTESIAN_POINT('',(7.033011323281,-10.19784302201,
    14.499999999999));
#7948 = CARTESIAN_POINT('',(7.033254664152,-10.1828294553,
    14.449999999999));
#7949 = CARTESIAN_POINT('',(7.033254664152,-10.1828294553,
    14.499999999999));
#7950 = CARTESIAN_POINT('',(7.035492382448,-10.16096381979,
    14.449999999999));
#7951 = CARTESIAN_POINT('',(7.035492382448,-10.16096381979,
    14.499999999999));
#7952 = CARTESIAN_POINT('',(7.039261535225,-10.14033087459,
    14.449999999999));
#7953 = CARTESIAN_POINT('',(7.039261535225,-10.14033087459,
    14.499999999999));
#7954 = CARTESIAN_POINT('',(7.044387281541,-10.12095230943,
    14.449999999999));
#7955 = CARTESIAN_POINT('',(7.044387281541,-10.12095230943,
    14.499999999999));
#7956 = CARTESIAN_POINT('',(7.050982370248,-10.10272471892,
    14.449999999999));
#7957 = CARTESIAN_POINT('',(7.050982370248,-10.10272471892,
    14.499999999999));
#7958 = CARTESIAN_POINT('',(7.059167535822,-10.08580223224,
    14.449999999999));
#7959 = CARTESIAN_POINT('',(7.059167535822,-10.08580223224,
    14.499999999999));
#7960 = CARTESIAN_POINT('',(7.068923718068,-10.0701616622,
    14.449999999999));
#7961 = CARTESIAN_POINT('',(7.068923718068,-10.0701616622,
    14.499999999999));
#7962 = CARTESIAN_POINT('',(7.079897926136,-10.05574475254,
    14.449999999999));
#7963 = CARTESIAN_POINT('',(7.079897926136,-10.05574475254,
    14.499999999999));
#7964 = CARTESIAN_POINT('',(7.092274597303,-10.04289364917,
    14.449999999999));
#7965 = CARTESIAN_POINT('',(7.092274597303,-10.04289364917,
    14.499999999999));
#7966 = CARTESIAN_POINT('',(7.105725748149,-10.03160467431,
    14.449999999999));
#7967 = CARTESIAN_POINT('',(7.105725748149,-10.03160467431,
    14.499999999999));
#7968 = CARTESIAN_POINT('',(7.120342715398,-10.02217331027,
    14.449999999999));
#7969 = CARTESIAN_POINT('',(7.120342715398,-10.02217331027,
    14.499999999999));
#7970 = CARTESIAN_POINT('',(7.135898181568,-10.01427664917,
    14.449999999999));
#7971 = CARTESIAN_POINT('',(7.135898181568,-10.01427664917,
    14.499999999999));
#7972 = CARTESIAN_POINT('',(7.152565136203,-10.00829538688,
    14.449999999999));
#7973 = CARTESIAN_POINT('',(7.152565136203,-10.00829538688,
    14.499999999999));
#7974 = CARTESIAN_POINT('',(7.170213078544,-10.00409729357,
    14.449999999999));
#7975 = CARTESIAN_POINT('',(7.170213078544,-10.00409729357,
    14.499999999999));
#7976 = CARTESIAN_POINT('',(7.18887581666,-10.0013297785,14.449999999999
    ));
#7977 = CARTESIAN_POINT('',(7.18887581666,-10.0013297785,14.499999999999
    ));
#7978 = CARTESIAN_POINT('',(7.201691517628,-10.00108124189,
    14.449999999999));
#7979 = CARTESIAN_POINT('',(7.201691517628,-10.00108124189,
    14.499999999999));
#7980 = CARTESIAN_POINT('',(7.208257062887,-10.00095391539,
    14.449999999999));
#7981 = CARTESIAN_POINT('',(7.208257062887,-10.00095391539,
    14.499999999999));
#7982 = ADVANCED_FACE('',(#7983,#8081),#8087,.T.);
#7983 = FACE_BOUND('',#7984,.T.);
#7984 = EDGE_LOOP('',(#7985,#8011,#8035,#8059));
#7985 = ORIENTED_EDGE('',*,*,#7986,.F.);
#7986 = EDGE_CURVE('',#7987,#7989,#7991,.T.);
#7987 = VERTEX_POINT('',#7988);
#7988 = CARTESIAN_POINT('',(7.097763733682,-10.20551862946,
    14.449999999999));
#7989 = VERTEX_POINT('',#7990);
#7990 = CARTESIAN_POINT('',(7.208257062887,-10.35128872799,
    14.449999999999));
#7991 = B_SPLINE_CURVE_WITH_KNOTS('',3,(#7992,#7993,#7994,#7995,#7996,
    #7997,#7998,#7999,#8000,#8001,#8002,#8003,#8004,#8005,#8006,#8007,
    #8008,#8009,#8010),.UNSPECIFIED.,.F.,.F.,(4,1,1,1,1,1,1,1,1,1,1,1,1,
    1,1,1,4),(0.,8.361637509219E-02,0.162618374904,0.236730496663,
    0.306934663623,0.372958500949,0.435418652746,0.495150554795,
    0.552781082203,0.608886177116,0.662881526506,0.716307363869,
    0.770109844398,0.824581088229,0.880543310622,0.93882328047,1.),
  .UNSPECIFIED.);
#7992 = CARTESIAN_POINT('',(7.097763733682,-10.20551862946,
    14.449999999999));
#7993 = CARTESIAN_POINT('',(7.097816341435,-10.21130056855,
    14.449999999999));
#7994 = CARTESIAN_POINT('',(7.097918653779,-10.22254537003,
    14.449999999999));
#7995 = CARTESIAN_POINT('',(7.099431208351,-10.23885135189,
    14.449999999999));
#7996 = CARTESIAN_POINT('',(7.101548047161,-10.25415303303,
    14.449999999999));
#7997 = CARTESIAN_POINT('',(7.104832020175,-10.26833432066,
    14.449999999999));
#7998 = CARTESIAN_POINT('',(7.108840707645,-10.28148083208,
    14.449999999999));
#7999 = CARTESIAN_POINT('',(7.113772972046,-10.29355104021,
    14.449999999999));
#8000 = CARTESIAN_POINT('',(7.119836129845,-10.30442503617,
    14.449999999999));
#8001 = CARTESIAN_POINT('',(7.126587459637,-10.3143650627,
    14.449999999999));
#8002 = CARTESIAN_POINT('',(7.134322322956,-10.32303550054,
    14.449999999999));
#8003 = CARTESIAN_POINT('',(7.142672281337,-10.33069888143,
    14.449999999999));
#8004 = CARTESIAN_POINT('',(7.151926591464,-10.33696116894,
    14.449999999999));
#8005 = CARTESIAN_POINT('',(7.161765414535,-10.34230812702,
    14.449999999999));
#8006 = CARTESIAN_POINT('',(7.172402779765,-10.34637545319,
    14.449999999999));
#8007 = CARTESIAN_POINT('',(7.183743721531,-10.34917426245,
    14.449999999999));
#8008 = CARTESIAN_POINT('',(7.195767205289,-10.35094147366,
    14.449999999999));
#8009 = CARTESIAN_POINT('',(7.20402701198,-10.35117112028,
    14.449999999999));
#8010 = CARTESIAN_POINT('',(7.208257062887,-10.35128872799,
    14.449999999999));
#8011 = ORIENTED_EDGE('',*,*,#8012,.F.);
#8012 = EDGE_CURVE('',#8013,#7987,#8015,.T.);
#8013 = VERTEX_POINT('',#8014);
#8014 = CARTESIAN_POINT('',(7.208257062887,-10.05934305083,
    14.449999999999));
#8015 = B_SPLINE_CURVE_WITH_KNOTS('',3,(#8016,#8017,#8018,#8019,#8020,
    #8021,#8022,#8023,#8024,#8025,#8026,#8027,#8028,#8029,#8030,#8031,
    #8032,#8033,#8034),.UNSPECIFIED.,.F.,.F.,(4,1,1,1,1,1,1,1,1,1,1,1,1,
    1,1,1,4),(0.,6.138914200338E-02,0.11934099059,0.175524863179,
    0.229579625349,0.282688466627,0.335198582421,0.388992012677,
    0.443433158074,0.500007711668,0.558811540723,0.620992264586,
    0.687185718491,0.758025002114,0.833250404598,0.913838487196,1.),
  .UNSPECIFIED.);
#8016 = CARTESIAN_POINT('',(7.208257062887,-10.05934305083,
    14.449999999999));
#8017 = CARTESIAN_POINT('',(7.203994708998,-10.05947096568,
    14.449999999999));
#8018 = CARTESIAN_POINT('',(7.195708658424,-10.05971963319,
    14.449999999999));
#8019 = CARTESIAN_POINT('',(7.18360191772,-10.06133308132,
    14.449999999999));
#8020 = CARTESIAN_POINT('',(7.172245727191,-10.06415867551,
    14.449999999999));
#8021 = CARTESIAN_POINT('',(7.161600814295,-10.06814141327,
    14.449999999999));
#8022 = CARTESIAN_POINT('',(7.151708774486,-10.07320877537,
    14.449999999999));
#8023 = CARTESIAN_POINT('',(7.142562835126,-10.07949579725,
    14.449999999999));
#8024 = CARTESIAN_POINT('',(7.134180574853,-10.08690049103,
    14.449999999999));
#8025 = CARTESIAN_POINT('',(7.126473806881,-10.09539496358,
    14.449999999999));
#8026 = CARTESIAN_POINT('',(7.119690377067,-10.10507493874,
    14.449999999999));
#8027 = CARTESIAN_POINT('',(7.113777715992,-10.11591978146,
    14.449999999999));
#8028 = CARTESIAN_POINT('',(7.108816183551,-10.1279587278,
    14.449999999999));
#8029 = CARTESIAN_POINT('',(7.104822954986,-10.14121613901,
    14.449999999999));
#8030 = CARTESIAN_POINT('',(7.101539400749,-10.15560027114,
    14.449999999999));
#8031 = CARTESIAN_POINT('',(7.099427033609,-10.17120681797,
    14.449999999999));
#8032 = CARTESIAN_POINT('',(7.097913959158,-10.1879518078,
    14.449999999999));
#8033 = CARTESIAN_POINT('',(7.097814912353,-10.19953398157,
    14.449999999999));
#8034 = CARTESIAN_POINT('',(7.097763733682,-10.20551862946,
    14.449999999999));
#8035 = ORIENTED_EDGE('',*,*,#8036,.F.);
#8036 = EDGE_CURVE('',#8037,#8013,#8039,.T.);
#8037 = VERTEX_POINT('',#8038);
#8038 = CARTESIAN_POINT('',(7.318344911985,-10.20551862946,
    14.449999999999));
#8039 = B_SPLINE_CURVE_WITH_KNOTS('',3,(#8040,#8041,#8042,#8043,#8044,
    #8045,#8046,#8047,#8048,#8049,#8050,#8051,#8052,#8053,#8054,#8055,
    #8056,#8057,#8058),.UNSPECIFIED.,.F.,.F.,(4,1,1,1,1,1,1,1,1,1,1,1,1,
    1,1,1,4),(0.,8.635976643448E-02,0.167133278461,0.242531771095,
    0.313534052612,0.379879814574,0.442392303436,0.501331437365,
    0.558318692468,0.612885104408,0.666437006411,0.719471012075,
    0.772268955158,0.825991641685,0.881358856844,0.939444049937,1.),
  .UNSPECIFIED.);
#8040 = CARTESIAN_POINT('',(7.318344911985,-10.20551862946,
    14.449999999999));
#8041 = CARTESIAN_POINT('',(7.318293819215,-10.19953394424,
    14.449999999999));
#8042 = CARTESIAN_POINT('',(7.318194938654,-10.18795169821,
    14.449999999999));
#8043 = CARTESIAN_POINT('',(7.316680704809,-10.17120721226,
    14.449999999999));
#8044 = CARTESIAN_POINT('',(7.314572324867,-10.15559893258,
    14.449999999999));
#8045 = CARTESIAN_POINT('',(7.311275207633,-10.14122069499,
    14.449999999999));
#8046 = CARTESIAN_POINT('',(7.307324161534,-10.12793078279,
    14.449999999999));
#8047 = CARTESIAN_POINT('',(7.302199182416,-10.11594843534,
    14.449999999999));
#8048 = CARTESIAN_POINT('',(7.296338583623,-10.10503856861,
    14.449999999999));
#8049 = CARTESIAN_POINT('',(7.289424836301,-10.09542076422,
    14.449999999999));
#8050 = CARTESIAN_POINT('',(7.281729551232,-10.08693817808,
    14.449999999999));
#8051 = CARTESIAN_POINT('',(7.273430440581,-10.07942534679,
    14.449999999999));
#8052 = CARTESIAN_POINT('',(7.264224141037,-10.07327361519,
    14.449999999999));
#8053 = CARTESIAN_POINT('',(7.254416266313,-10.06812979719,
    14.449999999999));
#8054 = CARTESIAN_POINT('',(7.243891610541,-10.06418121261,
    14.449999999999));
#8055 = CARTESIAN_POINT('',(7.232649063734,-10.06130569743,
    14.449999999999));
#8056 = CARTESIAN_POINT('',(7.220668526381,-10.05973420711,
    14.449999999999));
#8057 = CARTESIAN_POINT('',(7.212451260182,-10.059475234,14.449999999999
    ));
#8058 = CARTESIAN_POINT('',(7.208257062887,-10.05934305083,
    14.449999999999));
#8059 = ORIENTED_EDGE('',*,*,#8060,.F.);
#8060 = EDGE_CURVE('',#7989,#8037,#8061,.T.);
#8061 = B_SPLINE_CURVE_WITH_KNOTS('',3,(#8062,#8063,#8064,#8065,#8066,
    #8067,#8068,#8069,#8070,#8071,#8072,#8073,#8074,#8075,#8076,#8077,
    #8078,#8079,#8080),.UNSPECIFIED.,.F.,.F.,(4,1,1,1,1,1,1,1,1,1,1,1,1,
    1,1,1,4),(0.,6.03202966821E-02,0.118231792104,0.173830873937,
    0.227953929672,0.280972979839,0.334384284799,0.388160451312,
    0.444011411094,0.501636327271,0.561487431236,0.62426170973,
    0.69056402604,0.760800771266,0.835617657747,0.915224633825,1.),
  .UNSPECIFIED.);
#8062 = CARTESIAN_POINT('',(7.208257062887,-10.35128872799,
    14.449999999999));
#8063 = CARTESIAN_POINT('',(7.212419756105,-10.35117019573,
    14.449999999999));
#8064 = CARTESIAN_POINT('',(7.220578911584,-10.35093786462,
    14.449999999999));
#8065 = CARTESIAN_POINT('',(7.232464429204,-10.34916933184,
    14.449999999999));
#8066 = CARTESIAN_POINT('',(7.243718167248,-10.34639385188,
    14.449999999999));
#8067 = CARTESIAN_POINT('',(7.254177393346,-10.34225206058,
    14.449999999999));
#8068 = CARTESIAN_POINT('',(7.264081059539,-10.33722690662,
    14.449999999999));
#8069 = CARTESIAN_POINT('',(7.273067689926,-10.33073482303,
    14.449999999999));
#8070 = CARTESIAN_POINT('',(7.281502062043,-10.32326811858,
    14.449999999999));
#8071 = CARTESIAN_POINT('',(7.28919547081,-10.31463262131,
    14.449999999999));
#8072 = CARTESIAN_POINT('',(7.296119952939,-10.30485472096,
    14.449999999999));
#8073 = CARTESIAN_POINT('',(7.302107834379,-10.2939270861,
    14.449999999999));
#8074 = CARTESIAN_POINT('',(7.30716079615,-10.28189364501,
    14.449999999999));
#8075 = CARTESIAN_POINT('',(7.311340284823,-10.26877201139,
    14.449999999999));
#8076 = CARTESIAN_POINT('',(7.314383790225,-10.25449804651,
    14.449999999999));
#8077 = CARTESIAN_POINT('',(7.316766098122,-10.23917424417,
    14.449999999999));
#8078 = CARTESIAN_POINT('',(7.318015432942,-10.22270448908,
    14.449999999999));
#8079 = CARTESIAN_POINT('',(7.31823280746,-10.21136608067,
    14.449999999999));
#8080 = CARTESIAN_POINT('',(7.318344911985,-10.20551862946,
    14.449999999999));
#8081 = FACE_BOUND('',#8082,.T.);
#8082 = EDGE_LOOP('',(#8083,#8084,#8085,#8086));
#8083 = ORIENTED_EDGE('',*,*,#7699,.F.);
#8084 = ORIENTED_EDGE('',*,*,#7921,.F.);
#8085 = ORIENTED_EDGE('',*,*,#7847,.F.);
#8086 = ORIENTED_EDGE('',*,*,#7773,.F.);
#8087 = PLANE('',#8088);
#8088 = AXIS2_PLACEMENT_3D('',#8089,#8090,#8091);
#8089 = CARTESIAN_POINT('',(7.341011575865,-10.06254203629,
    14.449999999999));
#8090 = DIRECTION('',(-7.257653802554E-13,-9.859852036976E-12,1.));
#8091 = DIRECTION('',(-3.491481338878E-15,-1.,-9.859852036976E-12));
#8092 = ADVANCED_FACE('',(#8093),#8134,.T.);
#8093 = FACE_BOUND('',#8094,.T.);
#8094 = EDGE_LOOP('',(#8095,#8121,#8127,#8128));
#8095 = ORIENTED_EDGE('',*,*,#8096,.F.);
#8096 = EDGE_CURVE('',#8097,#8099,#8101,.T.);
#8097 = VERTEX_POINT('',#8098);
#8098 = CARTESIAN_POINT('',(7.208257062887,-10.35128872799,
    14.499999999999));
#8099 = VERTEX_POINT('',#8100);
#8100 = CARTESIAN_POINT('',(7.318344911985,-10.20551862946,
    14.499999999998));
#8101 = B_SPLINE_CURVE_WITH_KNOTS('',3,(#8102,#8103,#8104,#8105,#8106,
    #8107,#8108,#8109,#8110,#8111,#8112,#8113,#8114,#8115,#8116,#8117,
    #8118,#8119,#8120),.UNSPECIFIED.,.F.,.F.,(4,1,1,1,1,1,1,1,1,1,1,1,1,
    1,1,1,4),(0.,6.03202966821E-02,0.118231792104,0.173830873937,
    0.227953929672,0.280972979839,0.334384284799,0.388160451312,
    0.444011411094,0.501636327271,0.561487431236,0.62426170973,
    0.69056402604,0.760800771266,0.835617657747,0.915224633825,1.),
  .UNSPECIFIED.);
#8102 = CARTESIAN_POINT('',(7.208257062887,-10.35128872799,
    14.499999999999));
#8103 = CARTESIAN_POINT('',(7.212419756105,-10.35117019573,
    14.499999999999));
#8104 = CARTESIAN_POINT('',(7.220578911584,-10.35093786462,
    14.499999999999));
#8105 = CARTESIAN_POINT('',(7.232464429204,-10.34916933184,
    14.499999999999));
#8106 = CARTESIAN_POINT('',(7.243718167248,-10.34639385188,
    14.499999999999));
#8107 = CARTESIAN_POINT('',(7.254177393346,-10.34225206058,
    14.499999999999));
#8108 = CARTESIAN_POINT('',(7.264081059539,-10.33722690662,
    14.499999999999));
#8109 = CARTESIAN_POINT('',(7.273067689926,-10.33073482303,
    14.499999999999));
#8110 = CARTESIAN_POINT('',(7.281502062043,-10.32326811858,
    14.499999999999));
#8111 = CARTESIAN_POINT('',(7.28919547081,-10.31463262131,
    14.499999999999));
#8112 = CARTESIAN_POINT('',(7.296119952939,-10.30485472096,
    14.499999999999));
#8113 = CARTESIAN_POINT('',(7.302107834379,-10.2939270861,
    14.499999999999));
#8114 = CARTESIAN_POINT('',(7.30716079615,-10.28189364501,
    14.499999999999));
#8115 = CARTESIAN_POINT('',(7.311340284823,-10.26877201139,
    14.499999999999));
#8116 = CARTESIAN_POINT('',(7.314383790225,-10.25449804651,
    14.499999999999));
#8117 = CARTESIAN_POINT('',(7.316766098122,-10.23917424417,
    14.499999999999));
#8118 = CARTESIAN_POINT('',(7.318015432942,-10.22270448908,
    14.499999999999));
#8119 = CARTESIAN_POINT('',(7.31823280746,-10.21136608067,
    14.499999999999));
#8120 = CARTESIAN_POINT('',(7.318344911985,-10.20551862946,
    14.499999999998));
#8121 = ORIENTED_EDGE('',*,*,#8122,.F.);
#8122 = EDGE_CURVE('',#7989,#8097,#8123,.T.);
#8123 = LINE('',#8124,#8125);
#8124 = CARTESIAN_POINT('',(7.208257062887,-10.35128872799,
    14.449999999999));
#8125 = VECTOR('',#8126,1.);
#8126 = DIRECTION('',(3.491481338843E-15,-6.123233995737E-17,1.));
#8127 = ORIENTED_EDGE('',*,*,#8060,.T.);
#8128 = ORIENTED_EDGE('',*,*,#8129,.T.);
#8129 = EDGE_CURVE('',#8037,#8099,#8130,.T.);
#8130 = LINE('',#8131,#8132);
#8131 = CARTESIAN_POINT('',(7.318344911985,-10.20551862946,
    14.449999999999));
#8132 = VECTOR('',#8133,1.);
#8133 = DIRECTION('',(3.491481338843E-15,-6.123233995737E-17,1.));
#8134 = B_SPLINE_SURFACE_WITH_KNOTS('',3,1,(
    (#8135,#8136)
    ,(#8137,#8138)
    ,(#8139,#8140)
    ,(#8141,#8142)
    ,(#8143,#8144)
    ,(#8145,#8146)
    ,(#8147,#8148)
    ,(#8149,#8150)
    ,(#8151,#8152)
    ,(#8153,#8154)
    ,(#8155,#8156)
    ,(#8157,#8158)
    ,(#8159,#8160)
    ,(#8161,#8162)
    ,(#8163,#8164)
    ,(#8165,#8166)
    ,(#8167,#8168)
    ,(#8169,#8170)
    ,(#8171,#8172
    )),.UNSPECIFIED.,.F.,.F.,.F.,(4,1,1,1,1,1,1,1,1,1,1,1,1,1,1,1,4),(2,
    2),(0.,6.03202966821E-02,0.118231792104,0.173830873937,
    0.227953929672,0.280972979839,0.334384284799,0.388160451312,
    0.444011411094,0.501636327271,0.561487431236,0.62426170973,
    0.69056402604,0.760800771266,0.835617657747,0.915224633825,1.),(0.,
    1.),.UNSPECIFIED.);
#8135 = CARTESIAN_POINT('',(7.208257062887,-10.35128872799,
    14.449999999999));
#8136 = CARTESIAN_POINT('',(7.208257062887,-10.35128872799,
    14.499999999999));
#8137 = CARTESIAN_POINT('',(7.212419756105,-10.35117019573,
    14.449999999999));
#8138 = CARTESIAN_POINT('',(7.212419756105,-10.35117019573,
    14.499999999999));
#8139 = CARTESIAN_POINT('',(7.220578911584,-10.35093786462,
    14.449999999999));
#8140 = CARTESIAN_POINT('',(7.220578911584,-10.35093786462,
    14.499999999999));
#8141 = CARTESIAN_POINT('',(7.232464429204,-10.34916933184,
    14.449999999999));
#8142 = CARTESIAN_POINT('',(7.232464429204,-10.34916933184,
    14.499999999999));
#8143 = CARTESIAN_POINT('',(7.243718167248,-10.34639385188,
    14.449999999999));
#8144 = CARTESIAN_POINT('',(7.243718167248,-10.34639385188,
    14.499999999999));
#8145 = CARTESIAN_POINT('',(7.254177393346,-10.34225206058,
    14.449999999999));
#8146 = CARTESIAN_POINT('',(7.254177393346,-10.34225206058,
    14.499999999999));
#8147 = CARTESIAN_POINT('',(7.264081059539,-10.33722690662,
    14.449999999999));
#8148 = CARTESIAN_POINT('',(7.264081059539,-10.33722690662,
    14.499999999999));
#8149 = CARTESIAN_POINT('',(7.273067689926,-10.33073482303,
    14.449999999999));
#8150 = CARTESIAN_POINT('',(7.273067689926,-10.33073482303,
    14.499999999999));
#8151 = CARTESIAN_POINT('',(7.281502062043,-10.32326811858,
    14.449999999999));
#8152 = CARTESIAN_POINT('',(7.281502062043,-10.32326811858,
    14.499999999999));
#8153 = CARTESIAN_POINT('',(7.28919547081,-10.31463262131,
    14.449999999999));
#8154 = CARTESIAN_POINT('',(7.28919547081,-10.31463262131,
    14.499999999999));
#8155 = CARTESIAN_POINT('',(7.296119952939,-10.30485472096,
    14.449999999999));
#8156 = CARTESIAN_POINT('',(7.296119952939,-10.30485472096,
    14.499999999999));
#8157 = CARTESIAN_POINT('',(7.302107834379,-10.2939270861,
    14.449999999999));
#8158 = CARTESIAN_POINT('',(7.302107834379,-10.2939270861,
    14.499999999999));
#8159 = CARTESIAN_POINT('',(7.30716079615,-10.28189364501,
    14.449999999999));
#8160 = CARTESIAN_POINT('',(7.30716079615,-10.28189364501,
    14.499999999999));
#8161 = CARTESIAN_POINT('',(7.311340284823,-10.26877201139,
    14.449999999999));
#8162 = CARTESIAN_POINT('',(7.311340284823,-10.26877201139,
    14.499999999999));
#8163 = CARTESIAN_POINT('',(7.314383790225,-10.25449804651,
    14.449999999999));
#8164 = CARTESIAN_POINT('',(7.314383790225,-10.25449804651,
    14.499999999999));
#8165 = CARTESIAN_POINT('',(7.316766098122,-10.23917424417,
    14.449999999999));
#8166 = CARTESIAN_POINT('',(7.316766098122,-10.23917424417,
    14.499999999999));
#8167 = CARTESIAN_POINT('',(7.318015432942,-10.22270448908,
    14.449999999999));
#8168 = CARTESIAN_POINT('',(7.318015432942,-10.22270448908,
    14.499999999999));
#8169 = CARTESIAN_POINT('',(7.31823280746,-10.21136608067,
    14.449999999999));
#8170 = CARTESIAN_POINT('',(7.31823280746,-10.21136608067,
    14.499999999999));
#8171 = CARTESIAN_POINT('',(7.318344911985,-10.20551862946,
    14.449999999999));
#8172 = CARTESIAN_POINT('',(7.318344911985,-10.20551862946,
    14.499999999999));
#8173 = ADVANCED_FACE('',(#8174),#8208,.T.);
#8174 = FACE_BOUND('',#8175,.T.);
#8175 = EDGE_LOOP('',(#8176,#8200,#8206,#8207));
#8176 = ORIENTED_EDGE('',*,*,#8177,.F.);
#8177 = EDGE_CURVE('',#8178,#8097,#8180,.T.);
#8178 = VERTEX_POINT('',#8179);
#8179 = CARTESIAN_POINT('',(7.097763733682,-10.20551862946,
    14.499999999999));
#8180 = B_SPLINE_CURVE_WITH_KNOTS('',3,(#8181,#8182,#8183,#8184,#8185,
    #8186,#8187,#8188,#8189,#8190,#8191,#8192,#8193,#8194,#8195,#8196,
    #8197,#8198,#8199),.UNSPECIFIED.,.F.,.F.,(4,1,1,1,1,1,1,1,1,1,1,1,1,
    1,1,1,4),(0.,8.361637509219E-02,0.162618374904,0.236730496663,
    0.306934663623,0.372958500949,0.435418652746,0.495150554795,
    0.552781082203,0.608886177116,0.662881526506,0.716307363869,
    0.770109844398,0.824581088229,0.880543310622,0.93882328047,1.),
  .UNSPECIFIED.);
#8181 = CARTESIAN_POINT('',(7.097763733682,-10.20551862946,
    14.499999999999));
#8182 = CARTESIAN_POINT('',(7.097816341435,-10.21130056855,
    14.499999999999));
#8183 = CARTESIAN_POINT('',(7.097918653779,-10.22254537003,
    14.499999999999));
#8184 = CARTESIAN_POINT('',(7.099431208351,-10.23885135189,
    14.499999999999));
#8185 = CARTESIAN_POINT('',(7.101548047161,-10.25415303303,
    14.499999999999));
#8186 = CARTESIAN_POINT('',(7.104832020175,-10.26833432066,
    14.499999999999));
#8187 = CARTESIAN_POINT('',(7.108840707645,-10.28148083208,
    14.499999999999));
#8188 = CARTESIAN_POINT('',(7.113772972046,-10.29355104021,
    14.499999999999));
#8189 = CARTESIAN_POINT('',(7.119836129845,-10.30442503617,
    14.499999999999));
#8190 = CARTESIAN_POINT('',(7.126587459637,-10.3143650627,
    14.499999999999));
#8191 = CARTESIAN_POINT('',(7.134322322956,-10.32303550054,
    14.499999999999));
#8192 = CARTESIAN_POINT('',(7.142672281337,-10.33069888143,
    14.499999999999));
#8193 = CARTESIAN_POINT('',(7.151926591464,-10.33696116894,
    14.499999999999));
#8194 = CARTESIAN_POINT('',(7.161765414535,-10.34230812702,
    14.499999999999));
#8195 = CARTESIAN_POINT('',(7.172402779765,-10.34637545319,
    14.499999999999));
#8196 = CARTESIAN_POINT('',(7.183743721531,-10.34917426245,
    14.499999999999));
#8197 = CARTESIAN_POINT('',(7.195767205289,-10.35094147366,
    14.499999999999));
#8198 = CARTESIAN_POINT('',(7.20402701198,-10.35117112028,
    14.499999999999));
#8199 = CARTESIAN_POINT('',(7.208257062887,-10.35128872799,
    14.499999999999));
#8200 = ORIENTED_EDGE('',*,*,#8201,.F.);
#8201 = EDGE_CURVE('',#7987,#8178,#8202,.T.);
#8202 = LINE('',#8203,#8204);
#8203 = CARTESIAN_POINT('',(7.097763733682,-10.20551862946,
    14.449999999999));
#8204 = VECTOR('',#8205,1.);
#8205 = DIRECTION('',(3.491481338843E-15,-6.123233995737E-17,1.));
#8206 = ORIENTED_EDGE('',*,*,#7986,.T.);
#8207 = ORIENTED_EDGE('',*,*,#8122,.T.);
#8208 = B_SPLINE_SURFACE_WITH_KNOTS('',3,1,(
    (#8209,#8210)
    ,(#8211,#8212)
    ,(#8213,#8214)
    ,(#8215,#8216)
    ,(#8217,#8218)
    ,(#8219,#8220)
    ,(#8221,#8222)
    ,(#8223,#8224)
    ,(#8225,#8226)
    ,(#8227,#8228)
    ,(#8229,#8230)
    ,(#8231,#8232)
    ,(#8233,#8234)
    ,(#8235,#8236)
    ,(#8237,#8238)
    ,(#8239,#8240)
    ,(#8241,#8242)
    ,(#8243,#8244)
    ,(#8245,#8246
    )),.UNSPECIFIED.,.F.,.F.,.F.,(4,1,1,1,1,1,1,1,1,1,1,1,1,1,1,1,4),(2,
    2),(0.,8.361637509219E-02,0.162618374904,0.236730496663,
    0.306934663623,0.372958500949,0.435418652746,0.495150554795,
    0.552781082203,0.608886177116,0.662881526506,0.716307363869,
    0.770109844398,0.824581088229,0.880543310622,0.93882328047,1.),(0.,
    1.),.UNSPECIFIED.);
#8209 = CARTESIAN_POINT('',(7.097763733682,-10.20551862946,
    14.449999999999));
#8210 = CARTESIAN_POINT('',(7.097763733682,-10.20551862946,
    14.499999999999));
#8211 = CARTESIAN_POINT('',(7.097816341435,-10.21130056855,
    14.449999999999));
#8212 = CARTESIAN_POINT('',(7.097816341435,-10.21130056855,
    14.499999999999));
#8213 = CARTESIAN_POINT('',(7.097918653779,-10.22254537003,
    14.449999999999));
#8214 = CARTESIAN_POINT('',(7.097918653779,-10.22254537003,
    14.499999999999));
#8215 = CARTESIAN_POINT('',(7.099431208351,-10.23885135189,
    14.449999999999));
#8216 = CARTESIAN_POINT('',(7.099431208351,-10.23885135189,
    14.499999999999));
#8217 = CARTESIAN_POINT('',(7.101548047161,-10.25415303303,
    14.449999999999));
#8218 = CARTESIAN_POINT('',(7.101548047161,-10.25415303303,
    14.499999999999));
#8219 = CARTESIAN_POINT('',(7.104832020175,-10.26833432066,
    14.449999999999));
#8220 = CARTESIAN_POINT('',(7.104832020175,-10.26833432066,
    14.499999999999));
#8221 = CARTESIAN_POINT('',(7.108840707645,-10.28148083208,
    14.449999999999));
#8222 = CARTESIAN_POINT('',(7.108840707645,-10.28148083208,
    14.499999999999));
#8223 = CARTESIAN_POINT('',(7.113772972046,-10.29355104021,
    14.449999999999));
#8224 = CARTESIAN_POINT('',(7.113772972046,-10.29355104021,
    14.499999999999));
#8225 = CARTESIAN_POINT('',(7.119836129845,-10.30442503617,
    14.449999999999));
#8226 = CARTESIAN_POINT('',(7.119836129845,-10.30442503617,
    14.499999999999));
#8227 = CARTESIAN_POINT('',(7.126587459637,-10.3143650627,
    14.449999999999));
#8228 = CARTESIAN_POINT('',(7.126587459637,-10.3143650627,
    14.499999999999));
#8229 = CARTESIAN_POINT('',(7.134322322956,-10.32303550054,
    14.449999999999));
#8230 = CARTESIAN_POINT('',(7.134322322956,-10.32303550054,
    14.499999999999));
#8231 = CARTESIAN_POINT('',(7.142672281337,-10.33069888143,
    14.449999999999));
#8232 = CARTESIAN_POINT('',(7.142672281337,-10.33069888143,
    14.499999999999));
#8233 = CARTESIAN_POINT('',(7.151926591464,-10.33696116894,
    14.449999999999));
#8234 = CARTESIAN_POINT('',(7.151926591464,-10.33696116894,
    14.499999999999));
#8235 = CARTESIAN_POINT('',(7.161765414535,-10.34230812702,
    14.449999999999));
#8236 = CARTESIAN_POINT('',(7.161765414535,-10.34230812702,
    14.499999999999));
#8237 = CARTESIAN_POINT('',(7.172402779765,-10.34637545319,
    14.449999999999));
#8238 = CARTESIAN_POINT('',(7.172402779765,-10.34637545319,
    14.499999999999));
#8239 = CARTESIAN_POINT('',(7.183743721531,-10.34917426245,
    14.449999999999));
#8240 = CARTESIAN_POINT('',(7.183743721531,-10.34917426245,
    14.499999999999));
#8241 = CARTESIAN_POINT('',(7.195767205289,-10.35094147366,
    14.449999999999));
#8242 = CARTESIAN_POINT('',(7.195767205289,-10.35094147366,
    14.499999999999));
#8243 = CARTESIAN_POINT('',(7.20402701198,-10.35117112028,
    14.449999999999));
#8244 = CARTESIAN_POINT('',(7.20402701198,-10.35117112028,
    14.499999999999));
#8245 = CARTESIAN_POINT('',(7.208257062887,-10.35128872799,
    14.449999999999));
#8246 = CARTESIAN_POINT('',(7.208257062887,-10.35128872799,
    14.499999999999));
#8247 = ADVANCED_FACE('',(#8248),#8282,.T.);
#8248 = FACE_BOUND('',#8249,.T.);
#8249 = EDGE_LOOP('',(#8250,#8274,#8280,#8281));
#8250 = ORIENTED_EDGE('',*,*,#8251,.F.);
#8251 = EDGE_CURVE('',#8252,#8178,#8254,.T.);
#8252 = VERTEX_POINT('',#8253);
#8253 = CARTESIAN_POINT('',(7.208257062887,-10.05934305083,
    14.499999999999));
#8254 = B_SPLINE_CURVE_WITH_KNOTS('',3,(#8255,#8256,#8257,#8258,#8259,
    #8260,#8261,#8262,#8263,#8264,#8265,#8266,#8267,#8268,#8269,#8270,
    #8271,#8272,#8273),.UNSPECIFIED.,.F.,.F.,(4,1,1,1,1,1,1,1,1,1,1,1,1,
    1,1,1,4),(0.,6.138914200338E-02,0.11934099059,0.175524863179,
    0.229579625349,0.282688466627,0.335198582421,0.388992012677,
    0.443433158074,0.500007711668,0.558811540723,0.620992264586,
    0.687185718491,0.758025002114,0.833250404598,0.913838487196,1.),
  .UNSPECIFIED.);
#8255 = CARTESIAN_POINT('',(7.208257062887,-10.05934305083,
    14.499999999999));
#8256 = CARTESIAN_POINT('',(7.203994708998,-10.05947096568,
    14.499999999999));
#8257 = CARTESIAN_POINT('',(7.195708658424,-10.05971963319,
    14.499999999999));
#8258 = CARTESIAN_POINT('',(7.18360191772,-10.06133308132,
    14.499999999999));
#8259 = CARTESIAN_POINT('',(7.172245727191,-10.06415867551,
    14.499999999999));
#8260 = CARTESIAN_POINT('',(7.161600814295,-10.06814141327,
    14.499999999999));
#8261 = CARTESIAN_POINT('',(7.151708774486,-10.07320877537,
    14.499999999999));
#8262 = CARTESIAN_POINT('',(7.142562835126,-10.07949579725,
    14.499999999999));
#8263 = CARTESIAN_POINT('',(7.134180574853,-10.08690049103,
    14.499999999999));
#8264 = CARTESIAN_POINT('',(7.126473806881,-10.09539496358,
    14.499999999999));
#8265 = CARTESIAN_POINT('',(7.119690377067,-10.10507493874,
    14.499999999999));
#8266 = CARTESIAN_POINT('',(7.113777715992,-10.11591978146,
    14.499999999999));
#8267 = CARTESIAN_POINT('',(7.108816183551,-10.1279587278,
    14.499999999999));
#8268 = CARTESIAN_POINT('',(7.104822954986,-10.14121613901,
    14.499999999999));
#8269 = CARTESIAN_POINT('',(7.101539400749,-10.15560027114,
    14.499999999999));
#8270 = CARTESIAN_POINT('',(7.099427033609,-10.17120681797,
    14.499999999999));
#8271 = CARTESIAN_POINT('',(7.097913959158,-10.1879518078,
    14.499999999999));
#8272 = CARTESIAN_POINT('',(7.097814912353,-10.19953398157,
    14.499999999999));
#8273 = CARTESIAN_POINT('',(7.097763733682,-10.20551862946,
    14.499999999999));
#8274 = ORIENTED_EDGE('',*,*,#8275,.F.);
#8275 = EDGE_CURVE('',#8013,#8252,#8276,.T.);
#8276 = LINE('',#8277,#8278);
#8277 = CARTESIAN_POINT('',(7.208257062887,-10.05934305083,
    14.449999999999));
#8278 = VECTOR('',#8279,1.);
#8279 = DIRECTION('',(3.491481338843E-15,-6.123233995737E-17,1.));
#8280 = ORIENTED_EDGE('',*,*,#8012,.T.);
#8281 = ORIENTED_EDGE('',*,*,#8201,.T.);
#8282 = B_SPLINE_SURFACE_WITH_KNOTS('',3,1,(
    (#8283,#8284)
    ,(#8285,#8286)
    ,(#8287,#8288)
    ,(#8289,#8290)
    ,(#8291,#8292)
    ,(#8293,#8294)
    ,(#8295,#8296)
    ,(#8297,#8298)
    ,(#8299,#8300)
    ,(#8301,#8302)
    ,(#8303,#8304)
    ,(#8305,#8306)
    ,(#8307,#8308)
    ,(#8309,#8310)
    ,(#8311,#8312)
    ,(#8313,#8314)
    ,(#8315,#8316)
    ,(#8317,#8318)
    ,(#8319,#8320
    )),.UNSPECIFIED.,.F.,.F.,.F.,(4,1,1,1,1,1,1,1,1,1,1,1,1,1,1,1,4),(2,
    2),(0.,6.138914200338E-02,0.11934099059,0.175524863179,
    0.229579625349,0.282688466627,0.335198582421,0.388992012677,
    0.443433158074,0.500007711668,0.558811540723,0.620992264586,
    0.687185718491,0.758025002114,0.833250404598,0.913838487196,1.),(0.,
    1.),.UNSPECIFIED.);
#8283 = CARTESIAN_POINT('',(7.208257062887,-10.05934305083,
    14.449999999999));
#8284 = CARTESIAN_POINT('',(7.208257062887,-10.05934305083,
    14.499999999999));
#8285 = CARTESIAN_POINT('',(7.203994708998,-10.05947096568,
    14.449999999999));
#8286 = CARTESIAN_POINT('',(7.203994708998,-10.05947096568,
    14.499999999999));
#8287 = CARTESIAN_POINT('',(7.195708658424,-10.05971963319,
    14.449999999999));
#8288 = CARTESIAN_POINT('',(7.195708658424,-10.05971963319,
    14.499999999999));
#8289 = CARTESIAN_POINT('',(7.18360191772,-10.06133308132,
    14.449999999999));
#8290 = CARTESIAN_POINT('',(7.18360191772,-10.06133308132,
    14.499999999999));
#8291 = CARTESIAN_POINT('',(7.172245727191,-10.06415867551,
    14.449999999999));
#8292 = CARTESIAN_POINT('',(7.172245727191,-10.06415867551,
    14.499999999999));
#8293 = CARTESIAN_POINT('',(7.161600814295,-10.06814141327,
    14.449999999999));
#8294 = CARTESIAN_POINT('',(7.161600814295,-10.06814141327,
    14.499999999999));
#8295 = CARTESIAN_POINT('',(7.151708774486,-10.07320877537,
    14.449999999999));
#8296 = CARTESIAN_POINT('',(7.151708774486,-10.07320877537,
    14.499999999999));
#8297 = CARTESIAN_POINT('',(7.142562835126,-10.07949579725,
    14.449999999999));
#8298 = CARTESIAN_POINT('',(7.142562835126,-10.07949579725,
    14.499999999999));
#8299 = CARTESIAN_POINT('',(7.134180574853,-10.08690049103,
    14.449999999999));
#8300 = CARTESIAN_POINT('',(7.134180574853,-10.08690049103,
    14.499999999999));
#8301 = CARTESIAN_POINT('',(7.126473806881,-10.09539496358,
    14.449999999999));
#8302 = CARTESIAN_POINT('',(7.126473806881,-10.09539496358,
    14.499999999999));
#8303 = CARTESIAN_POINT('',(7.119690377067,-10.10507493874,
    14.449999999999));
#8304 = CARTESIAN_POINT('',(7.119690377067,-10.10507493874,
    14.499999999999));
#8305 = CARTESIAN_POINT('',(7.113777715992,-10.11591978146,
    14.449999999999));
#8306 = CARTESIAN_POINT('',(7.113777715992,-10.11591978146,
    14.499999999999));
#8307 = CARTESIAN_POINT('',(7.108816183551,-10.1279587278,
    14.449999999999));
#8308 = CARTESIAN_POINT('',(7.108816183551,-10.1279587278,
    14.499999999999));
#8309 = CARTESIAN_POINT('',(7.104822954986,-10.14121613901,
    14.449999999999));
#8310 = CARTESIAN_POINT('',(7.104822954986,-10.14121613901,
    14.499999999999));
#8311 = CARTESIAN_POINT('',(7.101539400749,-10.15560027114,
    14.449999999999));
#8312 = CARTESIAN_POINT('',(7.101539400749,-10.15560027114,
    14.499999999999));
#8313 = CARTESIAN_POINT('',(7.099427033609,-10.17120681797,
    14.449999999999));
#8314 = CARTESIAN_POINT('',(7.099427033609,-10.17120681797,
    14.499999999999));
#8315 = CARTESIAN_POINT('',(7.097913959158,-10.1879518078,
    14.449999999999));
#8316 = CARTESIAN_POINT('',(7.097913959158,-10.1879518078,
    14.499999999999));
#8317 = CARTESIAN_POINT('',(7.097814912353,-10.19953398157,
    14.449999999999));
#8318 = CARTESIAN_POINT('',(7.097814912353,-10.19953398157,
    14.499999999999));
#8319 = CARTESIAN_POINT('',(7.097763733682,-10.20551862946,
    14.449999999999));
#8320 = CARTESIAN_POINT('',(7.097763733682,-10.20551862946,
    14.499999999999));
#8321 = ADVANCED_FACE('',(#8322),#8349,.T.);
#8322 = FACE_BOUND('',#8323,.T.);
#8323 = EDGE_LOOP('',(#8324,#8346,#8347,#8348));
#8324 = ORIENTED_EDGE('',*,*,#8325,.F.);
#8325 = EDGE_CURVE('',#8099,#8252,#8326,.T.);
#8326 = B_SPLINE_CURVE_WITH_KNOTS('',3,(#8327,#8328,#8329,#8330,#8331,
    #8332,#8333,#8334,#8335,#8336,#8337,#8338,#8339,#8340,#8341,#8342,
    #8343,#8344,#8345),.UNSPECIFIED.,.F.,.F.,(4,1,1,1,1,1,1,1,1,1,1,1,1,
    1,1,1,4),(0.,8.635976643448E-02,0.167133278461,0.242531771095,
    0.313534052612,0.379879814574,0.442392303436,0.501331437365,
    0.558318692468,0.612885104408,0.666437006411,0.719471012075,
    0.772268955158,0.825991641685,0.881358856844,0.939444049937,1.),
  .UNSPECIFIED.);
#8327 = CARTESIAN_POINT('',(7.318344911985,-10.20551862946,
    14.499999999998));
#8328 = CARTESIAN_POINT('',(7.318293819215,-10.19953394424,
    14.499999999999));
#8329 = CARTESIAN_POINT('',(7.318194938654,-10.18795169821,
    14.499999999999));
#8330 = CARTESIAN_POINT('',(7.316680704809,-10.17120721226,
    14.499999999999));
#8331 = CARTESIAN_POINT('',(7.314572324867,-10.15559893258,
    14.499999999999));
#8332 = CARTESIAN_POINT('',(7.311275207633,-10.14122069499,
    14.499999999999));
#8333 = CARTESIAN_POINT('',(7.307324161534,-10.12793078279,
    14.499999999999));
#8334 = CARTESIAN_POINT('',(7.302199182416,-10.11594843534,
    14.499999999999));
#8335 = CARTESIAN_POINT('',(7.296338583623,-10.10503856861,
    14.499999999999));
#8336 = CARTESIAN_POINT('',(7.289424836301,-10.09542076422,
    14.499999999999));
#8337 = CARTESIAN_POINT('',(7.281729551232,-10.08693817808,
    14.499999999999));
#8338 = CARTESIAN_POINT('',(7.273430440581,-10.07942534679,
    14.499999999999));
#8339 = CARTESIAN_POINT('',(7.264224141037,-10.07327361519,
    14.499999999999));
#8340 = CARTESIAN_POINT('',(7.254416266313,-10.06812979719,
    14.499999999999));
#8341 = CARTESIAN_POINT('',(7.243891610541,-10.06418121261,
    14.499999999999));
#8342 = CARTESIAN_POINT('',(7.232649063734,-10.06130569743,
    14.499999999999));
#8343 = CARTESIAN_POINT('',(7.220668526381,-10.05973420711,
    14.499999999999));
#8344 = CARTESIAN_POINT('',(7.212451260182,-10.059475234,14.499999999999
    ));
#8345 = CARTESIAN_POINT('',(7.208257062887,-10.05934305083,
    14.499999999999));
#8346 = ORIENTED_EDGE('',*,*,#8129,.F.);
#8347 = ORIENTED_EDGE('',*,*,#8036,.T.);
#8348 = ORIENTED_EDGE('',*,*,#8275,.T.);
#8349 = B_SPLINE_SURFACE_WITH_KNOTS('',3,1,(
    (#8350,#8351)
    ,(#8352,#8353)
    ,(#8354,#8355)
    ,(#8356,#8357)
    ,(#8358,#8359)
    ,(#8360,#8361)
    ,(#8362,#8363)
    ,(#8364,#8365)
    ,(#8366,#8367)
    ,(#8368,#8369)
    ,(#8370,#8371)
    ,(#8372,#8373)
    ,(#8374,#8375)
    ,(#8376,#8377)
    ,(#8378,#8379)
    ,(#8380,#8381)
    ,(#8382,#8383)
    ,(#8384,#8385)
    ,(#8386,#8387
    )),.UNSPECIFIED.,.F.,.F.,.F.,(4,1,1,1,1,1,1,1,1,1,1,1,1,1,1,1,4),(2,
    2),(0.,8.635976643448E-02,0.167133278461,0.242531771095,
    0.313534052612,0.379879814574,0.442392303436,0.501331437365,
    0.558318692468,0.612885104408,0.666437006411,0.719471012075,
    0.772268955158,0.825991641685,0.881358856844,0.939444049937,1.),(0.,
    1.),.UNSPECIFIED.);
#8350 = CARTESIAN_POINT('',(7.318344911985,-10.20551862946,
    14.449999999999));
#8351 = CARTESIAN_POINT('',(7.318344911985,-10.20551862946,
    14.499999999999));
#8352 = CARTESIAN_POINT('',(7.318293819215,-10.19953394424,
    14.449999999999));
#8353 = CARTESIAN_POINT('',(7.318293819215,-10.19953394424,
    14.499999999999));
#8354 = CARTESIAN_POINT('',(7.318194938654,-10.18795169821,
    14.449999999999));
#8355 = CARTESIAN_POINT('',(7.318194938654,-10.18795169821,
    14.499999999999));
#8356 = CARTESIAN_POINT('',(7.316680704809,-10.17120721226,
    14.449999999999));
#8357 = CARTESIAN_POINT('',(7.316680704809,-10.17120721226,
    14.499999999999));
#8358 = CARTESIAN_POINT('',(7.314572324867,-10.15559893258,
    14.449999999999));
#8359 = CARTESIAN_POINT('',(7.314572324867,-10.15559893258,
    14.499999999999));
#8360 = CARTESIAN_POINT('',(7.311275207633,-10.14122069499,
    14.449999999999));
#8361 = CARTESIAN_POINT('',(7.311275207633,-10.14122069499,
    14.499999999999));
#8362 = CARTESIAN_POINT('',(7.307324161534,-10.12793078279,
    14.449999999999));
#8363 = CARTESIAN_POINT('',(7.307324161534,-10.12793078279,
    14.499999999999));
#8364 = CARTESIAN_POINT('',(7.302199182416,-10.11594843534,
    14.449999999999));
#8365 = CARTESIAN_POINT('',(7.302199182416,-10.11594843534,
    14.499999999999));
#8366 = CARTESIAN_POINT('',(7.296338583623,-10.10503856861,
    14.449999999999));
#8367 = CARTESIAN_POINT('',(7.296338583623,-10.10503856861,
    14.499999999999));
#8368 = CARTESIAN_POINT('',(7.289424836301,-10.09542076422,
    14.449999999999));
#8369 = CARTESIAN_POINT('',(7.289424836301,-10.09542076422,
    14.499999999999));
#8370 = CARTESIAN_POINT('',(7.281729551232,-10.08693817808,
    14.449999999999));
#8371 = CARTESIAN_POINT('',(7.281729551232,-10.08693817808,
    14.499999999999));
#8372 = CARTESIAN_POINT('',(7.273430440581,-10.07942534679,
    14.449999999999));
#8373 = CARTESIAN_POINT('',(7.273430440581,-10.07942534679,
    14.499999999999));
#8374 = CARTESIAN_POINT('',(7.264224141037,-10.07327361519,
    14.449999999999));
#8375 = CARTESIAN_POINT('',(7.264224141037,-10.07327361519,
    14.499999999999));
#8376 = CARTESIAN_POINT('',(7.254416266313,-10.06812979719,
    14.449999999999));
#8377 = CARTESIAN_POINT('',(7.254416266313,-10.06812979719,
    14.499999999999));
#8378 = CARTESIAN_POINT('',(7.243891610541,-10.06418121261,
    14.449999999999));
#8379 = CARTESIAN_POINT('',(7.243891610541,-10.06418121261,
    14.499999999999));
#8380 = CARTESIAN_POINT('',(7.232649063734,-10.06130569743,
    14.449999999999));
#8381 = CARTESIAN_POINT('',(7.232649063734,-10.06130569743,
    14.499999999999));
#8382 = CARTESIAN_POINT('',(7.220668526381,-10.05973420711,
    14.449999999999));
#8383 = CARTESIAN_POINT('',(7.220668526381,-10.05973420711,
    14.499999999999));
#8384 = CARTESIAN_POINT('',(7.212451260182,-10.059475234,14.449999999999
    ));
#8385 = CARTESIAN_POINT('',(7.212451260182,-10.059475234,14.499999999999
    ));
#8386 = CARTESIAN_POINT('',(7.208257062887,-10.05934305083,
    14.449999999999));
#8387 = CARTESIAN_POINT('',(7.208257062887,-10.05934305083,
    14.499999999999));
#8388 = ADVANCED_FACE('',(#8389),#8395,.F.);
#8389 = FACE_BOUND('',#8390,.T.);
#8390 = EDGE_LOOP('',(#8391,#8392,#8393,#8394));
#8391 = ORIENTED_EDGE('',*,*,#8096,.T.);
#8392 = ORIENTED_EDGE('',*,*,#8325,.T.);
#8393 = ORIENTED_EDGE('',*,*,#8251,.T.);
#8394 = ORIENTED_EDGE('',*,*,#8177,.T.);
#8395 = PLANE('',#8396);
#8396 = AXIS2_PLACEMENT_3D('',#8397,#8398,#8399);
#8397 = CARTESIAN_POINT('',(11.499999999999,-11.5,14.499999999999));
#8398 = DIRECTION('',(-3.491481338843E-15,0.,-1.));
#8399 = DIRECTION('',(3.491481338843E-15,1.,-1.219044193949E-29));
#8400 = ADVANCED_FACE('',(#8401),#8426,.T.);
#8401 = FACE_BOUND('',#8402,.T.);
#8402 = EDGE_LOOP('',(#8403,#8404,#8412,#8420));
#8403 = ORIENTED_EDGE('',*,*,#1206,.F.);
#8404 = ORIENTED_EDGE('',*,*,#8405,.F.);
#8405 = EDGE_CURVE('',#8406,#1207,#8408,.T.);
#8406 = VERTEX_POINT('',#8407);
#8407 = CARTESIAN_POINT('',(7.551901453718,-9.864712599387,
    14.449999999999));
#8408 = LINE('',#8409,#8410);
#8409 = CARTESIAN_POINT('',(7.551901453718,-9.864712599387,
    14.449999999999));
#8410 = VECTOR('',#8411,1.);
#8411 = DIRECTION('',(3.491481338843E-15,-6.123233995737E-17,1.));
#8412 = ORIENTED_EDGE('',*,*,#8413,.T.);
#8413 = EDGE_CURVE('',#8406,#8414,#8416,.T.);
#8414 = VERTEX_POINT('',#8415);
#8415 = CARTESIAN_POINT('',(7.551901453718,-10.3967025,14.449999999999)
  );
#8416 = LINE('',#8417,#8418);
#8417 = CARTESIAN_POINT('',(7.551901453718,-9.864712599387,
    14.449999999999));
#8418 = VECTOR('',#8419,1.);
#8419 = DIRECTION('',(-3.491481338843E-15,-1.,1.219044193949E-29));
#8420 = ORIENTED_EDGE('',*,*,#8421,.T.);
#8421 = EDGE_CURVE('',#8414,#1209,#8422,.T.);
#8422 = LINE('',#8423,#8424);
#8423 = CARTESIAN_POINT('',(7.551901453718,-10.3967025,14.449999999999)
  );
#8424 = VECTOR('',#8425,1.);
#8425 = DIRECTION('',(3.491481338843E-15,-6.123233995737E-17,1.));
#8426 = PLANE('',#8427);
#8427 = AXIS2_PLACEMENT_3D('',#8428,#8429,#8430);
#8428 = CARTESIAN_POINT('',(7.551901453718,-9.864712599387,
    14.449999999999));
#8429 = DIRECTION('',(-1.,3.491481338843E-15,3.491481338843E-15));
#8430 = DIRECTION('',(3.491481338843E-15,1.,-1.219044193949E-29));
#8431 = ADVANCED_FACE('',(#8432),#8450,.T.);
#8432 = FACE_BOUND('',#8433,.T.);
#8433 = EDGE_LOOP('',(#8434,#8435,#8436,#8444));
#8434 = ORIENTED_EDGE('',*,*,#1216,.F.);
#8435 = ORIENTED_EDGE('',*,*,#8421,.F.);
#8436 = ORIENTED_EDGE('',*,*,#8437,.T.);
#8437 = EDGE_CURVE('',#8414,#8438,#8440,.T.);
#8438 = VERTEX_POINT('',#8439);
#8439 = CARTESIAN_POINT('',(7.48702463657,-10.3967025,14.449999999999));
#8440 = LINE('',#8441,#8442);
#8441 = CARTESIAN_POINT('',(7.551901453718,-10.3967025,14.449999999999)
  );
#8442 = VECTOR('',#8443,1.);
#8443 = DIRECTION('',(-1.,1.491405146527E-16,3.491481338843E-15));
#8444 = ORIENTED_EDGE('',*,*,#8445,.T.);
#8445 = EDGE_CURVE('',#8438,#1217,#8446,.T.);
#8446 = LINE('',#8447,#8448);
#8447 = CARTESIAN_POINT('',(7.48702463657,-10.3967025,14.449999999999));
#8448 = VECTOR('',#8449,1.);
#8449 = DIRECTION('',(3.491481338843E-15,-6.123233995737E-17,1.));
#8450 = PLANE('',#8451);
#8451 = AXIS2_PLACEMENT_3D('',#8452,#8453,#8454);
#8452 = CARTESIAN_POINT('',(7.551901453718,-10.3967025,14.449999999999)
  );
#8453 = DIRECTION('',(1.491405146527E-16,1.,6.123233995737E-17));
#8454 = DIRECTION('',(1.,-1.491405146527E-16,-3.491481338843E-15));
#8455 = ADVANCED_FACE('',(#8456),#8474,.T.);
#8456 = FACE_BOUND('',#8457,.T.);
#8457 = EDGE_LOOP('',(#8458,#8459,#8460,#8468));
#8458 = ORIENTED_EDGE('',*,*,#1224,.F.);
#8459 = ORIENTED_EDGE('',*,*,#8445,.F.);
#8460 = ORIENTED_EDGE('',*,*,#8461,.T.);
#8461 = EDGE_CURVE('',#8438,#8462,#8464,.T.);
#8462 = VERTEX_POINT('',#8463);
#8463 = CARTESIAN_POINT('',(7.48702463657,-9.864712599387,
    14.449999999999));
#8464 = LINE('',#8465,#8466);
#8465 = CARTESIAN_POINT('',(7.48702463657,-10.3967025,14.449999999999));
#8466 = VECTOR('',#8467,1.);
#8467 = DIRECTION('',(3.491481338843E-15,1.,-1.219044193949E-29));
#8468 = ORIENTED_EDGE('',*,*,#8469,.T.);
#8469 = EDGE_CURVE('',#8462,#1225,#8470,.T.);
#8470 = LINE('',#8471,#8472);
#8471 = CARTESIAN_POINT('',(7.48702463657,-9.864712599387,
    14.449999999999));
#8472 = VECTOR('',#8473,1.);
#8473 = DIRECTION('',(3.491481338843E-15,-6.123233995737E-17,1.));
#8474 = PLANE('',#8475);
#8475 = AXIS2_PLACEMENT_3D('',#8476,#8477,#8478);
#8476 = CARTESIAN_POINT('',(7.48702463657,-10.3967025,14.449999999999));
#8477 = DIRECTION('',(1.,-3.491481338843E-15,-3.491481338843E-15));
#8478 = DIRECTION('',(-3.491481338843E-15,-1.,1.219044193949E-29));
#8479 = ADVANCED_FACE('',(#8480),#8491,.T.);
#8480 = FACE_BOUND('',#8481,.T.);
#8481 = EDGE_LOOP('',(#8482,#8483,#8484,#8490));
#8482 = ORIENTED_EDGE('',*,*,#1232,.F.);
#8483 = ORIENTED_EDGE('',*,*,#8469,.F.);
#8484 = ORIENTED_EDGE('',*,*,#8485,.T.);
#8485 = EDGE_CURVE('',#8462,#8406,#8486,.T.);
#8486 = LINE('',#8487,#8488);
#8487 = CARTESIAN_POINT('',(7.48702463657,-9.864712599387,
    14.449999999999));
#8488 = VECTOR('',#8489,1.);
#8489 = DIRECTION('',(1.,3.193200309538E-15,-3.491481338843E-15));
#8490 = ORIENTED_EDGE('',*,*,#8405,.T.);
#8491 = PLANE('',#8492);
#8492 = AXIS2_PLACEMENT_3D('',#8493,#8494,#8495);
#8493 = CARTESIAN_POINT('',(7.48702463657,-9.864712599387,
    14.449999999999));
#8494 = DIRECTION('',(3.193200309538E-15,-1.,-6.123233995738E-17));
#8495 = DIRECTION('',(-1.,-3.193200309538E-15,3.491481338843E-15));
#8496 = ADVANCED_FACE('',(#8497),#8503,.F.);
#8497 = FACE_BOUND('',#8498,.T.);
#8498 = EDGE_LOOP('',(#8499,#8500,#8501,#8502));
#8499 = ORIENTED_EDGE('',*,*,#8413,.F.);
#8500 = ORIENTED_EDGE('',*,*,#8485,.F.);
#8501 = ORIENTED_EDGE('',*,*,#8461,.F.);
#8502 = ORIENTED_EDGE('',*,*,#8437,.F.);
#8503 = PLANE('',#8504);
#8504 = AXIS2_PLACEMENT_3D('',#8505,#8506,#8507);
#8505 = CARTESIAN_POINT('',(-1.000000000001,-11.5,14.449999999999));
#8506 = DIRECTION('',(-3.491481338843E-15,0.,-1.));
#8507 = DIRECTION('',(3.491481338843E-15,1.,-1.219044193949E-29));
#8508 = ADVANCED_FACE('',(#8509),#8550,.T.);
#8509 = FACE_BOUND('',#8510,.T.);
#8510 = EDGE_LOOP('',(#8511,#8512,#8520,#8544));
#8511 = ORIENTED_EDGE('',*,*,#1905,.F.);
#8512 = ORIENTED_EDGE('',*,*,#8513,.F.);
#8513 = EDGE_CURVE('',#8514,#1906,#8516,.T.);
#8514 = VERTEX_POINT('',#8515);
#8515 = CARTESIAN_POINT('',(7.831074507507,-10.00095391539,
    14.449999999999));
#8516 = LINE('',#8517,#8518);
#8517 = CARTESIAN_POINT('',(7.831074507507,-10.00095391539,
    14.449999999999));
#8518 = VECTOR('',#8519,1.);
#8519 = DIRECTION('',(3.491481338843E-15,-6.123233995737E-17,1.));
#8520 = ORIENTED_EDGE('',*,*,#8521,.T.);
#8521 = EDGE_CURVE('',#8514,#8522,#8524,.T.);
#8522 = VERTEX_POINT('',#8523);
#8523 = CARTESIAN_POINT('',(8.006039173753,-10.20551862946,
    14.449999999999));
#8524 = B_SPLINE_CURVE_WITH_KNOTS('',3,(#8525,#8526,#8527,#8528,#8529,
    #8530,#8531,#8532,#8533,#8534,#8535,#8536,#8537,#8538,#8539,#8540,
    #8541,#8542,#8543),.UNSPECIFIED.,.F.,.F.,(4,1,1,1,1,1,1,1,1,1,1,1,1,
    1,1,1,4),(0.,6.413182673186E-02,0.125487406905,0.184575589996,
    0.242113839961,0.298978398778,0.355627099908,0.412970483506,
    0.471742096013,0.531687352324,0.591967037736,0.653764853713,
    0.717237701099,0.783213416352,0.8517485028,0.924207197476,1.),
  .UNSPECIFIED.);
#8525 = CARTESIAN_POINT('',(7.831074507507,-10.00095391539,
    14.449999999999));
#8526 = CARTESIAN_POINT('',(7.837572443023,-10.00108264117,
    14.449999999999));
#8527 = CARTESIAN_POINT('',(7.850287020474,-10.00133452022,
    14.449999999999));
#8528 = CARTESIAN_POINT('',(7.868815269624,-10.00409718332,
    14.449999999999));
#8529 = CARTESIAN_POINT('',(7.886362859077,-10.00829510247,
    14.449999999999));
#8530 = CARTESIAN_POINT('',(7.902927970425,-10.01427853927,
    14.449999999999));
#8531 = CARTESIAN_POINT('',(7.918386481428,-10.02217036278,
    14.449999999999));
#8532 = CARTESIAN_POINT('',(7.932908160156,-10.03163686174,
    14.449999999999));
#8533 = CARTESIAN_POINT('',(7.946353244141,-10.04288685371,
    14.449999999999));
#8534 = CARTESIAN_POINT('',(7.958724579886,-10.05577288447,
    14.449999999999));
#8535 = CARTESIAN_POINT('',(7.969783604613,-10.07016259835,
    14.449999999999));
#8536 = CARTESIAN_POINT('',(7.97970822095,-10.08574135706,
    14.449999999999));
#8537 = CARTESIAN_POINT('',(7.987656051975,-10.10280149074,
    14.449999999999));
#8538 = CARTESIAN_POINT('',(7.994610675118,-10.12089936936,
    14.449999999999));
#8539 = CARTESIAN_POINT('',(7.999642480218,-10.14033943485,
    14.449999999999));
#8540 = CARTESIAN_POINT('',(8.003440062569,-10.16096135553,
    14.449999999999));
#8541 = CARTESIAN_POINT('',(8.005669713425,-10.18283011946,
    14.449999999999));
#8542 = CARTESIAN_POINT('',(8.005914187607,-10.19784324669,
    14.449999999999));
#8543 = CARTESIAN_POINT('',(8.006039173753,-10.20551862946,
    14.449999999999));
#8544 = ORIENTED_EDGE('',*,*,#8545,.T.);
#8545 = EDGE_CURVE('',#8522,#1908,#8546,.T.);
#8546 = LINE('',#8547,#8548);
#8547 = CARTESIAN_POINT('',(8.006039173753,-10.20551862946,
    14.449999999999));
#8548 = VECTOR('',#8549,1.);
#8549 = DIRECTION('',(3.491481338843E-15,-6.123233995737E-17,1.));
#8550 = B_SPLINE_SURFACE_WITH_KNOTS('',3,1,(
    (#8551,#8552)
    ,(#8553,#8554)
    ,(#8555,#8556)
    ,(#8557,#8558)
    ,(#8559,#8560)
    ,(#8561,#8562)
    ,(#8563,#8564)
    ,(#8565,#8566)
    ,(#8567,#8568)
    ,(#8569,#8570)
    ,(#8571,#8572)
    ,(#8573,#8574)
    ,(#8575,#8576)
    ,(#8577,#8578)
    ,(#8579,#8580)
    ,(#8581,#8582)
    ,(#8583,#8584)
    ,(#8585,#8586)
    ,(#8587,#8588
    )),.UNSPECIFIED.,.F.,.F.,.F.,(4,1,1,1,1,1,1,1,1,1,1,1,1,1,1,1,4),(2,
    2),(0.,6.413182673186E-02,0.125487406905,0.184575589996,
    0.242113839961,0.298978398778,0.355627099908,0.412970483506,
    0.471742096013,0.531687352324,0.591967037736,0.653764853713,
    0.717237701099,0.783213416352,0.8517485028,0.924207197476,1.),(0.,1.
    ),.UNSPECIFIED.);
#8551 = CARTESIAN_POINT('',(7.831074507507,-10.00095391539,
    14.449999999999));
#8552 = CARTESIAN_POINT('',(7.831074507507,-10.00095391539,
    14.499999999999));
#8553 = CARTESIAN_POINT('',(7.837572443023,-10.00108264117,
    14.449999999999));
#8554 = CARTESIAN_POINT('',(7.837572443023,-10.00108264117,
    14.499999999999));
#8555 = CARTESIAN_POINT('',(7.850287020474,-10.00133452022,
    14.449999999999));
#8556 = CARTESIAN_POINT('',(7.850287020474,-10.00133452022,
    14.499999999999));
#8557 = CARTESIAN_POINT('',(7.868815269624,-10.00409718332,
    14.449999999999));
#8558 = CARTESIAN_POINT('',(7.868815269624,-10.00409718332,
    14.499999999999));
#8559 = CARTESIAN_POINT('',(7.886362859077,-10.00829510247,
    14.449999999999));
#8560 = CARTESIAN_POINT('',(7.886362859077,-10.00829510247,
    14.499999999999));
#8561 = CARTESIAN_POINT('',(7.902927970425,-10.01427853927,
    14.449999999999));
#8562 = CARTESIAN_POINT('',(7.902927970425,-10.01427853927,
    14.499999999999));
#8563 = CARTESIAN_POINT('',(7.918386481428,-10.02217036278,
    14.449999999999));
#8564 = CARTESIAN_POINT('',(7.918386481428,-10.02217036278,
    14.499999999999));
#8565 = CARTESIAN_POINT('',(7.932908160156,-10.03163686174,
    14.449999999999));
#8566 = CARTESIAN_POINT('',(7.932908160156,-10.03163686174,
    14.499999999999));
#8567 = CARTESIAN_POINT('',(7.946353244141,-10.04288685371,
    14.449999999999));
#8568 = CARTESIAN_POINT('',(7.946353244141,-10.04288685371,
    14.499999999999));
#8569 = CARTESIAN_POINT('',(7.958724579886,-10.05577288447,
    14.449999999999));
#8570 = CARTESIAN_POINT('',(7.958724579886,-10.05577288447,
    14.499999999999));
#8571 = CARTESIAN_POINT('',(7.969783604613,-10.07016259835,
    14.449999999999));
#8572 = CARTESIAN_POINT('',(7.969783604613,-10.07016259835,
    14.499999999999));
#8573 = CARTESIAN_POINT('',(7.97970822095,-10.08574135706,
    14.449999999999));
#8574 = CARTESIAN_POINT('',(7.97970822095,-10.08574135706,
    14.499999999999));
#8575 = CARTESIAN_POINT('',(7.987656051975,-10.10280149074,
    14.449999999999));
#8576 = CARTESIAN_POINT('',(7.987656051975,-10.10280149074,
    14.499999999999));
#8577 = CARTESIAN_POINT('',(7.994610675118,-10.12089936936,
    14.449999999999));
#8578 = CARTESIAN_POINT('',(7.994610675118,-10.12089936936,
    14.499999999999));
#8579 = CARTESIAN_POINT('',(7.999642480218,-10.14033943485,
    14.449999999999));
#8580 = CARTESIAN_POINT('',(7.999642480218,-10.14033943485,
    14.499999999999));
#8581 = CARTESIAN_POINT('',(8.003440062569,-10.16096135553,
    14.449999999999));
#8582 = CARTESIAN_POINT('',(8.003440062569,-10.16096135553,
    14.499999999999));
#8583 = CARTESIAN_POINT('',(8.005669713425,-10.18283011946,
    14.449999999999));
#8584 = CARTESIAN_POINT('',(8.005669713425,-10.18283011946,
    14.499999999999));
#8585 = CARTESIAN_POINT('',(8.005914187607,-10.19784324669,
    14.449999999999));
#8586 = CARTESIAN_POINT('',(8.005914187607,-10.19784324669,
    14.499999999999));
#8587 = CARTESIAN_POINT('',(8.006039173753,-10.20551862946,
    14.449999999999));
#8588 = CARTESIAN_POINT('',(8.006039173753,-10.20551862946,
    14.499999999999));
#8589 = ADVANCED_FACE('',(#8590),#8624,.T.);
#8590 = FACE_BOUND('',#8591,.T.);
#8591 = EDGE_LOOP('',(#8592,#8593,#8594,#8618));
#8592 = ORIENTED_EDGE('',*,*,#1931,.F.);
#8593 = ORIENTED_EDGE('',*,*,#8545,.F.);
#8594 = ORIENTED_EDGE('',*,*,#8595,.T.);
#8595 = EDGE_CURVE('',#8522,#8596,#8598,.T.);
#8596 = VERTEX_POINT('',#8597);
#8597 = CARTESIAN_POINT('',(7.831074507507,-10.40967786343,
    14.449999999999));
#8598 = B_SPLINE_CURVE_WITH_KNOTS('',3,(#8599,#8600,#8601,#8602,#8603,
    #8604,#8605,#8606,#8607,#8608,#8609,#8610,#8611,#8612,#8613,#8614,
    #8615,#8616,#8617),.UNSPECIFIED.,.F.,.F.,(4,1,1,1,1,1,1,1,1,1,1,1,1,
    1,1,1,4),(0.,7.586643330576E-02,0.148063192469,0.216993473168,
    0.282710591523,0.346245101168,0.407801850924,0.468423322082,
    0.528163077185,0.586991784821,0.64417759536,0.700881329264,
    0.757650952595,0.815245099508,0.874390685268,0.935805870828,1.),
  .UNSPECIFIED.);
#8599 = CARTESIAN_POINT('',(8.006039173753,-10.20551862946,
    14.449999999999));
#8600 = CARTESIAN_POINT('',(8.005916763147,-10.21319438634,
    14.449999999999));
#8601 = CARTESIAN_POINT('',(8.00567786296,-10.22817462226,
    14.449999999999));
#8602 = CARTESIAN_POINT('',(8.003416678939,-10.25003800692,
    14.449999999999));
#8603 = CARTESIAN_POINT('',(7.999675239854,-10.27063829149,
    14.449999999999));
#8604 = CARTESIAN_POINT('',(7.994583281908,-10.29006134483,
    14.449999999999));
#8605 = CARTESIAN_POINT('',(7.987691667091,-10.30811844296,
    14.449999999999));
#8606 = CARTESIAN_POINT('',(7.979642331916,-10.3251227536,
    14.449999999999));
#8607 = CARTESIAN_POINT('',(7.969855189826,-10.34075605308,
    14.449999999999));
#8608 = CARTESIAN_POINT('',(7.958678432063,-10.35505775425,
    14.449999999999));
#8609 = CARTESIAN_POINT('',(7.946394309075,-10.36796168621,
    14.449999999999));
#8610 = CARTESIAN_POINT('',(7.932867015515,-10.37907789709,
    14.449999999999));
#8611 = CARTESIAN_POINT('',(7.918419375402,-10.38859029849,
    14.449999999999));
#8612 = CARTESIAN_POINT('',(7.902897416161,-10.39632734152,
    14.449999999999));
#8613 = CARTESIAN_POINT('',(7.886367357879,-10.40234528985,
    14.449999999999));
#8614 = CARTESIAN_POINT('',(7.868814006287,-10.40653217669,
    14.449999999999));
#8615 = CARTESIAN_POINT('',(7.850287358211,-10.40929790523,
    14.449999999999));
#8616 = CARTESIAN_POINT('',(7.83757255725,-10.40954935635,
    14.449999999999));
#8617 = CARTESIAN_POINT('',(7.831074507507,-10.40967786343,
    14.449999999999));
#8618 = ORIENTED_EDGE('',*,*,#8619,.T.);
#8619 = EDGE_CURVE('',#8596,#1932,#8620,.T.);
#8620 = LINE('',#8621,#8622);
#8621 = CARTESIAN_POINT('',(7.831074507507,-10.40967786343,
    14.449999999999));
#8622 = VECTOR('',#8623,1.);
#8623 = DIRECTION('',(3.491481338843E-15,-6.123233995737E-17,1.));
#8624 = B_SPLINE_SURFACE_WITH_KNOTS('',3,1,(
    (#8625,#8626)
    ,(#8627,#8628)
    ,(#8629,#8630)
    ,(#8631,#8632)
    ,(#8633,#8634)
    ,(#8635,#8636)
    ,(#8637,#8638)
    ,(#8639,#8640)
    ,(#8641,#8642)
    ,(#8643,#8644)
    ,(#8645,#8646)
    ,(#8647,#8648)
    ,(#8649,#8650)
    ,(#8651,#8652)
    ,(#8653,#8654)
    ,(#8655,#8656)
    ,(#8657,#8658)
    ,(#8659,#8660)
    ,(#8661,#8662
    )),.UNSPECIFIED.,.F.,.F.,.F.,(4,1,1,1,1,1,1,1,1,1,1,1,1,1,1,1,4),(2,
    2),(0.,7.586643330576E-02,0.148063192469,0.216993473168,
    0.282710591523,0.346245101168,0.407801850924,0.468423322082,
    0.528163077185,0.586991784821,0.64417759536,0.700881329264,
    0.757650952595,0.815245099508,0.874390685268,0.935805870828,1.),(0.,
    1.),.UNSPECIFIED.);
#8625 = CARTESIAN_POINT('',(8.006039173753,-10.20551862946,
    14.449999999999));
#8626 = CARTESIAN_POINT('',(8.006039173753,-10.20551862946,
    14.499999999999));
#8627 = CARTESIAN_POINT('',(8.005916763147,-10.21319438634,
    14.449999999999));
#8628 = CARTESIAN_POINT('',(8.005916763147,-10.21319438634,
    14.499999999999));
#8629 = CARTESIAN_POINT('',(8.00567786296,-10.22817462226,
    14.449999999999));
#8630 = CARTESIAN_POINT('',(8.00567786296,-10.22817462226,
    14.499999999999));
#8631 = CARTESIAN_POINT('',(8.003416678939,-10.25003800692,
    14.449999999999));
#8632 = CARTESIAN_POINT('',(8.003416678939,-10.25003800692,
    14.499999999999));
#8633 = CARTESIAN_POINT('',(7.999675239854,-10.27063829149,
    14.449999999999));
#8634 = CARTESIAN_POINT('',(7.999675239854,-10.27063829149,
    14.499999999999));
#8635 = CARTESIAN_POINT('',(7.994583281908,-10.29006134483,
    14.449999999999));
#8636 = CARTESIAN_POINT('',(7.994583281908,-10.29006134483,
    14.499999999999));
#8637 = CARTESIAN_POINT('',(7.987691667091,-10.30811844296,
    14.449999999999));
#8638 = CARTESIAN_POINT('',(7.987691667091,-10.30811844296,
    14.499999999999));
#8639 = CARTESIAN_POINT('',(7.979642331916,-10.3251227536,
    14.449999999999));
#8640 = CARTESIAN_POINT('',(7.979642331916,-10.3251227536,
    14.499999999999));
#8641 = CARTESIAN_POINT('',(7.969855189826,-10.34075605308,
    14.449999999999));
#8642 = CARTESIAN_POINT('',(7.969855189826,-10.34075605308,
    14.499999999999));
#8643 = CARTESIAN_POINT('',(7.958678432063,-10.35505775425,
    14.449999999999));
#8644 = CARTESIAN_POINT('',(7.958678432063,-10.35505775425,
    14.499999999999));
#8645 = CARTESIAN_POINT('',(7.946394309075,-10.36796168621,
    14.449999999999));
#8646 = CARTESIAN_POINT('',(7.946394309075,-10.36796168621,
    14.499999999999));
#8647 = CARTESIAN_POINT('',(7.932867015515,-10.37907789709,
    14.449999999999));
#8648 = CARTESIAN_POINT('',(7.932867015515,-10.37907789709,
    14.499999999999));
#8649 = CARTESIAN_POINT('',(7.918419375402,-10.38859029849,
    14.449999999999));
#8650 = CARTESIAN_POINT('',(7.918419375402,-10.38859029849,
    14.499999999999));
#8651 = CARTESIAN_POINT('',(7.902897416161,-10.39632734152,
    14.449999999999));
#8652 = CARTESIAN_POINT('',(7.902897416161,-10.39632734152,
    14.499999999999));
#8653 = CARTESIAN_POINT('',(7.886367357879,-10.40234528985,
    14.449999999999));
#8654 = CARTESIAN_POINT('',(7.886367357879,-10.40234528985,
    14.499999999999));
#8655 = CARTESIAN_POINT('',(7.868814006287,-10.40653217669,
    14.449999999999));
#8656 = CARTESIAN_POINT('',(7.868814006287,-10.40653217669,
    14.499999999999));
#8657 = CARTESIAN_POINT('',(7.850287358211,-10.40929790523,
    14.449999999999));
#8658 = CARTESIAN_POINT('',(7.850287358211,-10.40929790523,
    14.499999999999));
#8659 = CARTESIAN_POINT('',(7.83757255725,-10.40954935635,
    14.449999999999));
#8660 = CARTESIAN_POINT('',(7.83757255725,-10.40954935635,
    14.499999999999));
#8661 = CARTESIAN_POINT('',(7.831074507507,-10.40967786343,
    14.449999999999));
#8662 = CARTESIAN_POINT('',(7.831074507507,-10.40967786343,
    14.499999999999));
#8663 = ADVANCED_FACE('',(#8664),#8698,.T.);
#8664 = FACE_BOUND('',#8665,.T.);
#8665 = EDGE_LOOP('',(#8666,#8667,#8668,#8692));
#8666 = ORIENTED_EDGE('',*,*,#1955,.F.);
#8667 = ORIENTED_EDGE('',*,*,#8619,.F.);
#8668 = ORIENTED_EDGE('',*,*,#8669,.T.);
#8669 = EDGE_CURVE('',#8596,#8670,#8672,.T.);
#8670 = VERTEX_POINT('',#8671);
#8671 = CARTESIAN_POINT('',(7.655704361154,-10.20551862946,
    14.449999999999));
#8672 = B_SPLINE_CURVE_WITH_KNOTS('',3,(#8673,#8674,#8675,#8676,#8677,
    #8678,#8679,#8680,#8681,#8682,#8683,#8684,#8685,#8686,#8687,#8688,
    #8689,#8690,#8691),.UNSPECIFIED.,.F.,.F.,(4,1,1,1,1,1,1,1,1,1,1,1,1,
    1,1,1,4),(0.,6.474847846218E-02,0.126386629788,0.185753009771,
    0.2435601028,0.3005291218,0.357413165575,0.414499184224,
    0.473225233038,0.532656202253,0.592996140602,0.654590977554,
    0.717782751567,0.783385190503,0.852195184667,0.924265957138,1.),
  .UNSPECIFIED.);
#8673 = CARTESIAN_POINT('',(7.831074507507,-10.40967786343,
    14.449999999999));
#8674 = CARTESIAN_POINT('',(7.824508847481,-10.40955075795,
    14.449999999999));
#8675 = CARTESIAN_POINT('',(7.811692922494,-10.40930265276,
    14.449999999999));
#8676 = CARTESIAN_POINT('',(7.793031783164,-10.4065320587,
    14.449999999999));
#8677 = CARTESIAN_POINT('',(7.775378092736,-10.40234503524,
    14.449999999999));
#8678 = CARTESIAN_POINT('',(7.758746075875,-10.39632907095,
    14.449999999999));
#8679 = CARTESIAN_POINT('',(7.743127325636,-10.38858755323,
    14.449999999999));
#8680 = CARTESIAN_POINT('',(7.728584440375,-10.37910994338,
    14.449999999999));
#8681 = CARTESIAN_POINT('',(7.715050980048,-10.36795484907,
    14.449999999999));
#8682 = CARTESIAN_POINT('',(7.702761562657,-10.35508611946,
    14.449999999999));
#8683 = CARTESIAN_POINT('',(7.691669873851,-10.34075635865,
    14.449999999999));
#8684 = CARTESIAN_POINT('',(7.6820510585,-10.32506187364,14.449999999999
    ));
#8685 = CARTESIAN_POINT('',(7.673764575655,-10.30819519089,
    14.449999999999));
#8686 = CARTESIAN_POINT('',(7.667231696689,-10.29000854867,
    14.449999999999));
#8687 = CARTESIAN_POINT('',(7.662046120466,-10.27064689425,
    14.449999999999));
#8688 = CARTESIAN_POINT('',(7.65833319717,-10.25003554682,
    14.449999999999));
#8689 = CARTESIAN_POINT('',(7.656063960196,-10.22817528634,
    14.449999999999));
#8690 = CARTESIAN_POINT('',(7.655826191826,-10.21319461133,
    14.449999999999));
#8691 = CARTESIAN_POINT('',(7.655704361154,-10.20551862946,
    14.449999999999));
#8692 = ORIENTED_EDGE('',*,*,#8693,.T.);
#8693 = EDGE_CURVE('',#8670,#1956,#8694,.T.);
#8694 = LINE('',#8695,#8696);
#8695 = CARTESIAN_POINT('',(7.655704361154,-10.20551862946,
    14.449999999999));
#8696 = VECTOR('',#8697,1.);
#8697 = DIRECTION('',(3.491481338843E-15,-6.123233995737E-17,1.));
#8698 = B_SPLINE_SURFACE_WITH_KNOTS('',3,1,(
    (#8699,#8700)
    ,(#8701,#8702)
    ,(#8703,#8704)
    ,(#8705,#8706)
    ,(#8707,#8708)
    ,(#8709,#8710)
    ,(#8711,#8712)
    ,(#8713,#8714)
    ,(#8715,#8716)
    ,(#8717,#8718)
    ,(#8719,#8720)
    ,(#8721,#8722)
    ,(#8723,#8724)
    ,(#8725,#8726)
    ,(#8727,#8728)
    ,(#8729,#8730)
    ,(#8731,#8732)
    ,(#8733,#8734)
    ,(#8735,#8736
    )),.UNSPECIFIED.,.F.,.F.,.F.,(4,1,1,1,1,1,1,1,1,1,1,1,1,1,1,1,4),(2,
    2),(0.,6.474847846218E-02,0.126386629788,0.185753009771,0.2435601028
    ,0.3005291218,0.357413165575,0.414499184224,0.473225233038,
    0.532656202253,0.592996140602,0.654590977554,0.717782751567,
    0.783385190503,0.852195184667,0.924265957138,1.),(0.,1.),
  .UNSPECIFIED.);
#8699 = CARTESIAN_POINT('',(7.831074507507,-10.40967786343,
    14.449999999999));
#8700 = CARTESIAN_POINT('',(7.831074507507,-10.40967786343,
    14.499999999999));
#8701 = CARTESIAN_POINT('',(7.824508847481,-10.40955075795,
    14.449999999999));
#8702 = CARTESIAN_POINT('',(7.824508847481,-10.40955075795,
    14.499999999999));
#8703 = CARTESIAN_POINT('',(7.811692922494,-10.40930265276,
    14.449999999999));
#8704 = CARTESIAN_POINT('',(7.811692922494,-10.40930265276,
    14.499999999999));
#8705 = CARTESIAN_POINT('',(7.793031783164,-10.4065320587,
    14.449999999999));
#8706 = CARTESIAN_POINT('',(7.793031783164,-10.4065320587,
    14.499999999999));
#8707 = CARTESIAN_POINT('',(7.775378092736,-10.40234503524,
    14.449999999999));
#8708 = CARTESIAN_POINT('',(7.775378092736,-10.40234503524,
    14.499999999999));
#8709 = CARTESIAN_POINT('',(7.758746075875,-10.39632907095,
    14.449999999999));
#8710 = CARTESIAN_POINT('',(7.758746075875,-10.39632907095,
    14.499999999999));
#8711 = CARTESIAN_POINT('',(7.743127325636,-10.38858755323,
    14.449999999999));
#8712 = CARTESIAN_POINT('',(7.743127325636,-10.38858755323,
    14.499999999999));
#8713 = CARTESIAN_POINT('',(7.728584440375,-10.37910994338,
    14.449999999999));
#8714 = CARTESIAN_POINT('',(7.728584440375,-10.37910994338,
    14.499999999999));
#8715 = CARTESIAN_POINT('',(7.715050980048,-10.36795484907,
    14.449999999999));
#8716 = CARTESIAN_POINT('',(7.715050980048,-10.36795484907,
    14.499999999999));
#8717 = CARTESIAN_POINT('',(7.702761562657,-10.35508611946,
    14.449999999999));
#8718 = CARTESIAN_POINT('',(7.702761562657,-10.35508611946,
    14.499999999999));
#8719 = CARTESIAN_POINT('',(7.691669873851,-10.34075635865,
    14.449999999999));
#8720 = CARTESIAN_POINT('',(7.691669873851,-10.34075635865,
    14.499999999999));
#8721 = CARTESIAN_POINT('',(7.6820510585,-10.32506187364,14.449999999999
    ));
#8722 = CARTESIAN_POINT('',(7.6820510585,-10.32506187364,14.499999999999
    ));
#8723 = CARTESIAN_POINT('',(7.673764575655,-10.30819519089,
    14.449999999999));
#8724 = CARTESIAN_POINT('',(7.673764575655,-10.30819519089,
    14.499999999999));
#8725 = CARTESIAN_POINT('',(7.667231696689,-10.29000854867,
    14.449999999999));
#8726 = CARTESIAN_POINT('',(7.667231696689,-10.29000854867,
    14.499999999999));
#8727 = CARTESIAN_POINT('',(7.662046120466,-10.27064689425,
    14.449999999999));
#8728 = CARTESIAN_POINT('',(7.662046120466,-10.27064689425,
    14.499999999999));
#8729 = CARTESIAN_POINT('',(7.65833319717,-10.25003554682,
    14.449999999999));
#8730 = CARTESIAN_POINT('',(7.65833319717,-10.25003554682,
    14.499999999999));
#8731 = CARTESIAN_POINT('',(7.656063960196,-10.22817528634,
    14.449999999999));
#8732 = CARTESIAN_POINT('',(7.656063960196,-10.22817528634,
    14.499999999999));
#8733 = CARTESIAN_POINT('',(7.655826191826,-10.21319461133,
    14.449999999999));
#8734 = CARTESIAN_POINT('',(7.655826191826,-10.21319461133,
    14.499999999999));
#8735 = CARTESIAN_POINT('',(7.655704361154,-10.20551862946,
    14.449999999999));
#8736 = CARTESIAN_POINT('',(7.655704361154,-10.20551862946,
    14.499999999999));
#8737 = ADVANCED_FACE('',(#8738),#8765,.T.);
#8738 = FACE_BOUND('',#8739,.T.);
#8739 = EDGE_LOOP('',(#8740,#8741,#8742,#8764));
#8740 = ORIENTED_EDGE('',*,*,#1979,.F.);
#8741 = ORIENTED_EDGE('',*,*,#8693,.F.);
#8742 = ORIENTED_EDGE('',*,*,#8743,.T.);
#8743 = EDGE_CURVE('',#8670,#8514,#8744,.T.);
#8744 = B_SPLINE_CURVE_WITH_KNOTS('',3,(#8745,#8746,#8747,#8748,#8749,
    #8750,#8751,#8752,#8753,#8754,#8755,#8756,#8757,#8758,#8759,#8760,
    #8761,#8762,#8763),.UNSPECIFIED.,.F.,.F.,(4,1,1,1,1,1,1,1,1,1,1,1,1,
    1,1,1,4),(0.,7.566077568468E-02,0.147993251351,0.216408953498,
    0.282269742731,0.345400383298,0.407235210806,0.467233490291,
    0.52687088715,0.585540122783,0.642783617402,0.699612630003,
    0.756675523883,0.814426692754,0.873735640082,0.935314160981,1.),
  .UNSPECIFIED.);
#8745 = CARTESIAN_POINT('',(7.655704361154,-10.20551862946,
    14.449999999999));
#8746 = CARTESIAN_POINT('',(7.655828767902,-10.19784302201,
    14.449999999999));
#8747 = CARTESIAN_POINT('',(7.656072108772,-10.1828294553,
    14.449999999999));
#8748 = CARTESIAN_POINT('',(7.658309827068,-10.16096381979,
    14.449999999999));
#8749 = CARTESIAN_POINT('',(7.662078979845,-10.14033087459,
    14.449999999999));
#8750 = CARTESIAN_POINT('',(7.667204726161,-10.12095230943,
    14.449999999999));
#8751 = CARTESIAN_POINT('',(7.673799814869,-10.10272471892,
    14.449999999999));
#8752 = CARTESIAN_POINT('',(7.681984980442,-10.08580223224,
    14.449999999999));
#8753 = CARTESIAN_POINT('',(7.691741162688,-10.0701616622,
    14.449999999999));
#8754 = CARTESIAN_POINT('',(7.702715370756,-10.05574475254,
    14.449999999999));
#8755 = CARTESIAN_POINT('',(7.715092041923,-10.04289364917,
    14.449999999999));
#8756 = CARTESIAN_POINT('',(7.728543192769,-10.03160467431,
    14.449999999999));
#8757 = CARTESIAN_POINT('',(7.743160160019,-10.02217331027,
    14.449999999999));
#8758 = CARTESIAN_POINT('',(7.758715626188,-10.01427664917,
    14.449999999999));
#8759 = CARTESIAN_POINT('',(7.775382580823,-10.00829538688,
    14.449999999999));
#8760 = CARTESIAN_POINT('',(7.793030523164,-10.00409729357,
    14.449999999999));
#8761 = CARTESIAN_POINT('',(7.81169326128,-10.0013297785,14.449999999999
    ));
#8762 = CARTESIAN_POINT('',(7.824508962248,-10.00108124189,
    14.449999999999));
#8763 = CARTESIAN_POINT('',(7.831074507507,-10.00095391539,
    14.449999999999));
#8764 = ORIENTED_EDGE('',*,*,#8513,.T.);
#8765 = B_SPLINE_SURFACE_WITH_KNOTS('',3,1,(
    (#8766,#8767)
    ,(#8768,#8769)
    ,(#8770,#8771)
    ,(#8772,#8773)
    ,(#8774,#8775)
    ,(#8776,#8777)
    ,(#8778,#8779)
    ,(#8780,#8781)
    ,(#8782,#8783)
    ,(#8784,#8785)
    ,(#8786,#8787)
    ,(#8788,#8789)
    ,(#8790,#8791)
    ,(#8792,#8793)
    ,(#8794,#8795)
    ,(#8796,#8797)
    ,(#8798,#8799)
    ,(#8800,#8801)
    ,(#8802,#8803
    )),.UNSPECIFIED.,.F.,.F.,.F.,(4,1,1,1,1,1,1,1,1,1,1,1,1,1,1,1,4),(2,
    2),(0.,7.566077568468E-02,0.147993251351,0.216408953498,
    0.282269742731,0.345400383298,0.407235210806,0.467233490291,
    0.52687088715,0.585540122783,0.642783617402,0.699612630003,
    0.756675523883,0.814426692754,0.873735640082,0.935314160981,1.),(0.,
    1.),.UNSPECIFIED.);
#8766 = CARTESIAN_POINT('',(7.655704361154,-10.20551862946,
    14.449999999999));
#8767 = CARTESIAN_POINT('',(7.655704361154,-10.20551862946,
    14.499999999999));
#8768 = CARTESIAN_POINT('',(7.655828767902,-10.19784302201,
    14.449999999999));
#8769 = CARTESIAN_POINT('',(7.655828767902,-10.19784302201,
    14.499999999999));
#8770 = CARTESIAN_POINT('',(7.656072108772,-10.1828294553,
    14.449999999999));
#8771 = CARTESIAN_POINT('',(7.656072108772,-10.1828294553,
    14.499999999999));
#8772 = CARTESIAN_POINT('',(7.658309827068,-10.16096381979,
    14.449999999999));
#8773 = CARTESIAN_POINT('',(7.658309827068,-10.16096381979,
    14.499999999999));
#8774 = CARTESIAN_POINT('',(7.662078979845,-10.14033087459,
    14.449999999999));
#8775 = CARTESIAN_POINT('',(7.662078979845,-10.14033087459,
    14.499999999999));
#8776 = CARTESIAN_POINT('',(7.667204726161,-10.12095230943,
    14.449999999999));
#8777 = CARTESIAN_POINT('',(7.667204726161,-10.12095230943,
    14.499999999999));
#8778 = CARTESIAN_POINT('',(7.673799814869,-10.10272471892,
    14.449999999999));
#8779 = CARTESIAN_POINT('',(7.673799814869,-10.10272471892,
    14.499999999999));
#8780 = CARTESIAN_POINT('',(7.681984980442,-10.08580223224,
    14.449999999999));
#8781 = CARTESIAN_POINT('',(7.681984980442,-10.08580223224,
    14.499999999999));
#8782 = CARTESIAN_POINT('',(7.691741162688,-10.0701616622,
    14.449999999999));
#8783 = CARTESIAN_POINT('',(7.691741162688,-10.0701616622,
    14.499999999999));
#8784 = CARTESIAN_POINT('',(7.702715370756,-10.05574475254,
    14.449999999999));
#8785 = CARTESIAN_POINT('',(7.702715370756,-10.05574475254,
    14.499999999999));
#8786 = CARTESIAN_POINT('',(7.715092041923,-10.04289364917,
    14.449999999999));
#8787 = CARTESIAN_POINT('',(7.715092041923,-10.04289364917,
    14.499999999999));
#8788 = CARTESIAN_POINT('',(7.728543192769,-10.03160467431,
    14.449999999999));
#8789 = CARTESIAN_POINT('',(7.728543192769,-10.03160467431,
    14.499999999999));
#8790 = CARTESIAN_POINT('',(7.743160160019,-10.02217331027,
    14.449999999999));
#8791 = CARTESIAN_POINT('',(7.743160160019,-10.02217331027,
    14.499999999999));
#8792 = CARTESIAN_POINT('',(7.758715626188,-10.01427664917,
    14.449999999999));
#8793 = CARTESIAN_POINT('',(7.758715626188,-10.01427664917,
    14.499999999999));
#8794 = CARTESIAN_POINT('',(7.775382580823,-10.00829538688,
    14.449999999999));
#8795 = CARTESIAN_POINT('',(7.775382580823,-10.00829538688,
    14.499999999999));
#8796 = CARTESIAN_POINT('',(7.793030523164,-10.00409729357,
    14.449999999999));
#8797 = CARTESIAN_POINT('',(7.793030523164,-10.00409729357,
    14.499999999999));
#8798 = CARTESIAN_POINT('',(7.81169326128,-10.0013297785,14.449999999999
    ));
#8799 = CARTESIAN_POINT('',(7.81169326128,-10.0013297785,14.499999999999
    ));
#8800 = CARTESIAN_POINT('',(7.824508962248,-10.00108124189,
    14.449999999999));
#8801 = CARTESIAN_POINT('',(7.824508962248,-10.00108124189,
    14.499999999999));
#8802 = CARTESIAN_POINT('',(7.831074507507,-10.00095391539,
    14.449999999999));
#8803 = CARTESIAN_POINT('',(7.831074507507,-10.00095391539,
    14.499999999999));
#8804 = ADVANCED_FACE('',(#8805,#8903),#8909,.T.);
#8805 = FACE_BOUND('',#8806,.T.);
#8806 = EDGE_LOOP('',(#8807,#8833,#8857,#8881));
#8807 = ORIENTED_EDGE('',*,*,#8808,.F.);
#8808 = EDGE_CURVE('',#8809,#8811,#8813,.T.);
#8809 = VERTEX_POINT('',#8810);
#8810 = CARTESIAN_POINT('',(7.720581178302,-10.20551862946,
    14.449999999999));
#8811 = VERTEX_POINT('',#8812);
#8812 = CARTESIAN_POINT('',(7.831074507507,-10.35128872799,
    14.449999999999));
#8813 = B_SPLINE_CURVE_WITH_KNOTS('',3,(#8814,#8815,#8816,#8817,#8818,
    #8819,#8820,#8821,#8822,#8823,#8824,#8825,#8826,#8827,#8828,#8829,
    #8830,#8831,#8832),.UNSPECIFIED.,.F.,.F.,(4,1,1,1,1,1,1,1,1,1,1,1,1,
    1,1,1,4),(0.,8.361637509219E-02,0.162618374904,0.236730496663,
    0.306934663623,0.372958500949,0.435418652746,0.495150554795,
    0.552781082203,0.608886177116,0.662881526506,0.716307363869,
    0.770109844398,0.824581088229,0.880543310622,0.93882328047,1.),
  .UNSPECIFIED.);
#8814 = CARTESIAN_POINT('',(7.720581178302,-10.20551862946,
    14.449999999999));
#8815 = CARTESIAN_POINT('',(7.720633786056,-10.21130056855,
    14.449999999999));
#8816 = CARTESIAN_POINT('',(7.7207360984,-10.22254537003,14.449999999999
    ));
#8817 = CARTESIAN_POINT('',(7.722248652971,-10.23885135189,
    14.449999999999));
#8818 = CARTESIAN_POINT('',(7.724365491781,-10.25415303303,
    14.449999999999));
#8819 = CARTESIAN_POINT('',(7.727649464795,-10.26833432066,
    14.449999999999));
#8820 = CARTESIAN_POINT('',(7.731658152265,-10.28148083208,
    14.449999999999));
#8821 = CARTESIAN_POINT('',(7.736590416667,-10.29355104021,
    14.449999999999));
#8822 = CARTESIAN_POINT('',(7.742653574465,-10.30442503617,
    14.449999999999));
#8823 = CARTESIAN_POINT('',(7.749404904257,-10.3143650627,
    14.449999999999));
#8824 = CARTESIAN_POINT('',(7.757139767576,-10.32303550054,
    14.449999999999));
#8825 = CARTESIAN_POINT('',(7.765489725957,-10.33069888143,
    14.449999999999));
#8826 = CARTESIAN_POINT('',(7.774744036084,-10.33696116894,
    14.449999999999));
#8827 = CARTESIAN_POINT('',(7.784582859156,-10.34230812702,
    14.449999999999));
#8828 = CARTESIAN_POINT('',(7.795220224385,-10.34637545319,
    14.449999999999));
#8829 = CARTESIAN_POINT('',(7.806561166151,-10.34917426245,
    14.449999999999));
#8830 = CARTESIAN_POINT('',(7.81858464991,-10.35094147366,
    14.449999999999));
#8831 = CARTESIAN_POINT('',(7.8268444566,-10.35117112028,14.449999999999
    ));
#8832 = CARTESIAN_POINT('',(7.831074507507,-10.35128872799,
    14.449999999999));
#8833 = ORIENTED_EDGE('',*,*,#8834,.F.);
#8834 = EDGE_CURVE('',#8835,#8809,#8837,.T.);
#8835 = VERTEX_POINT('',#8836);
#8836 = CARTESIAN_POINT('',(7.831074507507,-10.05934305083,
    14.449999999999));
#8837 = B_SPLINE_CURVE_WITH_KNOTS('',3,(#8838,#8839,#8840,#8841,#8842,
    #8843,#8844,#8845,#8846,#8847,#8848,#8849,#8850,#8851,#8852,#8853,
    #8854,#8855,#8856),.UNSPECIFIED.,.F.,.F.,(4,1,1,1,1,1,1,1,1,1,1,1,1,
    1,1,1,4),(0.,6.13891420034E-02,0.11934099059,0.175524863179,
    0.229579625349,0.282688466627,0.335198582421,0.388992012677,
    0.443433158074,0.500007711668,0.558811540723,0.620992264586,
    0.687185718491,0.758025002114,0.833250404598,0.913838487196,1.),
  .UNSPECIFIED.);
#8838 = CARTESIAN_POINT('',(7.831074507507,-10.05934305083,
    14.449999999999));
#8839 = CARTESIAN_POINT('',(7.826812153619,-10.05947096568,
    14.449999999999));
#8840 = CARTESIAN_POINT('',(7.818526103045,-10.05971963319,
    14.449999999999));
#8841 = CARTESIAN_POINT('',(7.806419362341,-10.06133308132,
    14.449999999999));
#8842 = CARTESIAN_POINT('',(7.795063171811,-10.06415867551,
    14.449999999999));
#8843 = CARTESIAN_POINT('',(7.784418258916,-10.06814141327,
    14.449999999999));
#8844 = CARTESIAN_POINT('',(7.774526219107,-10.07320877537,
    14.449999999999));
#8845 = CARTESIAN_POINT('',(7.765380279746,-10.07949579725,
    14.449999999999));
#8846 = CARTESIAN_POINT('',(7.756998019474,-10.08690049103,
    14.449999999999));
#8847 = CARTESIAN_POINT('',(7.749291251501,-10.09539496358,
    14.449999999999));
#8848 = CARTESIAN_POINT('',(7.742507821687,-10.10507493874,
    14.449999999999));
#8849 = CARTESIAN_POINT('',(7.736595160612,-10.11591978146,
    14.449999999999));
#8850 = CARTESIAN_POINT('',(7.731633628171,-10.1279587278,
    14.449999999999));
#8851 = CARTESIAN_POINT('',(7.727640399607,-10.14121613901,
    14.449999999999));
#8852 = CARTESIAN_POINT('',(7.72435684537,-10.15560027114,
    14.449999999999));
#8853 = CARTESIAN_POINT('',(7.722244478229,-10.17120681797,
    14.449999999999));
#8854 = CARTESIAN_POINT('',(7.720731403779,-10.1879518078,
    14.449999999999));
#8855 = CARTESIAN_POINT('',(7.720632356973,-10.19953398157,
    14.449999999999));
#8856 = CARTESIAN_POINT('',(7.720581178302,-10.20551862946,
    14.449999999999));
#8857 = ORIENTED_EDGE('',*,*,#8858,.F.);
#8858 = EDGE_CURVE('',#8859,#8835,#8861,.T.);
#8859 = VERTEX_POINT('',#8860);
#8860 = CARTESIAN_POINT('',(7.941162356605,-10.20551862946,
    14.449999999999));
#8861 = B_SPLINE_CURVE_WITH_KNOTS('',3,(#8862,#8863,#8864,#8865,#8866,
    #8867,#8868,#8869,#8870,#8871,#8872,#8873,#8874,#8875,#8876,#8877,
    #8878,#8879,#8880),.UNSPECIFIED.,.F.,.F.,(4,1,1,1,1,1,1,1,1,1,1,1,1,
    1,1,1,4),(0.,8.635976643448E-02,0.167133278461,0.242531771095,
    0.313534052612,0.379879814574,0.442392303436,0.501331437365,
    0.558318692468,0.612885104408,0.666437006411,0.719471012075,
    0.772268955158,0.825991641685,0.881358856844,0.939444049937,1.),
  .UNSPECIFIED.);
#8862 = CARTESIAN_POINT('',(7.941162356605,-10.20551862946,
    14.449999999999));
#8863 = CARTESIAN_POINT('',(7.941111263835,-10.19953394424,
    14.449999999999));
#8864 = CARTESIAN_POINT('',(7.941012383274,-10.18795169821,
    14.449999999999));
#8865 = CARTESIAN_POINT('',(7.939498149429,-10.17120721226,
    14.449999999999));
#8866 = CARTESIAN_POINT('',(7.937389769488,-10.15559893258,
    14.449999999999));
#8867 = CARTESIAN_POINT('',(7.934092652253,-10.14122069499,
    14.449999999999));
#8868 = CARTESIAN_POINT('',(7.930141606154,-10.12793078279,
    14.449999999999));
#8869 = CARTESIAN_POINT('',(7.925016627036,-10.11594843534,
    14.449999999999));
#8870 = CARTESIAN_POINT('',(7.919156028243,-10.10503856861,
    14.449999999999));
#8871 = CARTESIAN_POINT('',(7.912242280921,-10.09542076422,
    14.449999999999));
#8872 = CARTESIAN_POINT('',(7.904546995852,-10.08693817808,
    14.449999999999));
#8873 = CARTESIAN_POINT('',(7.896247885201,-10.07942534679,
    14.449999999999));
#8874 = CARTESIAN_POINT('',(7.887041585657,-10.07327361519,
    14.449999999999));
#8875 = CARTESIAN_POINT('',(7.877233710933,-10.06812979719,
    14.449999999999));
#8876 = CARTESIAN_POINT('',(7.866709055161,-10.06418121261,
    14.449999999999));
#8877 = CARTESIAN_POINT('',(7.855466508355,-10.06130569743,
    14.449999999999));
#8878 = CARTESIAN_POINT('',(7.843485971001,-10.05973420711,
    14.449999999999));
#8879 = CARTESIAN_POINT('',(7.835268704802,-10.059475234,14.449999999999
    ));
#8880 = CARTESIAN_POINT('',(7.831074507507,-10.05934305083,
    14.449999999999));
#8881 = ORIENTED_EDGE('',*,*,#8882,.F.);
#8882 = EDGE_CURVE('',#8811,#8859,#8883,.T.);
#8883 = B_SPLINE_CURVE_WITH_KNOTS('',3,(#8884,#8885,#8886,#8887,#8888,
    #8889,#8890,#8891,#8892,#8893,#8894,#8895,#8896,#8897,#8898,#8899,
    #8900,#8901,#8902),.UNSPECIFIED.,.F.,.F.,(4,1,1,1,1,1,1,1,1,1,1,1,1,
    1,1,1,4),(0.,6.032029668208E-02,0.118231792104,0.173830873937,
    0.227953929672,0.280972979839,0.334384284799,0.388160451312,
    0.444011411095,0.501636327271,0.561487431236,0.62426170973,
    0.69056402604,0.760800771266,0.835617657747,0.915224633825,1.),
  .UNSPECIFIED.);
#8884 = CARTESIAN_POINT('',(7.831074507507,-10.35128872799,
    14.449999999999));
#8885 = CARTESIAN_POINT('',(7.835237200725,-10.35117019573,
    14.449999999999));
#8886 = CARTESIAN_POINT('',(7.843396356204,-10.35093786462,
    14.449999999999));
#8887 = CARTESIAN_POINT('',(7.855281873824,-10.34916933184,
    14.449999999999));
#8888 = CARTESIAN_POINT('',(7.866535611869,-10.34639385188,
    14.449999999999));
#8889 = CARTESIAN_POINT('',(7.876994837966,-10.34225206058,
    14.449999999999));
#8890 = CARTESIAN_POINT('',(7.88689850416,-10.33722690662,
    14.449999999999));
#8891 = CARTESIAN_POINT('',(7.895885134546,-10.33073482303,
    14.449999999999));
#8892 = CARTESIAN_POINT('',(7.904319506663,-10.32326811858,
    14.449999999999));
#8893 = CARTESIAN_POINT('',(7.91201291543,-10.31463262131,
    14.449999999999));
#8894 = CARTESIAN_POINT('',(7.918937397559,-10.30485472096,
    14.449999999999));
#8895 = CARTESIAN_POINT('',(7.924925278999,-10.2939270861,
    14.449999999999));
#8896 = CARTESIAN_POINT('',(7.929978240771,-10.28189364501,
    14.449999999999));
#8897 = CARTESIAN_POINT('',(7.934157729444,-10.26877201139,
    14.449999999999));
#8898 = CARTESIAN_POINT('',(7.937201234845,-10.25449804651,
    14.449999999999));
#8899 = CARTESIAN_POINT('',(7.939583542743,-10.23917424417,
    14.449999999999));
#8900 = CARTESIAN_POINT('',(7.940832877563,-10.22270448908,
    14.449999999999));
#8901 = CARTESIAN_POINT('',(7.941050252081,-10.21136608067,
    14.449999999999));
#8902 = CARTESIAN_POINT('',(7.941162356605,-10.20551862946,
    14.449999999999));
#8903 = FACE_BOUND('',#8904,.T.);
#8904 = EDGE_LOOP('',(#8905,#8906,#8907,#8908));
#8905 = ORIENTED_EDGE('',*,*,#8521,.F.);
#8906 = ORIENTED_EDGE('',*,*,#8743,.F.);
#8907 = ORIENTED_EDGE('',*,*,#8669,.F.);
#8908 = ORIENTED_EDGE('',*,*,#8595,.F.);
#8909 = PLANE('',#8910);
#8910 = AXIS2_PLACEMENT_3D('',#8911,#8912,#8913);
#8911 = CARTESIAN_POINT('',(7.963829020485,-10.06254203629,
    14.449999999999));
#8912 = DIRECTION('',(-6.396947784944E-13,-5.515102791002E-12,1.));
#8913 = DIRECTION('',(-3.491481338862E-15,-1.,-5.515102791002E-12));
#8914 = ADVANCED_FACE('',(#8915),#8956,.T.);
#8915 = FACE_BOUND('',#8916,.T.);
#8916 = EDGE_LOOP('',(#8917,#8943,#8949,#8950));
#8917 = ORIENTED_EDGE('',*,*,#8918,.F.);
#8918 = EDGE_CURVE('',#8919,#8921,#8923,.T.);
#8919 = VERTEX_POINT('',#8920);
#8920 = CARTESIAN_POINT('',(7.831074507507,-10.35128872799,
    14.499999999999));
#8921 = VERTEX_POINT('',#8922);
#8922 = CARTESIAN_POINT('',(7.941162356605,-10.20551862946,
    14.499999999998));
#8923 = B_SPLINE_CURVE_WITH_KNOTS('',3,(#8924,#8925,#8926,#8927,#8928,
    #8929,#8930,#8931,#8932,#8933,#8934,#8935,#8936,#8937,#8938,#8939,
    #8940,#8941,#8942),.UNSPECIFIED.,.F.,.F.,(4,1,1,1,1,1,1,1,1,1,1,1,1,
    1,1,1,4),(0.,6.032029668208E-02,0.118231792104,0.173830873937,
    0.227953929672,0.280972979839,0.334384284799,0.388160451312,
    0.444011411095,0.501636327271,0.561487431236,0.62426170973,
    0.69056402604,0.760800771266,0.835617657747,0.915224633825,1.),
  .UNSPECIFIED.);
#8924 = CARTESIAN_POINT('',(7.831074507507,-10.35128872799,
    14.499999999999));
#8925 = CARTESIAN_POINT('',(7.835237200725,-10.35117019573,
    14.499999999999));
#8926 = CARTESIAN_POINT('',(7.843396356204,-10.35093786462,
    14.499999999999));
#8927 = CARTESIAN_POINT('',(7.855281873824,-10.34916933184,
    14.499999999999));
#8928 = CARTESIAN_POINT('',(7.866535611869,-10.34639385188,
    14.499999999999));
#8929 = CARTESIAN_POINT('',(7.876994837966,-10.34225206058,
    14.499999999999));
#8930 = CARTESIAN_POINT('',(7.88689850416,-10.33722690662,
    14.499999999999));
#8931 = CARTESIAN_POINT('',(7.895885134546,-10.33073482303,
    14.499999999999));
#8932 = CARTESIAN_POINT('',(7.904319506663,-10.32326811858,
    14.499999999999));
#8933 = CARTESIAN_POINT('',(7.91201291543,-10.31463262131,
    14.499999999999));
#8934 = CARTESIAN_POINT('',(7.918937397559,-10.30485472096,
    14.499999999999));
#8935 = CARTESIAN_POINT('',(7.924925278999,-10.2939270861,
    14.499999999999));
#8936 = CARTESIAN_POINT('',(7.929978240771,-10.28189364501,
    14.499999999999));
#8937 = CARTESIAN_POINT('',(7.934157729444,-10.26877201139,
    14.499999999999));
#8938 = CARTESIAN_POINT('',(7.937201234845,-10.25449804651,
    14.499999999999));
#8939 = CARTESIAN_POINT('',(7.939583542743,-10.23917424417,
    14.499999999999));
#8940 = CARTESIAN_POINT('',(7.940832877563,-10.22270448908,
    14.499999999999));
#8941 = CARTESIAN_POINT('',(7.941050252081,-10.21136608067,
    14.499999999999));
#8942 = CARTESIAN_POINT('',(7.941162356605,-10.20551862946,
    14.499999999998));
#8943 = ORIENTED_EDGE('',*,*,#8944,.F.);
#8944 = EDGE_CURVE('',#8811,#8919,#8945,.T.);
#8945 = LINE('',#8946,#8947);
#8946 = CARTESIAN_POINT('',(7.831074507507,-10.35128872799,
    14.449999999999));
#8947 = VECTOR('',#8948,1.);
#8948 = DIRECTION('',(3.491481338843E-15,-6.123233995737E-17,1.));
#8949 = ORIENTED_EDGE('',*,*,#8882,.T.);
#8950 = ORIENTED_EDGE('',*,*,#8951,.T.);
#8951 = EDGE_CURVE('',#8859,#8921,#8952,.T.);
#8952 = LINE('',#8953,#8954);
#8953 = CARTESIAN_POINT('',(7.941162356605,-10.20551862946,
    14.449999999999));
#8954 = VECTOR('',#8955,1.);
#8955 = DIRECTION('',(3.491481338843E-15,-6.123233995737E-17,1.));
#8956 = B_SPLINE_SURFACE_WITH_KNOTS('',3,1,(
    (#8957,#8958)
    ,(#8959,#8960)
    ,(#8961,#8962)
    ,(#8963,#8964)
    ,(#8965,#8966)
    ,(#8967,#8968)
    ,(#8969,#8970)
    ,(#8971,#8972)
    ,(#8973,#8974)
    ,(#8975,#8976)
    ,(#8977,#8978)
    ,(#8979,#8980)
    ,(#8981,#8982)
    ,(#8983,#8984)
    ,(#8985,#8986)
    ,(#8987,#8988)
    ,(#8989,#8990)
    ,(#8991,#8992)
    ,(#8993,#8994
    )),.UNSPECIFIED.,.F.,.F.,.F.,(4,1,1,1,1,1,1,1,1,1,1,1,1,1,1,1,4),(2,
    2),(0.,6.032029668208E-02,0.118231792104,0.173830873937,
    0.227953929672,0.280972979839,0.334384284799,0.388160451312,
    0.444011411095,0.501636327271,0.561487431236,0.62426170973,
    0.69056402604,0.760800771266,0.835617657747,0.915224633825,1.),(0.,
    1.),.UNSPECIFIED.);
#8957 = CARTESIAN_POINT('',(7.831074507507,-10.35128872799,
    14.449999999999));
#8958 = CARTESIAN_POINT('',(7.831074507507,-10.35128872799,
    14.499999999999));
#8959 = CARTESIAN_POINT('',(7.835237200725,-10.35117019573,
    14.449999999999));
#8960 = CARTESIAN_POINT('',(7.835237200725,-10.35117019573,
    14.499999999999));
#8961 = CARTESIAN_POINT('',(7.843396356204,-10.35093786462,
    14.449999999999));
#8962 = CARTESIAN_POINT('',(7.843396356204,-10.35093786462,
    14.499999999999));
#8963 = CARTESIAN_POINT('',(7.855281873824,-10.34916933184,
    14.449999999999));
#8964 = CARTESIAN_POINT('',(7.855281873824,-10.34916933184,
    14.499999999999));
#8965 = CARTESIAN_POINT('',(7.866535611869,-10.34639385188,
    14.449999999999));
#8966 = CARTESIAN_POINT('',(7.866535611869,-10.34639385188,
    14.499999999999));
#8967 = CARTESIAN_POINT('',(7.876994837966,-10.34225206058,
    14.449999999999));
#8968 = CARTESIAN_POINT('',(7.876994837966,-10.34225206058,
    14.499999999999));
#8969 = CARTESIAN_POINT('',(7.88689850416,-10.33722690662,
    14.449999999999));
#8970 = CARTESIAN_POINT('',(7.88689850416,-10.33722690662,
    14.499999999999));
#8971 = CARTESIAN_POINT('',(7.895885134546,-10.33073482303,
    14.449999999999));
#8972 = CARTESIAN_POINT('',(7.895885134546,-10.33073482303,
    14.499999999999));
#8973 = CARTESIAN_POINT('',(7.904319506663,-10.32326811858,
    14.449999999999));
#8974 = CARTESIAN_POINT('',(7.904319506663,-10.32326811858,
    14.499999999999));
#8975 = CARTESIAN_POINT('',(7.91201291543,-10.31463262131,
    14.449999999999));
#8976 = CARTESIAN_POINT('',(7.91201291543,-10.31463262131,
    14.499999999999));
#8977 = CARTESIAN_POINT('',(7.918937397559,-10.30485472096,
    14.449999999999));
#8978 = CARTESIAN_POINT('',(7.918937397559,-10.30485472096,
    14.499999999999));
#8979 = CARTESIAN_POINT('',(7.924925278999,-10.2939270861,
    14.449999999999));
#8980 = CARTESIAN_POINT('',(7.924925278999,-10.2939270861,
    14.499999999999));
#8981 = CARTESIAN_POINT('',(7.929978240771,-10.28189364501,
    14.449999999999));
#8982 = CARTESIAN_POINT('',(7.929978240771,-10.28189364501,
    14.499999999999));
#8983 = CARTESIAN_POINT('',(7.934157729444,-10.26877201139,
    14.449999999999));
#8984 = CARTESIAN_POINT('',(7.934157729444,-10.26877201139,
    14.499999999999));
#8985 = CARTESIAN_POINT('',(7.937201234845,-10.25449804651,
    14.449999999999));
#8986 = CARTESIAN_POINT('',(7.937201234845,-10.25449804651,
    14.499999999999));
#8987 = CARTESIAN_POINT('',(7.939583542743,-10.23917424417,
    14.449999999999));
#8988 = CARTESIAN_POINT('',(7.939583542743,-10.23917424417,
    14.499999999999));
#8989 = CARTESIAN_POINT('',(7.940832877563,-10.22270448908,
    14.449999999999));
#8990 = CARTESIAN_POINT('',(7.940832877563,-10.22270448908,
    14.499999999999));
#8991 = CARTESIAN_POINT('',(7.941050252081,-10.21136608067,
    14.449999999999));
#8992 = CARTESIAN_POINT('',(7.941050252081,-10.21136608067,
    14.499999999999));
#8993 = CARTESIAN_POINT('',(7.941162356605,-10.20551862946,
    14.449999999999));
#8994 = CARTESIAN_POINT('',(7.941162356605,-10.20551862946,
    14.499999999999));
#8995 = ADVANCED_FACE('',(#8996),#9030,.T.);
#8996 = FACE_BOUND('',#8997,.T.);
#8997 = EDGE_LOOP('',(#8998,#9022,#9028,#9029));
#8998 = ORIENTED_EDGE('',*,*,#8999,.F.);
#8999 = EDGE_CURVE('',#9000,#8919,#9002,.T.);
#9000 = VERTEX_POINT('',#9001);
#9001 = CARTESIAN_POINT('',(7.720581178302,-10.20551862946,
    14.499999999999));
#9002 = B_SPLINE_CURVE_WITH_KNOTS('',3,(#9003,#9004,#9005,#9006,#9007,
    #9008,#9009,#9010,#9011,#9012,#9013,#9014,#9015,#9016,#9017,#9018,
    #9019,#9020,#9021),.UNSPECIFIED.,.F.,.F.,(4,1,1,1,1,1,1,1,1,1,1,1,1,
    1,1,1,4),(0.,8.361637509219E-02,0.162618374904,0.236730496663,
    0.306934663623,0.372958500949,0.435418652746,0.495150554795,
    0.552781082203,0.608886177116,0.662881526506,0.716307363869,
    0.770109844398,0.824581088229,0.880543310622,0.93882328047,1.),
  .UNSPECIFIED.);
#9003 = CARTESIAN_POINT('',(7.720581178302,-10.20551862946,
    14.499999999999));
#9004 = CARTESIAN_POINT('',(7.720633786056,-10.21130056855,
    14.499999999999));
#9005 = CARTESIAN_POINT('',(7.7207360984,-10.22254537003,14.499999999999
    ));
#9006 = CARTESIAN_POINT('',(7.722248652971,-10.23885135189,
    14.499999999999));
#9007 = CARTESIAN_POINT('',(7.724365491781,-10.25415303303,
    14.499999999999));
#9008 = CARTESIAN_POINT('',(7.727649464795,-10.26833432066,
    14.499999999999));
#9009 = CARTESIAN_POINT('',(7.731658152265,-10.28148083208,
    14.499999999999));
#9010 = CARTESIAN_POINT('',(7.736590416667,-10.29355104021,
    14.499999999999));
#9011 = CARTESIAN_POINT('',(7.742653574465,-10.30442503617,
    14.499999999999));
#9012 = CARTESIAN_POINT('',(7.749404904257,-10.3143650627,
    14.499999999999));
#9013 = CARTESIAN_POINT('',(7.757139767576,-10.32303550054,
    14.499999999999));
#9014 = CARTESIAN_POINT('',(7.765489725957,-10.33069888143,
    14.499999999999));
#9015 = CARTESIAN_POINT('',(7.774744036084,-10.33696116894,
    14.499999999999));
#9016 = CARTESIAN_POINT('',(7.784582859156,-10.34230812702,
    14.499999999999));
#9017 = CARTESIAN_POINT('',(7.795220224385,-10.34637545319,
    14.499999999999));
#9018 = CARTESIAN_POINT('',(7.806561166151,-10.34917426245,
    14.499999999999));
#9019 = CARTESIAN_POINT('',(7.81858464991,-10.35094147366,
    14.499999999999));
#9020 = CARTESIAN_POINT('',(7.8268444566,-10.35117112028,14.499999999999
    ));
#9021 = CARTESIAN_POINT('',(7.831074507507,-10.35128872799,
    14.499999999999));
#9022 = ORIENTED_EDGE('',*,*,#9023,.F.);
#9023 = EDGE_CURVE('',#8809,#9000,#9024,.T.);
#9024 = LINE('',#9025,#9026);
#9025 = CARTESIAN_POINT('',(7.720581178302,-10.20551862946,
    14.449999999999));
#9026 = VECTOR('',#9027,1.);
#9027 = DIRECTION('',(3.491481338843E-15,-6.123233995737E-17,1.));
#9028 = ORIENTED_EDGE('',*,*,#8808,.T.);
#9029 = ORIENTED_EDGE('',*,*,#8944,.T.);
#9030 = B_SPLINE_SURFACE_WITH_KNOTS('',3,1,(
    (#9031,#9032)
    ,(#9033,#9034)
    ,(#9035,#9036)
    ,(#9037,#9038)
    ,(#9039,#9040)
    ,(#9041,#9042)
    ,(#9043,#9044)
    ,(#9045,#9046)
    ,(#9047,#9048)
    ,(#9049,#9050)
    ,(#9051,#9052)
    ,(#9053,#9054)
    ,(#9055,#9056)
    ,(#9057,#9058)
    ,(#9059,#9060)
    ,(#9061,#9062)
    ,(#9063,#9064)
    ,(#9065,#9066)
    ,(#9067,#9068
    )),.UNSPECIFIED.,.F.,.F.,.F.,(4,1,1,1,1,1,1,1,1,1,1,1,1,1,1,1,4),(2,
    2),(0.,8.361637509219E-02,0.162618374904,0.236730496663,
    0.306934663623,0.372958500949,0.435418652746,0.495150554795,
    0.552781082203,0.608886177116,0.662881526506,0.716307363869,
    0.770109844398,0.824581088229,0.880543310622,0.93882328047,1.),(0.,
    1.),.UNSPECIFIED.);
#9031 = CARTESIAN_POINT('',(7.720581178302,-10.20551862946,
    14.449999999999));
#9032 = CARTESIAN_POINT('',(7.720581178302,-10.20551862946,
    14.499999999999));
#9033 = CARTESIAN_POINT('',(7.720633786056,-10.21130056855,
    14.449999999999));
#9034 = CARTESIAN_POINT('',(7.720633786056,-10.21130056855,
    14.499999999999));
#9035 = CARTESIAN_POINT('',(7.7207360984,-10.22254537003,14.449999999999
    ));
#9036 = CARTESIAN_POINT('',(7.7207360984,-10.22254537003,14.499999999999
    ));
#9037 = CARTESIAN_POINT('',(7.722248652971,-10.23885135189,
    14.449999999999));
#9038 = CARTESIAN_POINT('',(7.722248652971,-10.23885135189,
    14.499999999999));
#9039 = CARTESIAN_POINT('',(7.724365491781,-10.25415303303,
    14.449999999999));
#9040 = CARTESIAN_POINT('',(7.724365491781,-10.25415303303,
    14.499999999999));
#9041 = CARTESIAN_POINT('',(7.727649464795,-10.26833432066,
    14.449999999999));
#9042 = CARTESIAN_POINT('',(7.727649464795,-10.26833432066,
    14.499999999999));
#9043 = CARTESIAN_POINT('',(7.731658152265,-10.28148083208,
    14.449999999999));
#9044 = CARTESIAN_POINT('',(7.731658152265,-10.28148083208,
    14.499999999999));
#9045 = CARTESIAN_POINT('',(7.736590416667,-10.29355104021,
    14.449999999999));
#9046 = CARTESIAN_POINT('',(7.736590416667,-10.29355104021,
    14.499999999999));
#9047 = CARTESIAN_POINT('',(7.742653574465,-10.30442503617,
    14.449999999999));
#9048 = CARTESIAN_POINT('',(7.742653574465,-10.30442503617,
    14.499999999999));
#9049 = CARTESIAN_POINT('',(7.749404904257,-10.3143650627,
    14.449999999999));
#9050 = CARTESIAN_POINT('',(7.749404904257,-10.3143650627,
    14.499999999999));
#9051 = CARTESIAN_POINT('',(7.757139767576,-10.32303550054,
    14.449999999999));
#9052 = CARTESIAN_POINT('',(7.757139767576,-10.32303550054,
    14.499999999999));
#9053 = CARTESIAN_POINT('',(7.765489725957,-10.33069888143,
    14.449999999999));
#9054 = CARTESIAN_POINT('',(7.765489725957,-10.33069888143,
    14.499999999999));
#9055 = CARTESIAN_POINT('',(7.774744036084,-10.33696116894,
    14.449999999999));
#9056 = CARTESIAN_POINT('',(7.774744036084,-10.33696116894,
    14.499999999999));
#9057 = CARTESIAN_POINT('',(7.784582859156,-10.34230812702,
    14.449999999999));
#9058 = CARTESIAN_POINT('',(7.784582859156,-10.34230812702,
    14.499999999999));
#9059 = CARTESIAN_POINT('',(7.795220224385,-10.34637545319,
    14.449999999999));
#9060 = CARTESIAN_POINT('',(7.795220224385,-10.34637545319,
    14.499999999999));
#9061 = CARTESIAN_POINT('',(7.806561166151,-10.34917426245,
    14.449999999999));
#9062 = CARTESIAN_POINT('',(7.806561166151,-10.34917426245,
    14.499999999999));
#9063 = CARTESIAN_POINT('',(7.81858464991,-10.35094147366,
    14.449999999999));
#9064 = CARTESIAN_POINT('',(7.81858464991,-10.35094147366,
    14.499999999999));
#9065 = CARTESIAN_POINT('',(7.8268444566,-10.35117112028,14.449999999999
    ));
#9066 = CARTESIAN_POINT('',(7.8268444566,-10.35117112028,14.499999999999
    ));
#9067 = CARTESIAN_POINT('',(7.831074507507,-10.35128872799,
    14.449999999999));
#9068 = CARTESIAN_POINT('',(7.831074507507,-10.35128872799,
    14.499999999999));
#9069 = ADVANCED_FACE('',(#9070),#9104,.T.);
#9070 = FACE_BOUND('',#9071,.T.);
#9071 = EDGE_LOOP('',(#9072,#9096,#9102,#9103));
#9072 = ORIENTED_EDGE('',*,*,#9073,.F.);
#9073 = EDGE_CURVE('',#9074,#9000,#9076,.T.);
#9074 = VERTEX_POINT('',#9075);
#9075 = CARTESIAN_POINT('',(7.831074507507,-10.05934305083,
    14.499999999999));
#9076 = B_SPLINE_CURVE_WITH_KNOTS('',3,(#9077,#9078,#9079,#9080,#9081,
    #9082,#9083,#9084,#9085,#9086,#9087,#9088,#9089,#9090,#9091,#9092,
    #9093,#9094,#9095),.UNSPECIFIED.,.F.,.F.,(4,1,1,1,1,1,1,1,1,1,1,1,1,
    1,1,1,4),(0.,6.13891420034E-02,0.11934099059,0.175524863179,
    0.229579625349,0.282688466627,0.335198582421,0.388992012677,
    0.443433158074,0.500007711668,0.558811540723,0.620992264586,
    0.687185718491,0.758025002114,0.833250404598,0.913838487196,1.),
  .UNSPECIFIED.);
#9077 = CARTESIAN_POINT('',(7.831074507507,-10.05934305083,
    14.499999999999));
#9078 = CARTESIAN_POINT('',(7.826812153619,-10.05947096568,
    14.499999999999));
#9079 = CARTESIAN_POINT('',(7.818526103045,-10.05971963319,
    14.499999999999));
#9080 = CARTESIAN_POINT('',(7.806419362341,-10.06133308132,
    14.499999999999));
#9081 = CARTESIAN_POINT('',(7.795063171811,-10.06415867551,
    14.499999999999));
#9082 = CARTESIAN_POINT('',(7.784418258916,-10.06814141327,
    14.499999999999));
#9083 = CARTESIAN_POINT('',(7.774526219107,-10.07320877537,
    14.499999999999));
#9084 = CARTESIAN_POINT('',(7.765380279746,-10.07949579725,
    14.499999999999));
#9085 = CARTESIAN_POINT('',(7.756998019474,-10.08690049103,
    14.499999999999));
#9086 = CARTESIAN_POINT('',(7.749291251501,-10.09539496358,
    14.499999999999));
#9087 = CARTESIAN_POINT('',(7.742507821687,-10.10507493874,
    14.499999999999));
#9088 = CARTESIAN_POINT('',(7.736595160612,-10.11591978146,
    14.499999999999));
#9089 = CARTESIAN_POINT('',(7.731633628171,-10.1279587278,
    14.499999999999));
#9090 = CARTESIAN_POINT('',(7.727640399607,-10.14121613901,
    14.499999999999));
#9091 = CARTESIAN_POINT('',(7.72435684537,-10.15560027114,
    14.499999999999));
#9092 = CARTESIAN_POINT('',(7.722244478229,-10.17120681797,
    14.499999999999));
#9093 = CARTESIAN_POINT('',(7.720731403779,-10.1879518078,
    14.499999999999));
#9094 = CARTESIAN_POINT('',(7.720632356973,-10.19953398157,
    14.499999999999));
#9095 = CARTESIAN_POINT('',(7.720581178302,-10.20551862946,
    14.499999999999));
#9096 = ORIENTED_EDGE('',*,*,#9097,.F.);
#9097 = EDGE_CURVE('',#8835,#9074,#9098,.T.);
#9098 = LINE('',#9099,#9100);
#9099 = CARTESIAN_POINT('',(7.831074507507,-10.05934305083,
    14.449999999999));
#9100 = VECTOR('',#9101,1.);
#9101 = DIRECTION('',(3.491481338843E-15,-6.123233995737E-17,1.));
#9102 = ORIENTED_EDGE('',*,*,#8834,.T.);
#9103 = ORIENTED_EDGE('',*,*,#9023,.T.);
#9104 = B_SPLINE_SURFACE_WITH_KNOTS('',3,1,(
    (#9105,#9106)
    ,(#9107,#9108)
    ,(#9109,#9110)
    ,(#9111,#9112)
    ,(#9113,#9114)
    ,(#9115,#9116)
    ,(#9117,#9118)
    ,(#9119,#9120)
    ,(#9121,#9122)
    ,(#9123,#9124)
    ,(#9125,#9126)
    ,(#9127,#9128)
    ,(#9129,#9130)
    ,(#9131,#9132)
    ,(#9133,#9134)
    ,(#9135,#9136)
    ,(#9137,#9138)
    ,(#9139,#9140)
    ,(#9141,#9142
    )),.UNSPECIFIED.,.F.,.F.,.F.,(4,1,1,1,1,1,1,1,1,1,1,1,1,1,1,1,4),(2,
    2),(0.,6.13891420034E-02,0.11934099059,0.175524863179,0.229579625349
    ,0.282688466627,0.335198582421,0.388992012677,0.443433158074,
    0.500007711668,0.558811540723,0.620992264586,0.687185718491,
    0.758025002114,0.833250404598,0.913838487196,1.),(0.,1.),
  .UNSPECIFIED.);
#9105 = CARTESIAN_POINT('',(7.831074507507,-10.05934305083,
    14.449999999999));
#9106 = CARTESIAN_POINT('',(7.831074507507,-10.05934305083,
    14.499999999999));
#9107 = CARTESIAN_POINT('',(7.826812153619,-10.05947096568,
    14.449999999999));
#9108 = CARTESIAN_POINT('',(7.826812153619,-10.05947096568,
    14.499999999999));
#9109 = CARTESIAN_POINT('',(7.818526103045,-10.05971963319,
    14.449999999999));
#9110 = CARTESIAN_POINT('',(7.818526103045,-10.05971963319,
    14.499999999999));
#9111 = CARTESIAN_POINT('',(7.806419362341,-10.06133308132,
    14.449999999999));
#9112 = CARTESIAN_POINT('',(7.806419362341,-10.06133308132,
    14.499999999999));
#9113 = CARTESIAN_POINT('',(7.795063171811,-10.06415867551,
    14.449999999999));
#9114 = CARTESIAN_POINT('',(7.795063171811,-10.06415867551,
    14.499999999999));
#9115 = CARTESIAN_POINT('',(7.784418258916,-10.06814141327,
    14.449999999999));
#9116 = CARTESIAN_POINT('',(7.784418258916,-10.06814141327,
    14.499999999999));
#9117 = CARTESIAN_POINT('',(7.774526219107,-10.07320877537,
    14.449999999999));
#9118 = CARTESIAN_POINT('',(7.774526219107,-10.07320877537,
    14.499999999999));
#9119 = CARTESIAN_POINT('',(7.765380279746,-10.07949579725,
    14.449999999999));
#9120 = CARTESIAN_POINT('',(7.765380279746,-10.07949579725,
    14.499999999999));
#9121 = CARTESIAN_POINT('',(7.756998019474,-10.08690049103,
    14.449999999999));
#9122 = CARTESIAN_POINT('',(7.756998019474,-10.08690049103,
    14.499999999999));
#9123 = CARTESIAN_POINT('',(7.749291251501,-10.09539496358,
    14.449999999999));
#9124 = CARTESIAN_POINT('',(7.749291251501,-10.09539496358,
    14.499999999999));
#9125 = CARTESIAN_POINT('',(7.742507821687,-10.10507493874,
    14.449999999999));
#9126 = CARTESIAN_POINT('',(7.742507821687,-10.10507493874,
    14.499999999999));
#9127 = CARTESIAN_POINT('',(7.736595160612,-10.11591978146,
    14.449999999999));
#9128 = CARTESIAN_POINT('',(7.736595160612,-10.11591978146,
    14.499999999999));
#9129 = CARTESIAN_POINT('',(7.731633628171,-10.1279587278,
    14.449999999999));
#9130 = CARTESIAN_POINT('',(7.731633628171,-10.1279587278,
    14.499999999999));
#9131 = CARTESIAN_POINT('',(7.727640399607,-10.14121613901,
    14.449999999999));
#9132 = CARTESIAN_POINT('',(7.727640399607,-10.14121613901,
    14.499999999999));
#9133 = CARTESIAN_POINT('',(7.72435684537,-10.15560027114,
    14.449999999999));
#9134 = CARTESIAN_POINT('',(7.72435684537,-10.15560027114,
    14.499999999999));
#9135 = CARTESIAN_POINT('',(7.722244478229,-10.17120681797,
    14.449999999999));
#9136 = CARTESIAN_POINT('',(7.722244478229,-10.17120681797,
    14.499999999999));
#9137 = CARTESIAN_POINT('',(7.720731403779,-10.1879518078,
    14.449999999999));
#9138 = CARTESIAN_POINT('',(7.720731403779,-10.1879518078,
    14.499999999999));
#9139 = CARTESIAN_POINT('',(7.720632356973,-10.19953398157,
    14.449999999999));
#9140 = CARTESIAN_POINT('',(7.720632356973,-10.19953398157,
    14.499999999999));
#9141 = CARTESIAN_POINT('',(7.720581178302,-10.20551862946,
    14.449999999999));
#9142 = CARTESIAN_POINT('',(7.720581178302,-10.20551862946,
    14.499999999999));
#9143 = ADVANCED_FACE('',(#9144),#9171,.T.);
#9144 = FACE_BOUND('',#9145,.T.);
#9145 = EDGE_LOOP('',(#9146,#9168,#9169,#9170));
#9146 = ORIENTED_EDGE('',*,*,#9147,.F.);
#9147 = EDGE_CURVE('',#8921,#9074,#9148,.T.);
#9148 = B_SPLINE_CURVE_WITH_KNOTS('',3,(#9149,#9150,#9151,#9152,#9153,
    #9154,#9155,#9156,#9157,#9158,#9159,#9160,#9161,#9162,#9163,#9164,
    #9165,#9166,#9167),.UNSPECIFIED.,.F.,.F.,(4,1,1,1,1,1,1,1,1,1,1,1,1,
    1,1,1,4),(0.,8.635976643448E-02,0.167133278461,0.242531771095,
    0.313534052612,0.379879814574,0.442392303436,0.501331437365,
    0.558318692468,0.612885104408,0.666437006411,0.719471012075,
    0.772268955158,0.825991641685,0.881358856844,0.939444049937,1.),
  .UNSPECIFIED.);
#9149 = CARTESIAN_POINT('',(7.941162356605,-10.20551862946,
    14.499999999998));
#9150 = CARTESIAN_POINT('',(7.941111263835,-10.19953394424,
    14.499999999999));
#9151 = CARTESIAN_POINT('',(7.941012383274,-10.18795169821,
    14.499999999999));
#9152 = CARTESIAN_POINT('',(7.939498149429,-10.17120721226,
    14.499999999999));
#9153 = CARTESIAN_POINT('',(7.937389769488,-10.15559893258,
    14.499999999999));
#9154 = CARTESIAN_POINT('',(7.934092652253,-10.14122069499,
    14.499999999999));
#9155 = CARTESIAN_POINT('',(7.930141606154,-10.12793078279,
    14.499999999999));
#9156 = CARTESIAN_POINT('',(7.925016627036,-10.11594843534,
    14.499999999999));
#9157 = CARTESIAN_POINT('',(7.919156028243,-10.10503856861,
    14.499999999999));
#9158 = CARTESIAN_POINT('',(7.912242280921,-10.09542076422,
    14.499999999999));
#9159 = CARTESIAN_POINT('',(7.904546995852,-10.08693817808,
    14.499999999999));
#9160 = CARTESIAN_POINT('',(7.896247885201,-10.07942534679,
    14.499999999999));
#9161 = CARTESIAN_POINT('',(7.887041585657,-10.07327361519,
    14.499999999999));
#9162 = CARTESIAN_POINT('',(7.877233710933,-10.06812979719,
    14.499999999999));
#9163 = CARTESIAN_POINT('',(7.866709055161,-10.06418121261,
    14.499999999999));
#9164 = CARTESIAN_POINT('',(7.855466508355,-10.06130569743,
    14.499999999999));
#9165 = CARTESIAN_POINT('',(7.843485971001,-10.05973420711,
    14.499999999999));
#9166 = CARTESIAN_POINT('',(7.835268704802,-10.059475234,14.499999999999
    ));
#9167 = CARTESIAN_POINT('',(7.831074507507,-10.05934305083,
    14.499999999999));
#9168 = ORIENTED_EDGE('',*,*,#8951,.F.);
#9169 = ORIENTED_EDGE('',*,*,#8858,.T.);
#9170 = ORIENTED_EDGE('',*,*,#9097,.T.);
#9171 = B_SPLINE_SURFACE_WITH_KNOTS('',3,1,(
    (#9172,#9173)
    ,(#9174,#9175)
    ,(#9176,#9177)
    ,(#9178,#9179)
    ,(#9180,#9181)
    ,(#9182,#9183)
    ,(#9184,#9185)
    ,(#9186,#9187)
    ,(#9188,#9189)
    ,(#9190,#9191)
    ,(#9192,#9193)
    ,(#9194,#9195)
    ,(#9196,#9197)
    ,(#9198,#9199)
    ,(#9200,#9201)
    ,(#9202,#9203)
    ,(#9204,#9205)
    ,(#9206,#9207)
    ,(#9208,#9209
    )),.UNSPECIFIED.,.F.,.F.,.F.,(4,1,1,1,1,1,1,1,1,1,1,1,1,1,1,1,4),(2,
    2),(0.,8.635976643448E-02,0.167133278461,0.242531771095,
    0.313534052612,0.379879814574,0.442392303436,0.501331437365,
    0.558318692468,0.612885104408,0.666437006411,0.719471012075,
    0.772268955158,0.825991641685,0.881358856844,0.939444049937,1.),(0.,
    1.),.UNSPECIFIED.);
#9172 = CARTESIAN_POINT('',(7.941162356605,-10.20551862946,
    14.449999999999));
#9173 = CARTESIAN_POINT('',(7.941162356605,-10.20551862946,
    14.499999999999));
#9174 = CARTESIAN_POINT('',(7.941111263835,-10.19953394424,
    14.449999999999));
#9175 = CARTESIAN_POINT('',(7.941111263835,-10.19953394424,
    14.499999999999));
#9176 = CARTESIAN_POINT('',(7.941012383274,-10.18795169821,
    14.449999999999));
#9177 = CARTESIAN_POINT('',(7.941012383274,-10.18795169821,
    14.499999999999));
#9178 = CARTESIAN_POINT('',(7.939498149429,-10.17120721226,
    14.449999999999));
#9179 = CARTESIAN_POINT('',(7.939498149429,-10.17120721226,
    14.499999999999));
#9180 = CARTESIAN_POINT('',(7.937389769488,-10.15559893258,
    14.449999999999));
#9181 = CARTESIAN_POINT('',(7.937389769488,-10.15559893258,
    14.499999999999));
#9182 = CARTESIAN_POINT('',(7.934092652253,-10.14122069499,
    14.449999999999));
#9183 = CARTESIAN_POINT('',(7.934092652253,-10.14122069499,
    14.499999999999));
#9184 = CARTESIAN_POINT('',(7.930141606154,-10.12793078279,
    14.449999999999));
#9185 = CARTESIAN_POINT('',(7.930141606154,-10.12793078279,
    14.499999999999));
#9186 = CARTESIAN_POINT('',(7.925016627036,-10.11594843534,
    14.449999999999));
#9187 = CARTESIAN_POINT('',(7.925016627036,-10.11594843534,
    14.499999999999));
#9188 = CARTESIAN_POINT('',(7.919156028243,-10.10503856861,
    14.449999999999));
#9189 = CARTESIAN_POINT('',(7.919156028243,-10.10503856861,
    14.499999999999));
#9190 = CARTESIAN_POINT('',(7.912242280921,-10.09542076422,
    14.449999999999));
#9191 = CARTESIAN_POINT('',(7.912242280921,-10.09542076422,
    14.499999999999));
#9192 = CARTESIAN_POINT('',(7.904546995852,-10.08693817808,
    14.449999999999));
#9193 = CARTESIAN_POINT('',(7.904546995852,-10.08693817808,
    14.499999999999));
#9194 = CARTESIAN_POINT('',(7.896247885201,-10.07942534679,
    14.449999999999));
#9195 = CARTESIAN_POINT('',(7.896247885201,-10.07942534679,
    14.499999999999));
#9196 = CARTESIAN_POINT('',(7.887041585657,-10.07327361519,
    14.449999999999));
#9197 = CARTESIAN_POINT('',(7.887041585657,-10.07327361519,
    14.499999999999));
#9198 = CARTESIAN_POINT('',(7.877233710933,-10.06812979719,
    14.449999999999));
#9199 = CARTESIAN_POINT('',(7.877233710933,-10.06812979719,
    14.499999999999));
#9200 = CARTESIAN_POINT('',(7.866709055161,-10.06418121261,
    14.449999999999));
#9201 = CARTESIAN_POINT('',(7.866709055161,-10.06418121261,
    14.499999999999));
#9202 = CARTESIAN_POINT('',(7.855466508355,-10.06130569743,
    14.449999999999));
#9203 = CARTESIAN_POINT('',(7.855466508355,-10.06130569743,
    14.499999999999));
#9204 = CARTESIAN_POINT('',(7.843485971001,-10.05973420711,
    14.449999999999));
#9205 = CARTESIAN_POINT('',(7.843485971001,-10.05973420711,
    14.499999999999));
#9206 = CARTESIAN_POINT('',(7.835268704802,-10.059475234,14.449999999999
    ));
#9207 = CARTESIAN_POINT('',(7.835268704802,-10.059475234,14.499999999999
    ));
#9208 = CARTESIAN_POINT('',(7.831074507507,-10.05934305083,
    14.449999999999));
#9209 = CARTESIAN_POINT('',(7.831074507507,-10.05934305083,
    14.499999999999));
#9210 = ADVANCED_FACE('',(#9211),#9217,.F.);
#9211 = FACE_BOUND('',#9212,.T.);
#9212 = EDGE_LOOP('',(#9213,#9214,#9215,#9216));
#9213 = ORIENTED_EDGE('',*,*,#8918,.T.);
#9214 = ORIENTED_EDGE('',*,*,#9147,.T.);
#9215 = ORIENTED_EDGE('',*,*,#9073,.T.);
#9216 = ORIENTED_EDGE('',*,*,#8999,.T.);
#9217 = PLANE('',#9218);
#9218 = AXIS2_PLACEMENT_3D('',#9219,#9220,#9221);
#9219 = CARTESIAN_POINT('',(11.499999999999,-11.5,14.499999999999));
#9220 = DIRECTION('',(-3.491481338843E-15,0.,-1.));
#9221 = DIRECTION('',(3.491481338843E-15,1.,-1.219044193949E-29));
#9222 = ADVANCED_FACE('',(#9223),#9248,.T.);
#9223 = FACE_BOUND('',#9224,.T.);
#9224 = EDGE_LOOP('',(#9225,#9226,#9234,#9242));
#9225 = ORIENTED_EDGE('',*,*,#1172,.F.);
#9226 = ORIENTED_EDGE('',*,*,#9227,.F.);
#9227 = EDGE_CURVE('',#9228,#1173,#9230,.T.);
#9228 = VERTEX_POINT('',#9229);
#9229 = CARTESIAN_POINT('',(8.174718898338,-9.864712599387,
    14.449999999999));
#9230 = LINE('',#9231,#9232);
#9231 = CARTESIAN_POINT('',(8.174718898338,-9.864712599387,
    14.449999999999));
#9232 = VECTOR('',#9233,1.);
#9233 = DIRECTION('',(3.491481338843E-15,-6.123233995737E-17,1.));
#9234 = ORIENTED_EDGE('',*,*,#9235,.T.);
#9235 = EDGE_CURVE('',#9228,#9236,#9238,.T.);
#9236 = VERTEX_POINT('',#9237);
#9237 = CARTESIAN_POINT('',(8.174718898338,-10.3967025,14.449999999999)
  );
#9238 = LINE('',#9239,#9240);
#9239 = CARTESIAN_POINT('',(8.174718898338,-9.864712599387,
    14.449999999999));
#9240 = VECTOR('',#9241,1.);
#9241 = DIRECTION('',(-3.491481338843E-15,-1.,1.219044193949E-29));
#9242 = ORIENTED_EDGE('',*,*,#9243,.T.);
#9243 = EDGE_CURVE('',#9236,#1175,#9244,.T.);
#9244 = LINE('',#9245,#9246);
#9245 = CARTESIAN_POINT('',(8.174718898338,-10.3967025,14.449999999999)
  );
#9246 = VECTOR('',#9247,1.);
#9247 = DIRECTION('',(3.491481338843E-15,-6.123233995737E-17,1.));
#9248 = PLANE('',#9249);
#9249 = AXIS2_PLACEMENT_3D('',#9250,#9251,#9252);
#9250 = CARTESIAN_POINT('',(8.174718898338,-9.864712599387,
    14.449999999999));
#9251 = DIRECTION('',(-1.,3.491481338843E-15,3.491481338843E-15));
#9252 = DIRECTION('',(3.491481338843E-15,1.,-1.219044193949E-29));
#9253 = ADVANCED_FACE('',(#9254),#9272,.T.);
#9254 = FACE_BOUND('',#9255,.T.);
#9255 = EDGE_LOOP('',(#9256,#9257,#9258,#9266));
#9256 = ORIENTED_EDGE('',*,*,#1182,.F.);
#9257 = ORIENTED_EDGE('',*,*,#9243,.F.);
#9258 = ORIENTED_EDGE('',*,*,#9259,.T.);
#9259 = EDGE_CURVE('',#9236,#9260,#9262,.T.);
#9260 = VERTEX_POINT('',#9261);
#9261 = CARTESIAN_POINT('',(8.10984208119,-10.3967025,14.449999999999));
#9262 = LINE('',#9263,#9264);
#9263 = CARTESIAN_POINT('',(8.174718898338,-10.3967025,14.449999999999)
  );
#9264 = VECTOR('',#9265,1.);
#9265 = DIRECTION('',(-1.,1.491405146529E-16,3.491481338843E-15));
#9266 = ORIENTED_EDGE('',*,*,#9267,.T.);
#9267 = EDGE_CURVE('',#9260,#1183,#9268,.T.);
#9268 = LINE('',#9269,#9270);
#9269 = CARTESIAN_POINT('',(8.10984208119,-10.3967025,14.449999999999));
#9270 = VECTOR('',#9271,1.);
#9271 = DIRECTION('',(3.491481338843E-15,-6.123233995737E-17,1.));
#9272 = PLANE('',#9273);
#9273 = AXIS2_PLACEMENT_3D('',#9274,#9275,#9276);
#9274 = CARTESIAN_POINT('',(8.174718898338,-10.3967025,14.449999999999)
  );
#9275 = DIRECTION('',(1.491405146529E-16,1.,6.123233995737E-17));
#9276 = DIRECTION('',(1.,-1.491405146529E-16,-3.491481338843E-15));
#9277 = ADVANCED_FACE('',(#9278),#9296,.T.);
#9278 = FACE_BOUND('',#9279,.T.);
#9279 = EDGE_LOOP('',(#9280,#9281,#9282,#9290));
#9280 = ORIENTED_EDGE('',*,*,#1190,.F.);
#9281 = ORIENTED_EDGE('',*,*,#9267,.F.);
#9282 = ORIENTED_EDGE('',*,*,#9283,.T.);
#9283 = EDGE_CURVE('',#9260,#9284,#9286,.T.);
#9284 = VERTEX_POINT('',#9285);
#9285 = CARTESIAN_POINT('',(8.10984208119,-9.864712599387,
    14.449999999999));
#9286 = LINE('',#9287,#9288);
#9287 = CARTESIAN_POINT('',(8.10984208119,-10.3967025,14.449999999999));
#9288 = VECTOR('',#9289,1.);
#9289 = DIRECTION('',(3.491481338843E-15,1.,-1.219044193949E-29));
#9290 = ORIENTED_EDGE('',*,*,#9291,.T.);
#9291 = EDGE_CURVE('',#9284,#1191,#9292,.T.);
#9292 = LINE('',#9293,#9294);
#9293 = CARTESIAN_POINT('',(8.10984208119,-9.864712599387,
    14.449999999999));
#9294 = VECTOR('',#9295,1.);
#9295 = DIRECTION('',(3.491481338843E-15,-6.123233995737E-17,1.));
#9296 = PLANE('',#9297);
#9297 = AXIS2_PLACEMENT_3D('',#9298,#9299,#9300);
#9298 = CARTESIAN_POINT('',(8.10984208119,-10.3967025,14.449999999999));
#9299 = DIRECTION('',(1.,-3.491481338843E-15,-3.491481338843E-15));
#9300 = DIRECTION('',(-3.491481338843E-15,-1.,1.219044193949E-29));
#9301 = ADVANCED_FACE('',(#9302),#9313,.T.);
#9302 = FACE_BOUND('',#9303,.T.);
#9303 = EDGE_LOOP('',(#9304,#9305,#9306,#9312));
#9304 = ORIENTED_EDGE('',*,*,#1198,.F.);
#9305 = ORIENTED_EDGE('',*,*,#9291,.F.);
#9306 = ORIENTED_EDGE('',*,*,#9307,.T.);
#9307 = EDGE_CURVE('',#9284,#9228,#9308,.T.);
#9308 = LINE('',#9309,#9310);
#9309 = CARTESIAN_POINT('',(8.10984208119,-9.864712599387,
    14.449999999999));
#9310 = VECTOR('',#9311,1.);
#9311 = DIRECTION('',(1.,-3.491481338843E-15,-3.491481338843E-15));
#9312 = ORIENTED_EDGE('',*,*,#9227,.T.);
#9313 = PLANE('',#9314);
#9314 = AXIS2_PLACEMENT_3D('',#9315,#9316,#9317);
#9315 = CARTESIAN_POINT('',(8.10984208119,-9.864712599387,
    14.449999999999));
#9316 = DIRECTION('',(-3.491481338843E-15,-1.,-6.123233995736E-17));
#9317 = DIRECTION('',(-3.491481338843E-15,6.123233995737E-17,-1.));
#9318 = ADVANCED_FACE('',(#9319),#9325,.F.);
#9319 = FACE_BOUND('',#9320,.T.);
#9320 = EDGE_LOOP('',(#9321,#9322,#9323,#9324));
#9321 = ORIENTED_EDGE('',*,*,#9235,.F.);
#9322 = ORIENTED_EDGE('',*,*,#9307,.F.);
#9323 = ORIENTED_EDGE('',*,*,#9283,.F.);
#9324 = ORIENTED_EDGE('',*,*,#9259,.F.);
#9325 = PLANE('',#9326);
#9326 = AXIS2_PLACEMENT_3D('',#9327,#9328,#9329);
#9327 = CARTESIAN_POINT('',(-1.000000000001,-11.5,14.449999999999));
#9328 = DIRECTION('',(-3.491481338843E-15,0.,-1.));
#9329 = DIRECTION('',(3.491481338843E-15,1.,-1.219044193949E-29));
#9330 = ADVANCED_FACE('',(#9331),#9356,.T.);
#9331 = FACE_BOUND('',#9332,.T.);
#9332 = EDGE_LOOP('',(#9333,#9334,#9342,#9350));
#9333 = ORIENTED_EDGE('',*,*,#2003,.F.);
#9334 = ORIENTED_EDGE('',*,*,#9335,.F.);
#9335 = EDGE_CURVE('',#9336,#2004,#9338,.T.);
#9336 = VERTEX_POINT('',#9337);
#9337 = CARTESIAN_POINT('',(8.615881254944,-10.01392927882,
    14.449999999999));
#9338 = LINE('',#9339,#9340);
#9339 = CARTESIAN_POINT('',(8.615881254944,-10.01392927882,
    14.449999999999));
#9340 = VECTOR('',#9341,1.);
#9341 = DIRECTION('',(3.491481338843E-15,-6.123233995737E-17,1.));
#9342 = ORIENTED_EDGE('',*,*,#9343,.T.);
#9343 = EDGE_CURVE('',#9336,#9344,#9346,.T.);
#9344 = VERTEX_POINT('',#9345);
#9345 = CARTESIAN_POINT('',(8.615881254944,-10.3967025,14.449999999999)
  );
#9346 = LINE('',#9347,#9348);
#9347 = CARTESIAN_POINT('',(8.615881254944,-10.01392927882,
    14.449999999999));
#9348 = VECTOR('',#9349,1.);
#9349 = DIRECTION('',(-3.491481338843E-15,-1.,1.219044193949E-29));
#9350 = ORIENTED_EDGE('',*,*,#9351,.T.);
#9351 = EDGE_CURVE('',#9344,#2006,#9352,.T.);
#9352 = LINE('',#9353,#9354);
#9353 = CARTESIAN_POINT('',(8.615881254944,-10.3967025,14.449999999999)
  );
#9354 = VECTOR('',#9355,1.);
#9355 = DIRECTION('',(3.491481338843E-15,-6.123233995737E-17,1.));
#9356 = PLANE('',#9357);
#9357 = AXIS2_PLACEMENT_3D('',#9358,#9359,#9360);
#9358 = CARTESIAN_POINT('',(8.615881254944,-10.01392927882,
    14.449999999999));
#9359 = DIRECTION('',(-1.,3.491481338843E-15,3.491481338843E-15));
#9360 = DIRECTION('',(3.491481338843E-15,1.,-1.219044193949E-29));
#9361 = ADVANCED_FACE('',(#9362),#9380,.T.);
#9362 = FACE_BOUND('',#9363,.T.);
#9363 = EDGE_LOOP('',(#9364,#9365,#9366,#9374));
#9364 = ORIENTED_EDGE('',*,*,#2013,.F.);
#9365 = ORIENTED_EDGE('',*,*,#9351,.F.);
#9366 = ORIENTED_EDGE('',*,*,#9367,.T.);
#9367 = EDGE_CURVE('',#9344,#9368,#9370,.T.);
#9368 = VERTEX_POINT('',#9369);
#9369 = CARTESIAN_POINT('',(8.551004437796,-10.3967025,14.449999999999)
  );
#9370 = LINE('',#9371,#9372);
#9371 = CARTESIAN_POINT('',(8.615881254944,-10.3967025,14.449999999999)
  );
#9372 = VECTOR('',#9373,1.);
#9373 = DIRECTION('',(-1.,-3.193200309538E-15,3.491481338843E-15));
#9374 = ORIENTED_EDGE('',*,*,#9375,.T.);
#9375 = EDGE_CURVE('',#9368,#2014,#9376,.T.);
#9376 = LINE('',#9377,#9378);
#9377 = CARTESIAN_POINT('',(8.551004437796,-10.3967025,14.449999999999)
  );
#9378 = VECTOR('',#9379,1.);
#9379 = DIRECTION('',(3.491481338843E-15,-6.123233995737E-17,1.));
#9380 = PLANE('',#9381);
#9381 = AXIS2_PLACEMENT_3D('',#9382,#9383,#9384);
#9382 = CARTESIAN_POINT('',(8.615881254944,-10.3967025,14.449999999999)
  );
#9383 = DIRECTION('',(-3.193200309538E-15,1.,6.123233995738E-17));
#9384 = DIRECTION('',(1.,3.193200309538E-15,-3.491481338843E-15));
#9385 = ADVANCED_FACE('',(#9386),#9404,.T.);
#9386 = FACE_BOUND('',#9387,.T.);
#9387 = EDGE_LOOP('',(#9388,#9389,#9390,#9398));
#9388 = ORIENTED_EDGE('',*,*,#2021,.F.);
#9389 = ORIENTED_EDGE('',*,*,#9375,.F.);
#9390 = ORIENTED_EDGE('',*,*,#9391,.T.);
#9391 = EDGE_CURVE('',#9368,#9392,#9394,.T.);
#9392 = VERTEX_POINT('',#9393);
#9393 = CARTESIAN_POINT('',(8.551004437796,-10.3562558593,
    14.449999999999));
#9394 = LINE('',#9395,#9396);
#9395 = CARTESIAN_POINT('',(8.551004437796,-10.3967025,14.449999999999)
  );
#9396 = VECTOR('',#9397,1.);
#9397 = DIRECTION('',(3.491481338843E-15,1.,-1.219044193949E-29));
#9398 = ORIENTED_EDGE('',*,*,#9399,.T.);
#9399 = EDGE_CURVE('',#9392,#2022,#9400,.T.);
#9400 = LINE('',#9401,#9402);
#9401 = CARTESIAN_POINT('',(8.551004437796,-10.3562558593,
    14.449999999999));
#9402 = VECTOR('',#9403,1.);
#9403 = DIRECTION('',(3.491481338843E-15,-6.123233995737E-17,1.));
#9404 = PLANE('',#9405);
#9405 = AXIS2_PLACEMENT_3D('',#9406,#9407,#9408);
#9406 = CARTESIAN_POINT('',(8.551004437796,-10.3967025,14.449999999999)
  );
#9407 = DIRECTION('',(1.,-3.491481338843E-15,-3.491481338843E-15));
#9408 = DIRECTION('',(-3.491481338843E-15,-1.,1.219044193949E-29));
#9409 = ADVANCED_FACE('',(#9410),#9436,.T.);
#9410 = FACE_BOUND('',#9411,.T.);
#9411 = EDGE_LOOP('',(#9412,#9413,#9414,#9430));
#9412 = ORIENTED_EDGE('',*,*,#2029,.F.);
#9413 = ORIENTED_EDGE('',*,*,#9399,.F.);
#9414 = ORIENTED_EDGE('',*,*,#9415,.T.);
#9415 = EDGE_CURVE('',#9392,#9416,#9418,.T.);
#9416 = VERTEX_POINT('',#9417);
#9417 = CARTESIAN_POINT('',(8.424190534277,-10.40967786343,
    14.449999999999));
#9418 = B_SPLINE_CURVE_WITH_KNOTS('',3,(#9419,#9420,#9421,#9422,#9423,
    #9424,#9425,#9426,#9427,#9428,#9429),.UNSPECIFIED.,.F.,.F.,(4,1,1,1,
    1,1,1,1,4),(0.,0.142523691771,0.276955878348,0.404111797945,
    0.52313669693,0.638720379121,0.756125936015,0.875776351261,1.),
  .UNSPECIFIED.);
#9419 = CARTESIAN_POINT('',(8.551004437796,-10.3562558593,
    14.449999999999));
#9420 = CARTESIAN_POINT('',(8.545746083778,-10.36037378611,
    14.449999999999));
#9421 = CARTESIAN_POINT('',(8.535527908556,-10.36837585243,
    14.449999999999));
#9422 = CARTESIAN_POINT('',(8.519846814078,-10.37900839001,
    14.449999999999));
#9423 = CARTESIAN_POINT('',(8.504603173089,-10.38827493554,
    14.449999999999));
#9424 = CARTESIAN_POINT('',(8.48953034225,-10.39606848763,
    14.449999999999));
#9425 = CARTESIAN_POINT('',(8.474182449639,-10.40218831029,
    14.449999999999));
#9426 = CARTESIAN_POINT('',(8.45821733931,-10.40657078045,
    14.449999999999));
#9427 = CARTESIAN_POINT('',(8.441437901019,-10.40912458584,
    14.449999999999));
#9428 = CARTESIAN_POINT('',(8.430011083424,-10.40949114626,
    14.449999999999));
#9429 = CARTESIAN_POINT('',(8.424190534277,-10.40967786343,
    14.449999999999));
#9430 = ORIENTED_EDGE('',*,*,#9431,.T.);
#9431 = EDGE_CURVE('',#9416,#2030,#9432,.T.);
#9432 = LINE('',#9433,#9434);
#9433 = CARTESIAN_POINT('',(8.424190534277,-10.40967786343,
    14.449999999999));
#9434 = VECTOR('',#9435,1.);
#9435 = DIRECTION('',(3.491481338843E-15,-6.123233995737E-17,1.));
#9436 = B_SPLINE_SURFACE_WITH_KNOTS('',3,1,(
    (#9437,#9438)
    ,(#9439,#9440)
    ,(#9441,#9442)
    ,(#9443,#9444)
    ,(#9445,#9446)
    ,(#9447,#9448)
    ,(#9449,#9450)
    ,(#9451,#9452)
    ,(#9453,#9454)
    ,(#9455,#9456)
    ,(#9457,#9458
  )),.UNSPECIFIED.,.F.,.F.,.F.,(4,1,1,1,1,1,1,1,4),(2,2),(0.,
    0.142523691771,0.276955878348,0.404111797945,0.52313669693,
    0.638720379121,0.756125936015,0.875776351261,1.),(0.,1.),
  .UNSPECIFIED.);
#9437 = CARTESIAN_POINT('',(8.551004437796,-10.3562558593,
    14.449999999999));
#9438 = CARTESIAN_POINT('',(8.551004437796,-10.3562558593,
    14.499999999999));
#9439 = CARTESIAN_POINT('',(8.545746083778,-10.36037378611,
    14.449999999999));
#9440 = CARTESIAN_POINT('',(8.545746083778,-10.36037378611,
    14.499999999999));
#9441 = CARTESIAN_POINT('',(8.535527908556,-10.36837585243,
    14.449999999999));
#9442 = CARTESIAN_POINT('',(8.535527908556,-10.36837585243,
    14.499999999999));
#9443 = CARTESIAN_POINT('',(8.519846814078,-10.37900839001,
    14.449999999999));
#9444 = CARTESIAN_POINT('',(8.519846814078,-10.37900839001,
    14.499999999999));
#9445 = CARTESIAN_POINT('',(8.504603173089,-10.38827493554,
    14.449999999999));
#9446 = CARTESIAN_POINT('',(8.504603173089,-10.38827493554,
    14.499999999999));
#9447 = CARTESIAN_POINT('',(8.48953034225,-10.39606848763,
    14.449999999999));
#9448 = CARTESIAN_POINT('',(8.48953034225,-10.39606848763,
    14.499999999999));
#9449 = CARTESIAN_POINT('',(8.474182449639,-10.40218831029,
    14.449999999999));
#9450 = CARTESIAN_POINT('',(8.474182449639,-10.40218831029,
    14.499999999999));
#9451 = CARTESIAN_POINT('',(8.45821733931,-10.40657078045,
    14.449999999999));
#9452 = CARTESIAN_POINT('',(8.45821733931,-10.40657078045,
    14.499999999999));
#9453 = CARTESIAN_POINT('',(8.441437901019,-10.40912458584,
    14.449999999999));
#9454 = CARTESIAN_POINT('',(8.441437901019,-10.40912458584,
    14.499999999999));
#9455 = CARTESIAN_POINT('',(8.430011083424,-10.40949114626,
    14.449999999999));
#9456 = CARTESIAN_POINT('',(8.430011083424,-10.40949114626,
    14.499999999999));
#9457 = CARTESIAN_POINT('',(8.424190534277,-10.40967786343,
    14.449999999999));
#9458 = CARTESIAN_POINT('',(8.424190534277,-10.40967786343,
    14.499999999999));
#9459 = ADVANCED_FACE('',(#9460),#9494,.T.);
#9460 = FACE_BOUND('',#9461,.T.);
#9461 = EDGE_LOOP('',(#9462,#9463,#9464,#9488));
#9462 = ORIENTED_EDGE('',*,*,#2045,.F.);
#9463 = ORIENTED_EDGE('',*,*,#9431,.F.);
#9464 = ORIENTED_EDGE('',*,*,#9465,.T.);
#9465 = EDGE_CURVE('',#9416,#9466,#9468,.T.);
#9466 = VERTEX_POINT('',#9467);
#9467 = CARTESIAN_POINT('',(8.297984850919,-10.2639077649,
    14.449999999999));
#9468 = B_SPLINE_CURVE_WITH_KNOTS('',3,(#9469,#9470,#9471,#9472,#9473,
    #9474,#9475,#9476,#9477,#9478,#9479,#9480,#9481,#9482,#9483,#9484,
    #9485,#9486,#9487),.UNSPECIFIED.,.F.,.F.,(4,1,1,1,1,1,1,1,1,1,1,1,1,
    1,1,1,4),(0.,6.61092722432E-02,0.128957715078,0.189027311839,
    0.247015064348,0.303214755691,0.358744208446,0.414002131323,
    0.470179040546,0.527383351518,0.585451989849,0.645981544296,
    0.709241091841,0.776010260973,0.846250383886,0.920981992159,1.),
  .UNSPECIFIED.);
#9469 = CARTESIAN_POINT('',(8.424190534277,-10.40967786343,
    14.449999999999));
#9470 = CARTESIAN_POINT('',(8.419353105927,-10.40956031192,
    14.449999999999));
#9471 = CARTESIAN_POINT('',(8.409916854615,-10.40933100711,
    14.449999999999));
#9472 = CARTESIAN_POINT('',(8.396176429525,-10.40756944803,
    14.449999999999));
#9473 = CARTESIAN_POINT('',(8.383224702097,-10.40477341886,
    14.449999999999));
#9474 = CARTESIAN_POINT('',(8.371091166802,-10.40075032031,
    14.449999999999));
#9475 = CARTESIAN_POINT('',(8.359884534997,-10.39535751265,
    14.449999999999));
#9476 = CARTESIAN_POINT('',(8.34934053347,-10.38914016645,
    14.449999999999));
#9477 = CARTESIAN_POINT('',(8.3397424044,-10.38152564682,14.449999999999
    ));
#9478 = CARTESIAN_POINT('',(8.331013067432,-10.37277659567,
    14.449999999999));
#9479 = CARTESIAN_POINT('',(8.323172893062,-10.36294486416,
    14.449999999999));
#9480 = CARTESIAN_POINT('',(8.316473267151,-10.35193758196,
    14.449999999999));
#9481 = CARTESIAN_POINT('',(8.31063828315,-10.33995410709,
    14.449999999999));
#9482 = CARTESIAN_POINT('',(8.306032892538,-10.32677057472,
    14.449999999999));
#9483 = CARTESIAN_POINT('',(8.302360750203,-10.31256733678,
    14.449999999999));
#9484 = CARTESIAN_POINT('',(8.299932502587,-10.29725517486,
    14.449999999999));
#9485 = CARTESIAN_POINT('',(8.298216847975,-10.28094293702,
    14.449999999999));
#9486 = CARTESIAN_POINT('',(8.298063607341,-10.26969072277,
    14.449999999999));
#9487 = CARTESIAN_POINT('',(8.297984850919,-10.2639077649,
    14.449999999999));
#9488 = ORIENTED_EDGE('',*,*,#9489,.T.);
#9489 = EDGE_CURVE('',#9466,#2046,#9490,.T.);
#9490 = LINE('',#9491,#9492);
#9491 = CARTESIAN_POINT('',(8.297984850919,-10.2639077649,
    14.449999999999));
#9492 = VECTOR('',#9493,1.);
#9493 = DIRECTION('',(3.491481338843E-15,-6.123233995737E-17,1.));
#9494 = B_SPLINE_SURFACE_WITH_KNOTS('',3,1,(
    (#9495,#9496)
    ,(#9497,#9498)
    ,(#9499,#9500)
    ,(#9501,#9502)
    ,(#9503,#9504)
    ,(#9505,#9506)
    ,(#9507,#9508)
    ,(#9509,#9510)
    ,(#9511,#9512)
    ,(#9513,#9514)
    ,(#9515,#9516)
    ,(#9517,#9518)
    ,(#9519,#9520)
    ,(#9521,#9522)
    ,(#9523,#9524)
    ,(#9525,#9526)
    ,(#9527,#9528)
    ,(#9529,#9530)
    ,(#9531,#9532
    )),.UNSPECIFIED.,.F.,.F.,.F.,(4,1,1,1,1,1,1,1,1,1,1,1,1,1,1,1,4),(2,
    2),(0.,6.61092722432E-02,0.128957715078,0.189027311839,
    0.247015064348,0.303214755691,0.358744208446,0.414002131323,
    0.470179040546,0.527383351518,0.585451989849,0.645981544296,
    0.709241091841,0.776010260973,0.846250383886,0.920981992159,1.),(0.,
    1.),.UNSPECIFIED.);
#9495 = CARTESIAN_POINT('',(8.424190534277,-10.40967786343,
    14.449999999999));
#9496 = CARTESIAN_POINT('',(8.424190534277,-10.40967786343,
    14.499999999999));
#9497 = CARTESIAN_POINT('',(8.419353105927,-10.40956031192,
    14.449999999999));
#9498 = CARTESIAN_POINT('',(8.419353105927,-10.40956031192,
    14.499999999999));
#9499 = CARTESIAN_POINT('',(8.409916854615,-10.40933100711,
    14.449999999999));
#9500 = CARTESIAN_POINT('',(8.409916854615,-10.40933100711,
    14.499999999999));
#9501 = CARTESIAN_POINT('',(8.396176429525,-10.40756944803,
    14.449999999999));
#9502 = CARTESIAN_POINT('',(8.396176429525,-10.40756944803,
    14.499999999999));
#9503 = CARTESIAN_POINT('',(8.383224702097,-10.40477341886,
    14.449999999999));
#9504 = CARTESIAN_POINT('',(8.383224702097,-10.40477341886,
    14.499999999999));
#9505 = CARTESIAN_POINT('',(8.371091166802,-10.40075032031,
    14.449999999999));
#9506 = CARTESIAN_POINT('',(8.371091166802,-10.40075032031,
    14.499999999999));
#9507 = CARTESIAN_POINT('',(8.359884534997,-10.39535751265,
    14.449999999999));
#9508 = CARTESIAN_POINT('',(8.359884534997,-10.39535751265,
    14.499999999999));
#9509 = CARTESIAN_POINT('',(8.34934053347,-10.38914016645,
    14.449999999999));
#9510 = CARTESIAN_POINT('',(8.34934053347,-10.38914016645,
    14.499999999999));
#9511 = CARTESIAN_POINT('',(8.3397424044,-10.38152564682,14.449999999999
    ));
#9512 = CARTESIAN_POINT('',(8.3397424044,-10.38152564682,14.499999999999
    ));
#9513 = CARTESIAN_POINT('',(8.331013067432,-10.37277659567,
    14.449999999999));
#9514 = CARTESIAN_POINT('',(8.331013067432,-10.37277659567,
    14.499999999999));
#9515 = CARTESIAN_POINT('',(8.323172893062,-10.36294486416,
    14.449999999999));
#9516 = CARTESIAN_POINT('',(8.323172893062,-10.36294486416,
    14.499999999999));
#9517 = CARTESIAN_POINT('',(8.316473267151,-10.35193758196,
    14.449999999999));
#9518 = CARTESIAN_POINT('',(8.316473267151,-10.35193758196,
    14.499999999999));
#9519 = CARTESIAN_POINT('',(8.31063828315,-10.33995410709,
    14.449999999999));
#9520 = CARTESIAN_POINT('',(8.31063828315,-10.33995410709,
    14.499999999999));
#9521 = CARTESIAN_POINT('',(8.306032892538,-10.32677057472,
    14.449999999999));
#9522 = CARTESIAN_POINT('',(8.306032892538,-10.32677057472,
    14.499999999999));
#9523 = CARTESIAN_POINT('',(8.302360750203,-10.31256733678,
    14.449999999999));
#9524 = CARTESIAN_POINT('',(8.302360750203,-10.31256733678,
    14.499999999999));
#9525 = CARTESIAN_POINT('',(8.299932502587,-10.29725517486,
    14.449999999999));
#9526 = CARTESIAN_POINT('',(8.299932502587,-10.29725517486,
    14.499999999999));
#9527 = CARTESIAN_POINT('',(8.298216847975,-10.28094293702,
    14.449999999999));
#9528 = CARTESIAN_POINT('',(8.298216847975,-10.28094293702,
    14.499999999999));
#9529 = CARTESIAN_POINT('',(8.298063607341,-10.26969072277,
    14.449999999999));
#9530 = CARTESIAN_POINT('',(8.298063607341,-10.26969072277,
    14.499999999999));
#9531 = CARTESIAN_POINT('',(8.297984850919,-10.2639077649,
    14.449999999999));
#9532 = CARTESIAN_POINT('',(8.297984850919,-10.2639077649,
    14.499999999999));
#9533 = ADVANCED_FACE('',(#9534),#9552,.T.);
#9534 = FACE_BOUND('',#9535,.T.);
#9535 = EDGE_LOOP('',(#9536,#9537,#9538,#9546));
#9536 = ORIENTED_EDGE('',*,*,#2069,.F.);
#9537 = ORIENTED_EDGE('',*,*,#9489,.F.);
#9538 = ORIENTED_EDGE('',*,*,#9539,.T.);
#9539 = EDGE_CURVE('',#9466,#9540,#9542,.T.);
#9540 = VERTEX_POINT('',#9541);
#9541 = CARTESIAN_POINT('',(8.297984850919,-10.01392927882,
    14.449999999999));
#9542 = LINE('',#9543,#9544);
#9543 = CARTESIAN_POINT('',(8.297984850919,-10.2639077649,
    14.449999999999));
#9544 = VECTOR('',#9545,1.);
#9545 = DIRECTION('',(3.491481338843E-15,1.,-1.219044193949E-29));
#9546 = ORIENTED_EDGE('',*,*,#9547,.T.);
#9547 = EDGE_CURVE('',#9540,#2070,#9548,.T.);
#9548 = LINE('',#9549,#9550);
#9549 = CARTESIAN_POINT('',(8.297984850919,-10.01392927882,
    14.449999999999));
#9550 = VECTOR('',#9551,1.);
#9551 = DIRECTION('',(3.491481338843E-15,-6.123233995737E-17,1.));
#9552 = PLANE('',#9553);
#9553 = AXIS2_PLACEMENT_3D('',#9554,#9555,#9556);
#9554 = CARTESIAN_POINT('',(8.297984850919,-10.2639077649,
    14.449999999999));
#9555 = DIRECTION('',(1.,-3.491481338843E-15,-3.491481338843E-15));
#9556 = DIRECTION('',(-3.491481338843E-15,-1.,1.219044193949E-29));
#9557 = ADVANCED_FACE('',(#9558),#9576,.T.);
#9558 = FACE_BOUND('',#9559,.T.);
#9559 = EDGE_LOOP('',(#9560,#9561,#9562,#9570));
#9560 = ORIENTED_EDGE('',*,*,#2077,.F.);
#9561 = ORIENTED_EDGE('',*,*,#9547,.F.);
#9562 = ORIENTED_EDGE('',*,*,#9563,.T.);
#9563 = EDGE_CURVE('',#9540,#9564,#9566,.T.);
#9564 = VERTEX_POINT('',#9565);
#9565 = CARTESIAN_POINT('',(8.362861668067,-10.01392927882,
    14.449999999999));
#9566 = LINE('',#9567,#9568);
#9567 = CARTESIAN_POINT('',(8.297984850919,-10.01392927882,
    14.449999999999));
#9568 = VECTOR('',#9569,1.);
#9569 = DIRECTION('',(1.,-3.491481338843E-15,-3.491481338843E-15));
#9570 = ORIENTED_EDGE('',*,*,#9571,.T.);
#9571 = EDGE_CURVE('',#9564,#2078,#9572,.T.);
#9572 = LINE('',#9573,#9574);
#9573 = CARTESIAN_POINT('',(8.362861668067,-10.01392927882,
    14.449999999999));
#9574 = VECTOR('',#9575,1.);
#9575 = DIRECTION('',(3.491481338843E-15,-6.123233995737E-17,1.));
#9576 = PLANE('',#9577);
#9577 = AXIS2_PLACEMENT_3D('',#9578,#9579,#9580);
#9578 = CARTESIAN_POINT('',(8.297984850919,-10.01392927882,
    14.449999999999));
#9579 = DIRECTION('',(-3.491481338843E-15,-1.,-6.123233995736E-17));
#9580 = DIRECTION('',(-3.491481338843E-15,6.123233995737E-17,-1.));
#9581 = ADVANCED_FACE('',(#9582),#9600,.T.);
#9582 = FACE_BOUND('',#9583,.T.);
#9583 = EDGE_LOOP('',(#9584,#9585,#9586,#9594));
#9584 = ORIENTED_EDGE('',*,*,#2085,.F.);
#9585 = ORIENTED_EDGE('',*,*,#9571,.F.);
#9586 = ORIENTED_EDGE('',*,*,#9587,.T.);
#9587 = EDGE_CURVE('',#9564,#9588,#9590,.T.);
#9588 = VERTEX_POINT('',#9589);
#9589 = CARTESIAN_POINT('',(8.362861668067,-10.23532141734,
    14.449999999999));
#9590 = LINE('',#9591,#9592);
#9591 = CARTESIAN_POINT('',(8.362861668067,-10.01392927882,
    14.449999999999));
#9592 = VECTOR('',#9593,1.);
#9593 = DIRECTION('',(-3.491481338843E-15,-1.,1.219044193949E-29));
#9594 = ORIENTED_EDGE('',*,*,#9595,.T.);
#9595 = EDGE_CURVE('',#9588,#2086,#9596,.T.);
#9596 = LINE('',#9597,#9598);
#9597 = CARTESIAN_POINT('',(8.362861668067,-10.23532141734,
    14.449999999999));
#9598 = VECTOR('',#9599,1.);
#9599 = DIRECTION('',(3.491481338843E-15,-6.123233995737E-17,1.));
#9600 = PLANE('',#9601);
#9601 = AXIS2_PLACEMENT_3D('',#9602,#9603,#9604);
#9602 = CARTESIAN_POINT('',(8.362861668067,-10.01392927882,
    14.449999999999));
#9603 = DIRECTION('',(-1.,3.491481338843E-15,3.491481338843E-15));
#9604 = DIRECTION('',(3.491481338843E-15,1.,-1.219044193949E-29));
#9605 = ADVANCED_FACE('',(#9606),#9632,.T.);
#9606 = FACE_BOUND('',#9607,.T.);
#9607 = EDGE_LOOP('',(#9608,#9609,#9610,#9626));
#9608 = ORIENTED_EDGE('',*,*,#2093,.F.);
#9609 = ORIENTED_EDGE('',*,*,#9595,.F.);
#9610 = ORIENTED_EDGE('',*,*,#9611,.T.);
#9611 = EDGE_CURVE('',#9588,#9612,#9614,.T.);
#9612 = VERTEX_POINT('',#9613);
#9613 = CARTESIAN_POINT('',(8.377053471818,-10.32209416028,
    14.449999999999));
#9614 = B_SPLINE_CURVE_WITH_KNOTS('',3,(#9615,#9616,#9617,#9618,#9619,
    #9620,#9621,#9622,#9623,#9624,#9625),.UNSPECIFIED.,.F.,.F.,(4,1,1,1,
    1,1,1,1,4),(0.,0.16076421837,0.309081219023,0.446191746697,
    0.571089149332,0.686730506333,0.796519838023,0.900064388607,1.),
  .UNSPECIFIED.);
#9615 = CARTESIAN_POINT('',(8.362861668067,-10.23532141734,
    14.449999999999));
#9616 = CARTESIAN_POINT('',(8.362905273205,-10.2400862626,
    14.449999999999));
#9617 = CARTESIAN_POINT('',(8.36298910734,-10.24924703355,
    14.449999999999));
#9618 = CARTESIAN_POINT('',(8.363493920339,-10.26246431706,
    14.449999999999));
#9619 = CARTESIAN_POINT('',(8.364302402505,-10.27460004943,
    14.449999999999));
#9620 = CARTESIAN_POINT('',(8.36533994349,-10.28574744356,
    14.449999999999));
#9621 = CARTESIAN_POINT('',(8.367015028564,-10.29601149718,
    14.449999999999));
#9622 = CARTESIAN_POINT('',(8.369572747107,-10.30543079042,
    14.449999999999));
#9623 = CARTESIAN_POINT('',(8.372748710114,-10.31418556564,
    14.449999999999));
#9624 = CARTESIAN_POINT('',(8.375635618725,-10.31948931798,
    14.449999999999));
#9625 = CARTESIAN_POINT('',(8.377053471818,-10.32209416028,
    14.449999999999));
#9626 = ORIENTED_EDGE('',*,*,#9627,.T.);
#9627 = EDGE_CURVE('',#9612,#2094,#9628,.T.);
#9628 = LINE('',#9629,#9630);
#9629 = CARTESIAN_POINT('',(8.377053471818,-10.32209416028,
    14.449999999999));
#9630 = VECTOR('',#9631,1.);
#9631 = DIRECTION('',(3.491481338843E-15,-6.123233995737E-17,1.));
#9632 = B_SPLINE_SURFACE_WITH_KNOTS('',3,1,(
    (#9633,#9634)
    ,(#9635,#9636)
    ,(#9637,#9638)
    ,(#9639,#9640)
    ,(#9641,#9642)
    ,(#9643,#9644)
    ,(#9645,#9646)
    ,(#9647,#9648)
    ,(#9649,#9650)
    ,(#9651,#9652)
    ,(#9653,#9654
  )),.UNSPECIFIED.,.F.,.F.,.F.,(4,1,1,1,1,1,1,1,4),(2,2),(0.,
    0.16076421837,0.309081219023,0.446191746697,0.571089149332,
    0.686730506333,0.796519838023,0.900064388607,1.),(0.,1.),
  .UNSPECIFIED.);
#9633 = CARTESIAN_POINT('',(8.362861668067,-10.23532141734,
    14.449999999999));
#9634 = CARTESIAN_POINT('',(8.362861668067,-10.23532141734,
    14.499999999999));
#9635 = CARTESIAN_POINT('',(8.362905273205,-10.2400862626,
    14.449999999999));
#9636 = CARTESIAN_POINT('',(8.362905273205,-10.2400862626,
    14.499999999999));
#9637 = CARTESIAN_POINT('',(8.36298910734,-10.24924703355,
    14.449999999999));
#9638 = CARTESIAN_POINT('',(8.36298910734,-10.24924703355,
    14.499999999999));
#9639 = CARTESIAN_POINT('',(8.363493920339,-10.26246431706,
    14.449999999999));
#9640 = CARTESIAN_POINT('',(8.363493920339,-10.26246431706,
    14.499999999999));
#9641 = CARTESIAN_POINT('',(8.364302402505,-10.27460004943,
    14.449999999999));
#9642 = CARTESIAN_POINT('',(8.364302402505,-10.27460004943,
    14.499999999999));
#9643 = CARTESIAN_POINT('',(8.36533994349,-10.28574744356,
    14.449999999999));
#9644 = CARTESIAN_POINT('',(8.36533994349,-10.28574744356,
    14.499999999999));
#9645 = CARTESIAN_POINT('',(8.367015028564,-10.29601149718,
    14.449999999999));
#9646 = CARTESIAN_POINT('',(8.367015028564,-10.29601149718,
    14.499999999999));
#9647 = CARTESIAN_POINT('',(8.369572747107,-10.30543079042,
    14.449999999999));
#9648 = CARTESIAN_POINT('',(8.369572747107,-10.30543079042,
    14.499999999999));
#9649 = CARTESIAN_POINT('',(8.372748710114,-10.31418556564,
    14.449999999999));
#9650 = CARTESIAN_POINT('',(8.372748710114,-10.31418556564,
    14.499999999999));
#9651 = CARTESIAN_POINT('',(8.375635618725,-10.31948931798,
    14.449999999999));
#9652 = CARTESIAN_POINT('',(8.375635618725,-10.31948931798,
    14.499999999999));
#9653 = CARTESIAN_POINT('',(8.377053471818,-10.32209416028,
    14.449999999999));
#9654 = CARTESIAN_POINT('',(8.377053471818,-10.32209416028,
    14.499999999999));
#9655 = ADVANCED_FACE('',(#9656),#9682,.T.);
#9656 = FACE_BOUND('',#9657,.T.);
#9657 = EDGE_LOOP('',(#9658,#9659,#9660,#9676));
#9658 = ORIENTED_EDGE('',*,*,#2109,.F.);
#9659 = ORIENTED_EDGE('',*,*,#9627,.F.);
#9660 = ORIENTED_EDGE('',*,*,#9661,.T.);
#9661 = EDGE_CURVE('',#9612,#9662,#9664,.T.);
#9662 = VERTEX_POINT('',#9663);
#9663 = CARTESIAN_POINT('',(8.44274124918,-10.35128872799,
    14.449999999999));
#9664 = B_SPLINE_CURVE_WITH_KNOTS('',3,(#9665,#9666,#9667,#9668,#9669,
    #9670,#9671,#9672,#9673,#9674,#9675),.UNSPECIFIED.,.F.,.F.,(4,1,1,1,
    1,1,1,1,4),(0.,0.113416529964,0.222179847202,0.32861156968,
    0.434031881291,0.548201600694,0.678210401885,0.828875801257,1.),
  .UNSPECIFIED.);
#9665 = CARTESIAN_POINT('',(8.377053471818,-10.32209416028,
    14.449999999999));
#9666 = CARTESIAN_POINT('',(8.378606993057,-10.32450991788,
    14.449999999999));
#9667 = CARTESIAN_POINT('',(8.381650298223,-10.32924232025,
    14.449999999999));
#9668 = CARTESIAN_POINT('',(8.387316131393,-10.33538253829,
    14.449999999999));
#9669 = CARTESIAN_POINT('',(8.393650447609,-10.34047607203,
    14.449999999999));
#9670 = CARTESIAN_POINT('',(8.400756769668,-10.34473251849,
    14.449999999999));
#9671 = CARTESIAN_POINT('',(8.409113571657,-10.34775827798,
    14.449999999999));
#9672 = CARTESIAN_POINT('',(8.418902032553,-10.34981078017,
    14.449999999999));
#9673 = CARTESIAN_POINT('',(8.430271254374,-10.35112428043,
    14.449999999999));
#9674 = CARTESIAN_POINT('',(8.438412058391,-10.35123163696,
    14.449999999999));
#9675 = CARTESIAN_POINT('',(8.44274124918,-10.35128872799,
    14.449999999999));
#9676 = ORIENTED_EDGE('',*,*,#9677,.T.);
#9677 = EDGE_CURVE('',#9662,#2110,#9678,.T.);
#9678 = LINE('',#9679,#9680);
#9679 = CARTESIAN_POINT('',(8.44274124918,-10.35128872799,
    14.449999999999));
#9680 = VECTOR('',#9681,1.);
#9681 = DIRECTION('',(3.491481338843E-15,-6.123233995737E-17,1.));
#9682 = B_SPLINE_SURFACE_WITH_KNOTS('',3,1,(
    (#9683,#9684)
    ,(#9685,#9686)
    ,(#9687,#9688)
    ,(#9689,#9690)
    ,(#9691,#9692)
    ,(#9693,#9694)
    ,(#9695,#9696)
    ,(#9697,#9698)
    ,(#9699,#9700)
    ,(#9701,#9702)
    ,(#9703,#9704
  )),.UNSPECIFIED.,.F.,.F.,.F.,(4,1,1,1,1,1,1,1,4),(2,2),(0.,
    0.113416529964,0.222179847202,0.32861156968,0.434031881291,
    0.548201600694,0.678210401885,0.828875801257,1.),(0.,1.),
  .UNSPECIFIED.);
#9683 = CARTESIAN_POINT('',(8.377053471818,-10.32209416028,
    14.449999999999));
#9684 = CARTESIAN_POINT('',(8.377053471818,-10.32209416028,
    14.499999999999));
#9685 = CARTESIAN_POINT('',(8.378606993057,-10.32450991788,
    14.449999999999));
#9686 = CARTESIAN_POINT('',(8.378606993057,-10.32450991788,
    14.499999999999));
#9687 = CARTESIAN_POINT('',(8.381650298223,-10.32924232025,
    14.449999999999));
#9688 = CARTESIAN_POINT('',(8.381650298223,-10.32924232025,
    14.499999999999));
#9689 = CARTESIAN_POINT('',(8.387316131393,-10.33538253829,
    14.449999999999));
#9690 = CARTESIAN_POINT('',(8.387316131393,-10.33538253829,
    14.499999999999));
#9691 = CARTESIAN_POINT('',(8.393650447609,-10.34047607203,
    14.449999999999));
#9692 = CARTESIAN_POINT('',(8.393650447609,-10.34047607203,
    14.499999999999));
#9693 = CARTESIAN_POINT('',(8.400756769668,-10.34473251849,
    14.449999999999));
#9694 = CARTESIAN_POINT('',(8.400756769668,-10.34473251849,
    14.499999999999));
#9695 = CARTESIAN_POINT('',(8.409113571657,-10.34775827798,
    14.449999999999));
#9696 = CARTESIAN_POINT('',(8.409113571657,-10.34775827798,
    14.499999999999));
#9697 = CARTESIAN_POINT('',(8.418902032553,-10.34981078017,
    14.449999999999));
#9698 = CARTESIAN_POINT('',(8.418902032553,-10.34981078017,
    14.499999999999));
#9699 = CARTESIAN_POINT('',(8.430271254374,-10.35112428043,
    14.449999999999));
#9700 = CARTESIAN_POINT('',(8.430271254374,-10.35112428043,
    14.499999999999));
#9701 = CARTESIAN_POINT('',(8.438412058391,-10.35123163696,
    14.449999999999));
#9702 = CARTESIAN_POINT('',(8.438412058391,-10.35123163696,
    14.499999999999));
#9703 = CARTESIAN_POINT('',(8.44274124918,-10.35128872799,
    14.449999999999));
#9704 = CARTESIAN_POINT('',(8.44274124918,-10.35128872799,
    14.499999999999));
#9705 = ADVANCED_FACE('',(#9706),#9732,.T.);
#9706 = FACE_BOUND('',#9707,.T.);
#9707 = EDGE_LOOP('',(#9708,#9709,#9710,#9726));
#9708 = ORIENTED_EDGE('',*,*,#2125,.F.);
#9709 = ORIENTED_EDGE('',*,*,#9677,.F.);
#9710 = ORIENTED_EDGE('',*,*,#9711,.T.);
#9711 = EDGE_CURVE('',#9662,#9712,#9714,.T.);
#9712 = VERTEX_POINT('',#9713);
#9713 = CARTESIAN_POINT('',(8.551004437796,-10.30425303556,
    14.449999999999));
#9714 = B_SPLINE_CURVE_WITH_KNOTS('',3,(#9715,#9716,#9717,#9718,#9719,
    #9720,#9721,#9722,#9723,#9724,#9725),.UNSPECIFIED.,.F.,.F.,(4,1,1,1,
    1,1,1,1,4),(0.,0.104900309884,0.216659214496,0.336335453982,
    0.464728333636,0.598381211343,0.731159368786,0.865089247573,1.),
  .UNSPECIFIED.);
#9715 = CARTESIAN_POINT('',(8.44274124918,-10.35128872799,
    14.449999999999));
#9716 = CARTESIAN_POINT('',(8.446944075379,-10.35113338647,
    14.449999999999));
#9717 = CARTESIAN_POINT('',(8.455624517067,-10.35081254687,
    14.449999999999));
#9718 = CARTESIAN_POINT('',(8.468844199824,-10.34803028372,
    14.449999999999));
#9719 = CARTESIAN_POINT('',(8.482695407661,-10.34403848963,
    14.449999999999));
#9720 = CARTESIAN_POINT('',(8.496831980783,-10.33817424314,
    14.449999999999));
#9721 = CARTESIAN_POINT('',(8.511024156862,-10.33120226691,
    14.449999999999));
#9722 = CARTESIAN_POINT('',(8.524864067448,-10.32310484067,
    14.449999999999));
#9723 = CARTESIAN_POINT('',(8.538293889906,-10.31424289965,
    14.449999999999));
#9724 = CARTESIAN_POINT('',(8.546757295497,-10.30759108005,
    14.449999999999));
#9725 = CARTESIAN_POINT('',(8.551004437796,-10.30425303556,
    14.449999999999));
#9726 = ORIENTED_EDGE('',*,*,#9727,.T.);
#9727 = EDGE_CURVE('',#9712,#2126,#9728,.T.);
#9728 = LINE('',#9729,#9730);
#9729 = CARTESIAN_POINT('',(8.551004437796,-10.30425303556,
    14.449999999999));
#9730 = VECTOR('',#9731,1.);
#9731 = DIRECTION('',(3.491481338843E-15,-6.123233995737E-17,1.));
#9732 = B_SPLINE_SURFACE_WITH_KNOTS('',3,1,(
    (#9733,#9734)
    ,(#9735,#9736)
    ,(#9737,#9738)
    ,(#9739,#9740)
    ,(#9741,#9742)
    ,(#9743,#9744)
    ,(#9745,#9746)
    ,(#9747,#9748)
    ,(#9749,#9750)
    ,(#9751,#9752)
    ,(#9753,#9754
  )),.UNSPECIFIED.,.F.,.F.,.F.,(4,1,1,1,1,1,1,1,4),(2,2),(0.,
    0.104900309884,0.216659214496,0.336335453982,0.464728333636,
    0.598381211343,0.731159368786,0.865089247573,1.),(0.,1.),
  .UNSPECIFIED.);
#9733 = CARTESIAN_POINT('',(8.44274124918,-10.35128872799,
    14.449999999999));
#9734 = CARTESIAN_POINT('',(8.44274124918,-10.35128872799,
    14.499999999999));
#9735 = CARTESIAN_POINT('',(8.446944075379,-10.35113338647,
    14.449999999999));
#9736 = CARTESIAN_POINT('',(8.446944075379,-10.35113338647,
    14.499999999999));
#9737 = CARTESIAN_POINT('',(8.455624517067,-10.35081254687,
    14.449999999999));
#9738 = CARTESIAN_POINT('',(8.455624517067,-10.35081254687,
    14.499999999999));
#9739 = CARTESIAN_POINT('',(8.468844199824,-10.34803028372,
    14.449999999999));
#9740 = CARTESIAN_POINT('',(8.468844199824,-10.34803028372,
    14.499999999999));
#9741 = CARTESIAN_POINT('',(8.482695407661,-10.34403848963,
    14.449999999999));
#9742 = CARTESIAN_POINT('',(8.482695407661,-10.34403848963,
    14.499999999999));
#9743 = CARTESIAN_POINT('',(8.496831980783,-10.33817424314,
    14.449999999999));
#9744 = CARTESIAN_POINT('',(8.496831980783,-10.33817424314,
    14.499999999999));
#9745 = CARTESIAN_POINT('',(8.511024156862,-10.33120226691,
    14.449999999999));
#9746 = CARTESIAN_POINT('',(8.511024156862,-10.33120226691,
    14.499999999999));
#9747 = CARTESIAN_POINT('',(8.524864067448,-10.32310484067,
    14.449999999999));
#9748 = CARTESIAN_POINT('',(8.524864067448,-10.32310484067,
    14.499999999999));
#9749 = CARTESIAN_POINT('',(8.538293889906,-10.31424289965,
    14.449999999999));
#9750 = CARTESIAN_POINT('',(8.538293889906,-10.31424289965,
    14.499999999999));
#9751 = CARTESIAN_POINT('',(8.546757295497,-10.30759108005,
    14.449999999999));
#9752 = CARTESIAN_POINT('',(8.546757295497,-10.30759108005,
    14.499999999999));
#9753 = CARTESIAN_POINT('',(8.551004437796,-10.30425303556,
    14.449999999999));
#9754 = CARTESIAN_POINT('',(8.551004437796,-10.30425303556,
    14.499999999999));
#9755 = ADVANCED_FACE('',(#9756),#9774,.T.);
#9756 = FACE_BOUND('',#9757,.T.);
#9757 = EDGE_LOOP('',(#9758,#9759,#9760,#9768));
#9758 = ORIENTED_EDGE('',*,*,#2141,.F.);
#9759 = ORIENTED_EDGE('',*,*,#9727,.F.);
#9760 = ORIENTED_EDGE('',*,*,#9761,.T.);
#9761 = EDGE_CURVE('',#9712,#9762,#9764,.T.);
#9762 = VERTEX_POINT('',#9763);
#9763 = CARTESIAN_POINT('',(8.551004437796,-10.01392927882,
    14.449999999999));
#9764 = LINE('',#9765,#9766);
#9765 = CARTESIAN_POINT('',(8.551004437796,-10.30425303556,
    14.449999999999));
#9766 = VECTOR('',#9767,1.);
#9767 = DIRECTION('',(3.491481338843E-15,1.,-1.219044193949E-29));
#9768 = ORIENTED_EDGE('',*,*,#9769,.T.);
#9769 = EDGE_CURVE('',#9762,#2142,#9770,.T.);
#9770 = LINE('',#9771,#9772);
#9771 = CARTESIAN_POINT('',(8.551004437796,-10.01392927882,
    14.449999999999));
#9772 = VECTOR('',#9773,1.);
#9773 = DIRECTION('',(3.491481338843E-15,-6.123233995737E-17,1.));
#9774 = PLANE('',#9775);
#9775 = AXIS2_PLACEMENT_3D('',#9776,#9777,#9778);
#9776 = CARTESIAN_POINT('',(8.551004437796,-10.30425303556,
    14.449999999999));
#9777 = DIRECTION('',(1.,-3.491481338843E-15,-3.491481338843E-15));
#9778 = DIRECTION('',(-3.491481338843E-15,-1.,1.219044193949E-29));
#9779 = ADVANCED_FACE('',(#9780),#9791,.T.);
#9780 = FACE_BOUND('',#9781,.T.);
#9781 = EDGE_LOOP('',(#9782,#9783,#9784,#9790));
#9782 = ORIENTED_EDGE('',*,*,#2149,.F.);
#9783 = ORIENTED_EDGE('',*,*,#9769,.F.);
#9784 = ORIENTED_EDGE('',*,*,#9785,.T.);
#9785 = EDGE_CURVE('',#9762,#9336,#9786,.T.);
#9786 = LINE('',#9787,#9788);
#9787 = CARTESIAN_POINT('',(8.551004437796,-10.01392927882,
    14.449999999999));
#9788 = VECTOR('',#9789,1.);
#9789 = DIRECTION('',(1.,3.193200309538E-15,-3.491481338843E-15));
#9790 = ORIENTED_EDGE('',*,*,#9335,.T.);
#9791 = PLANE('',#9792);
#9792 = AXIS2_PLACEMENT_3D('',#9793,#9794,#9795);
#9793 = CARTESIAN_POINT('',(8.551004437796,-10.01392927882,
    14.449999999999));
#9794 = DIRECTION('',(3.193200309538E-15,-1.,-6.123233995738E-17));
#9795 = DIRECTION('',(-1.,-3.193200309538E-15,3.491481338843E-15));
#9796 = ADVANCED_FACE('',(#9797),#9812,.T.);
#9797 = FACE_BOUND('',#9798,.T.);
#9798 = EDGE_LOOP('',(#9799,#9800,#9801,#9802,#9803,#9804,#9805,#9806,
    #9807,#9808,#9809,#9810,#9811));
#9799 = ORIENTED_EDGE('',*,*,#9343,.F.);
#9800 = ORIENTED_EDGE('',*,*,#9785,.F.);
#9801 = ORIENTED_EDGE('',*,*,#9761,.F.);
#9802 = ORIENTED_EDGE('',*,*,#9711,.F.);
#9803 = ORIENTED_EDGE('',*,*,#9661,.F.);
#9804 = ORIENTED_EDGE('',*,*,#9611,.F.);
#9805 = ORIENTED_EDGE('',*,*,#9587,.F.);
#9806 = ORIENTED_EDGE('',*,*,#9563,.F.);
#9807 = ORIENTED_EDGE('',*,*,#9539,.F.);
#9808 = ORIENTED_EDGE('',*,*,#9465,.F.);
#9809 = ORIENTED_EDGE('',*,*,#9415,.F.);
#9810 = ORIENTED_EDGE('',*,*,#9391,.F.);
#9811 = ORIENTED_EDGE('',*,*,#9367,.F.);
#9812 = PLANE('',#9813);
#9813 = AXIS2_PLACEMENT_3D('',#9814,#9815,#9816);
#9814 = CARTESIAN_POINT('',(8.492217129176,-10.39451484447,
    14.449999999999));
#9815 = DIRECTION('',(-9.107673212369E-12,1.247695233879E-11,1.));
#9816 = DIRECTION('',(-3.4914813388E-15,-1.,1.247695233879E-11));
#9817 = ADVANCED_FACE('',(#9818),#9843,.T.);
#9818 = FACE_BOUND('',#9819,.T.);
#9819 = EDGE_LOOP('',(#9820,#9821,#9829,#9837));
#9820 = ORIENTED_EDGE('',*,*,#1138,.F.);
#9821 = ORIENTED_EDGE('',*,*,#9822,.F.);
#9822 = EDGE_CURVE('',#9823,#1139,#9825,.T.);
#9823 = VERTEX_POINT('',#9824);
#9824 = CARTESIAN_POINT('',(8.849437796677,-10.29938727427,
    14.449999999999));
#9825 = LINE('',#9826,#9827);
#9826 = CARTESIAN_POINT('',(8.849437796677,-10.29938727427,
    14.449999999999));
#9827 = VECTOR('',#9828,1.);
#9828 = DIRECTION('',(3.491481338843E-15,-6.123233995737E-17,1.));
#9829 = ORIENTED_EDGE('',*,*,#9830,.T.);
#9830 = EDGE_CURVE('',#9823,#9831,#9833,.T.);
#9831 = VERTEX_POINT('',#9832);
#9832 = CARTESIAN_POINT('',(8.849437796677,-10.3967025,14.449999999999)
  );
#9833 = LINE('',#9834,#9835);
#9834 = CARTESIAN_POINT('',(8.849437796677,-10.29938727427,
    14.449999999999));
#9835 = VECTOR('',#9836,1.);
#9836 = DIRECTION('',(-3.491481338843E-15,-1.,1.219044193949E-29));
#9837 = ORIENTED_EDGE('',*,*,#9838,.T.);
#9838 = EDGE_CURVE('',#9831,#1141,#9839,.T.);
#9839 = LINE('',#9840,#9841);
#9840 = CARTESIAN_POINT('',(8.849437796677,-10.3967025,14.449999999999)
  );
#9841 = VECTOR('',#9842,1.);
#9842 = DIRECTION('',(3.491481338843E-15,-6.123233995737E-17,1.));
#9843 = PLANE('',#9844);
#9844 = AXIS2_PLACEMENT_3D('',#9845,#9846,#9847);
#9845 = CARTESIAN_POINT('',(8.849437796677,-10.29938727427,
    14.449999999999));
#9846 = DIRECTION('',(-1.,3.491481338843E-15,3.491481338843E-15));
#9847 = DIRECTION('',(3.491481338843E-15,1.,-1.219044193949E-29));
#9848 = ADVANCED_FACE('',(#9849),#9867,.T.);
#9849 = FACE_BOUND('',#9850,.T.);
#9850 = EDGE_LOOP('',(#9851,#9852,#9853,#9861));
#9851 = ORIENTED_EDGE('',*,*,#1148,.F.);
#9852 = ORIENTED_EDGE('',*,*,#9838,.F.);
#9853 = ORIENTED_EDGE('',*,*,#9854,.T.);
#9854 = EDGE_CURVE('',#9831,#9855,#9857,.T.);
#9855 = VERTEX_POINT('',#9856);
#9856 = CARTESIAN_POINT('',(8.765097934384,-10.3967025,14.449999999999)
  );
#9857 = LINE('',#9858,#9859);
#9858 = CARTESIAN_POINT('',(8.849437796677,-10.3967025,14.449999999999)
  );
#9859 = VECTOR('',#9860,1.);
#9860 = DIRECTION('',(-1.,-1.650581467604E-15,3.491481338843E-15));
#9861 = ORIENTED_EDGE('',*,*,#9862,.T.);
#9862 = EDGE_CURVE('',#9855,#1149,#9863,.T.);
#9863 = LINE('',#9864,#9865);
#9864 = CARTESIAN_POINT('',(8.765097934384,-10.3967025,14.449999999999)
  );
#9865 = VECTOR('',#9866,1.);
#9866 = DIRECTION('',(3.491481338843E-15,-6.123233995737E-17,1.));
#9867 = PLANE('',#9868);
#9868 = AXIS2_PLACEMENT_3D('',#9869,#9870,#9871);
#9869 = CARTESIAN_POINT('',(8.849437796677,-10.3967025,14.449999999999)
  );
#9870 = DIRECTION('',(-1.650581467604E-15,1.,6.123233995737E-17));
#9871 = DIRECTION('',(1.,1.650581467604E-15,-3.491481338843E-15));
#9872 = ADVANCED_FACE('',(#9873),#9891,.T.);
#9873 = FACE_BOUND('',#9874,.T.);
#9874 = EDGE_LOOP('',(#9875,#9876,#9877,#9885));
#9875 = ORIENTED_EDGE('',*,*,#1156,.F.);
#9876 = ORIENTED_EDGE('',*,*,#9862,.F.);
#9877 = ORIENTED_EDGE('',*,*,#9878,.T.);
#9878 = EDGE_CURVE('',#9855,#9879,#9881,.T.);
#9879 = VERTEX_POINT('',#9880);
#9880 = CARTESIAN_POINT('',(8.765097934384,-10.29938727427,
    14.449999999999));
#9881 = LINE('',#9882,#9883);
#9882 = CARTESIAN_POINT('',(8.765097934384,-10.3967025,14.449999999999)
  );
#9883 = VECTOR('',#9884,1.);
#9884 = DIRECTION('',(3.491481338843E-15,1.,-1.219044193949E-29));
#9885 = ORIENTED_EDGE('',*,*,#9886,.T.);
#9886 = EDGE_CURVE('',#9879,#1157,#9887,.T.);
#9887 = LINE('',#9888,#9889);
#9888 = CARTESIAN_POINT('',(8.765097934384,-10.29938727427,
    14.449999999999));
#9889 = VECTOR('',#9890,1.);
#9890 = DIRECTION('',(3.491481338843E-15,-6.123233995737E-17,1.));
#9891 = PLANE('',#9892);
#9892 = AXIS2_PLACEMENT_3D('',#9893,#9894,#9895);
#9893 = CARTESIAN_POINT('',(8.765097934384,-10.3967025,14.449999999999)
  );
#9894 = DIRECTION('',(1.,-3.491481338843E-15,-3.491481338843E-15));
#9895 = DIRECTION('',(-3.491481338843E-15,-1.,1.219044193949E-29));
#9896 = ADVANCED_FACE('',(#9897),#9908,.T.);
#9897 = FACE_BOUND('',#9898,.T.);
#9898 = EDGE_LOOP('',(#9899,#9900,#9901,#9907));
#9899 = ORIENTED_EDGE('',*,*,#1164,.F.);
#9900 = ORIENTED_EDGE('',*,*,#9886,.F.);
#9901 = ORIENTED_EDGE('',*,*,#9902,.T.);
#9902 = EDGE_CURVE('',#9879,#9823,#9903,.T.);
#9903 = LINE('',#9904,#9905);
#9904 = CARTESIAN_POINT('',(8.765097934384,-10.29938727427,
    14.449999999999));
#9905 = VECTOR('',#9906,1.);
#9906 = DIRECTION('',(1.,-9.204499356197E-16,-3.491481338843E-15));
#9907 = ORIENTED_EDGE('',*,*,#9822,.T.);
#9908 = PLANE('',#9909);
#9909 = AXIS2_PLACEMENT_3D('',#9910,#9911,#9912);
#9910 = CARTESIAN_POINT('',(8.765097934384,-10.29938727427,
    14.449999999999));
#9911 = DIRECTION('',(-9.204499356197E-16,-1.,-6.123233995736E-17));
#9912 = DIRECTION('',(-1.,9.204499356197E-16,3.491481338843E-15));
#9913 = ADVANCED_FACE('',(#9914),#9920,.F.);
#9914 = FACE_BOUND('',#9915,.T.);
#9915 = EDGE_LOOP('',(#9916,#9917,#9918,#9919));
#9916 = ORIENTED_EDGE('',*,*,#9830,.F.);
#9917 = ORIENTED_EDGE('',*,*,#9902,.F.);
#9918 = ORIENTED_EDGE('',*,*,#9878,.F.);
#9919 = ORIENTED_EDGE('',*,*,#9854,.F.);
#9920 = PLANE('',#9921);
#9921 = AXIS2_PLACEMENT_3D('',#9922,#9923,#9924);
#9922 = CARTESIAN_POINT('',(-1.000000000001,-11.5,14.449999999999));
#9923 = DIRECTION('',(-3.491481338843E-15,0.,-1.));
#9924 = DIRECTION('',(3.491481338843E-15,1.,-1.219044193949E-29));
#9925 = ADVANCED_FACE('',(#9926),#9951,.T.);
#9926 = FACE_BOUND('',#9927,.T.);
#9927 = EDGE_LOOP('',(#9928,#9929,#9937,#9945));
#9928 = ORIENTED_EDGE('',*,*,#2157,.F.);
#9929 = ORIENTED_EDGE('',*,*,#9930,.F.);
#9930 = EDGE_CURVE('',#9931,#2158,#9933,.T.);
#9931 = VERTEX_POINT('',#9932);
#9932 = CARTESIAN_POINT('',(9.277624789853,-10.29938727427,
    14.449999999999));
#9933 = LINE('',#9934,#9935);
#9934 = CARTESIAN_POINT('',(9.277624789853,-10.29938727427,
    14.449999999999));
#9935 = VECTOR('',#9936,1.);
#9936 = DIRECTION('',(3.491481338843E-15,-6.123233995737E-17,1.));
#9937 = ORIENTED_EDGE('',*,*,#9938,.T.);
#9938 = EDGE_CURVE('',#9931,#9939,#9941,.T.);
#9939 = VERTEX_POINT('',#9940);
#9940 = CARTESIAN_POINT('',(9.277624789853,-10.37054903308,
    14.449999999999));
#9941 = LINE('',#9942,#9943);
#9942 = CARTESIAN_POINT('',(9.277624789853,-10.29938727427,
    14.449999999999));
#9943 = VECTOR('',#9944,1.);
#9944 = DIRECTION('',(-3.491481338843E-15,-1.,1.219044193949E-29));
#9945 = ORIENTED_EDGE('',*,*,#9946,.T.);
#9946 = EDGE_CURVE('',#9939,#2160,#9947,.T.);
#9947 = LINE('',#9948,#9949);
#9948 = CARTESIAN_POINT('',(9.277624789853,-10.37054903308,
    14.449999999999));
#9949 = VECTOR('',#9950,1.);
#9950 = DIRECTION('',(3.491481338843E-15,-6.123233995737E-17,1.));
#9951 = PLANE('',#9952);
#9952 = AXIS2_PLACEMENT_3D('',#9953,#9954,#9955);
#9953 = CARTESIAN_POINT('',(9.277624789853,-10.29938727427,
    14.449999999999));
#9954 = DIRECTION('',(-1.,3.491481338843E-15,3.491481338843E-15));
#9955 = DIRECTION('',(3.491481338843E-15,1.,-1.219044193949E-29));
#9956 = ADVANCED_FACE('',(#9957),#9983,.T.);
#9957 = FACE_BOUND('',#9958,.T.);
#9958 = EDGE_LOOP('',(#9959,#9960,#9961,#9977));
#9959 = ORIENTED_EDGE('',*,*,#2167,.F.);
#9960 = ORIENTED_EDGE('',*,*,#9946,.F.);
#9961 = ORIENTED_EDGE('',*,*,#9962,.T.);
#9962 = EDGE_CURVE('',#9939,#9963,#9965,.T.);
#9963 = VERTEX_POINT('',#9964);
#9964 = CARTESIAN_POINT('',(9.157095827995,-10.40319018171,
    14.449999999999));
#9965 = B_SPLINE_CURVE_WITH_KNOTS('',3,(#9966,#9967,#9968,#9969,#9970,
    #9971,#9972,#9973,#9974,#9975,#9976),.UNSPECIFIED.,.F.,.F.,(4,1,1,1,
    1,1,1,1,4),(0.,0.136727723019,0.267578536513,0.393812183224,
    0.514113331116,0.632134505059,0.752341517427,0.874467778084,1.),
  .UNSPECIFIED.);
#9966 = CARTESIAN_POINT('',(9.277624789853,-10.37054903308,
    14.449999999999));
#9967 = CARTESIAN_POINT('',(9.272441207737,-10.37302595956,
    14.449999999999));
#9968 = CARTESIAN_POINT('',(9.262296847209,-10.37787334785,
    14.449999999999));
#9969 = CARTESIAN_POINT('',(9.247027208857,-10.38426273093,
    14.449999999999));
#9970 = CARTESIAN_POINT('',(9.232168507755,-10.38979824878,
    14.449999999999));
#9971 = CARTESIAN_POINT('',(9.217656899564,-10.39471732869,
    14.449999999999));
#9972 = CARTESIAN_POINT('',(9.203067679031,-10.39852563728,
    14.449999999999));
#9973 = CARTESIAN_POINT('',(9.188165032034,-10.40125629774,
    14.449999999999));
#9974 = CARTESIAN_POINT('',(9.172779158531,-10.40293126717,
    14.449999999999));
#9975 = CARTESIAN_POINT('',(9.162371316654,-10.40310308919,
    14.449999999999));
#9976 = CARTESIAN_POINT('',(9.157095827995,-10.40319018171,
    14.449999999999));
#9977 = ORIENTED_EDGE('',*,*,#9978,.T.);
#9978 = EDGE_CURVE('',#9963,#2168,#9979,.T.);
#9979 = LINE('',#9980,#9981);
#9980 = CARTESIAN_POINT('',(9.157095827995,-10.40319018171,
    14.449999999999));
#9981 = VECTOR('',#9982,1.);
#9982 = DIRECTION('',(3.491481338843E-15,-6.123233995737E-17,1.));
#9983 = B_SPLINE_SURFACE_WITH_KNOTS('',3,1,(
    (#9984,#9985)
    ,(#9986,#9987)
    ,(#9988,#9989)
    ,(#9990,#9991)
    ,(#9992,#9993)
    ,(#9994,#9995)
    ,(#9996,#9997)
    ,(#9998,#9999)
    ,(#10000,#10001)
    ,(#10002,#10003)
    ,(#10004,#10005
    )),.UNSPECIFIED.,.F.,.F.,.F.,(4,1,1,1,1,1,1,1,4),(2,2),(0.,
    0.136727723019,0.267578536513,0.393812183224,0.514113331116,
    0.632134505059,0.752341517427,0.874467778084,1.),(0.,1.),
  .UNSPECIFIED.);
#9984 = CARTESIAN_POINT('',(9.277624789853,-10.37054903308,
    14.449999999999));
#9985 = CARTESIAN_POINT('',(9.277624789853,-10.37054903308,
    14.499999999999));
#9986 = CARTESIAN_POINT('',(9.272441207737,-10.37302595956,
    14.449999999999));
#9987 = CARTESIAN_POINT('',(9.272441207737,-10.37302595956,
    14.499999999999));
#9988 = CARTESIAN_POINT('',(9.262296847209,-10.37787334785,
    14.449999999999));
#9989 = CARTESIAN_POINT('',(9.262296847209,-10.37787334785,
    14.499999999999));
#9990 = CARTESIAN_POINT('',(9.247027208857,-10.38426273093,
    14.449999999999));
#9991 = CARTESIAN_POINT('',(9.247027208857,-10.38426273093,
    14.499999999999));
#9992 = CARTESIAN_POINT('',(9.232168507755,-10.38979824878,
    14.449999999999));
#9993 = CARTESIAN_POINT('',(9.232168507755,-10.38979824878,
    14.499999999999));
#9994 = CARTESIAN_POINT('',(9.217656899564,-10.39471732869,
    14.449999999999));
#9995 = CARTESIAN_POINT('',(9.217656899564,-10.39471732869,
    14.499999999999));
#9996 = CARTESIAN_POINT('',(9.203067679031,-10.39852563728,
    14.449999999999));
#9997 = CARTESIAN_POINT('',(9.203067679031,-10.39852563728,
    14.499999999999));
#9998 = CARTESIAN_POINT('',(9.188165032034,-10.40125629774,
    14.449999999999));
#9999 = CARTESIAN_POINT('',(9.188165032034,-10.40125629774,
    14.499999999999));
#10000 = CARTESIAN_POINT('',(9.172779158531,-10.40293126717,
    14.449999999999));
#10001 = CARTESIAN_POINT('',(9.172779158531,-10.40293126717,
    14.499999999999));
#10002 = CARTESIAN_POINT('',(9.162371316654,-10.40310308919,
    14.449999999999));
#10003 = CARTESIAN_POINT('',(9.162371316654,-10.40310308919,
    14.499999999999));
#10004 = CARTESIAN_POINT('',(9.157095827995,-10.40319018171,
    14.449999999999));
#10005 = CARTESIAN_POINT('',(9.157095827995,-10.40319018171,
    14.499999999999));
#10006 = ADVANCED_FACE('',(#10007),#10033,.T.);
#10007 = FACE_BOUND('',#10008,.T.);
#10008 = EDGE_LOOP('',(#10009,#10010,#10011,#10027));
#10009 = ORIENTED_EDGE('',*,*,#2183,.F.);
#10010 = ORIENTED_EDGE('',*,*,#9978,.F.);
#10011 = ORIENTED_EDGE('',*,*,#10012,.T.);
#10012 = EDGE_CURVE('',#9963,#10013,#10015,.T.);
#10013 = VERTEX_POINT('',#10014);
#10014 = CARTESIAN_POINT('',(9.024199722869,-10.35392434869,
    14.449999999999));
#10015 = B_SPLINE_CURVE_WITH_KNOTS('',3,(#10016,#10017,#10018,#10019,
    #10020,#10021,#10022,#10023,#10024,#10025,#10026),.UNSPECIFIED.,.F.,
  .F.,(4,1,1,1,1,1,1,1,4),(0.,0.136565670698,0.26903284922,
    0.397107993401,0.522204327357,0.643877287782,0.763564248608,
    0.881237873099,1.),.UNSPECIFIED.);
#10016 = CARTESIAN_POINT('',(9.157095827995,-10.40319018171,
    14.449999999999));
#10017 = CARTESIAN_POINT('',(9.150467806662,-10.40301835229,
    14.449999999999));
#10018 = CARTESIAN_POINT('',(9.137410678507,-10.40267985025,
    14.449999999999));
#10019 = CARTESIAN_POINT('',(9.118226616347,-10.40048762984,
    14.449999999999));
#10020 = CARTESIAN_POINT('',(9.099905416757,-10.39655906487,
    14.449999999999));
#10021 = CARTESIAN_POINT('',(9.082431814235,-10.39139998047,
    14.449999999999));
#10022 = CARTESIAN_POINT('',(9.066007339684,-10.38446624416,
    14.449999999999));
#10023 = CARTESIAN_POINT('',(9.050777272182,-10.37594003721,
    14.449999999999));
#10024 = CARTESIAN_POINT('',(9.036663043074,-10.36586204668,
    14.449999999999));
#10025 = CARTESIAN_POINT('',(9.028366894201,-10.35791577569,
    14.449999999999));
#10026 = CARTESIAN_POINT('',(9.024199722869,-10.35392434869,
    14.449999999999));
#10027 = ORIENTED_EDGE('',*,*,#10028,.T.);
#10028 = EDGE_CURVE('',#10013,#2184,#10029,.T.);
#10029 = LINE('',#10030,#10031);
#10030 = CARTESIAN_POINT('',(9.024199722869,-10.35392434869,
    14.449999999999));
#10031 = VECTOR('',#10032,1.);
#10032 = DIRECTION('',(3.491481338843E-15,-6.123233995737E-17,1.));
#10033 = B_SPLINE_SURFACE_WITH_KNOTS('',3,1,(
    (#10034,#10035)
    ,(#10036,#10037)
    ,(#10038,#10039)
    ,(#10040,#10041)
    ,(#10042,#10043)
    ,(#10044,#10045)
    ,(#10046,#10047)
    ,(#10048,#10049)
    ,(#10050,#10051)
    ,(#10052,#10053)
    ,(#10054,#10055
    )),.UNSPECIFIED.,.F.,.F.,.F.,(4,1,1,1,1,1,1,1,4),(2,2),(0.,
    0.136565670698,0.26903284922,0.397107993401,0.522204327357,
    0.643877287782,0.763564248608,0.881237873099,1.),(0.,1.),
  .UNSPECIFIED.);
#10034 = CARTESIAN_POINT('',(9.157095827995,-10.40319018171,
    14.449999999999));
#10035 = CARTESIAN_POINT('',(9.157095827995,-10.40319018171,
    14.499999999999));
#10036 = CARTESIAN_POINT('',(9.150467806662,-10.40301835229,
    14.449999999999));
#10037 = CARTESIAN_POINT('',(9.150467806662,-10.40301835229,
    14.499999999999));
#10038 = CARTESIAN_POINT('',(9.137410678507,-10.40267985025,
    14.449999999999));
#10039 = CARTESIAN_POINT('',(9.137410678507,-10.40267985025,
    14.499999999999));
#10040 = CARTESIAN_POINT('',(9.118226616347,-10.40048762984,
    14.449999999999));
#10041 = CARTESIAN_POINT('',(9.118226616347,-10.40048762984,
    14.499999999999));
#10042 = CARTESIAN_POINT('',(9.099905416757,-10.39655906487,
    14.449999999999));
#10043 = CARTESIAN_POINT('',(9.099905416757,-10.39655906487,
    14.499999999999));
#10044 = CARTESIAN_POINT('',(9.082431814235,-10.39139998047,
    14.449999999999));
#10045 = CARTESIAN_POINT('',(9.082431814235,-10.39139998047,
    14.499999999999));
#10046 = CARTESIAN_POINT('',(9.066007339684,-10.38446624416,
    14.449999999999));
#10047 = CARTESIAN_POINT('',(9.066007339684,-10.38446624416,
    14.499999999999));
#10048 = CARTESIAN_POINT('',(9.050777272182,-10.37594003721,
    14.449999999999));
#10049 = CARTESIAN_POINT('',(9.050777272182,-10.37594003721,
    14.499999999999));
#10050 = CARTESIAN_POINT('',(9.036663043074,-10.36586204668,
    14.449999999999));
#10051 = CARTESIAN_POINT('',(9.036663043074,-10.36586204668,
    14.499999999999));
#10052 = CARTESIAN_POINT('',(9.028366894201,-10.35791577569,
    14.449999999999));
#10053 = CARTESIAN_POINT('',(9.028366894201,-10.35791577569,
    14.499999999999));
#10054 = CARTESIAN_POINT('',(9.024199722869,-10.35392434869,
    14.449999999999));
#10055 = CARTESIAN_POINT('',(9.024199722869,-10.35392434869,
    14.499999999999));
#10056 = ADVANCED_FACE('',(#10057),#10083,.T.);
#10057 = FACE_BOUND('',#10058,.T.);
#10058 = EDGE_LOOP('',(#10059,#10060,#10061,#10077));
#10059 = ORIENTED_EDGE('',*,*,#2199,.F.);
#10060 = ORIENTED_EDGE('',*,*,#10028,.F.);
#10061 = ORIENTED_EDGE('',*,*,#10062,.T.);
#10062 = EDGE_CURVE('',#10013,#10063,#10065,.T.);
#10063 = VERTEX_POINT('',#10064);
#10064 = CARTESIAN_POINT('',(8.972703749258,-10.20278163874,
    14.449999999999));
#10065 = B_SPLINE_CURVE_WITH_KNOTS('',3,(#10066,#10067,#10068,#10069,
    #10070,#10071,#10072,#10073,#10074,#10075,#10076),.UNSPECIFIED.,.F.,
  .F.,(4,1,1,1,1,1,1,1,4),(0.,0.107024100651,0.217421000858,
    0.331240559411,0.450897141554,0.576823751342,0.709383297645,
    0.850125556265,1.),.UNSPECIFIED.);
#10066 = CARTESIAN_POINT('',(9.024199722869,-10.35392434869,
    14.449999999999));
#10067 = CARTESIAN_POINT('',(9.020234054961,-10.3496240732,
    14.449999999999));
#10068 = CARTESIAN_POINT('',(9.012177743529,-10.34088800166,
    14.449999999999));
#10069 = CARTESIAN_POINT('',(9.002046894335,-10.32583521547,
    14.449999999999));
#10070 = CARTESIAN_POINT('',(8.993133994477,-10.30928533651,
    14.449999999999));
#10071 = CARTESIAN_POINT('',(8.985766216598,-10.29105951276,
    14.449999999999));
#10072 = CARTESIAN_POINT('',(8.979903076317,-10.27123603138,
    14.449999999999));
#10073 = CARTESIAN_POINT('',(8.97566907186,-10.2498305842,
    14.449999999999));
#10074 = CARTESIAN_POINT('',(8.973110246669,-10.22683503541,
    14.449999999999));
#10075 = CARTESIAN_POINT('',(8.972842057539,-10.21096566123,
    14.449999999999));
#10076 = CARTESIAN_POINT('',(8.972703749258,-10.20278163874,
    14.449999999999));
#10077 = ORIENTED_EDGE('',*,*,#10078,.T.);
#10078 = EDGE_CURVE('',#10063,#2200,#10079,.T.);
#10079 = LINE('',#10080,#10081);
#10080 = CARTESIAN_POINT('',(8.972703749258,-10.20278163874,
    14.449999999999));
#10081 = VECTOR('',#10082,1.);
#10082 = DIRECTION('',(3.491481338843E-15,-6.123233995737E-17,1.));
#10083 = B_SPLINE_SURFACE_WITH_KNOTS('',3,1,(
    (#10084,#10085)
    ,(#10086,#10087)
    ,(#10088,#10089)
    ,(#10090,#10091)
    ,(#10092,#10093)
    ,(#10094,#10095)
    ,(#10096,#10097)
    ,(#10098,#10099)
    ,(#10100,#10101)
    ,(#10102,#10103)
    ,(#10104,#10105
    )),.UNSPECIFIED.,.F.,.F.,.F.,(4,1,1,1,1,1,1,1,4),(2,2),(0.,
    0.107024100651,0.217421000858,0.331240559411,0.450897141554,
    0.576823751342,0.709383297645,0.850125556265,1.),(0.,1.),
  .UNSPECIFIED.);
#10084 = CARTESIAN_POINT('',(9.024199722869,-10.35392434869,
    14.449999999999));
#10085 = CARTESIAN_POINT('',(9.024199722869,-10.35392434869,
    14.499999999999));
#10086 = CARTESIAN_POINT('',(9.020234054961,-10.3496240732,
    14.449999999999));
#10087 = CARTESIAN_POINT('',(9.020234054961,-10.3496240732,
    14.499999999999));
#10088 = CARTESIAN_POINT('',(9.012177743529,-10.34088800166,
    14.449999999999));
#10089 = CARTESIAN_POINT('',(9.012177743529,-10.34088800166,
    14.499999999999));
#10090 = CARTESIAN_POINT('',(9.002046894335,-10.32583521547,
    14.449999999999));
#10091 = CARTESIAN_POINT('',(9.002046894335,-10.32583521547,
    14.499999999999));
#10092 = CARTESIAN_POINT('',(8.993133994477,-10.30928533651,
    14.449999999999));
#10093 = CARTESIAN_POINT('',(8.993133994477,-10.30928533651,
    14.499999999999));
#10094 = CARTESIAN_POINT('',(8.985766216598,-10.29105951276,
    14.449999999999));
#10095 = CARTESIAN_POINT('',(8.985766216598,-10.29105951276,
    14.499999999999));
#10096 = CARTESIAN_POINT('',(8.979903076317,-10.27123603138,
    14.449999999999));
#10097 = CARTESIAN_POINT('',(8.979903076317,-10.27123603138,
    14.499999999999));
#10098 = CARTESIAN_POINT('',(8.97566907186,-10.2498305842,
    14.449999999999));
#10099 = CARTESIAN_POINT('',(8.97566907186,-10.2498305842,
    14.499999999999));
#10100 = CARTESIAN_POINT('',(8.973110246669,-10.22683503541,
    14.449999999999));
#10101 = CARTESIAN_POINT('',(8.973110246669,-10.22683503541,
    14.499999999999));
#10102 = CARTESIAN_POINT('',(8.972842057539,-10.21096566123,
    14.449999999999));
#10103 = CARTESIAN_POINT('',(8.972842057539,-10.21096566123,
    14.499999999999));
#10104 = CARTESIAN_POINT('',(8.972703749258,-10.20278163874,
    14.449999999999));
#10105 = CARTESIAN_POINT('',(8.972703749258,-10.20278163874,
    14.499999999999));
#10106 = ADVANCED_FACE('',(#10107),#10141,.T.);
#10107 = FACE_BOUND('',#10108,.T.);
#10108 = EDGE_LOOP('',(#10109,#10110,#10111,#10135));
#10109 = ORIENTED_EDGE('',*,*,#2215,.F.);
#10110 = ORIENTED_EDGE('',*,*,#10078,.F.);
#10111 = ORIENTED_EDGE('',*,*,#10112,.T.);
#10112 = EDGE_CURVE('',#10063,#10113,#10115,.T.);
#10113 = VERTEX_POINT('',#10114);
#10114 = CARTESIAN_POINT('',(9.157095827995,-10.00095391539,
    14.449999999999));
#10115 = B_SPLINE_CURVE_WITH_KNOTS('',3,(#10116,#10117,#10118,#10119,
    #10120,#10121,#10122,#10123,#10124,#10125,#10126,#10127,#10128,
    #10129,#10130,#10131,#10132,#10133,#10134),.UNSPECIFIED.,.F.,.F.,(4,
    1,1,1,1,1,1,1,1,1,1,1,1,1,1,1,4),(0.,7.423134504463E-02,
    0.144881754318,0.21241310739,0.277026181656,0.339200205543,
    0.399986178925,0.459617866222,0.519256780726,0.578228911703,
    0.636269156975,0.693859322992,0.751863356072,0.810719350561,
    0.87139177153,0.934297163128,1.),.UNSPECIFIED.);
#10116 = CARTESIAN_POINT('',(8.972703749258,-10.20278163874,
    14.449999999999));
#10117 = CARTESIAN_POINT('',(8.97286050889,-10.19513906596,
    14.449999999999));
#10118 = CARTESIAN_POINT('',(8.973166466038,-10.18022259973,
    14.449999999999));
#10119 = CARTESIAN_POINT('',(8.975517726723,-10.15845441075,
    14.449999999999));
#10120 = CARTESIAN_POINT('',(8.979412876668,-10.13791925392,
    14.449999999999));
#10121 = CARTESIAN_POINT('',(8.985007370025,-10.11868349093,
    14.449999999999));
#10122 = CARTESIAN_POINT('',(8.992101853165,-10.10069136753,
    14.449999999999));
#10123 = CARTESIAN_POINT('',(9.000846461664,-10.0840122346,
    14.449999999999));
#10124 = CARTESIAN_POINT('',(9.0111536938,-10.06856542637,
    14.449999999999));
#10125 = CARTESIAN_POINT('',(9.022994118468,-10.05449632853,
    14.449999999999));
#10126 = CARTESIAN_POINT('',(9.036195548599,-10.04194505634,
    14.449999999999));
#10127 = CARTESIAN_POINT('',(9.050420619668,-10.03089818616,
    14.449999999999));
#10128 = CARTESIAN_POINT('',(9.065758897335,-10.02165571903,
    14.449999999999));
#10129 = CARTESIAN_POINT('',(9.082023284031,-10.01394920932,
    14.449999999999));
#10130 = CARTESIAN_POINT('',(9.099426943277,-10.0082518895,
    14.449999999999));
#10131 = CARTESIAN_POINT('',(9.117726778533,-10.00394890165,
    14.449999999999));
#10132 = CARTESIAN_POINT('',(9.13708658311,-10.00137516774,
    14.449999999999));
#10133 = CARTESIAN_POINT('',(9.150330057089,-10.0010963544,
    14.449999999999));
#10134 = CARTESIAN_POINT('',(9.157095827995,-10.00095391539,
    14.449999999999));
#10135 = ORIENTED_EDGE('',*,*,#10136,.T.);
#10136 = EDGE_CURVE('',#10113,#2216,#10137,.T.);
#10137 = LINE('',#10138,#10139);
#10138 = CARTESIAN_POINT('',(9.157095827995,-10.00095391539,
    14.449999999999));
#10139 = VECTOR('',#10140,1.);
#10140 = DIRECTION('',(3.491481338843E-15,-6.123233995737E-17,1.));
#10141 = B_SPLINE_SURFACE_WITH_KNOTS('',3,1,(
    (#10142,#10143)
    ,(#10144,#10145)
    ,(#10146,#10147)
    ,(#10148,#10149)
    ,(#10150,#10151)
    ,(#10152,#10153)
    ,(#10154,#10155)
    ,(#10156,#10157)
    ,(#10158,#10159)
    ,(#10160,#10161)
    ,(#10162,#10163)
    ,(#10164,#10165)
    ,(#10166,#10167)
    ,(#10168,#10169)
    ,(#10170,#10171)
    ,(#10172,#10173)
    ,(#10174,#10175)
    ,(#10176,#10177)
    ,(#10178,#10179
    )),.UNSPECIFIED.,.F.,.F.,.F.,(4,1,1,1,1,1,1,1,1,1,1,1,1,1,1,1,4),(2,
    2),(0.,7.423134504463E-02,0.144881754318,0.21241310739,
    0.277026181656,0.339200205543,0.399986178925,0.459617866222,
    0.519256780726,0.578228911703,0.636269156975,0.693859322992,
    0.751863356072,0.810719350561,0.87139177153,0.934297163128,1.),(0.,
    1.),.UNSPECIFIED.);
#10142 = CARTESIAN_POINT('',(8.972703749258,-10.20278163874,
    14.449999999999));
#10143 = CARTESIAN_POINT('',(8.972703749258,-10.20278163874,
    14.499999999999));
#10144 = CARTESIAN_POINT('',(8.97286050889,-10.19513906596,
    14.449999999999));
#10145 = CARTESIAN_POINT('',(8.97286050889,-10.19513906596,
    14.499999999999));
#10146 = CARTESIAN_POINT('',(8.973166466038,-10.18022259973,
    14.449999999999));
#10147 = CARTESIAN_POINT('',(8.973166466038,-10.18022259973,
    14.499999999999));
#10148 = CARTESIAN_POINT('',(8.975517726723,-10.15845441075,
    14.449999999999));
#10149 = CARTESIAN_POINT('',(8.975517726723,-10.15845441075,
    14.499999999999));
#10150 = CARTESIAN_POINT('',(8.979412876668,-10.13791925392,
    14.449999999999));
#10151 = CARTESIAN_POINT('',(8.979412876668,-10.13791925392,
    14.499999999999));
#10152 = CARTESIAN_POINT('',(8.985007370025,-10.11868349093,
    14.449999999999));
#10153 = CARTESIAN_POINT('',(8.985007370025,-10.11868349093,
    14.499999999999));
#10154 = CARTESIAN_POINT('',(8.992101853165,-10.10069136753,
    14.449999999999));
#10155 = CARTESIAN_POINT('',(8.992101853165,-10.10069136753,
    14.499999999999));
#10156 = CARTESIAN_POINT('',(9.000846461664,-10.0840122346,
    14.449999999999));
#10157 = CARTESIAN_POINT('',(9.000846461664,-10.0840122346,
    14.499999999999));
#10158 = CARTESIAN_POINT('',(9.0111536938,-10.06856542637,
    14.449999999999));
#10159 = CARTESIAN_POINT('',(9.0111536938,-10.06856542637,
    14.499999999999));
#10160 = CARTESIAN_POINT('',(9.022994118468,-10.05449632853,
    14.449999999999));
#10161 = CARTESIAN_POINT('',(9.022994118468,-10.05449632853,
    14.499999999999));
#10162 = CARTESIAN_POINT('',(9.036195548599,-10.04194505634,
    14.449999999999));
#10163 = CARTESIAN_POINT('',(9.036195548599,-10.04194505634,
    14.499999999999));
#10164 = CARTESIAN_POINT('',(9.050420619668,-10.03089818616,
    14.449999999999));
#10165 = CARTESIAN_POINT('',(9.050420619668,-10.03089818616,
    14.499999999999));
#10166 = CARTESIAN_POINT('',(9.065758897335,-10.02165571903,
    14.449999999999));
#10167 = CARTESIAN_POINT('',(9.065758897335,-10.02165571903,
    14.499999999999));
#10168 = CARTESIAN_POINT('',(9.082023284031,-10.01394920932,
    14.449999999999));
#10169 = CARTESIAN_POINT('',(9.082023284031,-10.01394920932,
    14.499999999999));
#10170 = CARTESIAN_POINT('',(9.099426943277,-10.0082518895,
    14.449999999999));
#10171 = CARTESIAN_POINT('',(9.099426943277,-10.0082518895,
    14.499999999999));
#10172 = CARTESIAN_POINT('',(9.117726778533,-10.00394890165,
    14.449999999999));
#10173 = CARTESIAN_POINT('',(9.117726778533,-10.00394890165,
    14.499999999999));
#10174 = CARTESIAN_POINT('',(9.13708658311,-10.00137516774,
    14.449999999999));
#10175 = CARTESIAN_POINT('',(9.13708658311,-10.00137516774,
    14.499999999999));
#10176 = CARTESIAN_POINT('',(9.150330057089,-10.0010963544,
    14.449999999999));
#10177 = CARTESIAN_POINT('',(9.150330057089,-10.0010963544,
    14.499999999999));
#10178 = CARTESIAN_POINT('',(9.157095827995,-10.00095391539,
    14.449999999999));
#10179 = CARTESIAN_POINT('',(9.157095827995,-10.00095391539,
    14.499999999999));
#10180 = ADVANCED_FACE('',(#10181),#10207,.T.);
#10181 = FACE_BOUND('',#10182,.T.);
#10182 = EDGE_LOOP('',(#10183,#10184,#10185,#10201));
#10183 = ORIENTED_EDGE('',*,*,#2239,.F.);
#10184 = ORIENTED_EDGE('',*,*,#10136,.F.);
#10185 = ORIENTED_EDGE('',*,*,#10186,.T.);
#10186 = EDGE_CURVE('',#10113,#10187,#10189,.T.);
#10187 = VERTEX_POINT('',#10188);
#10188 = CARTESIAN_POINT('',(9.277624789853,-10.03288547383,
    14.449999999999));
#10189 = B_SPLINE_CURVE_WITH_KNOTS('',3,(#10190,#10191,#10192,#10193,
    #10194,#10195,#10196,#10197,#10198,#10199,#10200),.UNSPECIFIED.,.F.,
  .F.,(4,1,1,1,1,1,1,1,4),(0.,0.128193519006,0.255423879849,
    0.383262460023,0.511453447237,0.638341522565,0.761967374086,
    0.882885761973,1.),.UNSPECIFIED.);
#10190 = CARTESIAN_POINT('',(9.157095827995,-10.00095391539,
    14.449999999999));
#10191 = CARTESIAN_POINT('',(9.162472773439,-10.001078743,
    14.449999999999));
#10192 = CARTESIAN_POINT('',(9.173186265647,-10.00132746036,
    14.449999999999));
#10193 = CARTESIAN_POINT('',(9.189184362767,-10.00309302668,
    14.449999999999));
#10194 = CARTESIAN_POINT('',(9.204999865328,-10.00603741344,
    14.449999999999));
#10195 = CARTESIAN_POINT('',(9.220544236248,-10.01012166532,
    14.449999999999));
#10196 = CARTESIAN_POINT('',(9.235660926093,-10.01500980135,
    14.449999999999));
#10197 = CARTESIAN_POINT('',(9.250301371149,-10.02034621935,
    14.449999999999));
#10198 = CARTESIAN_POINT('',(9.264256602658,-10.02631308894,
    14.449999999999));
#10199 = CARTESIAN_POINT('',(9.273216458494,-10.03071814553,
    14.449999999999));
#10200 = CARTESIAN_POINT('',(9.277624789853,-10.03288547383,
    14.449999999999));
#10201 = ORIENTED_EDGE('',*,*,#10202,.T.);
#10202 = EDGE_CURVE('',#10187,#2240,#10203,.T.);
#10203 = LINE('',#10204,#10205);
#10204 = CARTESIAN_POINT('',(9.277624789853,-10.03288547383,
    14.449999999999));
#10205 = VECTOR('',#10206,1.);
#10206 = DIRECTION('',(3.491481338843E-15,-6.123233995737E-17,1.));
#10207 = B_SPLINE_SURFACE_WITH_KNOTS('',3,1,(
    (#10208,#10209)
    ,(#10210,#10211)
    ,(#10212,#10213)
    ,(#10214,#10215)
    ,(#10216,#10217)
    ,(#10218,#10219)
    ,(#10220,#10221)
    ,(#10222,#10223)
    ,(#10224,#10225)
    ,(#10226,#10227)
    ,(#10228,#10229
    )),.UNSPECIFIED.,.F.,.F.,.F.,(4,1,1,1,1,1,1,1,4),(2,2),(0.,
    0.128193519006,0.255423879849,0.383262460023,0.511453447237,
    0.638341522565,0.761967374086,0.882885761973,1.),(0.,1.),
  .UNSPECIFIED.);
#10208 = CARTESIAN_POINT('',(9.157095827995,-10.00095391539,
    14.449999999999));
#10209 = CARTESIAN_POINT('',(9.157095827995,-10.00095391539,
    14.499999999999));
#10210 = CARTESIAN_POINT('',(9.162472773439,-10.001078743,
    14.449999999999));
#10211 = CARTESIAN_POINT('',(9.162472773439,-10.001078743,
    14.499999999999));
#10212 = CARTESIAN_POINT('',(9.173186265647,-10.00132746036,
    14.449999999999));
#10213 = CARTESIAN_POINT('',(9.173186265647,-10.00132746036,
    14.499999999999));
#10214 = CARTESIAN_POINT('',(9.189184362767,-10.00309302668,
    14.449999999999));
#10215 = CARTESIAN_POINT('',(9.189184362767,-10.00309302668,
    14.499999999999));
#10216 = CARTESIAN_POINT('',(9.204999865328,-10.00603741344,
    14.449999999999));
#10217 = CARTESIAN_POINT('',(9.204999865328,-10.00603741344,
    14.499999999999));
#10218 = CARTESIAN_POINT('',(9.220544236248,-10.01012166532,
    14.449999999999));
#10219 = CARTESIAN_POINT('',(9.220544236248,-10.01012166532,
    14.499999999999));
#10220 = CARTESIAN_POINT('',(9.235660926093,-10.01500980135,
    14.449999999999));
#10221 = CARTESIAN_POINT('',(9.235660926093,-10.01500980135,
    14.499999999999));
#10222 = CARTESIAN_POINT('',(9.250301371149,-10.02034621935,
    14.449999999999));
#10223 = CARTESIAN_POINT('',(9.250301371149,-10.02034621935,
    14.499999999999));
#10224 = CARTESIAN_POINT('',(9.264256602658,-10.02631308894,
    14.449999999999));
#10225 = CARTESIAN_POINT('',(9.264256602658,-10.02631308894,
    14.499999999999));
#10226 = CARTESIAN_POINT('',(9.273216458494,-10.03071814553,
    14.449999999999));
#10227 = CARTESIAN_POINT('',(9.273216458494,-10.03071814553,
    14.499999999999));
#10228 = CARTESIAN_POINT('',(9.277624789853,-10.03288547383,
    14.449999999999));
#10229 = CARTESIAN_POINT('',(9.277624789853,-10.03288547383,
    14.499999999999));
#10230 = ADVANCED_FACE('',(#10231),#10249,.T.);
#10231 = FACE_BOUND('',#10232,.T.);
#10232 = EDGE_LOOP('',(#10233,#10234,#10235,#10243));
#10233 = ORIENTED_EDGE('',*,*,#2255,.F.);
#10234 = ORIENTED_EDGE('',*,*,#10202,.F.);
#10235 = ORIENTED_EDGE('',*,*,#10236,.T.);
#10236 = EDGE_CURVE('',#10187,#10237,#10239,.T.);
#10237 = VERTEX_POINT('',#10238);
#10238 = CARTESIAN_POINT('',(9.277624789853,-10.10475682283,
    14.449999999999));
#10239 = LINE('',#10240,#10241);
#10240 = CARTESIAN_POINT('',(9.277624789853,-10.03288547383,
    14.449999999999));
#10241 = VECTOR('',#10242,1.);
#10242 = DIRECTION('',(-3.491481338843E-15,-1.,1.219044193949E-29));
#10243 = ORIENTED_EDGE('',*,*,#10244,.T.);
#10244 = EDGE_CURVE('',#10237,#2256,#10245,.T.);
#10245 = LINE('',#10246,#10247);
#10246 = CARTESIAN_POINT('',(9.277624789853,-10.10475682283,
    14.449999999999));
#10247 = VECTOR('',#10248,1.);
#10248 = DIRECTION('',(3.491481338843E-15,-6.123233995737E-17,1.));
#10249 = PLANE('',#10250);
#10250 = AXIS2_PLACEMENT_3D('',#10251,#10252,#10253);
#10251 = CARTESIAN_POINT('',(9.277624789853,-10.03288547383,
    14.449999999999));
#10252 = DIRECTION('',(-1.,3.491481338843E-15,3.491481338843E-15));
#10253 = DIRECTION('',(3.491481338843E-15,1.,-1.219044193949E-29));
#10254 = ADVANCED_FACE('',(#10255),#10273,.T.);
#10255 = FACE_BOUND('',#10256,.T.);
#10256 = EDGE_LOOP('',(#10257,#10258,#10259,#10267));
#10257 = ORIENTED_EDGE('',*,*,#2263,.F.);
#10258 = ORIENTED_EDGE('',*,*,#10244,.F.);
#10259 = ORIENTED_EDGE('',*,*,#10260,.T.);
#10260 = EDGE_CURVE('',#10237,#10261,#10263,.T.);
#10261 = VERTEX_POINT('',#10262);
#10262 = CARTESIAN_POINT('',(9.274279578969,-10.10475682283,
    14.449999999999));
#10263 = LINE('',#10264,#10265);
#10264 = CARTESIAN_POINT('',(9.277624789853,-10.10475682283,
    14.449999999999));
#10265 = VECTOR('',#10266,1.);
#10266 = DIRECTION('',(-1.,3.491481338843E-15,3.491481338843E-15));
#10267 = ORIENTED_EDGE('',*,*,#10268,.T.);
#10268 = EDGE_CURVE('',#10261,#2264,#10269,.T.);
#10269 = LINE('',#10270,#10271);
#10270 = CARTESIAN_POINT('',(9.274279578969,-10.10475682283,
    14.449999999999));
#10271 = VECTOR('',#10272,1.);
#10272 = DIRECTION('',(3.491481338843E-15,-6.123233995737E-17,1.));
#10273 = PLANE('',#10274);
#10274 = AXIS2_PLACEMENT_3D('',#10275,#10276,#10277);
#10275 = CARTESIAN_POINT('',(9.277624789853,-10.10475682283,
    14.449999999999));
#10276 = DIRECTION('',(3.491481338843E-15,1.,6.123233995736E-17));
#10277 = DIRECTION('',(3.491481338843E-15,-6.123233995737E-17,1.));
#10278 = ADVANCED_FACE('',(#10279),#10305,.T.);
#10279 = FACE_BOUND('',#10280,.T.);
#10280 = EDGE_LOOP('',(#10281,#10282,#10283,#10299));
#10281 = ORIENTED_EDGE('',*,*,#2271,.F.);
#10282 = ORIENTED_EDGE('',*,*,#10268,.F.);
#10283 = ORIENTED_EDGE('',*,*,#10284,.T.);
#10284 = EDGE_CURVE('',#10261,#10285,#10287,.T.);
#10285 = VERTEX_POINT('',#10286);
#10286 = CARTESIAN_POINT('',(9.154054727192,-10.05934305083,
    14.449999999999));
#10287 = B_SPLINE_CURVE_WITH_KNOTS('',3,(#10288,#10289,#10290,#10291,
    #10292,#10293,#10294,#10295,#10296,#10297,#10298),.UNSPECIFIED.,.F.,
  .F.,(4,1,1,1,1,1,1,1,4),(0.,0.137498041077,0.270114562869,
    0.400885736411,0.528084576443,0.651697872071,0.770585712377,
    0.886634037938,1.),.UNSPECIFIED.);
#10288 = CARTESIAN_POINT('',(9.274279578969,-10.10475682283,
    14.449999999999));
#10289 = CARTESIAN_POINT('',(9.269426004734,-10.10124253783,
    14.449999999999));
#10290 = CARTESIAN_POINT('',(9.259891170109,-10.09433873362,
    14.449999999999));
#10291 = CARTESIAN_POINT('',(9.244950194555,-10.0852559286,
    14.449999999999));
#10292 = CARTESIAN_POINT('',(9.229805094368,-10.07746539629,
    14.449999999999));
#10293 = CARTESIAN_POINT('',(9.21448425377,-10.07097984348,
    14.449999999999));
#10294 = CARTESIAN_POINT('',(9.199229230901,-10.06574545297,
    14.449999999999));
#10295 = CARTESIAN_POINT('',(9.184021234334,-10.0621117312,
    14.449999999999));
#10296 = CARTESIAN_POINT('',(9.168997316387,-10.05973873587,
    14.449999999999));
#10297 = CARTESIAN_POINT('',(9.158996613433,-10.05947391372,
    14.449999999999));
#10298 = CARTESIAN_POINT('',(9.154054727192,-10.05934305083,
    14.449999999999));
#10299 = ORIENTED_EDGE('',*,*,#10300,.T.);
#10300 = EDGE_CURVE('',#10285,#2272,#10301,.T.);
#10301 = LINE('',#10302,#10303);
#10302 = CARTESIAN_POINT('',(9.154054727192,-10.05934305083,
    14.449999999999));
#10303 = VECTOR('',#10304,1.);
#10304 = DIRECTION('',(3.491481338843E-15,-6.123233995737E-17,1.));
#10305 = B_SPLINE_SURFACE_WITH_KNOTS('',3,1,(
    (#10306,#10307)
    ,(#10308,#10309)
    ,(#10310,#10311)
    ,(#10312,#10313)
    ,(#10314,#10315)
    ,(#10316,#10317)
    ,(#10318,#10319)
    ,(#10320,#10321)
    ,(#10322,#10323)
    ,(#10324,#10325)
    ,(#10326,#10327
    )),.UNSPECIFIED.,.F.,.F.,.F.,(4,1,1,1,1,1,1,1,4),(2,2),(0.,
    0.137498041077,0.270114562869,0.400885736411,0.528084576443,
    0.651697872071,0.770585712377,0.886634037938,1.),(0.,1.),
  .UNSPECIFIED.);
#10306 = CARTESIAN_POINT('',(9.274279578969,-10.10475682283,
    14.449999999999));
#10307 = CARTESIAN_POINT('',(9.274279578969,-10.10475682283,
    14.499999999999));
#10308 = CARTESIAN_POINT('',(9.269426004734,-10.10124253783,
    14.449999999999));
#10309 = CARTESIAN_POINT('',(9.269426004734,-10.10124253783,
    14.499999999999));
#10310 = CARTESIAN_POINT('',(9.259891170109,-10.09433873362,
    14.449999999999));
#10311 = CARTESIAN_POINT('',(9.259891170109,-10.09433873362,
    14.499999999999));
#10312 = CARTESIAN_POINT('',(9.244950194555,-10.0852559286,
    14.449999999999));
#10313 = CARTESIAN_POINT('',(9.244950194555,-10.0852559286,
    14.499999999999));
#10314 = CARTESIAN_POINT('',(9.229805094368,-10.07746539629,
    14.449999999999));
#10315 = CARTESIAN_POINT('',(9.229805094368,-10.07746539629,
    14.499999999999));
#10316 = CARTESIAN_POINT('',(9.21448425377,-10.07097984348,
    14.449999999999));
#10317 = CARTESIAN_POINT('',(9.21448425377,-10.07097984348,
    14.499999999999));
#10318 = CARTESIAN_POINT('',(9.199229230901,-10.06574545297,
    14.449999999999));
#10319 = CARTESIAN_POINT('',(9.199229230901,-10.06574545297,
    14.499999999999));
#10320 = CARTESIAN_POINT('',(9.184021234334,-10.0621117312,
    14.449999999999));
#10321 = CARTESIAN_POINT('',(9.184021234334,-10.0621117312,
    14.499999999999));
#10322 = CARTESIAN_POINT('',(9.168997316387,-10.05973873587,
    14.449999999999));
#10323 = CARTESIAN_POINT('',(9.168997316387,-10.05973873587,
    14.499999999999));
#10324 = CARTESIAN_POINT('',(9.158996613433,-10.05947391372,
    14.449999999999));
#10325 = CARTESIAN_POINT('',(9.158996613433,-10.05947391372,
    14.499999999999));
#10326 = CARTESIAN_POINT('',(9.154054727192,-10.05934305083,
    14.449999999999));
#10327 = CARTESIAN_POINT('',(9.154054727192,-10.05934305083,
    14.499999999999));
#10328 = ADVANCED_FACE('',(#10329),#10363,.T.);
#10329 = FACE_BOUND('',#10330,.T.);
#10330 = EDGE_LOOP('',(#10331,#10332,#10333,#10357));
#10331 = ORIENTED_EDGE('',*,*,#2287,.F.);
#10332 = ORIENTED_EDGE('',*,*,#10300,.F.);
#10333 = ORIENTED_EDGE('',*,*,#10334,.T.);
#10334 = EDGE_CURVE('',#10285,#10335,#10337,.T.);
#10335 = VERTEX_POINT('',#10336);
#10336 = CARTESIAN_POINT('',(9.037580566406,-10.20278163874,
    14.449999999999));
#10337 = B_SPLINE_CURVE_WITH_KNOTS('',3,(#10338,#10339,#10340,#10341,
    #10342,#10343,#10344,#10345,#10346,#10347,#10348,#10349,#10350,
    #10351,#10352,#10353,#10354,#10355,#10356),.UNSPECIFIED.,.F.,.F.,(4,
    1,1,1,1,1,1,1,1,1,1,1,1,1,1,1,4),(0.,6.294685329198E-02,
    0.122462552436,0.180297595158,0.236293131517,0.291020871439,
    0.345628781947,0.400873485041,0.457316385228,0.514973161895,
    0.574616482479,0.636303764579,0.700700184554,0.768976136989,
    0.841497633203,0.918220340718,1.),.UNSPECIFIED.);
#10338 = CARTESIAN_POINT('',(9.154054727192,-10.05934305083,
    14.449999999999));
#10339 = CARTESIAN_POINT('',(9.149658474898,-10.05947512662,
    14.449999999999));
#10340 = CARTESIAN_POINT('',(9.141105604518,-10.05973207892,
    14.449999999999));
#10341 = CARTESIAN_POINT('',(9.128572859664,-10.06129169782,
    14.449999999999));
#10342 = CARTESIAN_POINT('',(9.116830247936,-10.06432430611,
    14.449999999999));
#10343 = CARTESIAN_POINT('',(9.105669642205,-10.06817049843,
    14.449999999999));
#10344 = CARTESIAN_POINT('',(9.095397186294,-10.07350144939,
    14.449999999999));
#10345 = CARTESIAN_POINT('',(9.085610625603,-10.07959469693,
    14.449999999999));
#10346 = CARTESIAN_POINT('',(9.076850537545,-10.08727483914,
    14.449999999999));
#10347 = CARTESIAN_POINT('',(9.068548636024,-10.09572589586,
    14.449999999999));
#10348 = CARTESIAN_POINT('',(9.061240711086,-10.1054601739,
    14.449999999999));
#10349 = CARTESIAN_POINT('',(9.054846647626,-10.11623061675,
    14.449999999999));
#10350 = CARTESIAN_POINT('',(9.049465545655,-10.12806549834,
    14.449999999999));
#10351 = CARTESIAN_POINT('',(9.045128292673,-10.14095079085,
    14.449999999999));
#10352 = CARTESIAN_POINT('',(9.041673106666,-10.1548798947,
    14.449999999999));
#10353 = CARTESIAN_POINT('',(9.039290716008,-10.16990314885,
    14.449999999999));
#10354 = CARTESIAN_POINT('',(9.037874028234,-10.18599444012,
    14.449999999999));
#10355 = CARTESIAN_POINT('',(9.037680445738,-10.19706813863,
    14.449999999999));
#10356 = CARTESIAN_POINT('',(9.037580566406,-10.20278163874,
    14.449999999999));
#10357 = ORIENTED_EDGE('',*,*,#10358,.T.);
#10358 = EDGE_CURVE('',#10335,#2288,#10359,.T.);
#10359 = LINE('',#10360,#10361);
#10360 = CARTESIAN_POINT('',(9.037580566406,-10.20278163874,
    14.449999999999));
#10361 = VECTOR('',#10362,1.);
#10362 = DIRECTION('',(3.491481338843E-15,-6.123233995737E-17,1.));
#10363 = B_SPLINE_SURFACE_WITH_KNOTS('',3,1,(
    (#10364,#10365)
    ,(#10366,#10367)
    ,(#10368,#10369)
    ,(#10370,#10371)
    ,(#10372,#10373)
    ,(#10374,#10375)
    ,(#10376,#10377)
    ,(#10378,#10379)
    ,(#10380,#10381)
    ,(#10382,#10383)
    ,(#10384,#10385)
    ,(#10386,#10387)
    ,(#10388,#10389)
    ,(#10390,#10391)
    ,(#10392,#10393)
    ,(#10394,#10395)
    ,(#10396,#10397)
    ,(#10398,#10399)
    ,(#10400,#10401
    )),.UNSPECIFIED.,.F.,.F.,.F.,(4,1,1,1,1,1,1,1,1,1,1,1,1,1,1,1,4),(2,
    2),(0.,6.294685329198E-02,0.122462552436,0.180297595158,
    0.236293131517,0.291020871439,0.345628781947,0.400873485041,
    0.457316385228,0.514973161895,0.574616482479,0.636303764579,
    0.700700184554,0.768976136989,0.841497633203,0.918220340718,1.),(0.,
    1.),.UNSPECIFIED.);
#10364 = CARTESIAN_POINT('',(9.154054727192,-10.05934305083,
    14.449999999999));
#10365 = CARTESIAN_POINT('',(9.154054727192,-10.05934305083,
    14.499999999999));
#10366 = CARTESIAN_POINT('',(9.149658474898,-10.05947512662,
    14.449999999999));
#10367 = CARTESIAN_POINT('',(9.149658474898,-10.05947512662,
    14.499999999999));
#10368 = CARTESIAN_POINT('',(9.141105604518,-10.05973207892,
    14.449999999999));
#10369 = CARTESIAN_POINT('',(9.141105604518,-10.05973207892,
    14.499999999999));
#10370 = CARTESIAN_POINT('',(9.128572859664,-10.06129169782,
    14.449999999999));
#10371 = CARTESIAN_POINT('',(9.128572859664,-10.06129169782,
    14.499999999999));
#10372 = CARTESIAN_POINT('',(9.116830247936,-10.06432430611,
    14.449999999999));
#10373 = CARTESIAN_POINT('',(9.116830247936,-10.06432430611,
    14.499999999999));
#10374 = CARTESIAN_POINT('',(9.105669642205,-10.06817049843,
    14.449999999999));
#10375 = CARTESIAN_POINT('',(9.105669642205,-10.06817049843,
    14.499999999999));
#10376 = CARTESIAN_POINT('',(9.095397186294,-10.07350144939,
    14.449999999999));
#10377 = CARTESIAN_POINT('',(9.095397186294,-10.07350144939,
    14.499999999999));
#10378 = CARTESIAN_POINT('',(9.085610625603,-10.07959469693,
    14.449999999999));
#10379 = CARTESIAN_POINT('',(9.085610625603,-10.07959469693,
    14.499999999999));
#10380 = CARTESIAN_POINT('',(9.076850537545,-10.08727483914,
    14.449999999999));
#10381 = CARTESIAN_POINT('',(9.076850537545,-10.08727483914,
    14.499999999999));
#10382 = CARTESIAN_POINT('',(9.068548636024,-10.09572589586,
    14.449999999999));
#10383 = CARTESIAN_POINT('',(9.068548636024,-10.09572589586,
    14.499999999999));
#10384 = CARTESIAN_POINT('',(9.061240711086,-10.1054601739,
    14.449999999999));
#10385 = CARTESIAN_POINT('',(9.061240711086,-10.1054601739,
    14.499999999999));
#10386 = CARTESIAN_POINT('',(9.054846647626,-10.11623061675,
    14.449999999999));
#10387 = CARTESIAN_POINT('',(9.054846647626,-10.11623061675,
    14.499999999999));
#10388 = CARTESIAN_POINT('',(9.049465545655,-10.12806549834,
    14.449999999999));
#10389 = CARTESIAN_POINT('',(9.049465545655,-10.12806549834,
    14.499999999999));
#10390 = CARTESIAN_POINT('',(9.045128292673,-10.14095079085,
    14.449999999999));
#10391 = CARTESIAN_POINT('',(9.045128292673,-10.14095079085,
    14.499999999999));
#10392 = CARTESIAN_POINT('',(9.041673106666,-10.1548798947,
    14.449999999999));
#10393 = CARTESIAN_POINT('',(9.041673106666,-10.1548798947,
    14.499999999999));
#10394 = CARTESIAN_POINT('',(9.039290716008,-10.16990314885,
    14.449999999999));
#10395 = CARTESIAN_POINT('',(9.039290716008,-10.16990314885,
    14.499999999999));
#10396 = CARTESIAN_POINT('',(9.037874028234,-10.18599444012,
    14.449999999999));
#10397 = CARTESIAN_POINT('',(9.037874028234,-10.18599444012,
    14.499999999999));
#10398 = CARTESIAN_POINT('',(9.037680445738,-10.19706813863,
    14.449999999999));
#10399 = CARTESIAN_POINT('',(9.037680445738,-10.19706813863,
    14.499999999999));
#10400 = CARTESIAN_POINT('',(9.037580566406,-10.20278163874,
    14.449999999999));
#10401 = CARTESIAN_POINT('',(9.037580566406,-10.20278163874,
    14.499999999999));
#10402 = ADVANCED_FACE('',(#10403),#10437,.T.);
#10403 = FACE_BOUND('',#10404,.T.);
#10404 = EDGE_LOOP('',(#10405,#10406,#10407,#10431));
#10405 = ORIENTED_EDGE('',*,*,#2311,.F.);
#10406 = ORIENTED_EDGE('',*,*,#10358,.F.);
#10407 = ORIENTED_EDGE('',*,*,#10408,.T.);
#10408 = EDGE_CURVE('',#10335,#10409,#10411,.T.);
#10409 = VERTEX_POINT('',#10410);
#10410 = CARTESIAN_POINT('',(9.154054727192,-10.34480104628,
    14.449999999999));
#10411 = B_SPLINE_CURVE_WITH_KNOTS('',3,(#10412,#10413,#10414,#10415,
    #10416,#10417,#10418,#10419,#10420,#10421,#10422,#10423,#10424,
    #10425,#10426,#10427,#10428,#10429,#10430),.UNSPECIFIED.,.F.,.F.,(4,
    1,1,1,1,1,1,1,1,1,1,1,1,1,1,1,4),(0.,7.977591786824E-02,
    0.154961430762,0.225863499869,0.293434808403,0.357706892313,
    0.418873133994,0.477915442604,0.535970530977,0.592392146965,
    0.647924778941,0.703081522311,0.758528948818,0.815438675424,
    0.873931891006,0.935267953473,1.),.UNSPECIFIED.);
#10412 = CARTESIAN_POINT('',(9.037580566406,-10.20278163874,
    14.449999999999));
#10413 = CARTESIAN_POINT('',(9.0376790381,-10.20832645289,
    14.449999999999));
#10414 = CARTESIAN_POINT('',(9.037870315305,-10.21909702574,
    14.449999999999));
#10415 = CARTESIAN_POINT('',(9.039311905421,-10.23474197226,
    14.449999999999));
#10416 = CARTESIAN_POINT('',(9.04159965223,-10.24942355622,
    14.449999999999));
#10417 = CARTESIAN_POINT('',(9.044903071581,-10.26314390653,
    14.449999999999));
#10418 = CARTESIAN_POINT('',(9.049310164782,-10.27582848642,
    14.449999999999));
#10419 = CARTESIAN_POINT('',(9.054425244319,-10.28760632004,
    14.449999999999));
#10420 = CARTESIAN_POINT('',(9.060673652199,-10.29833676847,
    14.449999999999));
#10421 = CARTESIAN_POINT('',(9.06784814005,-10.30805892686,
    14.449999999999));
#10422 = CARTESIAN_POINT('',(9.075901119661,-10.31673719992,
    14.449999999999));
#10423 = CARTESIAN_POINT('',(9.084745066756,-10.32431310189,
    14.449999999999));
#10424 = CARTESIAN_POINT('',(9.09446418437,-10.33060103608,
    14.449999999999));
#10425 = CARTESIAN_POINT('',(9.104893228649,-10.33582336135,
    14.449999999999));
#10426 = CARTESIAN_POINT('',(9.11607992387,-10.33989218971,
    14.449999999999));
#10427 = CARTESIAN_POINT('',(9.128059798106,-10.34269497517,
    14.449999999999));
#10428 = CARTESIAN_POINT('',(9.140790687309,-10.34445600717,
    14.449999999999));
#10429 = CARTESIAN_POINT('',(9.149554686589,-10.34468398617,
    14.449999999999));
#10430 = CARTESIAN_POINT('',(9.154054727192,-10.34480104628,
    14.449999999999));
#10431 = ORIENTED_EDGE('',*,*,#10432,.T.);
#10432 = EDGE_CURVE('',#10409,#2312,#10433,.T.);
#10433 = LINE('',#10434,#10435);
#10434 = CARTESIAN_POINT('',(9.154054727192,-10.34480104628,
    14.449999999999));
#10435 = VECTOR('',#10436,1.);
#10436 = DIRECTION('',(3.491481338843E-15,-6.123233995737E-17,1.));
#10437 = B_SPLINE_SURFACE_WITH_KNOTS('',3,1,(
    (#10438,#10439)
    ,(#10440,#10441)
    ,(#10442,#10443)
    ,(#10444,#10445)
    ,(#10446,#10447)
    ,(#10448,#10449)
    ,(#10450,#10451)
    ,(#10452,#10453)
    ,(#10454,#10455)
    ,(#10456,#10457)
    ,(#10458,#10459)
    ,(#10460,#10461)
    ,(#10462,#10463)
    ,(#10464,#10465)
    ,(#10466,#10467)
    ,(#10468,#10469)
    ,(#10470,#10471)
    ,(#10472,#10473)
    ,(#10474,#10475
    )),.UNSPECIFIED.,.F.,.F.,.F.,(4,1,1,1,1,1,1,1,1,1,1,1,1,1,1,1,4),(2,
    2),(0.,7.977591786824E-02,0.154961430762,0.225863499869,
    0.293434808403,0.357706892313,0.418873133994,0.477915442604,
    0.535970530977,0.592392146965,0.647924778941,0.703081522311,
    0.758528948818,0.815438675424,0.873931891006,0.935267953473,1.),(0.,
    1.),.UNSPECIFIED.);
#10438 = CARTESIAN_POINT('',(9.037580566406,-10.20278163874,
    14.449999999999));
#10439 = CARTESIAN_POINT('',(9.037580566406,-10.20278163874,
    14.499999999999));
#10440 = CARTESIAN_POINT('',(9.0376790381,-10.20832645289,
    14.449999999999));
#10441 = CARTESIAN_POINT('',(9.0376790381,-10.20832645289,
    14.499999999999));
#10442 = CARTESIAN_POINT('',(9.037870315305,-10.21909702574,
    14.449999999999));
#10443 = CARTESIAN_POINT('',(9.037870315305,-10.21909702574,
    14.499999999999));
#10444 = CARTESIAN_POINT('',(9.039311905421,-10.23474197226,
    14.449999999999));
#10445 = CARTESIAN_POINT('',(9.039311905421,-10.23474197226,
    14.499999999999));
#10446 = CARTESIAN_POINT('',(9.04159965223,-10.24942355622,
    14.449999999999));
#10447 = CARTESIAN_POINT('',(9.04159965223,-10.24942355622,
    14.499999999999));
#10448 = CARTESIAN_POINT('',(9.044903071581,-10.26314390653,
    14.449999999999));
#10449 = CARTESIAN_POINT('',(9.044903071581,-10.26314390653,
    14.499999999999));
#10450 = CARTESIAN_POINT('',(9.049310164782,-10.27582848642,
    14.449999999999));
#10451 = CARTESIAN_POINT('',(9.049310164782,-10.27582848642,
    14.499999999999));
#10452 = CARTESIAN_POINT('',(9.054425244319,-10.28760632004,
    14.449999999999));
#10453 = CARTESIAN_POINT('',(9.054425244319,-10.28760632004,
    14.499999999999));
#10454 = CARTESIAN_POINT('',(9.060673652199,-10.29833676847,
    14.449999999999));
#10455 = CARTESIAN_POINT('',(9.060673652199,-10.29833676847,
    14.499999999999));
#10456 = CARTESIAN_POINT('',(9.06784814005,-10.30805892686,
    14.449999999999));
#10457 = CARTESIAN_POINT('',(9.06784814005,-10.30805892686,
    14.499999999999));
#10458 = CARTESIAN_POINT('',(9.075901119661,-10.31673719992,
    14.449999999999));
#10459 = CARTESIAN_POINT('',(9.075901119661,-10.31673719992,
    14.499999999999));
#10460 = CARTESIAN_POINT('',(9.084745066756,-10.32431310189,
    14.449999999999));
#10461 = CARTESIAN_POINT('',(9.084745066756,-10.32431310189,
    14.499999999999));
#10462 = CARTESIAN_POINT('',(9.09446418437,-10.33060103608,
    14.449999999999));
#10463 = CARTESIAN_POINT('',(9.09446418437,-10.33060103608,
    14.499999999999));
#10464 = CARTESIAN_POINT('',(9.104893228649,-10.33582336135,
    14.449999999999));
#10465 = CARTESIAN_POINT('',(9.104893228649,-10.33582336135,
    14.499999999999));
#10466 = CARTESIAN_POINT('',(9.11607992387,-10.33989218971,
    14.449999999999));
#10467 = CARTESIAN_POINT('',(9.11607992387,-10.33989218971,
    14.499999999999));
#10468 = CARTESIAN_POINT('',(9.128059798106,-10.34269497517,
    14.449999999999));
#10469 = CARTESIAN_POINT('',(9.128059798106,-10.34269497517,
    14.499999999999));
#10470 = CARTESIAN_POINT('',(9.140790687309,-10.34445600717,
    14.449999999999));
#10471 = CARTESIAN_POINT('',(9.140790687309,-10.34445600717,
    14.499999999999));
#10472 = CARTESIAN_POINT('',(9.149554686589,-10.34468398617,
    14.449999999999));
#10473 = CARTESIAN_POINT('',(9.149554686589,-10.34468398617,
    14.499999999999));
#10474 = CARTESIAN_POINT('',(9.154054727192,-10.34480104628,
    14.449999999999));
#10475 = CARTESIAN_POINT('',(9.154054727192,-10.34480104628,
    14.499999999999));
#10476 = ADVANCED_FACE('',(#10477),#10499,.T.);
#10477 = FACE_BOUND('',#10478,.T.);
#10478 = EDGE_LOOP('',(#10479,#10480,#10481,#10493));
#10479 = ORIENTED_EDGE('',*,*,#2335,.F.);
#10480 = ORIENTED_EDGE('',*,*,#10432,.F.);
#10481 = ORIENTED_EDGE('',*,*,#10482,.T.);
#10482 = EDGE_CURVE('',#10409,#10483,#10485,.T.);
#10483 = VERTEX_POINT('',#10484);
#10484 = CARTESIAN_POINT('',(9.228967176992,-10.32716266162,
    14.449999999999));
#10485 = B_SPLINE_CURVE_WITH_KNOTS('',3,(#10486,#10487,#10488,#10489,
    #10490,#10491,#10492),.UNSPECIFIED.,.F.,.F.,(4,1,1,1,4),(0.,
    0.251454635612,0.509362862656,0.76451712147,1.),.UNSPECIFIED.);
#10486 = CARTESIAN_POINT('',(9.154054727192,-10.34480104628,
    14.449999999999));
#10487 = CARTESIAN_POINT('',(9.160560669468,-10.34456620837,
    14.449999999999));
#10488 = CARTESIAN_POINT('',(9.173739529242,-10.34409050543,
    14.449999999999));
#10489 = CARTESIAN_POINT('',(9.19318266373,-10.34022366246,
    14.449999999999));
#10490 = CARTESIAN_POINT('',(9.211820380568,-10.33485300749,
    14.449999999999));
#10491 = CARTESIAN_POINT('',(9.223406419967,-10.32965666363,
    14.449999999999));
#10492 = CARTESIAN_POINT('',(9.228967176992,-10.32716266162,
    14.449999999999));
#10493 = ORIENTED_EDGE('',*,*,#10494,.T.);
#10494 = EDGE_CURVE('',#10483,#2336,#10495,.T.);
#10495 = LINE('',#10496,#10497);
#10496 = CARTESIAN_POINT('',(9.228967176992,-10.32716266162,
    14.449999999999));
#10497 = VECTOR('',#10498,1.);
#10498 = DIRECTION('',(3.491481338843E-15,-6.123233995737E-17,1.));
#10499 = B_SPLINE_SURFACE_WITH_KNOTS('',3,1,(
    (#10500,#10501)
    ,(#10502,#10503)
    ,(#10504,#10505)
    ,(#10506,#10507)
    ,(#10508,#10509)
    ,(#10510,#10511)
    ,(#10512,#10513
    )),.UNSPECIFIED.,.F.,.F.,.F.,(4,1,1,1,4),(2,2),(0.,0.251454635612,
    0.509362862656,0.76451712147,1.),(0.,1.),.UNSPECIFIED.);
#10500 = CARTESIAN_POINT('',(9.154054727192,-10.34480104628,
    14.449999999999));
#10501 = CARTESIAN_POINT('',(9.154054727192,-10.34480104628,
    14.499999999999));
#10502 = CARTESIAN_POINT('',(9.160560669468,-10.34456620837,
    14.449999999999));
#10503 = CARTESIAN_POINT('',(9.160560669468,-10.34456620837,
    14.499999999999));
#10504 = CARTESIAN_POINT('',(9.173739529242,-10.34409050543,
    14.449999999999));
#10505 = CARTESIAN_POINT('',(9.173739529242,-10.34409050543,
    14.499999999999));
#10506 = CARTESIAN_POINT('',(9.19318266373,-10.34022366246,
    14.449999999999));
#10507 = CARTESIAN_POINT('',(9.19318266373,-10.34022366246,
    14.499999999999));
#10508 = CARTESIAN_POINT('',(9.211820380568,-10.33485300749,
    14.449999999999));
#10509 = CARTESIAN_POINT('',(9.211820380568,-10.33485300749,
    14.499999999999));
#10510 = CARTESIAN_POINT('',(9.223406419967,-10.32965666363,
    14.449999999999));
#10511 = CARTESIAN_POINT('',(9.223406419967,-10.32965666363,
    14.499999999999));
#10512 = CARTESIAN_POINT('',(9.228967176992,-10.32716266162,
    14.449999999999));
#10513 = CARTESIAN_POINT('',(9.228967176992,-10.32716266162,
    14.499999999999));
#10514 = ADVANCED_FACE('',(#10515),#10537,.T.);
#10515 = FACE_BOUND('',#10516,.T.);
#10516 = EDGE_LOOP('',(#10517,#10518,#10519,#10531));
#10517 = ORIENTED_EDGE('',*,*,#2347,.F.);
#10518 = ORIENTED_EDGE('',*,*,#10494,.F.);
#10519 = ORIENTED_EDGE('',*,*,#10520,.T.);
#10520 = EDGE_CURVE('',#10483,#10521,#10523,.T.);
#10521 = VERTEX_POINT('',#10522);
#10522 = CARTESIAN_POINT('',(9.274279578969,-10.29938727427,
    14.449999999999));
#10523 = B_SPLINE_CURVE_WITH_KNOTS('',3,(#10524,#10525,#10526,#10527,
    #10528,#10529,#10530),.UNSPECIFIED.,.F.,.F.,(4,1,1,1,4),(0.,
    0.286255031823,0.560312880476,0.806478765977,1.),.UNSPECIFIED.);
#10524 = CARTESIAN_POINT('',(9.228967176992,-10.32716266162,
    14.449999999999));
#10525 = CARTESIAN_POINT('',(9.23348638784,-10.32484331362,
    14.449999999999));
#10526 = CARTESIAN_POINT('',(9.242332248232,-10.32030344387,
    14.449999999999));
#10527 = CARTESIAN_POINT('',(9.254648509098,-10.31300880698,
    14.449999999999));
#10528 = CARTESIAN_POINT('',(9.265275723835,-10.30610913361,
    14.449999999999));
#10529 = CARTESIAN_POINT('',(9.271527819383,-10.30144160995,
    14.449999999999));
#10530 = CARTESIAN_POINT('',(9.274279578969,-10.29938727427,
    14.449999999999));
#10531 = ORIENTED_EDGE('',*,*,#10532,.T.);
#10532 = EDGE_CURVE('',#10521,#2348,#10533,.T.);
#10533 = LINE('',#10534,#10535);
#10534 = CARTESIAN_POINT('',(9.274279578969,-10.29938727427,
    14.449999999999));
#10535 = VECTOR('',#10536,1.);
#10536 = DIRECTION('',(3.491481338843E-15,-6.123233995737E-17,1.));
#10537 = B_SPLINE_SURFACE_WITH_KNOTS('',3,1,(
    (#10538,#10539)
    ,(#10540,#10541)
    ,(#10542,#10543)
    ,(#10544,#10545)
    ,(#10546,#10547)
    ,(#10548,#10549)
    ,(#10550,#10551
    )),.UNSPECIFIED.,.F.,.F.,.F.,(4,1,1,1,4),(2,2),(0.,0.286255031823,
    0.560312880476,0.806478765977,1.),(0.,1.),.UNSPECIFIED.);
#10538 = CARTESIAN_POINT('',(9.228967176992,-10.32716266162,
    14.449999999999));
#10539 = CARTESIAN_POINT('',(9.228967176992,-10.32716266162,
    14.499999999999));
#10540 = CARTESIAN_POINT('',(9.23348638784,-10.32484331362,
    14.449999999999));
#10541 = CARTESIAN_POINT('',(9.23348638784,-10.32484331362,
    14.499999999999));
#10542 = CARTESIAN_POINT('',(9.242332248232,-10.32030344387,
    14.449999999999));
#10543 = CARTESIAN_POINT('',(9.242332248232,-10.32030344387,
    14.499999999999));
#10544 = CARTESIAN_POINT('',(9.254648509098,-10.31300880698,
    14.449999999999));
#10545 = CARTESIAN_POINT('',(9.254648509098,-10.31300880698,
    14.499999999999));
#10546 = CARTESIAN_POINT('',(9.265275723835,-10.30610913361,
    14.449999999999));
#10547 = CARTESIAN_POINT('',(9.265275723835,-10.30610913361,
    14.499999999999));
#10548 = CARTESIAN_POINT('',(9.271527819383,-10.30144160995,
    14.449999999999));
#10549 = CARTESIAN_POINT('',(9.271527819383,-10.30144160995,
    14.499999999999));
#10550 = CARTESIAN_POINT('',(9.274279578969,-10.29938727427,
    14.449999999999));
#10551 = CARTESIAN_POINT('',(9.274279578969,-10.29938727427,
    14.499999999999));
#10552 = ADVANCED_FACE('',(#10553),#10564,.T.);
#10553 = FACE_BOUND('',#10554,.T.);
#10554 = EDGE_LOOP('',(#10555,#10556,#10557,#10563));
#10555 = ORIENTED_EDGE('',*,*,#2359,.F.);
#10556 = ORIENTED_EDGE('',*,*,#10532,.F.);
#10557 = ORIENTED_EDGE('',*,*,#10558,.T.);
#10558 = EDGE_CURVE('',#10521,#9931,#10559,.T.);
#10559 = LINE('',#10560,#10561);
#10560 = CARTESIAN_POINT('',(9.274279578969,-10.29938727427,
    14.449999999999));
#10561 = VECTOR('',#10562,1.);
#10562 = DIRECTION('',(1.,-3.491481338843E-15,-3.491481338843E-15));
#10563 = ORIENTED_EDGE('',*,*,#9930,.T.);
#10564 = PLANE('',#10565);
#10565 = AXIS2_PLACEMENT_3D('',#10566,#10567,#10568);
#10566 = CARTESIAN_POINT('',(9.274279578969,-10.29938727427,
    14.449999999999));
#10567 = DIRECTION('',(-3.491481338843E-15,-1.,-6.123233995736E-17));
#10568 = DIRECTION('',(-3.491481338843E-15,6.123233995737E-17,-1.));
#10569 = ADVANCED_FACE('',(#10570),#10586,.T.);
#10570 = FACE_BOUND('',#10571,.T.);
#10571 = EDGE_LOOP('',(#10572,#10573,#10574,#10575,#10576,#10577,#10578,
    #10579,#10580,#10581,#10582,#10583,#10584,#10585));
#10572 = ORIENTED_EDGE('',*,*,#9938,.F.);
#10573 = ORIENTED_EDGE('',*,*,#10558,.F.);
#10574 = ORIENTED_EDGE('',*,*,#10520,.F.);
#10575 = ORIENTED_EDGE('',*,*,#10482,.F.);
#10576 = ORIENTED_EDGE('',*,*,#10408,.F.);
#10577 = ORIENTED_EDGE('',*,*,#10334,.F.);
#10578 = ORIENTED_EDGE('',*,*,#10284,.F.);
#10579 = ORIENTED_EDGE('',*,*,#10260,.F.);
#10580 = ORIENTED_EDGE('',*,*,#10236,.F.);
#10581 = ORIENTED_EDGE('',*,*,#10186,.F.);
#10582 = ORIENTED_EDGE('',*,*,#10112,.F.);
#10583 = ORIENTED_EDGE('',*,*,#10062,.F.);
#10584 = ORIENTED_EDGE('',*,*,#10012,.F.);
#10585 = ORIENTED_EDGE('',*,*,#9962,.F.);
#10586 = PLANE('',#10587);
#10587 = AXIS2_PLACEMENT_3D('',#10588,#10589,#10590);
#10588 = CARTESIAN_POINT('',(9.21921451313,-10.39405675935,
    14.449999999999));
#10589 = DIRECTION('',(1.831178617667E-12,-3.824887992783E-12,1.));
#10590 = DIRECTION('',(-3.491481338856E-15,-1.,-3.824887992783E-12));
#10591 = ADVANCED_FACE('',(#10592),#10633,.T.);
#10592 = FACE_BOUND('',#10593,.T.);
#10593 = EDGE_LOOP('',(#10594,#10595,#10603,#10627));
#10594 = ORIENTED_EDGE('',*,*,#1040,.F.);
#10595 = ORIENTED_EDGE('',*,*,#10596,.F.);
#10596 = EDGE_CURVE('',#10597,#1041,#10599,.T.);
#10597 = VERTEX_POINT('',#10598);
#10598 = CARTESIAN_POINT('',(9.511384071639,-10.00095391539,
    14.449999999999));
#10599 = LINE('',#10600,#10601);
#10600 = CARTESIAN_POINT('',(9.511384071639,-10.00095391539,
    14.449999999999));
#10601 = VECTOR('',#10602,1.);
#10602 = DIRECTION('',(3.491481338843E-15,-6.123233995737E-17,1.));
#10603 = ORIENTED_EDGE('',*,*,#10604,.T.);
#10604 = EDGE_CURVE('',#10597,#10605,#10607,.T.);
#10605 = VERTEX_POINT('',#10606);
#10606 = CARTESIAN_POINT('',(9.686348737885,-10.20551862946,
    14.449999999999));
#10607 = B_SPLINE_CURVE_WITH_KNOTS('',3,(#10608,#10609,#10610,#10611,
    #10612,#10613,#10614,#10615,#10616,#10617,#10618,#10619,#10620,
    #10621,#10622,#10623,#10624,#10625,#10626),.UNSPECIFIED.,.F.,.F.,(4,
    1,1,1,1,1,1,1,1,1,1,1,1,1,1,1,4),(0.,6.413182673186E-02,
    0.125487406905,0.184575589996,0.242113839961,0.298978398778,
    0.355627099908,0.412970483506,0.471742096013,0.531687352324,
    0.591967037736,0.653764853713,0.717237701099,0.783213416352,
    0.8517485028,0.924207197476,1.),.UNSPECIFIED.);
#10608 = CARTESIAN_POINT('',(9.511384071639,-10.00095391539,
    14.449999999999));
#10609 = CARTESIAN_POINT('',(9.517882007154,-10.00108264117,
    14.449999999999));
#10610 = CARTESIAN_POINT('',(9.530596584605,-10.00133452022,
    14.449999999999));
#10611 = CARTESIAN_POINT('',(9.549124833756,-10.00409718332,
    14.449999999999));
#10612 = CARTESIAN_POINT('',(9.566672423209,-10.00829510247,
    14.449999999999));
#10613 = CARTESIAN_POINT('',(9.583237534557,-10.01427853927,
    14.449999999999));
#10614 = CARTESIAN_POINT('',(9.59869604556,-10.02217036278,
    14.449999999999));
#10615 = CARTESIAN_POINT('',(9.613217724288,-10.03163686174,
    14.449999999999));
#10616 = CARTESIAN_POINT('',(9.626662808272,-10.04288685371,
    14.449999999999));
#10617 = CARTESIAN_POINT('',(9.639034144018,-10.05577288447,
    14.449999999999));
#10618 = CARTESIAN_POINT('',(9.650093168744,-10.07016259835,
    14.449999999999));
#10619 = CARTESIAN_POINT('',(9.660017785082,-10.08574135706,
    14.449999999999));
#10620 = CARTESIAN_POINT('',(9.667965616107,-10.10280149074,
    14.449999999999));
#10621 = CARTESIAN_POINT('',(9.67492023925,-10.12089936936,
    14.449999999999));
#10622 = CARTESIAN_POINT('',(9.67995204435,-10.14033943485,
    14.449999999999));
#10623 = CARTESIAN_POINT('',(9.683749626701,-10.16096135553,
    14.449999999999));
#10624 = CARTESIAN_POINT('',(9.685979277557,-10.18283011946,
    14.449999999999));
#10625 = CARTESIAN_POINT('',(9.686223751738,-10.19784324669,
    14.449999999999));
#10626 = CARTESIAN_POINT('',(9.686348737885,-10.20551862946,
    14.449999999999));
#10627 = ORIENTED_EDGE('',*,*,#10628,.T.);
#10628 = EDGE_CURVE('',#10605,#1043,#10629,.T.);
#10629 = LINE('',#10630,#10631);
#10630 = CARTESIAN_POINT('',(9.686348737885,-10.20551862946,
    14.449999999999));
#10631 = VECTOR('',#10632,1.);
#10632 = DIRECTION('',(3.491481338843E-15,-6.123233995737E-17,1.));
#10633 = B_SPLINE_SURFACE_WITH_KNOTS('',3,1,(
    (#10634,#10635)
    ,(#10636,#10637)
    ,(#10638,#10639)
    ,(#10640,#10641)
    ,(#10642,#10643)
    ,(#10644,#10645)
    ,(#10646,#10647)
    ,(#10648,#10649)
    ,(#10650,#10651)
    ,(#10652,#10653)
    ,(#10654,#10655)
    ,(#10656,#10657)
    ,(#10658,#10659)
    ,(#10660,#10661)
    ,(#10662,#10663)
    ,(#10664,#10665)
    ,(#10666,#10667)
    ,(#10668,#10669)
    ,(#10670,#10671
    )),.UNSPECIFIED.,.F.,.F.,.F.,(4,1,1,1,1,1,1,1,1,1,1,1,1,1,1,1,4),(2,
    2),(0.,6.413182673186E-02,0.125487406905,0.184575589996,
    0.242113839961,0.298978398778,0.355627099908,0.412970483506,
    0.471742096013,0.531687352324,0.591967037736,0.653764853713,
    0.717237701099,0.783213416352,0.8517485028,0.924207197476,1.),(0.,1.
    ),.UNSPECIFIED.);
#10634 = CARTESIAN_POINT('',(9.511384071639,-10.00095391539,
    14.449999999999));
#10635 = CARTESIAN_POINT('',(9.511384071639,-10.00095391539,
    14.499999999999));
#10636 = CARTESIAN_POINT('',(9.517882007154,-10.00108264117,
    14.449999999999));
#10637 = CARTESIAN_POINT('',(9.517882007154,-10.00108264117,
    14.499999999999));
#10638 = CARTESIAN_POINT('',(9.530596584605,-10.00133452022,
    14.449999999999));
#10639 = CARTESIAN_POINT('',(9.530596584605,-10.00133452022,
    14.499999999999));
#10640 = CARTESIAN_POINT('',(9.549124833756,-10.00409718332,
    14.449999999999));
#10641 = CARTESIAN_POINT('',(9.549124833756,-10.00409718332,
    14.499999999999));
#10642 = CARTESIAN_POINT('',(9.566672423209,-10.00829510247,
    14.449999999999));
#10643 = CARTESIAN_POINT('',(9.566672423209,-10.00829510247,
    14.499999999999));
#10644 = CARTESIAN_POINT('',(9.583237534557,-10.01427853927,
    14.449999999999));
#10645 = CARTESIAN_POINT('',(9.583237534557,-10.01427853927,
    14.499999999999));
#10646 = CARTESIAN_POINT('',(9.59869604556,-10.02217036278,
    14.449999999999));
#10647 = CARTESIAN_POINT('',(9.59869604556,-10.02217036278,
    14.499999999999));
#10648 = CARTESIAN_POINT('',(9.613217724288,-10.03163686174,
    14.449999999999));
#10649 = CARTESIAN_POINT('',(9.613217724288,-10.03163686174,
    14.499999999999));
#10650 = CARTESIAN_POINT('',(9.626662808272,-10.04288685371,
    14.449999999999));
#10651 = CARTESIAN_POINT('',(9.626662808272,-10.04288685371,
    14.499999999999));
#10652 = CARTESIAN_POINT('',(9.639034144018,-10.05577288447,
    14.449999999999));
#10653 = CARTESIAN_POINT('',(9.639034144018,-10.05577288447,
    14.499999999999));
#10654 = CARTESIAN_POINT('',(9.650093168744,-10.07016259835,
    14.449999999999));
#10655 = CARTESIAN_POINT('',(9.650093168744,-10.07016259835,
    14.499999999999));
#10656 = CARTESIAN_POINT('',(9.660017785082,-10.08574135706,
    14.449999999999));
#10657 = CARTESIAN_POINT('',(9.660017785082,-10.08574135706,
    14.499999999999));
#10658 = CARTESIAN_POINT('',(9.667965616107,-10.10280149074,
    14.449999999999));
#10659 = CARTESIAN_POINT('',(9.667965616107,-10.10280149074,
    14.499999999999));
#10660 = CARTESIAN_POINT('',(9.67492023925,-10.12089936936,
    14.449999999999));
#10661 = CARTESIAN_POINT('',(9.67492023925,-10.12089936936,
    14.499999999999));
#10662 = CARTESIAN_POINT('',(9.67995204435,-10.14033943485,
    14.449999999999));
#10663 = CARTESIAN_POINT('',(9.67995204435,-10.14033943485,
    14.499999999999));
#10664 = CARTESIAN_POINT('',(9.683749626701,-10.16096135553,
    14.449999999999));
#10665 = CARTESIAN_POINT('',(9.683749626701,-10.16096135553,
    14.499999999999));
#10666 = CARTESIAN_POINT('',(9.685979277557,-10.18283011946,
    14.449999999999));
#10667 = CARTESIAN_POINT('',(9.685979277557,-10.18283011946,
    14.499999999999));
#10668 = CARTESIAN_POINT('',(9.686223751738,-10.19784324669,
    14.449999999999));
#10669 = CARTESIAN_POINT('',(9.686223751738,-10.19784324669,
    14.499999999999));
#10670 = CARTESIAN_POINT('',(9.686348737885,-10.20551862946,
    14.449999999999));
#10671 = CARTESIAN_POINT('',(9.686348737885,-10.20551862946,
    14.499999999999));
#10672 = ADVANCED_FACE('',(#10673),#10707,.T.);
#10673 = FACE_BOUND('',#10674,.T.);
#10674 = EDGE_LOOP('',(#10675,#10676,#10677,#10701));
#10675 = ORIENTED_EDGE('',*,*,#1066,.F.);
#10676 = ORIENTED_EDGE('',*,*,#10628,.F.);
#10677 = ORIENTED_EDGE('',*,*,#10678,.T.);
#10678 = EDGE_CURVE('',#10605,#10679,#10681,.T.);
#10679 = VERTEX_POINT('',#10680);
#10680 = CARTESIAN_POINT('',(9.511384071639,-10.40967786343,
    14.449999999999));
#10681 = B_SPLINE_CURVE_WITH_KNOTS('',3,(#10682,#10683,#10684,#10685,
    #10686,#10687,#10688,#10689,#10690,#10691,#10692,#10693,#10694,
    #10695,#10696,#10697,#10698,#10699,#10700),.UNSPECIFIED.,.F.,.F.,(4,
    1,1,1,1,1,1,1,1,1,1,1,1,1,1,1,4),(0.,7.586643330576E-02,
    0.148063192469,0.216993473168,0.282710591523,0.346245101168,
    0.407801850924,0.468423322082,0.528163077185,0.586991784821,
    0.64417759536,0.700881329264,0.757650952595,0.815245099508,
    0.874390685268,0.935805870828,1.),.UNSPECIFIED.);
#10682 = CARTESIAN_POINT('',(9.686348737885,-10.20551862946,
    14.449999999999));
#10683 = CARTESIAN_POINT('',(9.686226327279,-10.21319438634,
    14.449999999999));
#10684 = CARTESIAN_POINT('',(9.685987427092,-10.22817462226,
    14.449999999999));
#10685 = CARTESIAN_POINT('',(9.683726243071,-10.25003800692,
    14.449999999999));
#10686 = CARTESIAN_POINT('',(9.679984803986,-10.27063829149,
    14.449999999999));
#10687 = CARTESIAN_POINT('',(9.674892846039,-10.29006134483,
    14.449999999999));
#10688 = CARTESIAN_POINT('',(9.668001231223,-10.30811844296,
    14.449999999999));
#10689 = CARTESIAN_POINT('',(9.659951896048,-10.3251227536,
    14.449999999999));
#10690 = CARTESIAN_POINT('',(9.650164753958,-10.34075605308,
    14.449999999999));
#10691 = CARTESIAN_POINT('',(9.638987996195,-10.35505775425,
    14.449999999999));
#10692 = CARTESIAN_POINT('',(9.626703873207,-10.36796168621,
    14.449999999999));
#10693 = CARTESIAN_POINT('',(9.613176579647,-10.37907789709,
    14.449999999999));
#10694 = CARTESIAN_POINT('',(9.598728939534,-10.38859029849,
    14.449999999999));
#10695 = CARTESIAN_POINT('',(9.583206980293,-10.39632734152,
    14.449999999999));
#10696 = CARTESIAN_POINT('',(9.56667692201,-10.40234528985,
    14.449999999999));
#10697 = CARTESIAN_POINT('',(9.549123570419,-10.40653217669,
    14.449999999999));
#10698 = CARTESIAN_POINT('',(9.530596922343,-10.40929790523,
    14.449999999999));
#10699 = CARTESIAN_POINT('',(9.517882121382,-10.40954935635,
    14.449999999999));
#10700 = CARTESIAN_POINT('',(9.511384071639,-10.40967786343,
    14.449999999999));
#10701 = ORIENTED_EDGE('',*,*,#10702,.T.);
#10702 = EDGE_CURVE('',#10679,#1067,#10703,.T.);
#10703 = LINE('',#10704,#10705);
#10704 = CARTESIAN_POINT('',(9.511384071639,-10.40967786343,
    14.449999999999));
#10705 = VECTOR('',#10706,1.);
#10706 = DIRECTION('',(3.491481338843E-15,-6.123233995737E-17,1.));
#10707 = B_SPLINE_SURFACE_WITH_KNOTS('',3,1,(
    (#10708,#10709)
    ,(#10710,#10711)
    ,(#10712,#10713)
    ,(#10714,#10715)
    ,(#10716,#10717)
    ,(#10718,#10719)
    ,(#10720,#10721)
    ,(#10722,#10723)
    ,(#10724,#10725)
    ,(#10726,#10727)
    ,(#10728,#10729)
    ,(#10730,#10731)
    ,(#10732,#10733)
    ,(#10734,#10735)
    ,(#10736,#10737)
    ,(#10738,#10739)
    ,(#10740,#10741)
    ,(#10742,#10743)
    ,(#10744,#10745
    )),.UNSPECIFIED.,.F.,.F.,.F.,(4,1,1,1,1,1,1,1,1,1,1,1,1,1,1,1,4),(2,
    2),(0.,7.586643330576E-02,0.148063192469,0.216993473168,
    0.282710591523,0.346245101168,0.407801850924,0.468423322082,
    0.528163077185,0.586991784821,0.64417759536,0.700881329264,
    0.757650952595,0.815245099508,0.874390685268,0.935805870828,1.),(0.,
    1.),.UNSPECIFIED.);
#10708 = CARTESIAN_POINT('',(9.686348737885,-10.20551862946,
    14.449999999999));
#10709 = CARTESIAN_POINT('',(9.686348737885,-10.20551862946,
    14.499999999999));
#10710 = CARTESIAN_POINT('',(9.686226327279,-10.21319438634,
    14.449999999999));
#10711 = CARTESIAN_POINT('',(9.686226327279,-10.21319438634,
    14.499999999999));
#10712 = CARTESIAN_POINT('',(9.685987427092,-10.22817462226,
    14.449999999999));
#10713 = CARTESIAN_POINT('',(9.685987427092,-10.22817462226,
    14.499999999999));
#10714 = CARTESIAN_POINT('',(9.683726243071,-10.25003800692,
    14.449999999999));
#10715 = CARTESIAN_POINT('',(9.683726243071,-10.25003800692,
    14.499999999999));
#10716 = CARTESIAN_POINT('',(9.679984803986,-10.27063829149,
    14.449999999999));
#10717 = CARTESIAN_POINT('',(9.679984803986,-10.27063829149,
    14.499999999999));
#10718 = CARTESIAN_POINT('',(9.674892846039,-10.29006134483,
    14.449999999999));
#10719 = CARTESIAN_POINT('',(9.674892846039,-10.29006134483,
    14.499999999999));
#10720 = CARTESIAN_POINT('',(9.668001231223,-10.30811844296,
    14.449999999999));
#10721 = CARTESIAN_POINT('',(9.668001231223,-10.30811844296,
    14.499999999999));
#10722 = CARTESIAN_POINT('',(9.659951896048,-10.3251227536,
    14.449999999999));
#10723 = CARTESIAN_POINT('',(9.659951896048,-10.3251227536,
    14.499999999999));
#10724 = CARTESIAN_POINT('',(9.650164753958,-10.34075605308,
    14.449999999999));
#10725 = CARTESIAN_POINT('',(9.650164753958,-10.34075605308,
    14.499999999999));
#10726 = CARTESIAN_POINT('',(9.638987996195,-10.35505775425,
    14.449999999999));
#10727 = CARTESIAN_POINT('',(9.638987996195,-10.35505775425,
    14.499999999999));
#10728 = CARTESIAN_POINT('',(9.626703873207,-10.36796168621,
    14.449999999999));
#10729 = CARTESIAN_POINT('',(9.626703873207,-10.36796168621,
    14.499999999999));
#10730 = CARTESIAN_POINT('',(9.613176579647,-10.37907789709,
    14.449999999999));
#10731 = CARTESIAN_POINT('',(9.613176579647,-10.37907789709,
    14.499999999999));
#10732 = CARTESIAN_POINT('',(9.598728939534,-10.38859029849,
    14.449999999999));
#10733 = CARTESIAN_POINT('',(9.598728939534,-10.38859029849,
    14.499999999999));
#10734 = CARTESIAN_POINT('',(9.583206980293,-10.39632734152,
    14.449999999999));
#10735 = CARTESIAN_POINT('',(9.583206980293,-10.39632734152,
    14.499999999999));
#10736 = CARTESIAN_POINT('',(9.56667692201,-10.40234528985,
    14.449999999999));
#10737 = CARTESIAN_POINT('',(9.56667692201,-10.40234528985,
    14.499999999999));
#10738 = CARTESIAN_POINT('',(9.549123570419,-10.40653217669,
    14.449999999999));
#10739 = CARTESIAN_POINT('',(9.549123570419,-10.40653217669,
    14.499999999999));
#10740 = CARTESIAN_POINT('',(9.530596922343,-10.40929790523,
    14.449999999999));
#10741 = CARTESIAN_POINT('',(9.530596922343,-10.40929790523,
    14.499999999999));
#10742 = CARTESIAN_POINT('',(9.517882121382,-10.40954935635,
    14.449999999999));
#10743 = CARTESIAN_POINT('',(9.517882121382,-10.40954935635,
    14.499999999999));
#10744 = CARTESIAN_POINT('',(9.511384071639,-10.40967786343,
    14.449999999999));
#10745 = CARTESIAN_POINT('',(9.511384071639,-10.40967786343,
    14.499999999999));
#10746 = ADVANCED_FACE('',(#10747),#10781,.T.);
#10747 = FACE_BOUND('',#10748,.T.);
#10748 = EDGE_LOOP('',(#10749,#10750,#10751,#10775));
#10749 = ORIENTED_EDGE('',*,*,#1090,.F.);
#10750 = ORIENTED_EDGE('',*,*,#10702,.F.);
#10751 = ORIENTED_EDGE('',*,*,#10752,.T.);
#10752 = EDGE_CURVE('',#10679,#10753,#10755,.T.);
#10753 = VERTEX_POINT('',#10754);
#10754 = CARTESIAN_POINT('',(9.336013925286,-10.20551862946,
    14.449999999999));
#10755 = B_SPLINE_CURVE_WITH_KNOTS('',3,(#10756,#10757,#10758,#10759,
    #10760,#10761,#10762,#10763,#10764,#10765,#10766,#10767,#10768,
    #10769,#10770,#10771,#10772,#10773,#10774),.UNSPECIFIED.,.F.,.F.,(4,
    1,1,1,1,1,1,1,1,1,1,1,1,1,1,1,4),(0.,6.474847846218E-02,
    0.126386629788,0.185753009771,0.2435601028,0.3005291218,
    0.357413165575,0.414499184224,0.473225233038,0.532656202253,
    0.592996140602,0.654590977554,0.717782751567,0.783385190503,
    0.852195184667,0.924265957138,1.),.UNSPECIFIED.);
#10756 = CARTESIAN_POINT('',(9.511384071639,-10.40967786343,
    14.449999999999));
#10757 = CARTESIAN_POINT('',(9.504818411613,-10.40955075795,
    14.449999999999));
#10758 = CARTESIAN_POINT('',(9.492002486625,-10.40930265276,
    14.449999999999));
#10759 = CARTESIAN_POINT('',(9.473341347295,-10.4065320587,
    14.449999999999));
#10760 = CARTESIAN_POINT('',(9.455687656868,-10.40234503524,
    14.449999999999));
#10761 = CARTESIAN_POINT('',(9.439055640007,-10.39632907095,
    14.449999999999));
#10762 = CARTESIAN_POINT('',(9.423436889768,-10.38858755323,
    14.449999999999));
#10763 = CARTESIAN_POINT('',(9.408894004507,-10.37910994338,
    14.449999999999));
#10764 = CARTESIAN_POINT('',(9.39536054418,-10.36795484907,
    14.449999999999));
#10765 = CARTESIAN_POINT('',(9.383071126788,-10.35508611946,
    14.449999999999));
#10766 = CARTESIAN_POINT('',(9.371979437983,-10.34075635865,
    14.449999999999));
#10767 = CARTESIAN_POINT('',(9.362360622632,-10.32506187364,
    14.449999999999));
#10768 = CARTESIAN_POINT('',(9.354074139787,-10.30819519089,
    14.449999999999));
#10769 = CARTESIAN_POINT('',(9.34754126082,-10.29000854867,
    14.449999999999));
#10770 = CARTESIAN_POINT('',(9.342355684597,-10.27064689425,
    14.449999999999));
#10771 = CARTESIAN_POINT('',(9.338642761302,-10.25003554682,
    14.449999999999));
#10772 = CARTESIAN_POINT('',(9.336373524328,-10.22817528634,
    14.449999999999));
#10773 = CARTESIAN_POINT('',(9.336135755958,-10.21319461133,
    14.449999999999));
#10774 = CARTESIAN_POINT('',(9.336013925286,-10.20551862946,
    14.449999999999));
#10775 = ORIENTED_EDGE('',*,*,#10776,.T.);
#10776 = EDGE_CURVE('',#10753,#1091,#10777,.T.);
#10777 = LINE('',#10778,#10779);
#10778 = CARTESIAN_POINT('',(9.336013925286,-10.20551862946,
    14.449999999999));
#10779 = VECTOR('',#10780,1.);
#10780 = DIRECTION('',(3.491481338843E-15,-6.123233995737E-17,1.));
#10781 = B_SPLINE_SURFACE_WITH_KNOTS('',3,1,(
    (#10782,#10783)
    ,(#10784,#10785)
    ,(#10786,#10787)
    ,(#10788,#10789)
    ,(#10790,#10791)
    ,(#10792,#10793)
    ,(#10794,#10795)
    ,(#10796,#10797)
    ,(#10798,#10799)
    ,(#10800,#10801)
    ,(#10802,#10803)
    ,(#10804,#10805)
    ,(#10806,#10807)
    ,(#10808,#10809)
    ,(#10810,#10811)
    ,(#10812,#10813)
    ,(#10814,#10815)
    ,(#10816,#10817)
    ,(#10818,#10819
    )),.UNSPECIFIED.,.F.,.F.,.F.,(4,1,1,1,1,1,1,1,1,1,1,1,1,1,1,1,4),(2,
    2),(0.,6.474847846218E-02,0.126386629788,0.185753009771,0.2435601028
    ,0.3005291218,0.357413165575,0.414499184224,0.473225233038,
    0.532656202253,0.592996140602,0.654590977554,0.717782751567,
    0.783385190503,0.852195184667,0.924265957138,1.),(0.,1.),
  .UNSPECIFIED.);
#10782 = CARTESIAN_POINT('',(9.511384071639,-10.40967786343,
    14.449999999999));
#10783 = CARTESIAN_POINT('',(9.511384071639,-10.40967786343,
    14.499999999999));
#10784 = CARTESIAN_POINT('',(9.504818411613,-10.40955075795,
    14.449999999999));
#10785 = CARTESIAN_POINT('',(9.504818411613,-10.40955075795,
    14.499999999999));
#10786 = CARTESIAN_POINT('',(9.492002486625,-10.40930265276,
    14.449999999999));
#10787 = CARTESIAN_POINT('',(9.492002486625,-10.40930265276,
    14.499999999999));
#10788 = CARTESIAN_POINT('',(9.473341347295,-10.4065320587,
    14.449999999999));
#10789 = CARTESIAN_POINT('',(9.473341347295,-10.4065320587,
    14.499999999999));
#10790 = CARTESIAN_POINT('',(9.455687656868,-10.40234503524,
    14.449999999999));
#10791 = CARTESIAN_POINT('',(9.455687656868,-10.40234503524,
    14.499999999999));
#10792 = CARTESIAN_POINT('',(9.439055640007,-10.39632907095,
    14.449999999999));
#10793 = CARTESIAN_POINT('',(9.439055640007,-10.39632907095,
    14.499999999999));
#10794 = CARTESIAN_POINT('',(9.423436889768,-10.38858755323,
    14.449999999999));
#10795 = CARTESIAN_POINT('',(9.423436889768,-10.38858755323,
    14.499999999999));
#10796 = CARTESIAN_POINT('',(9.408894004507,-10.37910994338,
    14.449999999999));
#10797 = CARTESIAN_POINT('',(9.408894004507,-10.37910994338,
    14.499999999999));
#10798 = CARTESIAN_POINT('',(9.39536054418,-10.36795484907,
    14.449999999999));
#10799 = CARTESIAN_POINT('',(9.39536054418,-10.36795484907,
    14.499999999999));
#10800 = CARTESIAN_POINT('',(9.383071126788,-10.35508611946,
    14.449999999999));
#10801 = CARTESIAN_POINT('',(9.383071126788,-10.35508611946,
    14.499999999999));
#10802 = CARTESIAN_POINT('',(9.371979437983,-10.34075635865,
    14.449999999999));
#10803 = CARTESIAN_POINT('',(9.371979437983,-10.34075635865,
    14.499999999999));
#10804 = CARTESIAN_POINT('',(9.362360622632,-10.32506187364,
    14.449999999999));
#10805 = CARTESIAN_POINT('',(9.362360622632,-10.32506187364,
    14.499999999999));
#10806 = CARTESIAN_POINT('',(9.354074139787,-10.30819519089,
    14.449999999999));
#10807 = CARTESIAN_POINT('',(9.354074139787,-10.30819519089,
    14.499999999999));
#10808 = CARTESIAN_POINT('',(9.34754126082,-10.29000854867,
    14.449999999999));
#10809 = CARTESIAN_POINT('',(9.34754126082,-10.29000854867,
    14.499999999999));
#10810 = CARTESIAN_POINT('',(9.342355684597,-10.27064689425,
    14.449999999999));
#10811 = CARTESIAN_POINT('',(9.342355684597,-10.27064689425,
    14.499999999999));
#10812 = CARTESIAN_POINT('',(9.338642761302,-10.25003554682,
    14.449999999999));
#10813 = CARTESIAN_POINT('',(9.338642761302,-10.25003554682,
    14.499999999999));
#10814 = CARTESIAN_POINT('',(9.336373524328,-10.22817528634,
    14.449999999999));
#10815 = CARTESIAN_POINT('',(9.336373524328,-10.22817528634,
    14.499999999999));
#10816 = CARTESIAN_POINT('',(9.336135755958,-10.21319461133,
    14.449999999999));
#10817 = CARTESIAN_POINT('',(9.336135755958,-10.21319461133,
    14.499999999999));
#10818 = CARTESIAN_POINT('',(9.336013925286,-10.20551862946,
    14.449999999999));
#10819 = CARTESIAN_POINT('',(9.336013925286,-10.20551862946,
    14.499999999999));
#10820 = ADVANCED_FACE('',(#10821),#10848,.T.);
#10821 = FACE_BOUND('',#10822,.T.);
#10822 = EDGE_LOOP('',(#10823,#10824,#10825,#10847));
#10823 = ORIENTED_EDGE('',*,*,#1114,.F.);
#10824 = ORIENTED_EDGE('',*,*,#10776,.F.);
#10825 = ORIENTED_EDGE('',*,*,#10826,.T.);
#10826 = EDGE_CURVE('',#10753,#10597,#10827,.T.);
#10827 = B_SPLINE_CURVE_WITH_KNOTS('',3,(#10828,#10829,#10830,#10831,
    #10832,#10833,#10834,#10835,#10836,#10837,#10838,#10839,#10840,
    #10841,#10842,#10843,#10844,#10845,#10846),.UNSPECIFIED.,.F.,.F.,(4,
    1,1,1,1,1,1,1,1,1,1,1,1,1,1,1,4),(0.,7.566077568468E-02,
    0.147993251351,0.216408953498,0.282269742731,0.345400383298,
    0.407235210806,0.467233490291,0.52687088715,0.585540122783,
    0.642783617402,0.699612630003,0.756675523883,0.814426692754,
    0.873735640082,0.935314160981,1.),.UNSPECIFIED.);
#10828 = CARTESIAN_POINT('',(9.336013925286,-10.20551862946,
    14.449999999999));
#10829 = CARTESIAN_POINT('',(9.336138332033,-10.19784302201,
    14.449999999999));
#10830 = CARTESIAN_POINT('',(9.336381672904,-10.1828294553,
    14.449999999999));
#10831 = CARTESIAN_POINT('',(9.3386193912,-10.16096381979,
    14.449999999999));
#10832 = CARTESIAN_POINT('',(9.342388543977,-10.14033087459,
    14.449999999999));
#10833 = CARTESIAN_POINT('',(9.347514290293,-10.12095230943,
    14.449999999999));
#10834 = CARTESIAN_POINT('',(9.354109379,-10.10272471892,14.449999999999
    ));
#10835 = CARTESIAN_POINT('',(9.362294544574,-10.08580223224,
    14.449999999999));
#10836 = CARTESIAN_POINT('',(9.37205072682,-10.0701616622,
    14.449999999999));
#10837 = CARTESIAN_POINT('',(9.383024934888,-10.05574475254,
    14.449999999999));
#10838 = CARTESIAN_POINT('',(9.395401606055,-10.04289364917,
    14.449999999999));
#10839 = CARTESIAN_POINT('',(9.408852756901,-10.03160467431,
    14.449999999999));
#10840 = CARTESIAN_POINT('',(9.42346972415,-10.02217331027,
    14.449999999999));
#10841 = CARTESIAN_POINT('',(9.43902519032,-10.01427664917,
    14.449999999999));
#10842 = CARTESIAN_POINT('',(9.455692144955,-10.00829538688,
    14.449999999999));
#10843 = CARTESIAN_POINT('',(9.473340087296,-10.00409729357,
    14.449999999999));
#10844 = CARTESIAN_POINT('',(9.492002825412,-10.0013297785,
    14.449999999999));
#10845 = CARTESIAN_POINT('',(9.50481852638,-10.00108124189,
    14.449999999999));
#10846 = CARTESIAN_POINT('',(9.511384071639,-10.00095391539,
    14.449999999999));
#10847 = ORIENTED_EDGE('',*,*,#10596,.T.);
#10848 = B_SPLINE_SURFACE_WITH_KNOTS('',3,1,(
    (#10849,#10850)
    ,(#10851,#10852)
    ,(#10853,#10854)
    ,(#10855,#10856)
    ,(#10857,#10858)
    ,(#10859,#10860)
    ,(#10861,#10862)
    ,(#10863,#10864)
    ,(#10865,#10866)
    ,(#10867,#10868)
    ,(#10869,#10870)
    ,(#10871,#10872)
    ,(#10873,#10874)
    ,(#10875,#10876)
    ,(#10877,#10878)
    ,(#10879,#10880)
    ,(#10881,#10882)
    ,(#10883,#10884)
    ,(#10885,#10886
    )),.UNSPECIFIED.,.F.,.F.,.F.,(4,1,1,1,1,1,1,1,1,1,1,1,1,1,1,1,4),(2,
    2),(0.,7.566077568468E-02,0.147993251351,0.216408953498,
    0.282269742731,0.345400383298,0.407235210806,0.467233490291,
    0.52687088715,0.585540122783,0.642783617402,0.699612630003,
    0.756675523883,0.814426692754,0.873735640082,0.935314160981,1.),(0.,
    1.),.UNSPECIFIED.);
#10849 = CARTESIAN_POINT('',(9.336013925286,-10.20551862946,
    14.449999999999));
#10850 = CARTESIAN_POINT('',(9.336013925286,-10.20551862946,
    14.499999999999));
#10851 = CARTESIAN_POINT('',(9.336138332033,-10.19784302201,
    14.449999999999));
#10852 = CARTESIAN_POINT('',(9.336138332033,-10.19784302201,
    14.499999999999));
#10853 = CARTESIAN_POINT('',(9.336381672904,-10.1828294553,
    14.449999999999));
#10854 = CARTESIAN_POINT('',(9.336381672904,-10.1828294553,
    14.499999999999));
#10855 = CARTESIAN_POINT('',(9.3386193912,-10.16096381979,
    14.449999999999));
#10856 = CARTESIAN_POINT('',(9.3386193912,-10.16096381979,
    14.499999999999));
#10857 = CARTESIAN_POINT('',(9.342388543977,-10.14033087459,
    14.449999999999));
#10858 = CARTESIAN_POINT('',(9.342388543977,-10.14033087459,
    14.499999999999));
#10859 = CARTESIAN_POINT('',(9.347514290293,-10.12095230943,
    14.449999999999));
#10860 = CARTESIAN_POINT('',(9.347514290293,-10.12095230943,
    14.499999999999));
#10861 = CARTESIAN_POINT('',(9.354109379,-10.10272471892,14.449999999999
    ));
#10862 = CARTESIAN_POINT('',(9.354109379,-10.10272471892,14.499999999999
    ));
#10863 = CARTESIAN_POINT('',(9.362294544574,-10.08580223224,
    14.449999999999));
#10864 = CARTESIAN_POINT('',(9.362294544574,-10.08580223224,
    14.499999999999));
#10865 = CARTESIAN_POINT('',(9.37205072682,-10.0701616622,
    14.449999999999));
#10866 = CARTESIAN_POINT('',(9.37205072682,-10.0701616622,
    14.499999999999));
#10867 = CARTESIAN_POINT('',(9.383024934888,-10.05574475254,
    14.449999999999));
#10868 = CARTESIAN_POINT('',(9.383024934888,-10.05574475254,
    14.499999999999));
#10869 = CARTESIAN_POINT('',(9.395401606055,-10.04289364917,
    14.449999999999));
#10870 = CARTESIAN_POINT('',(9.395401606055,-10.04289364917,
    14.499999999999));
#10871 = CARTESIAN_POINT('',(9.408852756901,-10.03160467431,
    14.449999999999));
#10872 = CARTESIAN_POINT('',(9.408852756901,-10.03160467431,
    14.499999999999));
#10873 = CARTESIAN_POINT('',(9.42346972415,-10.02217331027,
    14.449999999999));
#10874 = CARTESIAN_POINT('',(9.42346972415,-10.02217331027,
    14.499999999999));
#10875 = CARTESIAN_POINT('',(9.43902519032,-10.01427664917,
    14.449999999999));
#10876 = CARTESIAN_POINT('',(9.43902519032,-10.01427664917,
    14.499999999999));
#10877 = CARTESIAN_POINT('',(9.455692144955,-10.00829538688,
    14.449999999999));
#10878 = CARTESIAN_POINT('',(9.455692144955,-10.00829538688,
    14.499999999999));
#10879 = CARTESIAN_POINT('',(9.473340087296,-10.00409729357,
    14.449999999999));
#10880 = CARTESIAN_POINT('',(9.473340087296,-10.00409729357,
    14.499999999999));
#10881 = CARTESIAN_POINT('',(9.492002825412,-10.0013297785,
    14.449999999999));
#10882 = CARTESIAN_POINT('',(9.492002825412,-10.0013297785,
    14.499999999999));
#10883 = CARTESIAN_POINT('',(9.50481852638,-10.00108124189,
    14.449999999999));
#10884 = CARTESIAN_POINT('',(9.50481852638,-10.00108124189,
    14.499999999999));
#10885 = CARTESIAN_POINT('',(9.511384071639,-10.00095391539,
    14.449999999999));
#10886 = CARTESIAN_POINT('',(9.511384071639,-10.00095391539,
    14.499999999999));
#10887 = ADVANCED_FACE('',(#10888,#10986),#10992,.T.);
#10888 = FACE_BOUND('',#10889,.T.);
#10889 = EDGE_LOOP('',(#10890,#10916,#10940,#10964));
#10890 = ORIENTED_EDGE('',*,*,#10891,.F.);
#10891 = EDGE_CURVE('',#10892,#10894,#10896,.T.);
#10892 = VERTEX_POINT('',#10893);
#10893 = CARTESIAN_POINT('',(9.400890742434,-10.20551862946,
    14.449999999999));
#10894 = VERTEX_POINT('',#10895);
#10895 = CARTESIAN_POINT('',(9.511384071639,-10.35128872799,
    14.449999999999));
#10896 = B_SPLINE_CURVE_WITH_KNOTS('',3,(#10897,#10898,#10899,#10900,
    #10901,#10902,#10903,#10904,#10905,#10906,#10907,#10908,#10909,
    #10910,#10911,#10912,#10913,#10914,#10915),.UNSPECIFIED.,.F.,.F.,(4,
    1,1,1,1,1,1,1,1,1,1,1,1,1,1,1,4),(0.,8.361637509219E-02,
    0.162618374904,0.236730496663,0.306934663623,0.372958500949,
    0.435418652746,0.495150554795,0.552781082203,0.608886177116,
    0.662881526506,0.716307363869,0.770109844398,0.824581088229,
    0.880543310622,0.93882328047,1.),.UNSPECIFIED.);
#10897 = CARTESIAN_POINT('',(9.400890742434,-10.20551862946,
    14.449999999999));
#10898 = CARTESIAN_POINT('',(9.400943350187,-10.21130056855,
    14.449999999999));
#10899 = CARTESIAN_POINT('',(9.401045662531,-10.22254537003,
    14.449999999999));
#10900 = CARTESIAN_POINT('',(9.402558217103,-10.23885135189,
    14.449999999999));
#10901 = CARTESIAN_POINT('',(9.404675055913,-10.25415303303,
    14.449999999999));
#10902 = CARTESIAN_POINT('',(9.407959028927,-10.26833432066,
    14.449999999999));
#10903 = CARTESIAN_POINT('',(9.411967716397,-10.28148083208,
    14.449999999999));
#10904 = CARTESIAN_POINT('',(9.416899980798,-10.29355104021,
    14.449999999999));
#10905 = CARTESIAN_POINT('',(9.422963138597,-10.30442503617,
    14.449999999999));
#10906 = CARTESIAN_POINT('',(9.429714468389,-10.3143650627,
    14.449999999999));
#10907 = CARTESIAN_POINT('',(9.437449331708,-10.32303550054,
    14.449999999999));
#10908 = CARTESIAN_POINT('',(9.445799290089,-10.33069888143,
    14.449999999999));
#10909 = CARTESIAN_POINT('',(9.455053600216,-10.33696116894,
    14.449999999999));
#10910 = CARTESIAN_POINT('',(9.464892423287,-10.34230812702,
    14.449999999999));
#10911 = CARTESIAN_POINT('',(9.475529788517,-10.34637545319,
    14.449999999999));
#10912 = CARTESIAN_POINT('',(9.486870730283,-10.34917426245,
    14.449999999999));
#10913 = CARTESIAN_POINT('',(9.498894214041,-10.35094147366,
    14.449999999999));
#10914 = CARTESIAN_POINT('',(9.507154020732,-10.35117112028,
    14.449999999999));
#10915 = CARTESIAN_POINT('',(9.511384071639,-10.35128872799,
    14.449999999999));
#10916 = ORIENTED_EDGE('',*,*,#10917,.F.);
#10917 = EDGE_CURVE('',#10918,#10892,#10920,.T.);
#10918 = VERTEX_POINT('',#10919);
#10919 = CARTESIAN_POINT('',(9.511384071639,-10.05934305083,
    14.449999999999));
#10920 = B_SPLINE_CURVE_WITH_KNOTS('',3,(#10921,#10922,#10923,#10924,
    #10925,#10926,#10927,#10928,#10929,#10930,#10931,#10932,#10933,
    #10934,#10935,#10936,#10937,#10938,#10939),.UNSPECIFIED.,.F.,.F.,(4,
    1,1,1,1,1,1,1,1,1,1,1,1,1,1,1,4),(0.,6.13891420034E-02,0.11934099059
    ,0.175524863179,0.229579625349,0.282688466627,0.335198582421,
    0.388992012677,0.443433158074,0.500007711668,0.558811540723,
    0.620992264586,0.687185718491,0.758025002114,0.833250404598,
    0.913838487196,1.),.UNSPECIFIED.);
#10921 = CARTESIAN_POINT('',(9.511384071639,-10.05934305083,
    14.449999999999));
#10922 = CARTESIAN_POINT('',(9.50712171775,-10.05947096568,
    14.449999999999));
#10923 = CARTESIAN_POINT('',(9.498835667176,-10.05971963319,
    14.449999999999));
#10924 = CARTESIAN_POINT('',(9.486728926472,-10.06133308132,
    14.449999999999));
#10925 = CARTESIAN_POINT('',(9.475372735943,-10.06415867551,
    14.449999999999));
#10926 = CARTESIAN_POINT('',(9.464727823047,-10.06814141327,
    14.449999999999));
#10927 = CARTESIAN_POINT('',(9.454835783238,-10.07320877537,
    14.449999999999));
#10928 = CARTESIAN_POINT('',(9.445689843878,-10.07949579725,
    14.449999999999));
#10929 = CARTESIAN_POINT('',(9.437307583605,-10.08690049103,
    14.449999999999));
#10930 = CARTESIAN_POINT('',(9.429600815633,-10.09539496358,
    14.449999999999));
#10931 = CARTESIAN_POINT('',(9.422817385819,-10.10507493874,
    14.449999999999));
#10932 = CARTESIAN_POINT('',(9.416904724744,-10.11591978146,
    14.449999999999));
#10933 = CARTESIAN_POINT('',(9.411943192303,-10.1279587278,
    14.449999999999));
#10934 = CARTESIAN_POINT('',(9.407949963738,-10.14121613901,
    14.449999999999));
#10935 = CARTESIAN_POINT('',(9.404666409501,-10.15560027114,
    14.449999999999));
#10936 = CARTESIAN_POINT('',(9.402554042361,-10.17120681797,
    14.449999999999));
#10937 = CARTESIAN_POINT('',(9.40104096791,-10.1879518078,
    14.449999999999));
#10938 = CARTESIAN_POINT('',(9.400941921105,-10.19953398157,
    14.449999999999));
#10939 = CARTESIAN_POINT('',(9.400890742434,-10.20551862946,
    14.449999999999));
#10940 = ORIENTED_EDGE('',*,*,#10941,.F.);
#10941 = EDGE_CURVE('',#10942,#10918,#10944,.T.);
#10942 = VERTEX_POINT('',#10943);
#10943 = CARTESIAN_POINT('',(9.621471920737,-10.20551862946,
    14.449999999999));
#10944 = B_SPLINE_CURVE_WITH_KNOTS('',3,(#10945,#10946,#10947,#10948,
    #10949,#10950,#10951,#10952,#10953,#10954,#10955,#10956,#10957,
    #10958,#10959,#10960,#10961,#10962,#10963),.UNSPECIFIED.,.F.,.F.,(4,
    1,1,1,1,1,1,1,1,1,1,1,1,1,1,1,4),(0.,8.635976643448E-02,
    0.167133278461,0.242531771095,0.313534052612,0.379879814574,
    0.442392303436,0.501331437365,0.558318692468,0.612885104408,
    0.666437006411,0.719471012075,0.772268955158,0.825991641685,
    0.881358856844,0.939444049937,1.),.UNSPECIFIED.);
#10945 = CARTESIAN_POINT('',(9.621471920737,-10.20551862946,
    14.449999999999));
#10946 = CARTESIAN_POINT('',(9.621420827967,-10.19953394424,
    14.449999999999));
#10947 = CARTESIAN_POINT('',(9.621321947406,-10.18795169821,
    14.449999999999));
#10948 = CARTESIAN_POINT('',(9.619807713561,-10.17120721226,
    14.449999999999));
#10949 = CARTESIAN_POINT('',(9.617699333619,-10.15559893258,
    14.449999999999));
#10950 = CARTESIAN_POINT('',(9.614402216385,-10.14122069499,
    14.449999999999));
#10951 = CARTESIAN_POINT('',(9.610451170286,-10.12793078279,
    14.449999999999));
#10952 = CARTESIAN_POINT('',(9.605326191168,-10.11594843534,
    14.449999999999));
#10953 = CARTESIAN_POINT('',(9.599465592375,-10.10503856861,
    14.449999999999));
#10954 = CARTESIAN_POINT('',(9.592551845053,-10.09542076422,
    14.449999999999));
#10955 = CARTESIAN_POINT('',(9.584856559984,-10.08693817808,
    14.449999999999));
#10956 = CARTESIAN_POINT('',(9.576557449333,-10.07942534679,
    14.449999999999));
#10957 = CARTESIAN_POINT('',(9.567351149789,-10.07327361519,
    14.449999999999));
#10958 = CARTESIAN_POINT('',(9.557543275065,-10.06812979719,
    14.449999999999));
#10959 = CARTESIAN_POINT('',(9.547018619293,-10.06418121261,
    14.449999999999));
#10960 = CARTESIAN_POINT('',(9.535776072486,-10.06130569743,
    14.449999999999));
#10961 = CARTESIAN_POINT('',(9.523795535133,-10.05973420711,
    14.449999999999));
#10962 = CARTESIAN_POINT('',(9.515578268934,-10.059475234,
    14.449999999999));
#10963 = CARTESIAN_POINT('',(9.511384071639,-10.05934305083,
    14.449999999999));
#10964 = ORIENTED_EDGE('',*,*,#10965,.F.);
#10965 = EDGE_CURVE('',#10894,#10942,#10966,.T.);
#10966 = B_SPLINE_CURVE_WITH_KNOTS('',3,(#10967,#10968,#10969,#10970,
    #10971,#10972,#10973,#10974,#10975,#10976,#10977,#10978,#10979,
    #10980,#10981,#10982,#10983,#10984,#10985),.UNSPECIFIED.,.F.,.F.,(4,
    1,1,1,1,1,1,1,1,1,1,1,1,1,1,1,4),(0.,6.032029668208E-02,
    0.118231792104,0.173830873937,0.227953929672,0.280972979839,
    0.334384284799,0.388160451312,0.444011411094,0.501636327271,
    0.561487431236,0.62426170973,0.69056402604,0.760800771266,
    0.835617657747,0.915224633825,1.),.UNSPECIFIED.);
#10967 = CARTESIAN_POINT('',(9.511384071639,-10.35128872799,
    14.449999999999));
#10968 = CARTESIAN_POINT('',(9.515546764857,-10.35117019573,
    14.449999999999));
#10969 = CARTESIAN_POINT('',(9.523705920336,-10.35093786462,
    14.449999999999));
#10970 = CARTESIAN_POINT('',(9.535591437956,-10.34916933184,
    14.449999999999));
#10971 = CARTESIAN_POINT('',(9.546845176,-10.34639385188,14.449999999999
    ));
#10972 = CARTESIAN_POINT('',(9.557304402098,-10.34225206058,
    14.449999999999));
#10973 = CARTESIAN_POINT('',(9.567208068291,-10.33722690662,
    14.449999999999));
#10974 = CARTESIAN_POINT('',(9.576194698678,-10.33073482303,
    14.449999999999));
#10975 = CARTESIAN_POINT('',(9.584629070795,-10.32326811858,
    14.449999999999));
#10976 = CARTESIAN_POINT('',(9.592322479562,-10.31463262131,
    14.449999999999));
#10977 = CARTESIAN_POINT('',(9.599246961691,-10.30485472096,
    14.449999999999));
#10978 = CARTESIAN_POINT('',(9.605234843131,-10.2939270861,
    14.449999999999));
#10979 = CARTESIAN_POINT('',(9.610287804902,-10.28189364501,
    14.449999999999));
#10980 = CARTESIAN_POINT('',(9.614467293575,-10.26877201139,
    14.449999999999));
#10981 = CARTESIAN_POINT('',(9.617510798977,-10.25449804651,
    14.449999999999));
#10982 = CARTESIAN_POINT('',(9.619893106874,-10.23917424417,
    14.449999999999));
#10983 = CARTESIAN_POINT('',(9.621142441694,-10.22270448908,
    14.449999999999));
#10984 = CARTESIAN_POINT('',(9.621359816212,-10.21136608067,
    14.449999999999));
#10985 = CARTESIAN_POINT('',(9.621471920737,-10.20551862946,
    14.449999999999));
#10986 = FACE_BOUND('',#10987,.T.);
#10987 = EDGE_LOOP('',(#10988,#10989,#10990,#10991));
#10988 = ORIENTED_EDGE('',*,*,#10604,.F.);
#10989 = ORIENTED_EDGE('',*,*,#10826,.F.);
#10990 = ORIENTED_EDGE('',*,*,#10752,.F.);
#10991 = ORIENTED_EDGE('',*,*,#10678,.F.);
#10992 = PLANE('',#10993);
#10993 = AXIS2_PLACEMENT_3D('',#10994,#10995,#10996);
#10994 = CARTESIAN_POINT('',(9.644138584617,-10.06254203629,
    14.449999999999));
#10995 = DIRECTION('',(7.040581423462E-13,8.411602288319E-12,1.));
#10996 = DIRECTION('',(-3.491481338814E-15,-1.,8.411602288319E-12));
#10997 = ADVANCED_FACE('',(#10998),#11039,.T.);
#10998 = FACE_BOUND('',#10999,.T.);
#10999 = EDGE_LOOP('',(#11000,#11026,#11032,#11033));
#11000 = ORIENTED_EDGE('',*,*,#11001,.F.);
#11001 = EDGE_CURVE('',#11002,#11004,#11006,.T.);
#11002 = VERTEX_POINT('',#11003);
#11003 = CARTESIAN_POINT('',(9.511384071639,-10.35128872799,
    14.499999999999));
#11004 = VERTEX_POINT('',#11005);
#11005 = CARTESIAN_POINT('',(9.621471920737,-10.20551862946,
    14.499999999999));
#11006 = B_SPLINE_CURVE_WITH_KNOTS('',3,(#11007,#11008,#11009,#11010,
    #11011,#11012,#11013,#11014,#11015,#11016,#11017,#11018,#11019,
    #11020,#11021,#11022,#11023,#11024,#11025),.UNSPECIFIED.,.F.,.F.,(4,
    1,1,1,1,1,1,1,1,1,1,1,1,1,1,1,4),(0.,6.032029668208E-02,
    0.118231792104,0.173830873937,0.227953929672,0.280972979839,
    0.334384284799,0.388160451312,0.444011411094,0.501636327271,
    0.561487431236,0.62426170973,0.69056402604,0.760800771266,
    0.835617657747,0.915224633825,1.),.UNSPECIFIED.);
#11007 = CARTESIAN_POINT('',(9.511384071639,-10.35128872799,
    14.499999999999));
#11008 = CARTESIAN_POINT('',(9.515546764857,-10.35117019573,
    14.499999999999));
#11009 = CARTESIAN_POINT('',(9.523705920336,-10.35093786462,
    14.499999999999));
#11010 = CARTESIAN_POINT('',(9.535591437956,-10.34916933184,
    14.499999999999));
#11011 = CARTESIAN_POINT('',(9.546845176,-10.34639385188,14.499999999999
    ));
#11012 = CARTESIAN_POINT('',(9.557304402098,-10.34225206058,
    14.499999999999));
#11013 = CARTESIAN_POINT('',(9.567208068291,-10.33722690662,
    14.499999999999));
#11014 = CARTESIAN_POINT('',(9.576194698678,-10.33073482303,
    14.499999999999));
#11015 = CARTESIAN_POINT('',(9.584629070795,-10.32326811858,
    14.499999999999));
#11016 = CARTESIAN_POINT('',(9.592322479562,-10.31463262131,
    14.499999999999));
#11017 = CARTESIAN_POINT('',(9.599246961691,-10.30485472096,
    14.499999999999));
#11018 = CARTESIAN_POINT('',(9.605234843131,-10.2939270861,
    14.499999999999));
#11019 = CARTESIAN_POINT('',(9.610287804902,-10.28189364501,
    14.499999999999));
#11020 = CARTESIAN_POINT('',(9.614467293575,-10.26877201139,
    14.499999999999));
#11021 = CARTESIAN_POINT('',(9.617510798977,-10.25449804651,
    14.499999999999));
#11022 = CARTESIAN_POINT('',(9.619893106874,-10.23917424417,
    14.499999999999));
#11023 = CARTESIAN_POINT('',(9.621142441694,-10.22270448908,
    14.499999999999));
#11024 = CARTESIAN_POINT('',(9.621359816212,-10.21136608067,
    14.499999999999));
#11025 = CARTESIAN_POINT('',(9.621471920737,-10.20551862946,
    14.499999999999));
#11026 = ORIENTED_EDGE('',*,*,#11027,.F.);
#11027 = EDGE_CURVE('',#10894,#11002,#11028,.T.);
#11028 = LINE('',#11029,#11030);
#11029 = CARTESIAN_POINT('',(9.511384071639,-10.35128872799,
    14.449999999999));
#11030 = VECTOR('',#11031,1.);
#11031 = DIRECTION('',(3.491481338843E-15,-6.123233995737E-17,1.));
#11032 = ORIENTED_EDGE('',*,*,#10965,.T.);
#11033 = ORIENTED_EDGE('',*,*,#11034,.T.);
#11034 = EDGE_CURVE('',#10942,#11004,#11035,.T.);
#11035 = LINE('',#11036,#11037);
#11036 = CARTESIAN_POINT('',(9.621471920737,-10.20551862946,
    14.449999999999));
#11037 = VECTOR('',#11038,1.);
#11038 = DIRECTION('',(3.491481338843E-15,-6.123233995737E-17,1.));
#11039 = B_SPLINE_SURFACE_WITH_KNOTS('',3,1,(
    (#11040,#11041)
    ,(#11042,#11043)
    ,(#11044,#11045)
    ,(#11046,#11047)
    ,(#11048,#11049)
    ,(#11050,#11051)
    ,(#11052,#11053)
    ,(#11054,#11055)
    ,(#11056,#11057)
    ,(#11058,#11059)
    ,(#11060,#11061)
    ,(#11062,#11063)
    ,(#11064,#11065)
    ,(#11066,#11067)
    ,(#11068,#11069)
    ,(#11070,#11071)
    ,(#11072,#11073)
    ,(#11074,#11075)
    ,(#11076,#11077
    )),.UNSPECIFIED.,.F.,.F.,.F.,(4,1,1,1,1,1,1,1,1,1,1,1,1,1,1,1,4),(2,
    2),(0.,6.032029668208E-02,0.118231792104,0.173830873937,
    0.227953929672,0.280972979839,0.334384284799,0.388160451312,
    0.444011411094,0.501636327271,0.561487431236,0.62426170973,
    0.69056402604,0.760800771266,0.835617657747,0.915224633825,1.),(0.,
    1.),.UNSPECIFIED.);
#11040 = CARTESIAN_POINT('',(9.511384071639,-10.35128872799,
    14.449999999999));
#11041 = CARTESIAN_POINT('',(9.511384071639,-10.35128872799,
    14.499999999999));
#11042 = CARTESIAN_POINT('',(9.515546764857,-10.35117019573,
    14.449999999999));
#11043 = CARTESIAN_POINT('',(9.515546764857,-10.35117019573,
    14.499999999999));
#11044 = CARTESIAN_POINT('',(9.523705920336,-10.35093786462,
    14.449999999999));
#11045 = CARTESIAN_POINT('',(9.523705920336,-10.35093786462,
    14.499999999999));
#11046 = CARTESIAN_POINT('',(9.535591437956,-10.34916933184,
    14.449999999999));
#11047 = CARTESIAN_POINT('',(9.535591437956,-10.34916933184,
    14.499999999999));
#11048 = CARTESIAN_POINT('',(9.546845176,-10.34639385188,14.449999999999
    ));
#11049 = CARTESIAN_POINT('',(9.546845176,-10.34639385188,14.499999999999
    ));
#11050 = CARTESIAN_POINT('',(9.557304402098,-10.34225206058,
    14.449999999999));
#11051 = CARTESIAN_POINT('',(9.557304402098,-10.34225206058,
    14.499999999999));
#11052 = CARTESIAN_POINT('',(9.567208068291,-10.33722690662,
    14.449999999999));
#11053 = CARTESIAN_POINT('',(9.567208068291,-10.33722690662,
    14.499999999999));
#11054 = CARTESIAN_POINT('',(9.576194698678,-10.33073482303,
    14.449999999999));
#11055 = CARTESIAN_POINT('',(9.576194698678,-10.33073482303,
    14.499999999999));
#11056 = CARTESIAN_POINT('',(9.584629070795,-10.32326811858,
    14.449999999999));
#11057 = CARTESIAN_POINT('',(9.584629070795,-10.32326811858,
    14.499999999999));
#11058 = CARTESIAN_POINT('',(9.592322479562,-10.31463262131,
    14.449999999999));
#11059 = CARTESIAN_POINT('',(9.592322479562,-10.31463262131,
    14.499999999999));
#11060 = CARTESIAN_POINT('',(9.599246961691,-10.30485472096,
    14.449999999999));
#11061 = CARTESIAN_POINT('',(9.599246961691,-10.30485472096,
    14.499999999999));
#11062 = CARTESIAN_POINT('',(9.605234843131,-10.2939270861,
    14.449999999999));
#11063 = CARTESIAN_POINT('',(9.605234843131,-10.2939270861,
    14.499999999999));
#11064 = CARTESIAN_POINT('',(9.610287804902,-10.28189364501,
    14.449999999999));
#11065 = CARTESIAN_POINT('',(9.610287804902,-10.28189364501,
    14.499999999999));
#11066 = CARTESIAN_POINT('',(9.614467293575,-10.26877201139,
    14.449999999999));
#11067 = CARTESIAN_POINT('',(9.614467293575,-10.26877201139,
    14.499999999999));
#11068 = CARTESIAN_POINT('',(9.617510798977,-10.25449804651,
    14.449999999999));
#11069 = CARTESIAN_POINT('',(9.617510798977,-10.25449804651,
    14.499999999999));
#11070 = CARTESIAN_POINT('',(9.619893106874,-10.23917424417,
    14.449999999999));
#11071 = CARTESIAN_POINT('',(9.619893106874,-10.23917424417,
    14.499999999999));
#11072 = CARTESIAN_POINT('',(9.621142441694,-10.22270448908,
    14.449999999999));
#11073 = CARTESIAN_POINT('',(9.621142441694,-10.22270448908,
    14.499999999999));
#11074 = CARTESIAN_POINT('',(9.621359816212,-10.21136608067,
    14.449999999999));
#11075 = CARTESIAN_POINT('',(9.621359816212,-10.21136608067,
    14.499999999999));
#11076 = CARTESIAN_POINT('',(9.621471920737,-10.20551862946,
    14.449999999999));
#11077 = CARTESIAN_POINT('',(9.621471920737,-10.20551862946,
    14.499999999999));
#11078 = ADVANCED_FACE('',(#11079),#11113,.T.);
#11079 = FACE_BOUND('',#11080,.T.);
#11080 = EDGE_LOOP('',(#11081,#11105,#11111,#11112));
#11081 = ORIENTED_EDGE('',*,*,#11082,.F.);
#11082 = EDGE_CURVE('',#11083,#11002,#11085,.T.);
#11083 = VERTEX_POINT('',#11084);
#11084 = CARTESIAN_POINT('',(9.400890742434,-10.20551862946,
    14.499999999999));
#11085 = B_SPLINE_CURVE_WITH_KNOTS('',3,(#11086,#11087,#11088,#11089,
    #11090,#11091,#11092,#11093,#11094,#11095,#11096,#11097,#11098,
    #11099,#11100,#11101,#11102,#11103,#11104),.UNSPECIFIED.,.F.,.F.,(4,
    1,1,1,1,1,1,1,1,1,1,1,1,1,1,1,4),(0.,8.361637509219E-02,
    0.162618374904,0.236730496663,0.306934663623,0.372958500949,
    0.435418652746,0.495150554795,0.552781082203,0.608886177116,
    0.662881526506,0.716307363869,0.770109844398,0.824581088229,
    0.880543310622,0.93882328047,1.),.UNSPECIFIED.);
#11086 = CARTESIAN_POINT('',(9.400890742434,-10.20551862946,
    14.499999999999));
#11087 = CARTESIAN_POINT('',(9.400943350187,-10.21130056855,
    14.499999999999));
#11088 = CARTESIAN_POINT('',(9.401045662531,-10.22254537003,
    14.499999999999));
#11089 = CARTESIAN_POINT('',(9.402558217103,-10.23885135189,
    14.499999999999));
#11090 = CARTESIAN_POINT('',(9.404675055913,-10.25415303303,
    14.499999999999));
#11091 = CARTESIAN_POINT('',(9.407959028927,-10.26833432066,
    14.499999999999));
#11092 = CARTESIAN_POINT('',(9.411967716397,-10.28148083208,
    14.499999999999));
#11093 = CARTESIAN_POINT('',(9.416899980798,-10.29355104021,
    14.499999999999));
#11094 = CARTESIAN_POINT('',(9.422963138597,-10.30442503617,
    14.499999999999));
#11095 = CARTESIAN_POINT('',(9.429714468389,-10.3143650627,
    14.499999999999));
#11096 = CARTESIAN_POINT('',(9.437449331708,-10.32303550054,
    14.499999999999));
#11097 = CARTESIAN_POINT('',(9.445799290089,-10.33069888143,
    14.499999999999));
#11098 = CARTESIAN_POINT('',(9.455053600216,-10.33696116894,
    14.499999999999));
#11099 = CARTESIAN_POINT('',(9.464892423287,-10.34230812702,
    14.499999999999));
#11100 = CARTESIAN_POINT('',(9.475529788517,-10.34637545319,
    14.499999999999));
#11101 = CARTESIAN_POINT('',(9.486870730283,-10.34917426245,
    14.499999999999));
#11102 = CARTESIAN_POINT('',(9.498894214041,-10.35094147366,
    14.499999999999));
#11103 = CARTESIAN_POINT('',(9.507154020732,-10.35117112028,
    14.499999999999));
#11104 = CARTESIAN_POINT('',(9.511384071639,-10.35128872799,
    14.499999999999));
#11105 = ORIENTED_EDGE('',*,*,#11106,.F.);
#11106 = EDGE_CURVE('',#10892,#11083,#11107,.T.);
#11107 = LINE('',#11108,#11109);
#11108 = CARTESIAN_POINT('',(9.400890742434,-10.20551862946,
    14.449999999999));
#11109 = VECTOR('',#11110,1.);
#11110 = DIRECTION('',(3.491481338843E-15,-6.123233995737E-17,1.));
#11111 = ORIENTED_EDGE('',*,*,#10891,.T.);
#11112 = ORIENTED_EDGE('',*,*,#11027,.T.);
#11113 = B_SPLINE_SURFACE_WITH_KNOTS('',3,1,(
    (#11114,#11115)
    ,(#11116,#11117)
    ,(#11118,#11119)
    ,(#11120,#11121)
    ,(#11122,#11123)
    ,(#11124,#11125)
    ,(#11126,#11127)
    ,(#11128,#11129)
    ,(#11130,#11131)
    ,(#11132,#11133)
    ,(#11134,#11135)
    ,(#11136,#11137)
    ,(#11138,#11139)
    ,(#11140,#11141)
    ,(#11142,#11143)
    ,(#11144,#11145)
    ,(#11146,#11147)
    ,(#11148,#11149)
    ,(#11150,#11151
    )),.UNSPECIFIED.,.F.,.F.,.F.,(4,1,1,1,1,1,1,1,1,1,1,1,1,1,1,1,4),(2,
    2),(0.,8.361637509219E-02,0.162618374904,0.236730496663,
    0.306934663623,0.372958500949,0.435418652746,0.495150554795,
    0.552781082203,0.608886177116,0.662881526506,0.716307363869,
    0.770109844398,0.824581088229,0.880543310622,0.93882328047,1.),(0.,
    1.),.UNSPECIFIED.);
#11114 = CARTESIAN_POINT('',(9.400890742434,-10.20551862946,
    14.449999999999));
#11115 = CARTESIAN_POINT('',(9.400890742434,-10.20551862946,
    14.499999999999));
#11116 = CARTESIAN_POINT('',(9.400943350187,-10.21130056855,
    14.449999999999));
#11117 = CARTESIAN_POINT('',(9.400943350187,-10.21130056855,
    14.499999999999));
#11118 = CARTESIAN_POINT('',(9.401045662531,-10.22254537003,
    14.449999999999));
#11119 = CARTESIAN_POINT('',(9.401045662531,-10.22254537003,
    14.499999999999));
#11120 = CARTESIAN_POINT('',(9.402558217103,-10.23885135189,
    14.449999999999));
#11121 = CARTESIAN_POINT('',(9.402558217103,-10.23885135189,
    14.499999999999));
#11122 = CARTESIAN_POINT('',(9.404675055913,-10.25415303303,
    14.449999999999));
#11123 = CARTESIAN_POINT('',(9.404675055913,-10.25415303303,
    14.499999999999));
#11124 = CARTESIAN_POINT('',(9.407959028927,-10.26833432066,
    14.449999999999));
#11125 = CARTESIAN_POINT('',(9.407959028927,-10.26833432066,
    14.499999999999));
#11126 = CARTESIAN_POINT('',(9.411967716397,-10.28148083208,
    14.449999999999));
#11127 = CARTESIAN_POINT('',(9.411967716397,-10.28148083208,
    14.499999999999));
#11128 = CARTESIAN_POINT('',(9.416899980798,-10.29355104021,
    14.449999999999));
#11129 = CARTESIAN_POINT('',(9.416899980798,-10.29355104021,
    14.499999999999));
#11130 = CARTESIAN_POINT('',(9.422963138597,-10.30442503617,
    14.449999999999));
#11131 = CARTESIAN_POINT('',(9.422963138597,-10.30442503617,
    14.499999999999));
#11132 = CARTESIAN_POINT('',(9.429714468389,-10.3143650627,
    14.449999999999));
#11133 = CARTESIAN_POINT('',(9.429714468389,-10.3143650627,
    14.499999999999));
#11134 = CARTESIAN_POINT('',(9.437449331708,-10.32303550054,
    14.449999999999));
#11135 = CARTESIAN_POINT('',(9.437449331708,-10.32303550054,
    14.499999999999));
#11136 = CARTESIAN_POINT('',(9.445799290089,-10.33069888143,
    14.449999999999));
#11137 = CARTESIAN_POINT('',(9.445799290089,-10.33069888143,
    14.499999999999));
#11138 = CARTESIAN_POINT('',(9.455053600216,-10.33696116894,
    14.449999999999));
#11139 = CARTESIAN_POINT('',(9.455053600216,-10.33696116894,
    14.499999999999));
#11140 = CARTESIAN_POINT('',(9.464892423287,-10.34230812702,
    14.449999999999));
#11141 = CARTESIAN_POINT('',(9.464892423287,-10.34230812702,
    14.499999999999));
#11142 = CARTESIAN_POINT('',(9.475529788517,-10.34637545319,
    14.449999999999));
#11143 = CARTESIAN_POINT('',(9.475529788517,-10.34637545319,
    14.499999999999));
#11144 = CARTESIAN_POINT('',(9.486870730283,-10.34917426245,
    14.449999999999));
#11145 = CARTESIAN_POINT('',(9.486870730283,-10.34917426245,
    14.499999999999));
#11146 = CARTESIAN_POINT('',(9.498894214041,-10.35094147366,
    14.449999999999));
#11147 = CARTESIAN_POINT('',(9.498894214041,-10.35094147366,
    14.499999999999));
#11148 = CARTESIAN_POINT('',(9.507154020732,-10.35117112028,
    14.449999999999));
#11149 = CARTESIAN_POINT('',(9.507154020732,-10.35117112028,
    14.499999999999));
#11150 = CARTESIAN_POINT('',(9.511384071639,-10.35128872799,
    14.449999999999));
#11151 = CARTESIAN_POINT('',(9.511384071639,-10.35128872799,
    14.499999999999));
#11152 = ADVANCED_FACE('',(#11153),#11187,.T.);
#11153 = FACE_BOUND('',#11154,.T.);
#11154 = EDGE_LOOP('',(#11155,#11179,#11185,#11186));
#11155 = ORIENTED_EDGE('',*,*,#11156,.F.);
#11156 = EDGE_CURVE('',#11157,#11083,#11159,.T.);
#11157 = VERTEX_POINT('',#11158);
#11158 = CARTESIAN_POINT('',(9.511384071639,-10.05934305083,
    14.499999999999));
#11159 = B_SPLINE_CURVE_WITH_KNOTS('',3,(#11160,#11161,#11162,#11163,
    #11164,#11165,#11166,#11167,#11168,#11169,#11170,#11171,#11172,
    #11173,#11174,#11175,#11176,#11177,#11178),.UNSPECIFIED.,.F.,.F.,(4,
    1,1,1,1,1,1,1,1,1,1,1,1,1,1,1,4),(0.,6.13891420034E-02,0.11934099059
    ,0.175524863179,0.229579625349,0.282688466627,0.335198582421,
    0.388992012677,0.443433158074,0.500007711668,0.558811540723,
    0.620992264586,0.687185718491,0.758025002114,0.833250404598,
    0.913838487196,1.),.UNSPECIFIED.);
#11160 = CARTESIAN_POINT('',(9.511384071639,-10.05934305083,
    14.499999999999));
#11161 = CARTESIAN_POINT('',(9.50712171775,-10.05947096568,
    14.499999999999));
#11162 = CARTESIAN_POINT('',(9.498835667176,-10.05971963319,
    14.499999999999));
#11163 = CARTESIAN_POINT('',(9.486728926472,-10.06133308132,
    14.499999999999));
#11164 = CARTESIAN_POINT('',(9.475372735943,-10.06415867551,
    14.499999999999));
#11165 = CARTESIAN_POINT('',(9.464727823047,-10.06814141327,
    14.499999999999));
#11166 = CARTESIAN_POINT('',(9.454835783238,-10.07320877537,
    14.499999999999));
#11167 = CARTESIAN_POINT('',(9.445689843878,-10.07949579725,
    14.499999999999));
#11168 = CARTESIAN_POINT('',(9.437307583605,-10.08690049103,
    14.499999999999));
#11169 = CARTESIAN_POINT('',(9.429600815633,-10.09539496358,
    14.499999999999));
#11170 = CARTESIAN_POINT('',(9.422817385819,-10.10507493874,
    14.499999999999));
#11171 = CARTESIAN_POINT('',(9.416904724744,-10.11591978146,
    14.499999999999));
#11172 = CARTESIAN_POINT('',(9.411943192303,-10.1279587278,
    14.499999999999));
#11173 = CARTESIAN_POINT('',(9.407949963738,-10.14121613901,
    14.499999999999));
#11174 = CARTESIAN_POINT('',(9.404666409501,-10.15560027114,
    14.499999999999));
#11175 = CARTESIAN_POINT('',(9.402554042361,-10.17120681797,
    14.499999999999));
#11176 = CARTESIAN_POINT('',(9.40104096791,-10.1879518078,
    14.499999999999));
#11177 = CARTESIAN_POINT('',(9.400941921105,-10.19953398157,
    14.499999999999));
#11178 = CARTESIAN_POINT('',(9.400890742434,-10.20551862946,
    14.499999999999));
#11179 = ORIENTED_EDGE('',*,*,#11180,.F.);
#11180 = EDGE_CURVE('',#10918,#11157,#11181,.T.);
#11181 = LINE('',#11182,#11183);
#11182 = CARTESIAN_POINT('',(9.511384071639,-10.05934305083,
    14.449999999999));
#11183 = VECTOR('',#11184,1.);
#11184 = DIRECTION('',(3.491481338843E-15,-6.123233995737E-17,1.));
#11185 = ORIENTED_EDGE('',*,*,#10917,.T.);
#11186 = ORIENTED_EDGE('',*,*,#11106,.T.);
#11187 = B_SPLINE_SURFACE_WITH_KNOTS('',3,1,(
    (#11188,#11189)
    ,(#11190,#11191)
    ,(#11192,#11193)
    ,(#11194,#11195)
    ,(#11196,#11197)
    ,(#11198,#11199)
    ,(#11200,#11201)
    ,(#11202,#11203)
    ,(#11204,#11205)
    ,(#11206,#11207)
    ,(#11208,#11209)
    ,(#11210,#11211)
    ,(#11212,#11213)
    ,(#11214,#11215)
    ,(#11216,#11217)
    ,(#11218,#11219)
    ,(#11220,#11221)
    ,(#11222,#11223)
    ,(#11224,#11225
    )),.UNSPECIFIED.,.F.,.F.,.F.,(4,1,1,1,1,1,1,1,1,1,1,1,1,1,1,1,4),(2,
    2),(0.,6.13891420034E-02,0.11934099059,0.175524863179,0.229579625349
    ,0.282688466627,0.335198582421,0.388992012677,0.443433158074,
    0.500007711668,0.558811540723,0.620992264586,0.687185718491,
    0.758025002114,0.833250404598,0.913838487196,1.),(0.,1.),
  .UNSPECIFIED.);
#11188 = CARTESIAN_POINT('',(9.511384071639,-10.05934305083,
    14.449999999999));
#11189 = CARTESIAN_POINT('',(9.511384071639,-10.05934305083,
    14.499999999999));
#11190 = CARTESIAN_POINT('',(9.50712171775,-10.05947096568,
    14.449999999999));
#11191 = CARTESIAN_POINT('',(9.50712171775,-10.05947096568,
    14.499999999999));
#11192 = CARTESIAN_POINT('',(9.498835667176,-10.05971963319,
    14.449999999999));
#11193 = CARTESIAN_POINT('',(9.498835667176,-10.05971963319,
    14.499999999999));
#11194 = CARTESIAN_POINT('',(9.486728926472,-10.06133308132,
    14.449999999999));
#11195 = CARTESIAN_POINT('',(9.486728926472,-10.06133308132,
    14.499999999999));
#11196 = CARTESIAN_POINT('',(9.475372735943,-10.06415867551,
    14.449999999999));
#11197 = CARTESIAN_POINT('',(9.475372735943,-10.06415867551,
    14.499999999999));
#11198 = CARTESIAN_POINT('',(9.464727823047,-10.06814141327,
    14.449999999999));
#11199 = CARTESIAN_POINT('',(9.464727823047,-10.06814141327,
    14.499999999999));
#11200 = CARTESIAN_POINT('',(9.454835783238,-10.07320877537,
    14.449999999999));
#11201 = CARTESIAN_POINT('',(9.454835783238,-10.07320877537,
    14.499999999999));
#11202 = CARTESIAN_POINT('',(9.445689843878,-10.07949579725,
    14.449999999999));
#11203 = CARTESIAN_POINT('',(9.445689843878,-10.07949579725,
    14.499999999999));
#11204 = CARTESIAN_POINT('',(9.437307583605,-10.08690049103,
    14.449999999999));
#11205 = CARTESIAN_POINT('',(9.437307583605,-10.08690049103,
    14.499999999999));
#11206 = CARTESIAN_POINT('',(9.429600815633,-10.09539496358,
    14.449999999999));
#11207 = CARTESIAN_POINT('',(9.429600815633,-10.09539496358,
    14.499999999999));
#11208 = CARTESIAN_POINT('',(9.422817385819,-10.10507493874,
    14.449999999999));
#11209 = CARTESIAN_POINT('',(9.422817385819,-10.10507493874,
    14.499999999999));
#11210 = CARTESIAN_POINT('',(9.416904724744,-10.11591978146,
    14.449999999999));
#11211 = CARTESIAN_POINT('',(9.416904724744,-10.11591978146,
    14.499999999999));
#11212 = CARTESIAN_POINT('',(9.411943192303,-10.1279587278,
    14.449999999999));
#11213 = CARTESIAN_POINT('',(9.411943192303,-10.1279587278,
    14.499999999999));
#11214 = CARTESIAN_POINT('',(9.407949963738,-10.14121613901,
    14.449999999999));
#11215 = CARTESIAN_POINT('',(9.407949963738,-10.14121613901,
    14.499999999999));
#11216 = CARTESIAN_POINT('',(9.404666409501,-10.15560027114,
    14.449999999999));
#11217 = CARTESIAN_POINT('',(9.404666409501,-10.15560027114,
    14.499999999999));
#11218 = CARTESIAN_POINT('',(9.402554042361,-10.17120681797,
    14.449999999999));
#11219 = CARTESIAN_POINT('',(9.402554042361,-10.17120681797,
    14.499999999999));
#11220 = CARTESIAN_POINT('',(9.40104096791,-10.1879518078,
    14.449999999999));
#11221 = CARTESIAN_POINT('',(9.40104096791,-10.1879518078,
    14.499999999999));
#11222 = CARTESIAN_POINT('',(9.400941921105,-10.19953398157,
    14.449999999999));
#11223 = CARTESIAN_POINT('',(9.400941921105,-10.19953398157,
    14.499999999999));
#11224 = CARTESIAN_POINT('',(9.400890742434,-10.20551862946,
    14.449999999999));
#11225 = CARTESIAN_POINT('',(9.400890742434,-10.20551862946,
    14.499999999999));
#11226 = ADVANCED_FACE('',(#11227),#11254,.T.);
#11227 = FACE_BOUND('',#11228,.T.);
#11228 = EDGE_LOOP('',(#11229,#11251,#11252,#11253));
#11229 = ORIENTED_EDGE('',*,*,#11230,.F.);
#11230 = EDGE_CURVE('',#11004,#11157,#11231,.T.);
#11231 = B_SPLINE_CURVE_WITH_KNOTS('',3,(#11232,#11233,#11234,#11235,
    #11236,#11237,#11238,#11239,#11240,#11241,#11242,#11243,#11244,
    #11245,#11246,#11247,#11248,#11249,#11250),.UNSPECIFIED.,.F.,.F.,(4,
    1,1,1,1,1,1,1,1,1,1,1,1,1,1,1,4),(0.,8.635976643448E-02,
    0.167133278461,0.242531771095,0.313534052612,0.379879814574,
    0.442392303436,0.501331437365,0.558318692468,0.612885104408,
    0.666437006411,0.719471012075,0.772268955158,0.825991641685,
    0.881358856844,0.939444049937,1.),.UNSPECIFIED.);
#11232 = CARTESIAN_POINT('',(9.621471920737,-10.20551862946,
    14.499999999999));
#11233 = CARTESIAN_POINT('',(9.621420827967,-10.19953394424,
    14.499999999999));
#11234 = CARTESIAN_POINT('',(9.621321947406,-10.18795169821,
    14.499999999999));
#11235 = CARTESIAN_POINT('',(9.619807713561,-10.17120721226,
    14.499999999999));
#11236 = CARTESIAN_POINT('',(9.617699333619,-10.15559893258,
    14.499999999999));
#11237 = CARTESIAN_POINT('',(9.614402216385,-10.14122069499,
    14.499999999999));
#11238 = CARTESIAN_POINT('',(9.610451170286,-10.12793078279,
    14.499999999999));
#11239 = CARTESIAN_POINT('',(9.605326191168,-10.11594843534,
    14.499999999999));
#11240 = CARTESIAN_POINT('',(9.599465592375,-10.10503856861,
    14.499999999999));
#11241 = CARTESIAN_POINT('',(9.592551845053,-10.09542076422,
    14.499999999999));
#11242 = CARTESIAN_POINT('',(9.584856559984,-10.08693817808,
    14.499999999999));
#11243 = CARTESIAN_POINT('',(9.576557449333,-10.07942534679,
    14.499999999999));
#11244 = CARTESIAN_POINT('',(9.567351149789,-10.07327361519,
    14.499999999999));
#11245 = CARTESIAN_POINT('',(9.557543275065,-10.06812979719,
    14.499999999999));
#11246 = CARTESIAN_POINT('',(9.547018619293,-10.06418121261,
    14.499999999999));
#11247 = CARTESIAN_POINT('',(9.535776072486,-10.06130569743,
    14.499999999999));
#11248 = CARTESIAN_POINT('',(9.523795535133,-10.05973420711,
    14.499999999999));
#11249 = CARTESIAN_POINT('',(9.515578268934,-10.059475234,
    14.499999999999));
#11250 = CARTESIAN_POINT('',(9.511384071639,-10.05934305083,
    14.499999999999));
#11251 = ORIENTED_EDGE('',*,*,#11034,.F.);
#11252 = ORIENTED_EDGE('',*,*,#10941,.T.);
#11253 = ORIENTED_EDGE('',*,*,#11180,.T.);
#11254 = B_SPLINE_SURFACE_WITH_KNOTS('',3,1,(
    (#11255,#11256)
    ,(#11257,#11258)
    ,(#11259,#11260)
    ,(#11261,#11262)
    ,(#11263,#11264)
    ,(#11265,#11266)
    ,(#11267,#11268)
    ,(#11269,#11270)
    ,(#11271,#11272)
    ,(#11273,#11274)
    ,(#11275,#11276)
    ,(#11277,#11278)
    ,(#11279,#11280)
    ,(#11281,#11282)
    ,(#11283,#11284)
    ,(#11285,#11286)
    ,(#11287,#11288)
    ,(#11289,#11290)
    ,(#11291,#11292
    )),.UNSPECIFIED.,.F.,.F.,.F.,(4,1,1,1,1,1,1,1,1,1,1,1,1,1,1,1,4),(2,
    2),(0.,8.635976643448E-02,0.167133278461,0.242531771095,
    0.313534052612,0.379879814574,0.442392303436,0.501331437365,
    0.558318692468,0.612885104408,0.666437006411,0.719471012075,
    0.772268955158,0.825991641685,0.881358856844,0.939444049937,1.),(0.,
    1.),.UNSPECIFIED.);
#11255 = CARTESIAN_POINT('',(9.621471920737,-10.20551862946,
    14.449999999999));
#11256 = CARTESIAN_POINT('',(9.621471920737,-10.20551862946,
    14.499999999999));
#11257 = CARTESIAN_POINT('',(9.621420827967,-10.19953394424,
    14.449999999999));
#11258 = CARTESIAN_POINT('',(9.621420827967,-10.19953394424,
    14.499999999999));
#11259 = CARTESIAN_POINT('',(9.621321947406,-10.18795169821,
    14.449999999999));
#11260 = CARTESIAN_POINT('',(9.621321947406,-10.18795169821,
    14.499999999999));
#11261 = CARTESIAN_POINT('',(9.619807713561,-10.17120721226,
    14.449999999999));
#11262 = CARTESIAN_POINT('',(9.619807713561,-10.17120721226,
    14.499999999999));
#11263 = CARTESIAN_POINT('',(9.617699333619,-10.15559893258,
    14.449999999999));
#11264 = CARTESIAN_POINT('',(9.617699333619,-10.15559893258,
    14.499999999999));
#11265 = CARTESIAN_POINT('',(9.614402216385,-10.14122069499,
    14.449999999999));
#11266 = CARTESIAN_POINT('',(9.614402216385,-10.14122069499,
    14.499999999999));
#11267 = CARTESIAN_POINT('',(9.610451170286,-10.12793078279,
    14.449999999999));
#11268 = CARTESIAN_POINT('',(9.610451170286,-10.12793078279,
    14.499999999999));
#11269 = CARTESIAN_POINT('',(9.605326191168,-10.11594843534,
    14.449999999999));
#11270 = CARTESIAN_POINT('',(9.605326191168,-10.11594843534,
    14.499999999999));
#11271 = CARTESIAN_POINT('',(9.599465592375,-10.10503856861,
    14.449999999999));
#11272 = CARTESIAN_POINT('',(9.599465592375,-10.10503856861,
    14.499999999999));
#11273 = CARTESIAN_POINT('',(9.592551845053,-10.09542076422,
    14.449999999999));
#11274 = CARTESIAN_POINT('',(9.592551845053,-10.09542076422,
    14.499999999999));
#11275 = CARTESIAN_POINT('',(9.584856559984,-10.08693817808,
    14.449999999999));
#11276 = CARTESIAN_POINT('',(9.584856559984,-10.08693817808,
    14.499999999999));
#11277 = CARTESIAN_POINT('',(9.576557449333,-10.07942534679,
    14.449999999999));
#11278 = CARTESIAN_POINT('',(9.576557449333,-10.07942534679,
    14.499999999999));
#11279 = CARTESIAN_POINT('',(9.567351149789,-10.07327361519,
    14.449999999999));
#11280 = CARTESIAN_POINT('',(9.567351149789,-10.07327361519,
    14.499999999999));
#11281 = CARTESIAN_POINT('',(9.557543275065,-10.06812979719,
    14.449999999999));
#11282 = CARTESIAN_POINT('',(9.557543275065,-10.06812979719,
    14.499999999999));
#11283 = CARTESIAN_POINT('',(9.547018619293,-10.06418121261,
    14.449999999999));
#11284 = CARTESIAN_POINT('',(9.547018619293,-10.06418121261,
    14.499999999999));
#11285 = CARTESIAN_POINT('',(9.535776072486,-10.06130569743,
    14.449999999999));
#11286 = CARTESIAN_POINT('',(9.535776072486,-10.06130569743,
    14.499999999999));
#11287 = CARTESIAN_POINT('',(9.523795535133,-10.05973420711,
    14.449999999999));
#11288 = CARTESIAN_POINT('',(9.523795535133,-10.05973420711,
    14.499999999999));
#11289 = CARTESIAN_POINT('',(9.515578268934,-10.059475234,
    14.449999999999));
#11290 = CARTESIAN_POINT('',(9.515578268934,-10.059475234,
    14.499999999999));
#11291 = CARTESIAN_POINT('',(9.511384071639,-10.05934305083,
    14.449999999999));
#11292 = CARTESIAN_POINT('',(9.511384071639,-10.05934305083,
    14.499999999999));
#11293 = ADVANCED_FACE('',(#11294),#11300,.F.);
#11294 = FACE_BOUND('',#11295,.T.);
#11295 = EDGE_LOOP('',(#11296,#11297,#11298,#11299));
#11296 = ORIENTED_EDGE('',*,*,#11001,.T.);
#11297 = ORIENTED_EDGE('',*,*,#11230,.T.);
#11298 = ORIENTED_EDGE('',*,*,#11156,.T.);
#11299 = ORIENTED_EDGE('',*,*,#11082,.T.);
#11300 = PLANE('',#11301);
#11301 = AXIS2_PLACEMENT_3D('',#11302,#11303,#11304);
#11302 = CARTESIAN_POINT('',(11.499999999999,-11.5,14.499999999999));
#11303 = DIRECTION('',(-3.491481338843E-15,0.,-1.));
#11304 = DIRECTION('',(3.491481338843E-15,1.,-1.219044193949E-29));
#11305 = ADVANCED_FACE('',(#11306),#11331,.T.);
#11306 = FACE_BOUND('',#11307,.T.);
#11307 = EDGE_LOOP('',(#11308,#11309,#11317,#11325));
#11308 = ORIENTED_EDGE('',*,*,#2367,.F.);
#11309 = ORIENTED_EDGE('',*,*,#11310,.F.);
#11310 = EDGE_CURVE('',#11311,#2368,#11313,.T.);
#11311 = VERTEX_POINT('',#11312);
#11312 = CARTESIAN_POINT('',(10.348092272794,-10.14672401392,
    14.449999999999));
#11313 = LINE('',#11314,#11315);
#11314 = CARTESIAN_POINT('',(10.348092272794,-10.14672401392,
    14.449999999999));
#11315 = VECTOR('',#11316,1.);
#11316 = DIRECTION('',(3.491481338843E-15,-6.123233995737E-17,1.));
#11317 = ORIENTED_EDGE('',*,*,#11318,.T.);
#11318 = EDGE_CURVE('',#11311,#11319,#11321,.T.);
#11319 = VERTEX_POINT('',#11320);
#11320 = CARTESIAN_POINT('',(10.348092272794,-10.3967025,14.449999999999
    ));
#11321 = LINE('',#11322,#11323);
#11322 = CARTESIAN_POINT('',(10.348092272794,-10.14672401392,
    14.449999999999));
#11323 = VECTOR('',#11324,1.);
#11324 = DIRECTION('',(-3.491481338843E-15,-1.,1.219044193949E-29));
#11325 = ORIENTED_EDGE('',*,*,#11326,.T.);
#11326 = EDGE_CURVE('',#11319,#2370,#11327,.T.);
#11327 = LINE('',#11328,#11329);
#11328 = CARTESIAN_POINT('',(10.348092272794,-10.3967025,14.449999999999
    ));
#11329 = VECTOR('',#11330,1.);
#11330 = DIRECTION('',(3.491481338843E-15,-6.123233995737E-17,1.));
#11331 = PLANE('',#11332);
#11332 = AXIS2_PLACEMENT_3D('',#11333,#11334,#11335);
#11333 = CARTESIAN_POINT('',(10.348092272794,-10.14672401392,
    14.449999999999));
#11334 = DIRECTION('',(-1.,3.491481338843E-15,3.491481338843E-15));
#11335 = DIRECTION('',(3.491481338843E-15,1.,-1.219044193949E-29));
#11336 = ADVANCED_FACE('',(#11337),#11355,.T.);
#11337 = FACE_BOUND('',#11338,.T.);
#11338 = EDGE_LOOP('',(#11339,#11340,#11341,#11349));
#11339 = ORIENTED_EDGE('',*,*,#2377,.F.);
#11340 = ORIENTED_EDGE('',*,*,#11326,.F.);
#11341 = ORIENTED_EDGE('',*,*,#11342,.T.);
#11342 = EDGE_CURVE('',#11319,#11343,#11345,.T.);
#11343 = VERTEX_POINT('',#11344);
#11344 = CARTESIAN_POINT('',(10.283215455646,-10.3967025,14.449999999999
    ));
#11345 = LINE('',#11346,#11347);
#11346 = CARTESIAN_POINT('',(10.348092272794,-10.3967025,14.449999999999
    ));
#11347 = VECTOR('',#11348,1.);
#11348 = DIRECTION('',(-1.,1.491405146528E-16,3.491481338843E-15));
#11349 = ORIENTED_EDGE('',*,*,#11350,.T.);
#11350 = EDGE_CURVE('',#11343,#2378,#11351,.T.);
#11351 = LINE('',#11352,#11353);
#11352 = CARTESIAN_POINT('',(10.283215455646,-10.3967025,14.449999999999
    ));
#11353 = VECTOR('',#11354,1.);
#11354 = DIRECTION('',(3.491481338843E-15,-6.123233995737E-17,1.));
#11355 = PLANE('',#11356);
#11356 = AXIS2_PLACEMENT_3D('',#11357,#11358,#11359);
#11357 = CARTESIAN_POINT('',(10.348092272794,-10.3967025,14.449999999999
    ));
#11358 = DIRECTION('',(1.491405146528E-16,1.,6.123233995737E-17));
#11359 = DIRECTION('',(1.,-1.491405146528E-16,-3.491481338843E-15));
#11360 = ADVANCED_FACE('',(#11361),#11379,.T.);
#11361 = FACE_BOUND('',#11362,.T.);
#11362 = EDGE_LOOP('',(#11363,#11364,#11365,#11373));
#11363 = ORIENTED_EDGE('',*,*,#2385,.F.);
#11364 = ORIENTED_EDGE('',*,*,#11350,.F.);
#11365 = ORIENTED_EDGE('',*,*,#11366,.T.);
#11366 = EDGE_CURVE('',#11343,#11367,#11369,.T.);
#11367 = VERTEX_POINT('',#11368);
#11368 = CARTESIAN_POINT('',(10.283215455646,-10.17531036148,
    14.449999999999));
#11369 = LINE('',#11370,#11371);
#11370 = CARTESIAN_POINT('',(10.283215455646,-10.3967025,14.449999999999
    ));
#11371 = VECTOR('',#11372,1.);
#11372 = DIRECTION('',(3.491481338843E-15,1.,-1.219044193949E-29));
#11373 = ORIENTED_EDGE('',*,*,#11374,.T.);
#11374 = EDGE_CURVE('',#11367,#2386,#11375,.T.);
#11375 = LINE('',#11376,#11377);
#11376 = CARTESIAN_POINT('',(10.283215455646,-10.17531036148,
    14.449999999999));
#11377 = VECTOR('',#11378,1.);
#11378 = DIRECTION('',(3.491481338843E-15,-6.123233995737E-17,1.));
#11379 = PLANE('',#11380);
#11380 = AXIS2_PLACEMENT_3D('',#11381,#11382,#11383);
#11381 = CARTESIAN_POINT('',(10.283215455646,-10.3967025,14.449999999999
    ));
#11382 = DIRECTION('',(1.,-3.491481338843E-15,-3.491481338843E-15));
#11383 = DIRECTION('',(-3.491481338843E-15,-1.,1.219044193949E-29));
#11384 = ADVANCED_FACE('',(#11385),#11409,.T.);
#11385 = FACE_BOUND('',#11386,.T.);
#11386 = EDGE_LOOP('',(#11387,#11388,#11389,#11403));
#11387 = ORIENTED_EDGE('',*,*,#2393,.F.);
#11388 = ORIENTED_EDGE('',*,*,#11374,.F.);
#11389 = ORIENTED_EDGE('',*,*,#11390,.T.);
#11390 = EDGE_CURVE('',#11367,#11391,#11393,.T.);
#11391 = VERTEX_POINT('',#11392);
#11392 = CARTESIAN_POINT('',(10.271659272592,-10.08965268884,
    14.449999999999));
#11393 = B_SPLINE_CURVE_WITH_KNOTS('',3,(#11394,#11395,#11396,#11397,
    #11398,#11399,#11400,#11401,#11402),.UNSPECIFIED.,.F.,.F.,(4,1,1,1,1
    ,1,4),(0.,0.284094244577,0.55720599339,0.685132628977,0.801563537594
    ,0.906149168776,1.),.UNSPECIFIED.);
#11394 = CARTESIAN_POINT('',(10.283215455646,-10.17531036148,
    14.449999999999));
#11395 = CARTESIAN_POINT('',(10.283133875479,-10.16706257526,
    14.449999999999));
#11396 = CARTESIAN_POINT('',(10.282973868864,-10.15088584516,
    14.449999999999));
#11397 = CARTESIAN_POINT('',(10.281537335819,-10.13103807766,
    14.449999999999));
#11398 = CARTESIAN_POINT('',(10.279763449448,-10.11611224895,
    14.449999999999));
#11399 = CARTESIAN_POINT('',(10.277744534334,-10.10618016996,
    14.449999999999));
#11400 = CARTESIAN_POINT('',(10.275218117311,-10.09736625246,
    14.449999999999));
#11401 = CARTESIAN_POINT('',(10.272801985745,-10.09212944501,
    14.449999999999));
#11402 = CARTESIAN_POINT('',(10.271659272592,-10.08965268884,
    14.449999999999));
#11403 = ORIENTED_EDGE('',*,*,#11404,.T.);
#11404 = EDGE_CURVE('',#11391,#2394,#11405,.T.);
#11405 = LINE('',#11406,#11407);
#11406 = CARTESIAN_POINT('',(10.271659272592,-10.08965268884,
    14.449999999999));
#11407 = VECTOR('',#11408,1.);
#11408 = DIRECTION('',(3.491481338843E-15,-6.123233995737E-17,1.));
#11409 = B_SPLINE_SURFACE_WITH_KNOTS('',3,1,(
    (#11410,#11411)
    ,(#11412,#11413)
    ,(#11414,#11415)
    ,(#11416,#11417)
    ,(#11418,#11419)
    ,(#11420,#11421)
    ,(#11422,#11423)
    ,(#11424,#11425)
    ,(#11426,#11427
    )),.UNSPECIFIED.,.F.,.F.,.F.,(4,1,1,1,1,1,4),(2,2),(0.,
    0.284094244577,0.55720599339,0.685132628977,0.801563537594,
    0.906149168776,1.),(0.,1.),.UNSPECIFIED.);
#11410 = CARTESIAN_POINT('',(10.283215455646,-10.17531036148,
    14.449999999999));
#11411 = CARTESIAN_POINT('',(10.283215455646,-10.17531036148,
    14.499999999999));
#11412 = CARTESIAN_POINT('',(10.283133875479,-10.16706257526,
    14.449999999999));
#11413 = CARTESIAN_POINT('',(10.283133875479,-10.16706257526,
    14.499999999999));
#11414 = CARTESIAN_POINT('',(10.282973868864,-10.15088584516,
    14.449999999999));
#11415 = CARTESIAN_POINT('',(10.282973868864,-10.15088584516,
    14.499999999999));
#11416 = CARTESIAN_POINT('',(10.281537335819,-10.13103807766,
    14.449999999999));
#11417 = CARTESIAN_POINT('',(10.281537335819,-10.13103807766,
    14.499999999999));
#11418 = CARTESIAN_POINT('',(10.279763449448,-10.11611224895,
    14.449999999999));
#11419 = CARTESIAN_POINT('',(10.279763449448,-10.11611224895,
    14.499999999999));
#11420 = CARTESIAN_POINT('',(10.277744534334,-10.10618016996,
    14.449999999999));
#11421 = CARTESIAN_POINT('',(10.277744534334,-10.10618016996,
    14.499999999999));
#11422 = CARTESIAN_POINT('',(10.275218117311,-10.09736625246,
    14.449999999999));
#11423 = CARTESIAN_POINT('',(10.275218117311,-10.09736625246,
    14.499999999999));
#11424 = CARTESIAN_POINT('',(10.272801985745,-10.09212944501,
    14.449999999999));
#11425 = CARTESIAN_POINT('',(10.272801985745,-10.09212944501,
    14.499999999999));
#11426 = CARTESIAN_POINT('',(10.271659272592,-10.08965268884,
    14.449999999999));
#11427 = CARTESIAN_POINT('',(10.271659272592,-10.08965268884,
    14.499999999999));
#11428 = ADVANCED_FACE('',(#11429),#11455,.T.);
#11429 = FACE_BOUND('',#11430,.T.);
#11430 = EDGE_LOOP('',(#11431,#11432,#11433,#11449));
#11431 = ORIENTED_EDGE('',*,*,#2407,.F.);
#11432 = ORIENTED_EDGE('',*,*,#11404,.F.);
#11433 = ORIENTED_EDGE('',*,*,#11434,.T.);
#11434 = EDGE_CURVE('',#11391,#11435,#11437,.T.);
#11435 = VERTEX_POINT('',#11436);
#11436 = CARTESIAN_POINT('',(10.20688382547,-10.05934305083,
    14.449999999999));
#11437 = B_SPLINE_CURVE_WITH_KNOTS('',3,(#11438,#11439,#11440,#11441,
    #11442,#11443,#11444,#11445,#11446,#11447,#11448),.UNSPECIFIED.,.F.,
  .F.,(4,1,1,1,1,1,1,1,4),(0.,0.108897347065,0.216259975665,
    0.32173446603,0.428787510752,0.544699533658,0.677241153007,
    0.828423569898,1.),.UNSPECIFIED.);
#11438 = CARTESIAN_POINT('',(10.271659272592,-10.08965268884,
    14.449999999999));
#11439 = CARTESIAN_POINT('',(10.270276342507,-10.08727396047,
    14.449999999999));
#11440 = CARTESIAN_POINT('',(10.26752997233,-10.08255002778,
    14.449999999999));
#11441 = CARTESIAN_POINT('',(10.262211295522,-10.07635325848,
    14.449999999999));
#11442 = CARTESIAN_POINT('',(10.256031425137,-10.07112345256,
    14.449999999999));
#11443 = CARTESIAN_POINT('',(10.248964814591,-10.06672926349,
    14.449999999999));
#11444 = CARTESIAN_POINT('',(10.240612667981,-10.0633519919,
    14.449999999999));
#11445 = CARTESIAN_POINT('',(10.230786240776,-10.0609743372,
    14.449999999999));
#11446 = CARTESIAN_POINT('',(10.219356119202,-10.05961735637,
    14.449999999999));
#11447 = CARTESIAN_POINT('',(10.211212773318,-10.05943825821,
    14.449999999999));
#11448 = CARTESIAN_POINT('',(10.20688382547,-10.05934305083,
    14.449999999999));
#11449 = ORIENTED_EDGE('',*,*,#11450,.T.);
#11450 = EDGE_CURVE('',#11435,#2408,#11451,.T.);
#11451 = LINE('',#11452,#11453);
#11452 = CARTESIAN_POINT('',(10.20688382547,-10.05934305083,
    14.449999999999));
#11453 = VECTOR('',#11454,1.);
#11454 = DIRECTION('',(3.491481338843E-15,-6.123233995737E-17,1.));
#11455 = B_SPLINE_SURFACE_WITH_KNOTS('',3,1,(
    (#11456,#11457)
    ,(#11458,#11459)
    ,(#11460,#11461)
    ,(#11462,#11463)
    ,(#11464,#11465)
    ,(#11466,#11467)
    ,(#11468,#11469)
    ,(#11470,#11471)
    ,(#11472,#11473)
    ,(#11474,#11475)
    ,(#11476,#11477
    )),.UNSPECIFIED.,.F.,.F.,.F.,(4,1,1,1,1,1,1,1,4),(2,2),(0.,
    0.108897347065,0.216259975665,0.32173446603,0.428787510752,
    0.544699533658,0.677241153007,0.828423569898,1.),(0.,1.),
  .UNSPECIFIED.);
#11456 = CARTESIAN_POINT('',(10.271659272592,-10.08965268884,
    14.449999999999));
#11457 = CARTESIAN_POINT('',(10.271659272592,-10.08965268884,
    14.499999999999));
#11458 = CARTESIAN_POINT('',(10.270276342507,-10.08727396047,
    14.449999999999));
#11459 = CARTESIAN_POINT('',(10.270276342507,-10.08727396047,
    14.499999999999));
#11460 = CARTESIAN_POINT('',(10.26752997233,-10.08255002778,
    14.449999999999));
#11461 = CARTESIAN_POINT('',(10.26752997233,-10.08255002778,
    14.499999999999));
#11462 = CARTESIAN_POINT('',(10.262211295522,-10.07635325848,
    14.449999999999));
#11463 = CARTESIAN_POINT('',(10.262211295522,-10.07635325848,
    14.499999999999));
#11464 = CARTESIAN_POINT('',(10.256031425137,-10.07112345256,
    14.449999999999));
#11465 = CARTESIAN_POINT('',(10.256031425137,-10.07112345256,
    14.499999999999));
#11466 = CARTESIAN_POINT('',(10.248964814591,-10.06672926349,
    14.449999999999));
#11467 = CARTESIAN_POINT('',(10.248964814591,-10.06672926349,
    14.499999999999));
#11468 = CARTESIAN_POINT('',(10.240612667981,-10.0633519919,
    14.449999999999));
#11469 = CARTESIAN_POINT('',(10.240612667981,-10.0633519919,
    14.499999999999));
#11470 = CARTESIAN_POINT('',(10.230786240776,-10.0609743372,
    14.449999999999));
#11471 = CARTESIAN_POINT('',(10.230786240776,-10.0609743372,
    14.499999999999));
#11472 = CARTESIAN_POINT('',(10.219356119202,-10.05961735637,
    14.449999999999));
#11473 = CARTESIAN_POINT('',(10.219356119202,-10.05961735637,
    14.499999999999));
#11474 = CARTESIAN_POINT('',(10.211212773318,-10.05943825821,
    14.449999999999));
#11475 = CARTESIAN_POINT('',(10.211212773318,-10.05943825821,
    14.499999999999));
#11476 = CARTESIAN_POINT('',(10.20688382547,-10.05934305083,
    14.449999999999));
#11477 = CARTESIAN_POINT('',(10.20688382547,-10.05934305083,
    14.499999999999));
#11478 = ADVANCED_FACE('',(#11479),#11505,.T.);
#11479 = FACE_BOUND('',#11480,.T.);
#11480 = EDGE_LOOP('',(#11481,#11482,#11483,#11499));
#11481 = ORIENTED_EDGE('',*,*,#2423,.F.);
#11482 = ORIENTED_EDGE('',*,*,#11450,.F.);
#11483 = ORIENTED_EDGE('',*,*,#11484,.T.);
#11484 = EDGE_CURVE('',#11435,#11485,#11487,.T.);
#11485 = VERTEX_POINT('',#11486);
#11486 = CARTESIAN_POINT('',(10.099127486989,-10.10810203371,
    14.449999999999));
#11487 = B_SPLINE_CURVE_WITH_KNOTS('',3,(#11488,#11489,#11490,#11491,
    #11492,#11493,#11494,#11495,#11496,#11497,#11498),.UNSPECIFIED.,.F.,
  .F.,(4,1,1,1,1,1,1,1,4),(0.,0.112124424225,0.226165108806,
    0.343535254249,0.466319311591,0.593589273563,0.724358312791,
    0.85997100076,1.),.UNSPECIFIED.);
#11488 = CARTESIAN_POINT('',(10.20688382547,-10.05934305083,
    14.449999999999));
#11489 = CARTESIAN_POINT('',(10.202375563667,-10.05948231432,
    14.449999999999));
#11490 = CARTESIAN_POINT('',(10.193281991698,-10.05976322137,
    14.449999999999));
#11491 = CARTESIAN_POINT('',(10.179732338546,-10.06261974108,
    14.449999999999));
#11492 = CARTESIAN_POINT('',(10.16611354512,-10.06681009639,
    14.449999999999));
#11493 = CARTESIAN_POINT('',(10.152725741735,-10.07308578259,
    14.449999999999));
#11494 = CARTESIAN_POINT('',(10.139265200859,-10.08034963884,
    14.449999999999));
#11495 = CARTESIAN_POINT('',(10.125877234242,-10.0887682513,
    14.449999999999));
#11496 = CARTESIAN_POINT('',(10.112371554512,-10.09793892812,
    14.449999999999));
#11497 = CARTESIAN_POINT('',(10.10358908022,-10.10467833906,
    14.449999999999));
#11498 = CARTESIAN_POINT('',(10.099127486989,-10.10810203371,
    14.449999999999));
#11499 = ORIENTED_EDGE('',*,*,#11500,.T.);
#11500 = EDGE_CURVE('',#11485,#2424,#11501,.T.);
#11501 = LINE('',#11502,#11503);
#11502 = CARTESIAN_POINT('',(10.099127486989,-10.10810203371,
    14.449999999999));
#11503 = VECTOR('',#11504,1.);
#11504 = DIRECTION('',(3.491481338843E-15,-6.123233995737E-17,1.));
#11505 = B_SPLINE_SURFACE_WITH_KNOTS('',3,1,(
    (#11506,#11507)
    ,(#11508,#11509)
    ,(#11510,#11511)
    ,(#11512,#11513)
    ,(#11514,#11515)
    ,(#11516,#11517)
    ,(#11518,#11519)
    ,(#11520,#11521)
    ,(#11522,#11523)
    ,(#11524,#11525)
    ,(#11526,#11527
    )),.UNSPECIFIED.,.F.,.F.,.F.,(4,1,1,1,1,1,1,1,4),(2,2),(0.,
    0.112124424225,0.226165108806,0.343535254249,0.466319311591,
    0.593589273563,0.724358312791,0.85997100076,1.),(0.,1.),
  .UNSPECIFIED.);
#11506 = CARTESIAN_POINT('',(10.20688382547,-10.05934305083,
    14.449999999999));
#11507 = CARTESIAN_POINT('',(10.20688382547,-10.05934305083,
    14.499999999999));
#11508 = CARTESIAN_POINT('',(10.202375563667,-10.05948231432,
    14.449999999999));
#11509 = CARTESIAN_POINT('',(10.202375563667,-10.05948231432,
    14.499999999999));
#11510 = CARTESIAN_POINT('',(10.193281991698,-10.05976322137,
    14.449999999999));
#11511 = CARTESIAN_POINT('',(10.193281991698,-10.05976322137,
    14.499999999999));
#11512 = CARTESIAN_POINT('',(10.179732338546,-10.06261974108,
    14.449999999999));
#11513 = CARTESIAN_POINT('',(10.179732338546,-10.06261974108,
    14.499999999999));
#11514 = CARTESIAN_POINT('',(10.16611354512,-10.06681009639,
    14.449999999999));
#11515 = CARTESIAN_POINT('',(10.16611354512,-10.06681009639,
    14.499999999999));
#11516 = CARTESIAN_POINT('',(10.152725741735,-10.07308578259,
    14.449999999999));
#11517 = CARTESIAN_POINT('',(10.152725741735,-10.07308578259,
    14.499999999999));
#11518 = CARTESIAN_POINT('',(10.139265200859,-10.08034963884,
    14.449999999999));
#11519 = CARTESIAN_POINT('',(10.139265200859,-10.08034963884,
    14.499999999999));
#11520 = CARTESIAN_POINT('',(10.125877234242,-10.0887682513,
    14.449999999999));
#11521 = CARTESIAN_POINT('',(10.125877234242,-10.0887682513,
    14.499999999999));
#11522 = CARTESIAN_POINT('',(10.112371554512,-10.09793892812,
    14.449999999999));
#11523 = CARTESIAN_POINT('',(10.112371554512,-10.09793892812,
    14.499999999999));
#11524 = CARTESIAN_POINT('',(10.10358908022,-10.10467833906,
    14.449999999999));
#11525 = CARTESIAN_POINT('',(10.10358908022,-10.10467833906,
    14.499999999999));
#11526 = CARTESIAN_POINT('',(10.099127486989,-10.10810203371,
    14.449999999999));
#11527 = CARTESIAN_POINT('',(10.099127486989,-10.10810203371,
    14.499999999999));
#11528 = ADVANCED_FACE('',(#11529),#11551,.T.);
#11529 = FACE_BOUND('',#11530,.T.);
#11530 = EDGE_LOOP('',(#11531,#11532,#11533,#11545));
#11531 = ORIENTED_EDGE('',*,*,#2439,.F.);
#11532 = ORIENTED_EDGE('',*,*,#11500,.F.);
#11533 = ORIENTED_EDGE('',*,*,#11534,.T.);
#11534 = EDGE_CURVE('',#11485,#11535,#11537,.T.);
#11535 = VERTEX_POINT('',#11536);
#11536 = CARTESIAN_POINT('',(10.101560367632,-10.14773771419,
    14.449999999999));
#11537 = B_SPLINE_CURVE_WITH_KNOTS('',3,(#11538,#11539,#11540,#11541,
    #11542,#11543,#11544),.UNSPECIFIED.,.F.,.F.,(4,1,1,1,4),(0.,
    0.218083666688,0.471498394464,0.737153384896,1.),.UNSPECIFIED.);
#11538 = CARTESIAN_POINT('',(10.099127486989,-10.10810203371,
    14.449999999999));
#11539 = CARTESIAN_POINT('',(10.099444626384,-10.11097287255,
    14.449999999999));
#11540 = CARTESIAN_POINT('',(10.100130283948,-10.11717964597,
    14.449999999999));
#11541 = CARTESIAN_POINT('',(10.100916609323,-10.12691224601,
    14.449999999999));
#11542 = CARTESIAN_POINT('',(10.101417140777,-10.13725784435,
    14.449999999999));
#11543 = CARTESIAN_POINT('',(10.101512794777,-10.1442568214,
    14.449999999999));
#11544 = CARTESIAN_POINT('',(10.101560367632,-10.14773771419,
    14.449999999999));
#11545 = ORIENTED_EDGE('',*,*,#11546,.T.);
#11546 = EDGE_CURVE('',#11535,#2440,#11547,.T.);
#11547 = LINE('',#11548,#11549);
#11548 = CARTESIAN_POINT('',(10.101560367632,-10.14773771419,
    14.449999999999));
#11549 = VECTOR('',#11550,1.);
#11550 = DIRECTION('',(3.491481338843E-15,-6.123233995737E-17,1.));
#11551 = B_SPLINE_SURFACE_WITH_KNOTS('',3,1,(
    (#11552,#11553)
    ,(#11554,#11555)
    ,(#11556,#11557)
    ,(#11558,#11559)
    ,(#11560,#11561)
    ,(#11562,#11563)
    ,(#11564,#11565
    )),.UNSPECIFIED.,.F.,.F.,.F.,(4,1,1,1,4),(2,2),(0.,0.218083666688,
    0.471498394464,0.737153384896,1.),(0.,1.),.UNSPECIFIED.);
#11552 = CARTESIAN_POINT('',(10.099127486989,-10.10810203371,
    14.449999999999));
#11553 = CARTESIAN_POINT('',(10.099127486989,-10.10810203371,
    14.499999999999));
#11554 = CARTESIAN_POINT('',(10.099444626384,-10.11097287255,
    14.449999999999));
#11555 = CARTESIAN_POINT('',(10.099444626384,-10.11097287255,
    14.499999999999));
#11556 = CARTESIAN_POINT('',(10.100130283948,-10.11717964597,
    14.449999999999));
#11557 = CARTESIAN_POINT('',(10.100130283948,-10.11717964597,
    14.499999999999));
#11558 = CARTESIAN_POINT('',(10.100916609323,-10.12691224601,
    14.449999999999));
#11559 = CARTESIAN_POINT('',(10.100916609323,-10.12691224601,
    14.499999999999));
#11560 = CARTESIAN_POINT('',(10.101417140777,-10.13725784435,
    14.449999999999));
#11561 = CARTESIAN_POINT('',(10.101417140777,-10.13725784435,
    14.499999999999));
#11562 = CARTESIAN_POINT('',(10.101512794777,-10.1442568214,
    14.449999999999));
#11563 = CARTESIAN_POINT('',(10.101512794777,-10.1442568214,
    14.499999999999));
#11564 = CARTESIAN_POINT('',(10.101560367632,-10.14773771419,
    14.449999999999));
#11565 = CARTESIAN_POINT('',(10.101560367632,-10.14773771419,
    14.499999999999));
#11566 = ADVANCED_FACE('',(#11567),#11585,.T.);
#11567 = FACE_BOUND('',#11568,.T.);
#11568 = EDGE_LOOP('',(#11569,#11570,#11571,#11579));
#11569 = ORIENTED_EDGE('',*,*,#2451,.F.);
#11570 = ORIENTED_EDGE('',*,*,#11546,.F.);
#11571 = ORIENTED_EDGE('',*,*,#11572,.T.);
#11572 = EDGE_CURVE('',#11535,#11573,#11575,.T.);
#11573 = VERTEX_POINT('',#11574);
#11574 = CARTESIAN_POINT('',(10.101560367632,-10.3967025,14.449999999999
    ));
#11575 = LINE('',#11576,#11577);
#11576 = CARTESIAN_POINT('',(10.101560367632,-10.14773771419,
    14.449999999999));
#11577 = VECTOR('',#11578,1.);
#11578 = DIRECTION('',(-3.491481338843E-15,-1.,1.219044193949E-29));
#11579 = ORIENTED_EDGE('',*,*,#11580,.T.);
#11580 = EDGE_CURVE('',#11573,#2452,#11581,.T.);
#11581 = LINE('',#11582,#11583);
#11582 = CARTESIAN_POINT('',(10.101560367632,-10.3967025,14.449999999999
    ));
#11583 = VECTOR('',#11584,1.);
#11584 = DIRECTION('',(3.491481338843E-15,-6.123233995737E-17,1.));
#11585 = PLANE('',#11586);
#11586 = AXIS2_PLACEMENT_3D('',#11587,#11588,#11589);
#11587 = CARTESIAN_POINT('',(10.101560367632,-10.14773771419,
    14.449999999999));
#11588 = DIRECTION('',(-1.,3.491481338843E-15,3.491481338843E-15));
#11589 = DIRECTION('',(3.491481338843E-15,1.,-1.219044193949E-29));
#11590 = ADVANCED_FACE('',(#11591),#11609,.T.);
#11591 = FACE_BOUND('',#11592,.T.);
#11592 = EDGE_LOOP('',(#11593,#11594,#11595,#11603));
#11593 = ORIENTED_EDGE('',*,*,#2459,.F.);
#11594 = ORIENTED_EDGE('',*,*,#11580,.F.);
#11595 = ORIENTED_EDGE('',*,*,#11596,.T.);
#11596 = EDGE_CURVE('',#11573,#11597,#11599,.T.);
#11597 = VERTEX_POINT('',#11598);
#11598 = CARTESIAN_POINT('',(10.036683550484,-10.3967025,14.449999999999
    ));
#11599 = LINE('',#11600,#11601);
#11600 = CARTESIAN_POINT('',(10.101560367632,-10.3967025,14.449999999999
    ));
#11601 = VECTOR('',#11602,1.);
#11602 = DIRECTION('',(-1.,1.491405146528E-16,3.491481338843E-15));
#11603 = ORIENTED_EDGE('',*,*,#11604,.T.);
#11604 = EDGE_CURVE('',#11597,#2460,#11605,.T.);
#11605 = LINE('',#11606,#11607);
#11606 = CARTESIAN_POINT('',(10.036683550484,-10.3967025,14.449999999999
    ));
#11607 = VECTOR('',#11608,1.);
#11608 = DIRECTION('',(3.491481338843E-15,-6.123233995737E-17,1.));
#11609 = PLANE('',#11610);
#11610 = AXIS2_PLACEMENT_3D('',#11611,#11612,#11613);
#11611 = CARTESIAN_POINT('',(10.101560367632,-10.3967025,14.449999999999
    ));
#11612 = DIRECTION('',(1.491405146528E-16,1.,6.123233995737E-17));
#11613 = DIRECTION('',(1.,-1.491405146528E-16,-3.491481338843E-15));
#11614 = ADVANCED_FACE('',(#11615),#11633,.T.);
#11615 = FACE_BOUND('',#11616,.T.);
#11616 = EDGE_LOOP('',(#11617,#11618,#11619,#11627));
#11617 = ORIENTED_EDGE('',*,*,#2467,.F.);
#11618 = ORIENTED_EDGE('',*,*,#11604,.F.);
#11619 = ORIENTED_EDGE('',*,*,#11620,.T.);
#11620 = EDGE_CURVE('',#11597,#11621,#11623,.T.);
#11621 = VERTEX_POINT('',#11622);
#11622 = CARTESIAN_POINT('',(10.036683550484,-10.17531036148,
    14.449999999999));
#11623 = LINE('',#11624,#11625);
#11624 = CARTESIAN_POINT('',(10.036683550484,-10.3967025,14.449999999999
    ));
#11625 = VECTOR('',#11626,1.);
#11626 = DIRECTION('',(3.491481338843E-15,1.,-1.219044193949E-29));
#11627 = ORIENTED_EDGE('',*,*,#11628,.T.);
#11628 = EDGE_CURVE('',#11621,#2468,#11629,.T.);
#11629 = LINE('',#11630,#11631);
#11630 = CARTESIAN_POINT('',(10.036683550484,-10.17531036148,
    14.449999999999));
#11631 = VECTOR('',#11632,1.);
#11632 = DIRECTION('',(3.491481338843E-15,-6.123233995737E-17,1.));
#11633 = PLANE('',#11634);
#11634 = AXIS2_PLACEMENT_3D('',#11635,#11636,#11637);
#11635 = CARTESIAN_POINT('',(10.036683550484,-10.3967025,14.449999999999
    ));
#11636 = DIRECTION('',(1.,-3.491481338843E-15,-3.491481338843E-15));
#11637 = DIRECTION('',(-3.491481338843E-15,-1.,1.219044193949E-29));
#11638 = ADVANCED_FACE('',(#11639),#11663,.T.);
#11639 = FACE_BOUND('',#11640,.T.);
#11640 = EDGE_LOOP('',(#11641,#11642,#11643,#11657));
#11641 = ORIENTED_EDGE('',*,*,#2475,.F.);
#11642 = ORIENTED_EDGE('',*,*,#11628,.F.);
#11643 = ORIENTED_EDGE('',*,*,#11644,.T.);
#11644 = EDGE_CURVE('',#11621,#11645,#11647,.T.);
#11645 = VERTEX_POINT('',#11646);
#11646 = CARTESIAN_POINT('',(10.025127367429,-10.08924720873,
    14.449999999999));
#11647 = B_SPLINE_CURVE_WITH_KNOTS('',3,(#11648,#11649,#11650,#11651,
    #11652,#11653,#11654,#11655,#11656),.UNSPECIFIED.,.F.,.F.,(4,1,1,1,1
    ,1,4),(0.,0.287431830513,0.559297187573,0.686640008278,
    0.801404437106,0.905512774036,1.),.UNSPECIFIED.);
#11648 = CARTESIAN_POINT('',(10.036683550484,-10.17531036148,
    14.449999999999));
#11649 = CARTESIAN_POINT('',(10.036605395309,-10.16692723044,
    14.449999999999));
#11650 = CARTESIAN_POINT('',(10.036453317618,-10.1506149744,
    14.449999999999));
#11651 = CARTESIAN_POINT('',(10.035000465997,-10.13063343202,
    14.449999999999));
#11652 = CARTESIAN_POINT('',(10.033243194014,-10.11573835685,
    14.449999999999));
#11653 = CARTESIAN_POINT('',(10.031201643271,-10.10584368627,
    14.449999999999));
#11654 = CARTESIAN_POINT('',(10.028666573072,-10.09703716586,
    14.449999999999));
#11655 = CARTESIAN_POINT('',(10.026268375145,-10.09175862007,
    14.449999999999));
#11656 = CARTESIAN_POINT('',(10.025127367429,-10.08924720873,
    14.449999999999));
#11657 = ORIENTED_EDGE('',*,*,#11658,.T.);
#11658 = EDGE_CURVE('',#11645,#2476,#11659,.T.);
#11659 = LINE('',#11660,#11661);
#11660 = CARTESIAN_POINT('',(10.025127367429,-10.08924720873,
    14.449999999999));
#11661 = VECTOR('',#11662,1.);
#11662 = DIRECTION('',(3.491481338843E-15,-6.123233995737E-17,1.));
#11663 = B_SPLINE_SURFACE_WITH_KNOTS('',3,1,(
    (#11664,#11665)
    ,(#11666,#11667)
    ,(#11668,#11669)
    ,(#11670,#11671)
    ,(#11672,#11673)
    ,(#11674,#11675)
    ,(#11676,#11677)
    ,(#11678,#11679)
    ,(#11680,#11681
    )),.UNSPECIFIED.,.F.,.F.,.F.,(4,1,1,1,1,1,4),(2,2),(0.,
    0.287431830513,0.559297187573,0.686640008278,0.801404437106,
    0.905512774036,1.),(0.,1.),.UNSPECIFIED.);
#11664 = CARTESIAN_POINT('',(10.036683550484,-10.17531036148,
    14.449999999999));
#11665 = CARTESIAN_POINT('',(10.036683550484,-10.17531036148,
    14.499999999999));
#11666 = CARTESIAN_POINT('',(10.036605395309,-10.16692723044,
    14.449999999999));
#11667 = CARTESIAN_POINT('',(10.036605395309,-10.16692723044,
    14.499999999999));
#11668 = CARTESIAN_POINT('',(10.036453317618,-10.1506149744,
    14.449999999999));
#11669 = CARTESIAN_POINT('',(10.036453317618,-10.1506149744,
    14.499999999999));
#11670 = CARTESIAN_POINT('',(10.035000465997,-10.13063343202,
    14.449999999999));
#11671 = CARTESIAN_POINT('',(10.035000465997,-10.13063343202,
    14.499999999999));
#11672 = CARTESIAN_POINT('',(10.033243194014,-10.11573835685,
    14.449999999999));
#11673 = CARTESIAN_POINT('',(10.033243194014,-10.11573835685,
    14.499999999999));
#11674 = CARTESIAN_POINT('',(10.031201643271,-10.10584368627,
    14.449999999999));
#11675 = CARTESIAN_POINT('',(10.031201643271,-10.10584368627,
    14.499999999999));
#11676 = CARTESIAN_POINT('',(10.028666573072,-10.09703716586,
    14.449999999999));
#11677 = CARTESIAN_POINT('',(10.028666573072,-10.09703716586,
    14.499999999999));
#11678 = CARTESIAN_POINT('',(10.026268375145,-10.09175862007,
    14.449999999999));
#11679 = CARTESIAN_POINT('',(10.026268375145,-10.09175862007,
    14.499999999999));
#11680 = CARTESIAN_POINT('',(10.025127367429,-10.08924720873,
    14.449999999999));
#11681 = CARTESIAN_POINT('',(10.025127367429,-10.08924720873,
    14.499999999999));
#11682 = ADVANCED_FACE('',(#11683),#11709,.T.);
#11683 = FACE_BOUND('',#11684,.T.);
#11684 = EDGE_LOOP('',(#11685,#11686,#11687,#11703));
#11685 = ORIENTED_EDGE('',*,*,#2489,.F.);
#11686 = ORIENTED_EDGE('',*,*,#11658,.F.);
#11687 = ORIENTED_EDGE('',*,*,#11688,.T.);
#11688 = EDGE_CURVE('',#11645,#11689,#11691,.T.);
#11689 = VERTEX_POINT('',#11690);
#11690 = CARTESIAN_POINT('',(9.960351920308,-10.05934305083,
    14.449999999999));
#11691 = B_SPLINE_CURVE_WITH_KNOTS('',3,(#11692,#11693,#11694,#11695,
    #11696,#11697,#11698,#11699,#11700,#11701,#11702),.UNSPECIFIED.,.F.,
  .F.,(4,1,1,1,1,1,1,1,4),(0.,0.109174942764,0.215792897073,
    0.32067156451,0.427997503527,0.543699599072,0.676579086922,
    0.827986195798,1.),.UNSPECIFIED.);
#11692 = CARTESIAN_POINT('',(10.025127367429,-10.08924720873,
    14.449999999999));
#11693 = CARTESIAN_POINT('',(10.02374893204,-10.08686532259,
    14.449999999999));
#11694 = CARTESIAN_POINT('',(10.021024345624,-10.0821573365,
    14.449999999999));
#11695 = CARTESIAN_POINT('',(10.015677393626,-10.07603858642,
    14.449999999999));
#11696 = CARTESIAN_POINT('',(10.009464506908,-10.07093432865,
    14.449999999999));
#11697 = CARTESIAN_POINT('',(10.002459812399,-10.06649731001,
    14.449999999999));
#11698 = CARTESIAN_POINT('',(9.994051462266,-10.0632924138,
    14.449999999999));
#11699 = CARTESIAN_POINT('',(9.984267232391,-10.06083065866,
    14.449999999999));
#11700 = CARTESIAN_POINT('',(9.972813775322,-10.05966081096,
    14.449999999999));
#11701 = CARTESIAN_POINT('',(9.964678647955,-10.05945337642,
    14.449999999999));
#11702 = CARTESIAN_POINT('',(9.960351920308,-10.05934305083,
    14.449999999999));
#11703 = ORIENTED_EDGE('',*,*,#11704,.T.);
#11704 = EDGE_CURVE('',#11689,#2490,#11705,.T.);
#11705 = LINE('',#11706,#11707);
#11706 = CARTESIAN_POINT('',(9.960351920308,-10.05934305083,
    14.449999999999));
#11707 = VECTOR('',#11708,1.);
#11708 = DIRECTION('',(3.491481338843E-15,-6.123233995737E-17,1.));
#11709 = B_SPLINE_SURFACE_WITH_KNOTS('',3,1,(
    (#11710,#11711)
    ,(#11712,#11713)
    ,(#11714,#11715)
    ,(#11716,#11717)
    ,(#11718,#11719)
    ,(#11720,#11721)
    ,(#11722,#11723)
    ,(#11724,#11725)
    ,(#11726,#11727)
    ,(#11728,#11729)
    ,(#11730,#11731
    )),.UNSPECIFIED.,.F.,.F.,.F.,(4,1,1,1,1,1,1,1,4),(2,2),(0.,
    0.109174942764,0.215792897073,0.32067156451,0.427997503527,
    0.543699599072,0.676579086922,0.827986195798,1.),(0.,1.),
  .UNSPECIFIED.);
#11710 = CARTESIAN_POINT('',(10.025127367429,-10.08924720873,
    14.449999999999));
#11711 = CARTESIAN_POINT('',(10.025127367429,-10.08924720873,
    14.499999999999));
#11712 = CARTESIAN_POINT('',(10.02374893204,-10.08686532259,
    14.449999999999));
#11713 = CARTESIAN_POINT('',(10.02374893204,-10.08686532259,
    14.499999999999));
#11714 = CARTESIAN_POINT('',(10.021024345624,-10.0821573365,
    14.449999999999));
#11715 = CARTESIAN_POINT('',(10.021024345624,-10.0821573365,
    14.499999999999));
#11716 = CARTESIAN_POINT('',(10.015677393626,-10.07603858642,
    14.449999999999));
#11717 = CARTESIAN_POINT('',(10.015677393626,-10.07603858642,
    14.499999999999));
#11718 = CARTESIAN_POINT('',(10.009464506908,-10.07093432865,
    14.449999999999));
#11719 = CARTESIAN_POINT('',(10.009464506908,-10.07093432865,
    14.499999999999));
#11720 = CARTESIAN_POINT('',(10.002459812399,-10.06649731001,
    14.449999999999));
#11721 = CARTESIAN_POINT('',(10.002459812399,-10.06649731001,
    14.499999999999));
#11722 = CARTESIAN_POINT('',(9.994051462266,-10.0632924138,
    14.449999999999));
#11723 = CARTESIAN_POINT('',(9.994051462266,-10.0632924138,
    14.499999999999));
#11724 = CARTESIAN_POINT('',(9.984267232391,-10.06083065866,
    14.449999999999));
#11725 = CARTESIAN_POINT('',(9.984267232391,-10.06083065866,
    14.499999999999));
#11726 = CARTESIAN_POINT('',(9.972813775322,-10.05966081096,
    14.449999999999));
#11727 = CARTESIAN_POINT('',(9.972813775322,-10.05966081096,
    14.499999999999));
#11728 = CARTESIAN_POINT('',(9.964678647955,-10.05945337642,
    14.449999999999));
#11729 = CARTESIAN_POINT('',(9.964678647955,-10.05945337642,
    14.499999999999));
#11730 = CARTESIAN_POINT('',(9.960351920308,-10.05934305083,
    14.449999999999));
#11731 = CARTESIAN_POINT('',(9.960351920308,-10.05934305083,
    14.499999999999));
#11732 = ADVANCED_FACE('',(#11733),#11759,.T.);
#11733 = FACE_BOUND('',#11734,.T.);
#11734 = EDGE_LOOP('',(#11735,#11736,#11737,#11753));
#11735 = ORIENTED_EDGE('',*,*,#2505,.F.);
#11736 = ORIENTED_EDGE('',*,*,#11704,.F.);
#11737 = ORIENTED_EDGE('',*,*,#11738,.T.);
#11738 = EDGE_CURVE('',#11689,#11739,#11741,.T.);
#11739 = VERTEX_POINT('',#11740);
#11740 = CARTESIAN_POINT('',(9.85502846247,-10.10637874326,
    14.449999999999));
#11741 = B_SPLINE_CURVE_WITH_KNOTS('',3,(#11742,#11743,#11744,#11745,
    #11746,#11747,#11748,#11749,#11750,#11751,#11752),.UNSPECIFIED.,.F.,
  .F.,(4,1,1,1,1,1,1,1,4),(0.,0.112429270787,0.22585488253,
    0.344344081005,0.466873961627,0.594325038339,0.725191412083,
    0.859987299411,1.),.UNSPECIFIED.);
#11742 = CARTESIAN_POINT('',(9.960351920308,-10.05934305083,
    14.449999999999));
#11743 = CARTESIAN_POINT('',(9.955945974974,-10.05948867975,
    14.449999999999));
#11744 = CARTESIAN_POINT('',(9.947095039102,-10.05978122816,
    14.449999999999));
#11745 = CARTESIAN_POINT('',(9.933845138743,-10.06252880368,
    14.449999999999));
#11746 = CARTESIAN_POINT('',(9.920571439831,-10.06663395081,
    14.449999999999));
#11747 = CARTESIAN_POINT('',(9.907372468999,-10.07252897457,
    14.449999999999));
#11748 = CARTESIAN_POINT('',(9.8943056353,-10.07971449848,
    14.449999999999));
#11749 = CARTESIAN_POINT('',(9.881059196017,-10.08755883063,
    14.449999999999));
#11750 = CARTESIAN_POINT('',(9.867966497302,-10.09656546852,
    14.449999999999));
#11751 = CARTESIAN_POINT('',(9.859395377205,-10.10306651427,
    14.449999999999));
#11752 = CARTESIAN_POINT('',(9.85502846247,-10.10637874326,
    14.449999999999));
#11753 = ORIENTED_EDGE('',*,*,#11754,.T.);
#11754 = EDGE_CURVE('',#11739,#2506,#11755,.T.);
#11755 = LINE('',#11756,#11757);
#11756 = CARTESIAN_POINT('',(9.85502846247,-10.10637874326,
    14.449999999999));
#11757 = VECTOR('',#11758,1.);
#11758 = DIRECTION('',(3.491481338843E-15,-6.123233995737E-17,1.));
#11759 = B_SPLINE_SURFACE_WITH_KNOTS('',3,1,(
    (#11760,#11761)
    ,(#11762,#11763)
    ,(#11764,#11765)
    ,(#11766,#11767)
    ,(#11768,#11769)
    ,(#11770,#11771)
    ,(#11772,#11773)
    ,(#11774,#11775)
    ,(#11776,#11777)
    ,(#11778,#11779)
    ,(#11780,#11781
    )),.UNSPECIFIED.,.F.,.F.,.F.,(4,1,1,1,1,1,1,1,4),(2,2),(0.,
    0.112429270787,0.22585488253,0.344344081005,0.466873961627,
    0.594325038339,0.725191412083,0.859987299411,1.),(0.,1.),
  .UNSPECIFIED.);
#11760 = CARTESIAN_POINT('',(9.960351920308,-10.05934305083,
    14.449999999999));
#11761 = CARTESIAN_POINT('',(9.960351920308,-10.05934305083,
    14.499999999999));
#11762 = CARTESIAN_POINT('',(9.955945974974,-10.05948867975,
    14.449999999999));
#11763 = CARTESIAN_POINT('',(9.955945974974,-10.05948867975,
    14.499999999999));
#11764 = CARTESIAN_POINT('',(9.947095039102,-10.05978122816,
    14.449999999999));
#11765 = CARTESIAN_POINT('',(9.947095039102,-10.05978122816,
    14.499999999999));
#11766 = CARTESIAN_POINT('',(9.933845138743,-10.06252880368,
    14.449999999999));
#11767 = CARTESIAN_POINT('',(9.933845138743,-10.06252880368,
    14.499999999999));
#11768 = CARTESIAN_POINT('',(9.920571439831,-10.06663395081,
    14.449999999999));
#11769 = CARTESIAN_POINT('',(9.920571439831,-10.06663395081,
    14.499999999999));
#11770 = CARTESIAN_POINT('',(9.907372468999,-10.07252897457,
    14.449999999999));
#11771 = CARTESIAN_POINT('',(9.907372468999,-10.07252897457,
    14.499999999999));
#11772 = CARTESIAN_POINT('',(9.8943056353,-10.07971449848,
    14.449999999999));
#11773 = CARTESIAN_POINT('',(9.8943056353,-10.07971449848,
    14.499999999999));
#11774 = CARTESIAN_POINT('',(9.881059196017,-10.08755883063,
    14.449999999999));
#11775 = CARTESIAN_POINT('',(9.881059196017,-10.08755883063,
    14.499999999999));
#11776 = CARTESIAN_POINT('',(9.867966497302,-10.09656546852,
    14.449999999999));
#11777 = CARTESIAN_POINT('',(9.867966497302,-10.09656546852,
    14.499999999999));
#11778 = CARTESIAN_POINT('',(9.859395377205,-10.10306651427,
    14.449999999999));
#11779 = CARTESIAN_POINT('',(9.859395377205,-10.10306651427,
    14.499999999999));
#11780 = CARTESIAN_POINT('',(9.85502846247,-10.10637874326,
    14.449999999999));
#11781 = CARTESIAN_POINT('',(9.85502846247,-10.10637874326,
    14.499999999999));
#11782 = ADVANCED_FACE('',(#11783),#11801,.T.);
#11783 = FACE_BOUND('',#11784,.T.);
#11784 = EDGE_LOOP('',(#11785,#11786,#11787,#11795));
#11785 = ORIENTED_EDGE('',*,*,#2521,.F.);
#11786 = ORIENTED_EDGE('',*,*,#11754,.F.);
#11787 = ORIENTED_EDGE('',*,*,#11788,.T.);
#11788 = EDGE_CURVE('',#11739,#11789,#11791,.T.);
#11789 = VERTEX_POINT('',#11790);
#11790 = CARTESIAN_POINT('',(9.85502846247,-10.3967025,14.449999999999)
  );
#11791 = LINE('',#11792,#11793);
#11792 = CARTESIAN_POINT('',(9.85502846247,-10.10637874326,
    14.449999999999));
#11793 = VECTOR('',#11794,1.);
#11794 = DIRECTION('',(-3.491481338843E-15,-1.,1.219044193949E-29));
#11795 = ORIENTED_EDGE('',*,*,#11796,.T.);
#11796 = EDGE_CURVE('',#11789,#2522,#11797,.T.);
#11797 = LINE('',#11798,#11799);
#11798 = CARTESIAN_POINT('',(9.85502846247,-10.3967025,14.449999999999)
  );
#11799 = VECTOR('',#11800,1.);
#11800 = DIRECTION('',(3.491481338843E-15,-6.123233995737E-17,1.));
#11801 = PLANE('',#11802);
#11802 = AXIS2_PLACEMENT_3D('',#11803,#11804,#11805);
#11803 = CARTESIAN_POINT('',(9.85502846247,-10.10637874326,
    14.449999999999));
#11804 = DIRECTION('',(-1.,3.491481338843E-15,3.491481338843E-15));
#11805 = DIRECTION('',(3.491481338843E-15,1.,-1.219044193949E-29));
#11806 = ADVANCED_FACE('',(#11807),#11825,.T.);
#11807 = FACE_BOUND('',#11808,.T.);
#11808 = EDGE_LOOP('',(#11809,#11810,#11811,#11819));
#11809 = ORIENTED_EDGE('',*,*,#2529,.F.);
#11810 = ORIENTED_EDGE('',*,*,#11796,.F.);
#11811 = ORIENTED_EDGE('',*,*,#11812,.T.);
#11812 = EDGE_CURVE('',#11789,#11813,#11815,.T.);
#11813 = VERTEX_POINT('',#11814);
#11814 = CARTESIAN_POINT('',(9.790151645322,-10.3967025,14.449999999999)
  );
#11815 = LINE('',#11816,#11817);
#11816 = CARTESIAN_POINT('',(9.85502846247,-10.3967025,14.449999999999)
  );
#11817 = VECTOR('',#11818,1.);
#11818 = DIRECTION('',(-1.,3.491481338843E-15,3.491481338843E-15));
#11819 = ORIENTED_EDGE('',*,*,#11820,.T.);
#11820 = EDGE_CURVE('',#11813,#2530,#11821,.T.);
#11821 = LINE('',#11822,#11823);
#11822 = CARTESIAN_POINT('',(9.790151645322,-10.3967025,14.449999999999)
  );
#11823 = VECTOR('',#11824,1.);
#11824 = DIRECTION('',(3.491481338843E-15,-6.123233995737E-17,1.));
#11825 = PLANE('',#11826);
#11826 = AXIS2_PLACEMENT_3D('',#11827,#11828,#11829);
#11827 = CARTESIAN_POINT('',(9.85502846247,-10.3967025,14.449999999999)
  );
#11828 = DIRECTION('',(3.491481338843E-15,1.,6.123233995736E-17));
#11829 = DIRECTION('',(3.491481338843E-15,-6.123233995737E-17,1.));
#11830 = ADVANCED_FACE('',(#11831),#11849,.T.);
#11831 = FACE_BOUND('',#11832,.T.);
#11832 = EDGE_LOOP('',(#11833,#11834,#11835,#11843));
#11833 = ORIENTED_EDGE('',*,*,#2537,.F.);
#11834 = ORIENTED_EDGE('',*,*,#11820,.F.);
#11835 = ORIENTED_EDGE('',*,*,#11836,.T.);
#11836 = EDGE_CURVE('',#11813,#11837,#11839,.T.);
#11837 = VERTEX_POINT('',#11838);
#11838 = CARTESIAN_POINT('',(9.790151645322,-10.01392927882,
    14.449999999999));
#11839 = LINE('',#11840,#11841);
#11840 = CARTESIAN_POINT('',(9.790151645322,-10.3967025,14.449999999999)
  );
#11841 = VECTOR('',#11842,1.);
#11842 = DIRECTION('',(3.491481338843E-15,1.,-1.219044193949E-29));
#11843 = ORIENTED_EDGE('',*,*,#11844,.T.);
#11844 = EDGE_CURVE('',#11837,#2538,#11845,.T.);
#11845 = LINE('',#11846,#11847);
#11846 = CARTESIAN_POINT('',(9.790151645322,-10.01392927882,
    14.449999999999));
#11847 = VECTOR('',#11848,1.);
#11848 = DIRECTION('',(3.491481338843E-15,-6.123233995737E-17,1.));
#11849 = PLANE('',#11850);
#11850 = AXIS2_PLACEMENT_3D('',#11851,#11852,#11853);
#11851 = CARTESIAN_POINT('',(9.790151645322,-10.3967025,14.449999999999)
  );
#11852 = DIRECTION('',(1.,-3.491481338843E-15,-3.491481338843E-15));
#11853 = DIRECTION('',(-3.491481338843E-15,-1.,1.219044193949E-29));
#11854 = ADVANCED_FACE('',(#11855),#11873,.T.);
#11855 = FACE_BOUND('',#11856,.T.);
#11856 = EDGE_LOOP('',(#11857,#11858,#11859,#11867));
#11857 = ORIENTED_EDGE('',*,*,#2545,.F.);
#11858 = ORIENTED_EDGE('',*,*,#11844,.F.);
#11859 = ORIENTED_EDGE('',*,*,#11860,.T.);
#11860 = EDGE_CURVE('',#11837,#11861,#11863,.T.);
#11861 = VERTEX_POINT('',#11862);
#11862 = CARTESIAN_POINT('',(9.85502846247,-10.01392927882,
    14.449999999999));
#11863 = LINE('',#11864,#11865);
#11864 = CARTESIAN_POINT('',(9.790151645322,-10.01392927882,
    14.449999999999));
#11865 = VECTOR('',#11866,1.);
#11866 = DIRECTION('',(1.,3.193200309537E-15,-3.491481338843E-15));
#11867 = ORIENTED_EDGE('',*,*,#11868,.T.);
#11868 = EDGE_CURVE('',#11861,#2546,#11869,.T.);
#11869 = LINE('',#11870,#11871);
#11870 = CARTESIAN_POINT('',(9.85502846247,-10.01392927882,
    14.449999999999));
#11871 = VECTOR('',#11872,1.);
#11872 = DIRECTION('',(3.491481338843E-15,-6.123233995737E-17,1.));
#11873 = PLANE('',#11874);
#11874 = AXIS2_PLACEMENT_3D('',#11875,#11876,#11877);
#11875 = CARTESIAN_POINT('',(9.790151645322,-10.01392927882,
    14.449999999999));
#11876 = DIRECTION('',(3.193200309537E-15,-1.,-6.123233995738E-17));
#11877 = DIRECTION('',(-1.,-3.193200309537E-15,3.491481338843E-15));
#11878 = ADVANCED_FACE('',(#11879),#11897,.T.);
#11879 = FACE_BOUND('',#11880,.T.);
#11880 = EDGE_LOOP('',(#11881,#11882,#11883,#11891));
#11881 = ORIENTED_EDGE('',*,*,#2553,.F.);
#11882 = ORIENTED_EDGE('',*,*,#11868,.F.);
#11883 = ORIENTED_EDGE('',*,*,#11884,.T.);
#11884 = EDGE_CURVE('',#11861,#11885,#11887,.T.);
#11885 = VERTEX_POINT('',#11886);
#11886 = CARTESIAN_POINT('',(9.85502846247,-10.05640332005,
    14.449999999999));
#11887 = LINE('',#11888,#11889);
#11888 = CARTESIAN_POINT('',(9.85502846247,-10.01392927882,
    14.449999999999));
#11889 = VECTOR('',#11890,1.);
#11890 = DIRECTION('',(-3.491481338843E-15,-1.,1.219044193949E-29));
#11891 = ORIENTED_EDGE('',*,*,#11892,.T.);
#11892 = EDGE_CURVE('',#11885,#2554,#11893,.T.);
#11893 = LINE('',#11894,#11895);
#11894 = CARTESIAN_POINT('',(9.85502846247,-10.05640332005,
    14.449999999999));
#11895 = VECTOR('',#11896,1.);
#11896 = DIRECTION('',(3.491481338843E-15,-6.123233995737E-17,1.));
#11897 = PLANE('',#11898);
#11898 = AXIS2_PLACEMENT_3D('',#11899,#11900,#11901);
#11899 = CARTESIAN_POINT('',(9.85502846247,-10.01392927882,
    14.449999999999));
#11900 = DIRECTION('',(-1.,3.491481338843E-15,3.491481338843E-15));
#11901 = DIRECTION('',(3.491481338843E-15,1.,-1.219044193949E-29));
#11902 = ADVANCED_FACE('',(#11903),#11929,.T.);
#11903 = FACE_BOUND('',#11904,.T.);
#11904 = EDGE_LOOP('',(#11905,#11906,#11907,#11923));
#11905 = ORIENTED_EDGE('',*,*,#2561,.F.);
#11906 = ORIENTED_EDGE('',*,*,#11892,.F.);
#11907 = ORIENTED_EDGE('',*,*,#11908,.T.);
#11908 = EDGE_CURVE('',#11885,#11909,#11911,.T.);
#11909 = VERTEX_POINT('',#11910);
#11910 = CARTESIAN_POINT('',(9.978801265185,-10.00095391539,
    14.449999999999));
#11911 = B_SPLINE_CURVE_WITH_KNOTS('',3,(#11912,#11913,#11914,#11915,
    #11916,#11917,#11918,#11919,#11920,#11921,#11922),.UNSPECIFIED.,.F.,
  .F.,(4,1,1,1,1,1,1,1,4),(0.,0.140161496048,0.274639475596,
    0.40175416621,0.524350155346,0.643239902235,0.761390720586,
    0.879245123405,1.),.UNSPECIFIED.);
#11912 = CARTESIAN_POINT('',(9.85502846247,-10.05640332005,
    14.449999999999));
#11913 = CARTESIAN_POINT('',(9.85997540531,-10.05221297682,
    14.449999999999));
#11914 = CARTESIAN_POINT('',(9.869668693595,-10.04400220783,
    14.449999999999));
#11915 = CARTESIAN_POINT('',(9.884757953751,-10.03313627828,
    14.449999999999));
#11916 = CARTESIAN_POINT('',(9.899747956416,-10.02358505981,
    14.449999999999));
#11917 = CARTESIAN_POINT('',(9.914770540366,-10.01549275726,
    14.449999999999));
#11918 = CARTESIAN_POINT('',(9.930109218677,-10.00899086406,
    14.449999999999));
#11919 = CARTESIAN_POINT('',(9.945866346413,-10.00429323459,
    14.449999999999));
#11920 = CARTESIAN_POINT('',(9.962175953198,-10.00146435361,
    14.449999999999));
#11921 = CARTESIAN_POINT('',(9.973214766187,-10.00112543474,
    14.449999999999));
#11922 = CARTESIAN_POINT('',(9.978801265185,-10.00095391539,
    14.449999999999));
#11923 = ORIENTED_EDGE('',*,*,#11924,.T.);
#11924 = EDGE_CURVE('',#11909,#2562,#11925,.T.);
#11925 = LINE('',#11926,#11927);
#11926 = CARTESIAN_POINT('',(9.978801265185,-10.00095391539,
    14.449999999999));
#11927 = VECTOR('',#11928,1.);
#11928 = DIRECTION('',(3.491481338843E-15,-6.123233995737E-17,1.));
#11929 = B_SPLINE_SURFACE_WITH_KNOTS('',3,1,(
    (#11930,#11931)
    ,(#11932,#11933)
    ,(#11934,#11935)
    ,(#11936,#11937)
    ,(#11938,#11939)
    ,(#11940,#11941)
    ,(#11942,#11943)
    ,(#11944,#11945)
    ,(#11946,#11947)
    ,(#11948,#11949)
    ,(#11950,#11951
    )),.UNSPECIFIED.,.F.,.F.,.F.,(4,1,1,1,1,1,1,1,4),(2,2),(0.,
    0.140161496048,0.274639475596,0.40175416621,0.524350155346,
    0.643239902235,0.761390720586,0.879245123405,1.),(0.,1.),
  .UNSPECIFIED.);
#11930 = CARTESIAN_POINT('',(9.85502846247,-10.05640332005,
    14.449999999999));
#11931 = CARTESIAN_POINT('',(9.85502846247,-10.05640332005,
    14.499999999999));
#11932 = CARTESIAN_POINT('',(9.85997540531,-10.05221297682,
    14.449999999999));
#11933 = CARTESIAN_POINT('',(9.85997540531,-10.05221297682,
    14.499999999999));
#11934 = CARTESIAN_POINT('',(9.869668693595,-10.04400220783,
    14.449999999999));
#11935 = CARTESIAN_POINT('',(9.869668693595,-10.04400220783,
    14.499999999999));
#11936 = CARTESIAN_POINT('',(9.884757953751,-10.03313627828,
    14.449999999999));
#11937 = CARTESIAN_POINT('',(9.884757953751,-10.03313627828,
    14.499999999999));
#11938 = CARTESIAN_POINT('',(9.899747956416,-10.02358505981,
    14.449999999999));
#11939 = CARTESIAN_POINT('',(9.899747956416,-10.02358505981,
    14.499999999999));
#11940 = CARTESIAN_POINT('',(9.914770540366,-10.01549275726,
    14.449999999999));
#11941 = CARTESIAN_POINT('',(9.914770540366,-10.01549275726,
    14.499999999999));
#11942 = CARTESIAN_POINT('',(9.930109218677,-10.00899086406,
    14.449999999999));
#11943 = CARTESIAN_POINT('',(9.930109218677,-10.00899086406,
    14.499999999999));
#11944 = CARTESIAN_POINT('',(9.945866346413,-10.00429323459,
    14.449999999999));
#11945 = CARTESIAN_POINT('',(9.945866346413,-10.00429323459,
    14.499999999999));
#11946 = CARTESIAN_POINT('',(9.962175953198,-10.00146435361,
    14.449999999999));
#11947 = CARTESIAN_POINT('',(9.962175953198,-10.00146435361,
    14.499999999999));
#11948 = CARTESIAN_POINT('',(9.973214766187,-10.00112543474,
    14.449999999999));
#11949 = CARTESIAN_POINT('',(9.973214766187,-10.00112543474,
    14.499999999999));
#11950 = CARTESIAN_POINT('',(9.978801265185,-10.00095391539,
    14.449999999999));
#11951 = CARTESIAN_POINT('',(9.978801265185,-10.00095391539,
    14.499999999999));
#11952 = ADVANCED_FACE('',(#11953),#11979,.T.);
#11953 = FACE_BOUND('',#11954,.T.);
#11954 = EDGE_LOOP('',(#11955,#11956,#11957,#11973));
#11955 = ORIENTED_EDGE('',*,*,#2577,.F.);
#11956 = ORIENTED_EDGE('',*,*,#11924,.F.);
#11957 = ORIENTED_EDGE('',*,*,#11958,.T.);
#11958 = EDGE_CURVE('',#11909,#11959,#11961,.T.);
#11959 = VERTEX_POINT('',#11960);
#11960 = CARTESIAN_POINT('',(10.085442533372,-10.06532388241,
    14.449999999999));
#11961 = B_SPLINE_CURVE_WITH_KNOTS('',3,(#11962,#11963,#11964,#11965,
    #11966,#11967,#11968,#11969,#11970,#11971,#11972),.UNSPECIFIED.,.F.,
  .F.,(4,1,1,1,1,1,1,1,4),(0.,0.141978085851,0.274362057947,
    0.400582052448,0.522574282175,0.642095090289,0.759104822992,
    0.878007770274,1.),.UNSPECIFIED.);
#11962 = CARTESIAN_POINT('',(9.978801265185,-10.00095391539,
    14.449999999999));
#11963 = CARTESIAN_POINT('',(9.985065906311,-10.00116995386,
    14.449999999999));
#11964 = CARTESIAN_POINT('',(9.997171857885,-10.00158743208,
    14.449999999999));
#11965 = CARTESIAN_POINT('',(10.014626498046,-10.0047429088,
    14.449999999999));
#11966 = CARTESIAN_POINT('',(10.030606806601,-10.01009964037,
    14.449999999999));
#11967 = CARTESIAN_POINT('',(10.044998729802,-10.01770983124,
    14.449999999999));
#11968 = CARTESIAN_POINT('',(10.057861124394,-10.02701728398,
    14.449999999999));
#11969 = CARTESIAN_POINT('',(10.068940913215,-10.0381808706,
    14.449999999999));
#11970 = CARTESIAN_POINT('',(10.078452458138,-10.05089012268,
    14.449999999999));
#11971 = CARTESIAN_POINT('',(10.083092672649,-10.06047167068,
    14.449999999999));
#11972 = CARTESIAN_POINT('',(10.085442533372,-10.06532388241,
    14.449999999999));
#11973 = ORIENTED_EDGE('',*,*,#11974,.T.);
#11974 = EDGE_CURVE('',#11959,#2578,#11975,.T.);
#11975 = LINE('',#11976,#11977);
#11976 = CARTESIAN_POINT('',(10.085442533372,-10.06532388241,
    14.449999999999));
#11977 = VECTOR('',#11978,1.);
#11978 = DIRECTION('',(3.491481338843E-15,-6.123233995737E-17,1.));
#11979 = B_SPLINE_SURFACE_WITH_KNOTS('',3,1,(
    (#11980,#11981)
    ,(#11982,#11983)
    ,(#11984,#11985)
    ,(#11986,#11987)
    ,(#11988,#11989)
    ,(#11990,#11991)
    ,(#11992,#11993)
    ,(#11994,#11995)
    ,(#11996,#11997)
    ,(#11998,#11999)
    ,(#12000,#12001
    )),.UNSPECIFIED.,.F.,.F.,.F.,(4,1,1,1,1,1,1,1,4),(2,2),(0.,
    0.141978085851,0.274362057947,0.400582052448,0.522574282175,
    0.642095090289,0.759104822992,0.878007770274,1.),(0.,1.),
  .UNSPECIFIED.);
#11980 = CARTESIAN_POINT('',(9.978801265185,-10.00095391539,
    14.449999999999));
#11981 = CARTESIAN_POINT('',(9.978801265185,-10.00095391539,
    14.499999999999));
#11982 = CARTESIAN_POINT('',(9.985065906311,-10.00116995386,
    14.449999999999));
#11983 = CARTESIAN_POINT('',(9.985065906311,-10.00116995386,
    14.499999999999));
#11984 = CARTESIAN_POINT('',(9.997171857885,-10.00158743208,
    14.449999999999));
#11985 = CARTESIAN_POINT('',(9.997171857885,-10.00158743208,
    14.499999999999));
#11986 = CARTESIAN_POINT('',(10.014626498046,-10.0047429088,
    14.449999999999));
#11987 = CARTESIAN_POINT('',(10.014626498046,-10.0047429088,
    14.499999999999));
#11988 = CARTESIAN_POINT('',(10.030606806601,-10.01009964037,
    14.449999999999));
#11989 = CARTESIAN_POINT('',(10.030606806601,-10.01009964037,
    14.499999999999));
#11990 = CARTESIAN_POINT('',(10.044998729802,-10.01770983124,
    14.449999999999));
#11991 = CARTESIAN_POINT('',(10.044998729802,-10.01770983124,
    14.499999999999));
#11992 = CARTESIAN_POINT('',(10.057861124394,-10.02701728398,
    14.449999999999));
#11993 = CARTESIAN_POINT('',(10.057861124394,-10.02701728398,
    14.499999999999));
#11994 = CARTESIAN_POINT('',(10.068940913215,-10.0381808706,
    14.449999999999));
#11995 = CARTESIAN_POINT('',(10.068940913215,-10.0381808706,
    14.499999999999));
#11996 = CARTESIAN_POINT('',(10.078452458138,-10.05089012268,
    14.449999999999));
#11997 = CARTESIAN_POINT('',(10.078452458138,-10.05089012268,
    14.499999999999));
#11998 = CARTESIAN_POINT('',(10.083092672649,-10.06047167068,
    14.449999999999));
#11999 = CARTESIAN_POINT('',(10.083092672649,-10.06047167068,
    14.499999999999));
#12000 = CARTESIAN_POINT('',(10.085442533372,-10.06532388241,
    14.449999999999));
#12001 = CARTESIAN_POINT('',(10.085442533372,-10.06532388241,
    14.499999999999));
#12002 = ADVANCED_FACE('',(#12003),#12029,.T.);
#12003 = FACE_BOUND('',#12004,.T.);
#12004 = EDGE_LOOP('',(#12005,#12006,#12007,#12023));
#12005 = ORIENTED_EDGE('',*,*,#2593,.F.);
#12006 = ORIENTED_EDGE('',*,*,#11974,.F.);
#12007 = ORIENTED_EDGE('',*,*,#12008,.T.);
#12008 = EDGE_CURVE('',#11959,#12009,#12011,.T.);
#12009 = VERTEX_POINT('',#12010);
#12010 = CARTESIAN_POINT('',(10.225333170347,-10.00095391539,
    14.449999999999));
#12011 = B_SPLINE_CURVE_WITH_KNOTS('',3,(#12012,#12013,#12014,#12015,
    #12016,#12017,#12018,#12019,#12020,#12021,#12022),.UNSPECIFIED.,.F.,
  .F.,(4,1,1,1,1,1,1,1,4),(0.,0.157416419565,0.301253520417,
    0.431927834481,0.550372511969,0.661959765283,0.773458145744,
    0.88545551865,1.),.UNSPECIFIED.);
#12012 = CARTESIAN_POINT('',(10.085442533372,-10.06532388241,
    14.449999999999));
#12013 = CARTESIAN_POINT('',(10.091727691957,-10.05993518227,
    14.449999999999));
#12014 = CARTESIAN_POINT('',(10.103755828256,-10.04962263106,
    14.449999999999));
#12015 = CARTESIAN_POINT('',(10.122062566105,-10.03615485649,
    14.449999999999));
#12016 = CARTESIAN_POINT('',(10.139375780055,-10.02485191418,
    14.449999999999));
#12017 = CARTESIAN_POINT('',(10.156143616819,-10.01592758788,
    14.449999999999));
#12018 = CARTESIAN_POINT('',(10.172814676943,-10.00915837924,
    14.449999999999));
#12019 = CARTESIAN_POINT('',(10.18980649071,-10.00439228845,
    14.449999999999));
#12020 = CARTESIAN_POINT('',(10.207388698102,-10.00143900824,
    14.449999999999));
#12021 = CARTESIAN_POINT('',(10.219307012006,-10.00111682051,
    14.449999999999));
#12022 = CARTESIAN_POINT('',(10.225333170347,-10.00095391539,
    14.449999999999));
#12023 = ORIENTED_EDGE('',*,*,#12024,.T.);
#12024 = EDGE_CURVE('',#12009,#2594,#12025,.T.);
#12025 = LINE('',#12026,#12027);
#12026 = CARTESIAN_POINT('',(10.225333170347,-10.00095391539,
    14.449999999999));
#12027 = VECTOR('',#12028,1.);
#12028 = DIRECTION('',(3.491481338843E-15,-6.123233995737E-17,1.));
#12029 = B_SPLINE_SURFACE_WITH_KNOTS('',3,1,(
    (#12030,#12031)
    ,(#12032,#12033)
    ,(#12034,#12035)
    ,(#12036,#12037)
    ,(#12038,#12039)
    ,(#12040,#12041)
    ,(#12042,#12043)
    ,(#12044,#12045)
    ,(#12046,#12047)
    ,(#12048,#12049)
    ,(#12050,#12051
    )),.UNSPECIFIED.,.F.,.F.,.F.,(4,1,1,1,1,1,1,1,4),(2,2),(0.,
    0.157416419565,0.301253520417,0.431927834481,0.550372511969,
    0.661959765283,0.773458145744,0.88545551865,1.),(0.,1.),
  .UNSPECIFIED.);
#12030 = CARTESIAN_POINT('',(10.085442533372,-10.06532388241,
    14.449999999999));
#12031 = CARTESIAN_POINT('',(10.085442533372,-10.06532388241,
    14.499999999999));
#12032 = CARTESIAN_POINT('',(10.091727691957,-10.05993518227,
    14.449999999999));
#12033 = CARTESIAN_POINT('',(10.091727691957,-10.05993518227,
    14.499999999999));
#12034 = CARTESIAN_POINT('',(10.103755828256,-10.04962263106,
    14.449999999999));
#12035 = CARTESIAN_POINT('',(10.103755828256,-10.04962263106,
    14.499999999999));
#12036 = CARTESIAN_POINT('',(10.122062566105,-10.03615485649,
    14.449999999999));
#12037 = CARTESIAN_POINT('',(10.122062566105,-10.03615485649,
    14.499999999999));
#12038 = CARTESIAN_POINT('',(10.139375780055,-10.02485191418,
    14.449999999999));
#12039 = CARTESIAN_POINT('',(10.139375780055,-10.02485191418,
    14.499999999999));
#12040 = CARTESIAN_POINT('',(10.156143616819,-10.01592758788,
    14.449999999999));
#12041 = CARTESIAN_POINT('',(10.156143616819,-10.01592758788,
    14.499999999999));
#12042 = CARTESIAN_POINT('',(10.172814676943,-10.00915837924,
    14.449999999999));
#12043 = CARTESIAN_POINT('',(10.172814676943,-10.00915837924,
    14.499999999999));
#12044 = CARTESIAN_POINT('',(10.18980649071,-10.00439228845,
    14.449999999999));
#12045 = CARTESIAN_POINT('',(10.18980649071,-10.00439228845,
    14.499999999999));
#12046 = CARTESIAN_POINT('',(10.207388698102,-10.00143900824,
    14.449999999999));
#12047 = CARTESIAN_POINT('',(10.207388698102,-10.00143900824,
    14.499999999999));
#12048 = CARTESIAN_POINT('',(10.219307012006,-10.00111682051,
    14.449999999999));
#12049 = CARTESIAN_POINT('',(10.219307012006,-10.00111682051,
    14.499999999999));
#12050 = CARTESIAN_POINT('',(10.225333170347,-10.00095391539,
    14.449999999999));
#12051 = CARTESIAN_POINT('',(10.225333170347,-10.00095391539,
    14.499999999999));
#12052 = ADVANCED_FACE('',(#12053),#12080,.T.);
#12053 = FACE_BOUND('',#12054,.T.);
#12054 = EDGE_LOOP('',(#12055,#12056,#12057,#12079));
#12055 = ORIENTED_EDGE('',*,*,#2609,.F.);
#12056 = ORIENTED_EDGE('',*,*,#12024,.F.);
#12057 = ORIENTED_EDGE('',*,*,#12058,.T.);
#12058 = EDGE_CURVE('',#12009,#11311,#12059,.T.);
#12059 = B_SPLINE_CURVE_WITH_KNOTS('',3,(#12060,#12061,#12062,#12063,
    #12064,#12065,#12066,#12067,#12068,#12069,#12070,#12071,#12072,
    #12073,#12074,#12075,#12076,#12077,#12078),.UNSPECIFIED.,.F.,.F.,(4,
    1,1,1,1,1,1,1,1,1,1,1,1,1,1,1,4),(0.,6.991198181617E-02,
    0.135647707692,0.197677773847,0.256886758997,0.313331579238,
    0.368485972789,0.42329323182,0.478714376483,0.534912745248,
    0.592857309557,0.653151589713,0.715302165451,0.780928923327,
    0.850220810243,0.923122996045,1.),.UNSPECIFIED.);
#12060 = CARTESIAN_POINT('',(10.225333170347,-10.00095391539,
    14.449999999999));
#12061 = CARTESIAN_POINT('',(10.230408360936,-10.00105932319,
    14.449999999999));
#12062 = CARTESIAN_POINT('',(10.24025557098,-10.00126384216,
    14.449999999999));
#12063 = CARTESIAN_POINT('',(10.254495697281,-10.003163821,
    14.449999999999));
#12064 = CARTESIAN_POINT('',(10.267786997585,-10.00599670723,
    14.449999999999));
#12065 = CARTESIAN_POINT('',(10.279975796909,-10.01029607864,
    14.449999999999));
#12066 = CARTESIAN_POINT('',(10.291172100919,-10.01567500917,
    14.449999999999));
#12067 = CARTESIAN_POINT('',(10.301296657001,-10.02232027249,
    14.449999999999));
#12068 = CARTESIAN_POINT('',(10.310403449989,-10.03018962332,
    14.449999999999));
#12069 = CARTESIAN_POINT('',(10.318408809151,-10.03927396067,
    14.449999999999));
#12070 = CARTESIAN_POINT('',(10.325435525462,-10.04940220751,
    14.449999999999));
#12071 = CARTESIAN_POINT('',(10.33152614315,-10.06052057703,
    14.449999999999));
#12072 = CARTESIAN_POINT('',(10.336685882087,-10.07257297918,
    14.449999999999));
#12073 = CARTESIAN_POINT('',(10.340810709707,-10.0855960053,
    14.449999999999));
#12074 = CARTESIAN_POINT('',(10.344196883624,-10.09950185905,
    14.449999999999));
#12075 = CARTESIAN_POINT('',(10.346480032789,-10.11442422713,
    14.449999999999));
#12076 = CARTESIAN_POINT('',(10.347765953341,-10.13027924814,
    14.449999999999));
#12077 = CARTESIAN_POINT('',(10.347981592113,-10.14114629595,
    14.449999999999));
#12078 = CARTESIAN_POINT('',(10.348092272794,-10.14672401392,
    14.449999999999));
#12079 = ORIENTED_EDGE('',*,*,#11310,.T.);
#12080 = B_SPLINE_SURFACE_WITH_KNOTS('',3,1,(
    (#12081,#12082)
    ,(#12083,#12084)
    ,(#12085,#12086)
    ,(#12087,#12088)
    ,(#12089,#12090)
    ,(#12091,#12092)
    ,(#12093,#12094)
    ,(#12095,#12096)
    ,(#12097,#12098)
    ,(#12099,#12100)
    ,(#12101,#12102)
    ,(#12103,#12104)
    ,(#12105,#12106)
    ,(#12107,#12108)
    ,(#12109,#12110)
    ,(#12111,#12112)
    ,(#12113,#12114)
    ,(#12115,#12116)
    ,(#12117,#12118
    )),.UNSPECIFIED.,.F.,.F.,.F.,(4,1,1,1,1,1,1,1,1,1,1,1,1,1,1,1,4),(2,
    2),(0.,6.991198181617E-02,0.135647707692,0.197677773847,
    0.256886758997,0.313331579238,0.368485972789,0.42329323182,
    0.478714376483,0.534912745248,0.592857309557,0.653151589713,
    0.715302165451,0.780928923327,0.850220810243,0.923122996045,1.),(0.,
    1.),.UNSPECIFIED.);
#12081 = CARTESIAN_POINT('',(10.225333170347,-10.00095391539,
    14.449999999999));
#12082 = CARTESIAN_POINT('',(10.225333170347,-10.00095391539,
    14.499999999999));
#12083 = CARTESIAN_POINT('',(10.230408360936,-10.00105932319,
    14.449999999999));
#12084 = CARTESIAN_POINT('',(10.230408360936,-10.00105932319,
    14.499999999999));
#12085 = CARTESIAN_POINT('',(10.24025557098,-10.00126384216,
    14.449999999999));
#12086 = CARTESIAN_POINT('',(10.24025557098,-10.00126384216,
    14.499999999999));
#12087 = CARTESIAN_POINT('',(10.254495697281,-10.003163821,
    14.449999999999));
#12088 = CARTESIAN_POINT('',(10.254495697281,-10.003163821,
    14.499999999999));
#12089 = CARTESIAN_POINT('',(10.267786997585,-10.00599670723,
    14.449999999999));
#12090 = CARTESIAN_POINT('',(10.267786997585,-10.00599670723,
    14.499999999999));
#12091 = CARTESIAN_POINT('',(10.279975796909,-10.01029607864,
    14.449999999999));
#12092 = CARTESIAN_POINT('',(10.279975796909,-10.01029607864,
    14.499999999999));
#12093 = CARTESIAN_POINT('',(10.291172100919,-10.01567500917,
    14.449999999999));
#12094 = CARTESIAN_POINT('',(10.291172100919,-10.01567500917,
    14.499999999999));
#12095 = CARTESIAN_POINT('',(10.301296657001,-10.02232027249,
    14.449999999999));
#12096 = CARTESIAN_POINT('',(10.301296657001,-10.02232027249,
    14.499999999999));
#12097 = CARTESIAN_POINT('',(10.310403449989,-10.03018962332,
    14.449999999999));
#12098 = CARTESIAN_POINT('',(10.310403449989,-10.03018962332,
    14.499999999999));
#12099 = CARTESIAN_POINT('',(10.318408809151,-10.03927396067,
    14.449999999999));
#12100 = CARTESIAN_POINT('',(10.318408809151,-10.03927396067,
    14.499999999999));
#12101 = CARTESIAN_POINT('',(10.325435525462,-10.04940220751,
    14.449999999999));
#12102 = CARTESIAN_POINT('',(10.325435525462,-10.04940220751,
    14.499999999999));
#12103 = CARTESIAN_POINT('',(10.33152614315,-10.06052057703,
    14.449999999999));
#12104 = CARTESIAN_POINT('',(10.33152614315,-10.06052057703,
    14.499999999999));
#12105 = CARTESIAN_POINT('',(10.336685882087,-10.07257297918,
    14.449999999999));
#12106 = CARTESIAN_POINT('',(10.336685882087,-10.07257297918,
    14.499999999999));
#12107 = CARTESIAN_POINT('',(10.340810709707,-10.0855960053,
    14.449999999999));
#12108 = CARTESIAN_POINT('',(10.340810709707,-10.0855960053,
    14.499999999999));
#12109 = CARTESIAN_POINT('',(10.344196883624,-10.09950185905,
    14.449999999999));
#12110 = CARTESIAN_POINT('',(10.344196883624,-10.09950185905,
    14.499999999999));
#12111 = CARTESIAN_POINT('',(10.346480032789,-10.11442422713,
    14.449999999999));
#12112 = CARTESIAN_POINT('',(10.346480032789,-10.11442422713,
    14.499999999999));
#12113 = CARTESIAN_POINT('',(10.347765953341,-10.13027924814,
    14.449999999999));
#12114 = CARTESIAN_POINT('',(10.347765953341,-10.13027924814,
    14.499999999999));
#12115 = CARTESIAN_POINT('',(10.347981592113,-10.14114629595,
    14.449999999999));
#12116 = CARTESIAN_POINT('',(10.347981592113,-10.14114629595,
    14.499999999999));
#12117 = CARTESIAN_POINT('',(10.348092272794,-10.14672401392,
    14.449999999999));
#12118 = CARTESIAN_POINT('',(10.348092272794,-10.14672401392,
    14.499999999999));
#12119 = ADVANCED_FACE('',(#12120),#12144,.F.);
#12120 = FACE_BOUND('',#12121,.T.);
#12121 = EDGE_LOOP('',(#12122,#12123,#12124,#12125,#12126,#12127,#12128,
    #12129,#12130,#12131,#12132,#12133,#12134,#12135,#12136,#12137,
    #12138,#12139,#12140,#12141,#12142,#12143));
#12122 = ORIENTED_EDGE('',*,*,#11318,.F.);
#12123 = ORIENTED_EDGE('',*,*,#12058,.F.);
#12124 = ORIENTED_EDGE('',*,*,#12008,.F.);
#12125 = ORIENTED_EDGE('',*,*,#11958,.F.);
#12126 = ORIENTED_EDGE('',*,*,#11908,.F.);
#12127 = ORIENTED_EDGE('',*,*,#11884,.F.);
#12128 = ORIENTED_EDGE('',*,*,#11860,.F.);
#12129 = ORIENTED_EDGE('',*,*,#11836,.F.);
#12130 = ORIENTED_EDGE('',*,*,#11812,.F.);
#12131 = ORIENTED_EDGE('',*,*,#11788,.F.);
#12132 = ORIENTED_EDGE('',*,*,#11738,.F.);
#12133 = ORIENTED_EDGE('',*,*,#11688,.F.);
#12134 = ORIENTED_EDGE('',*,*,#11644,.F.);
#12135 = ORIENTED_EDGE('',*,*,#11620,.F.);
#12136 = ORIENTED_EDGE('',*,*,#11596,.F.);
#12137 = ORIENTED_EDGE('',*,*,#11572,.F.);
#12138 = ORIENTED_EDGE('',*,*,#11534,.F.);
#12139 = ORIENTED_EDGE('',*,*,#11484,.F.);
#12140 = ORIENTED_EDGE('',*,*,#11434,.F.);
#12141 = ORIENTED_EDGE('',*,*,#11390,.F.);
#12142 = ORIENTED_EDGE('',*,*,#11366,.F.);
#12143 = ORIENTED_EDGE('',*,*,#11342,.F.);
#12144 = PLANE('',#12145);
#12145 = AXIS2_PLACEMENT_3D('',#12146,#12147,#12148);
#12146 = CARTESIAN_POINT('',(10.281468201286,-10.13181541219,
    14.449999999999));
#12147 = DIRECTION('',(2.443382927495E-11,1.083017234576E-12,-1.));
#12148 = DIRECTION('',(1.,-3.491481338843E-15,2.443382927495E-11));
#12149 = ADVANCED_FACE('',(#12150),#12176,.F.);
#12150 = FACE_BOUND('',#12151,.F.);
#12151 = EDGE_LOOP('',(#12152,#12160,#12169,#12175));
#12152 = ORIENTED_EDGE('',*,*,#12153,.F.);
#12153 = EDGE_CURVE('',#12154,#966,#12156,.T.);
#12154 = VERTEX_POINT('',#12155);
#12155 = CARTESIAN_POINT('',(9.311309187499,-9.111677875,14.449999999999
    ));
#12156 = LINE('',#12157,#12158);
#12157 = CARTESIAN_POINT('',(9.311309187499,-9.111677875,14.449999999999
    ));
#12158 = VECTOR('',#12159,1.);
#12159 = DIRECTION('',(3.491481338843E-15,-6.123233995737E-17,1.));
#12160 = ORIENTED_EDGE('',*,*,#12161,.T.);
#12161 = EDGE_CURVE('',#12154,#12162,#12164,.T.);
#12162 = VERTEX_POINT('',#12163);
#12163 = CARTESIAN_POINT('',(9.770767187499,-9.5654525,14.449999999999)
  );
#12164 = B_SPLINE_CURVE_WITH_KNOTS('',3,(#12165,#12166,#12167,#12168),
  .UNSPECIFIED.,.F.,.F.,(4,4),(0.818181818182,1.),
  .PIECEWISE_BEZIER_KNOTS.);
#12165 = CARTESIAN_POINT('',(9.311309187499,-9.111677875,14.449999999999
    ));
#12166 = CARTESIAN_POINT('',(9.311309187499,-9.422403875,14.449999999999
    ));
#12167 = CARTESIAN_POINT('',(9.489408062499,-9.5654525,14.449999999999)
  );
#12168 = CARTESIAN_POINT('',(9.770767187499,-9.5654525,14.449999999999)
  );
#12169 = ORIENTED_EDGE('',*,*,#12170,.T.);
#12170 = EDGE_CURVE('',#12162,#955,#12171,.T.);
#12171 = LINE('',#12172,#12173);
#12172 = CARTESIAN_POINT('',(9.770767187499,-9.5654525,14.449999999999)
  );
#12173 = VECTOR('',#12174,1.);
#12174 = DIRECTION('',(3.491481338843E-15,-6.123233995737E-17,1.));
#12175 = ORIENTED_EDGE('',*,*,#965,.F.);
#12176 = B_SPLINE_SURFACE_WITH_KNOTS('',3,1,(
    (#12177,#12178)
    ,(#12179,#12180)
    ,(#12181,#12182)
    ,(#12183,#12184
    )),.UNSPECIFIED.,.F.,.F.,.F.,(4,4),(2,2),(0.818181818182,1.),(0.,1.)
  ,.PIECEWISE_BEZIER_KNOTS.);
#12177 = CARTESIAN_POINT('',(9.311309187499,-9.111677875,14.449999999999
    ));
#12178 = CARTESIAN_POINT('',(9.311309187499,-9.111677875,14.499999999999
    ));
#12179 = CARTESIAN_POINT('',(9.311309187499,-9.422403875,14.449999999999
    ));
#12180 = CARTESIAN_POINT('',(9.311309187499,-9.422403875,14.499999999999
    ));
#12181 = CARTESIAN_POINT('',(9.489408062499,-9.5654525,14.449999999999)
  );
#12182 = CARTESIAN_POINT('',(9.489408062499,-9.5654525,14.499999999999)
  );
#12183 = CARTESIAN_POINT('',(9.770767187499,-9.5654525,14.449999999999)
  );
#12184 = CARTESIAN_POINT('',(9.770767187499,-9.5654525,14.499999999999)
  );
#12185 = ADVANCED_FACE('',(#12186),#12204,.F.);
#12186 = FACE_BOUND('',#12187,.T.);
#12187 = EDGE_LOOP('',(#12188,#12189,#12190,#12198));
#12188 = ORIENTED_EDGE('',*,*,#974,.T.);
#12189 = ORIENTED_EDGE('',*,*,#12153,.F.);
#12190 = ORIENTED_EDGE('',*,*,#12191,.F.);
#12191 = EDGE_CURVE('',#12192,#12154,#12194,.T.);
#12192 = VERTEX_POINT('',#12193);
#12193 = CARTESIAN_POINT('',(9.311309187499,-8.55369775,14.449999999999)
  );
#12194 = LINE('',#12195,#12196);
#12195 = CARTESIAN_POINT('',(9.311309187499,-9.111677875,14.449999999999
    ));
#12196 = VECTOR('',#12197,1.);
#12197 = DIRECTION('',(2.72638699823E-15,-1.,-9.519129326785E-30));
#12198 = ORIENTED_EDGE('',*,*,#12199,.T.);
#12199 = EDGE_CURVE('',#12192,#975,#12200,.T.);
#12200 = LINE('',#12201,#12202);
#12201 = CARTESIAN_POINT('',(9.311309187499,-8.55369775,14.449999999999)
  );
#12202 = VECTOR('',#12203,1.);
#12203 = DIRECTION('',(3.491481338843E-15,-6.123233995737E-17,1.));
#12204 = PLANE('',#12205);
#12205 = AXIS2_PLACEMENT_3D('',#12206,#12207,#12208);
#12206 = CARTESIAN_POINT('',(9.311309187499,-9.111677875,14.449999999999
    ));
#12207 = DIRECTION('',(-1.,-2.72638699823E-15,3.491481338843E-15));
#12208 = DIRECTION('',(-2.72638699823E-15,1.,9.519129326785E-30));
#12209 = ADVANCED_FACE('',(#12210),#12228,.F.);
#12210 = FACE_BOUND('',#12211,.T.);
#12211 = EDGE_LOOP('',(#12212,#12213,#12214,#12222));
#12212 = ORIENTED_EDGE('',*,*,#982,.T.);
#12213 = ORIENTED_EDGE('',*,*,#12199,.F.);
#12214 = ORIENTED_EDGE('',*,*,#12215,.F.);
#12215 = EDGE_CURVE('',#12216,#12192,#12218,.T.);
#12216 = VERTEX_POINT('',#12217);
#12217 = CARTESIAN_POINT('',(9.628666187499,-8.55369775,14.449999999999)
  );
#12218 = LINE('',#12219,#12220);
#12219 = CARTESIAN_POINT('',(9.311309187499,-8.55369775,14.449999999999)
  );
#12220 = VECTOR('',#12221,1.);
#12221 = DIRECTION('',(-1.,7.584023836337E-16,3.491481338843E-15));
#12222 = ORIENTED_EDGE('',*,*,#12223,.T.);
#12223 = EDGE_CURVE('',#12216,#983,#12224,.T.);
#12224 = LINE('',#12225,#12226);
#12225 = CARTESIAN_POINT('',(9.628666187499,-8.55369775,14.449999999999)
  );
#12226 = VECTOR('',#12227,1.);
#12227 = DIRECTION('',(3.491481338843E-15,-6.123233995737E-17,1.));
#12228 = PLANE('',#12229);
#12229 = AXIS2_PLACEMENT_3D('',#12230,#12231,#12232);
#12230 = CARTESIAN_POINT('',(9.311309187499,-8.55369775,14.449999999999)
  );
#12231 = DIRECTION('',(7.584023836337E-16,1.,6.123233995737E-17));
#12232 = DIRECTION('',(1.,-7.584023836337E-16,-3.491481338843E-15));
#12233 = ADVANCED_FACE('',(#12234),#12252,.F.);
#12234 = FACE_BOUND('',#12235,.T.);
#12235 = EDGE_LOOP('',(#12236,#12237,#12238,#12246));
#12236 = ORIENTED_EDGE('',*,*,#990,.T.);
#12237 = ORIENTED_EDGE('',*,*,#12223,.F.);
#12238 = ORIENTED_EDGE('',*,*,#12239,.F.);
#12239 = EDGE_CURVE('',#12240,#12216,#12242,.T.);
#12240 = VERTEX_POINT('',#12241);
#12241 = CARTESIAN_POINT('',(9.628666187499,-9.123994625,14.449999999999
    ));
#12242 = LINE('',#12243,#12244);
#12243 = CARTESIAN_POINT('',(9.628666187499,-8.55369775,14.449999999999)
  );
#12244 = VECTOR('',#12245,1.);
#12245 = DIRECTION('',(3.491481338843E-15,1.,-1.219044193949E-29));
#12246 = ORIENTED_EDGE('',*,*,#12247,.T.);
#12247 = EDGE_CURVE('',#12240,#991,#12248,.T.);
#12248 = LINE('',#12249,#12250);
#12249 = CARTESIAN_POINT('',(9.628666187499,-9.123994625,14.449999999999
    ));
#12250 = VECTOR('',#12251,1.);
#12251 = DIRECTION('',(3.491481338843E-15,-6.123233995737E-17,1.));
#12252 = PLANE('',#12253);
#12253 = AXIS2_PLACEMENT_3D('',#12254,#12255,#12256);
#12254 = CARTESIAN_POINT('',(9.628666187499,-8.55369775,14.449999999999)
  );
#12255 = DIRECTION('',(1.,-3.491481338843E-15,-3.491481338843E-15));
#12256 = DIRECTION('',(-3.491481338843E-15,-1.,1.219044193949E-29));
#12257 = ADVANCED_FACE('',(#12258),#12277,.F.);
#12258 = FACE_BOUND('',#12259,.F.);
#12259 = EDGE_LOOP('',(#12260,#12268,#12275,#12276));
#12260 = ORIENTED_EDGE('',*,*,#12261,.F.);
#12261 = EDGE_CURVE('',#12262,#999,#12264,.T.);
#12262 = VERTEX_POINT('',#12263);
#12263 = CARTESIAN_POINT('',(9.773607687499,-9.29072675,14.449999999999)
  );
#12264 = LINE('',#12265,#12266);
#12265 = CARTESIAN_POINT('',(9.773607687499,-9.29072675,14.449999999999)
  );
#12266 = VECTOR('',#12267,1.);
#12267 = DIRECTION('',(3.491481338843E-15,-6.123233995737E-17,1.));
#12268 = ORIENTED_EDGE('',*,*,#12269,.T.);
#12269 = EDGE_CURVE('',#12262,#12240,#12270,.T.);
#12270 = B_SPLINE_CURVE_WITH_KNOTS('',3,(#12271,#12272,#12273,#12274),
  .UNSPECIFIED.,.F.,.F.,(4,4),(0.272727272727,0.363636363636),
  .PIECEWISE_BEZIER_KNOTS.);
#12271 = CARTESIAN_POINT('',(9.773607687499,-9.29072675,14.449999999999)
  );
#12272 = CARTESIAN_POINT('',(9.685507062499,-9.29072675,14.449999999999)
  );
#12273 = CARTESIAN_POINT('',(9.628666187499,-9.237674,14.449999999999));
#12274 = CARTESIAN_POINT('',(9.628666187499,-9.123994625,14.449999999999
    ));
#12275 = ORIENTED_EDGE('',*,*,#12247,.T.);
#12276 = ORIENTED_EDGE('',*,*,#998,.F.);
#12277 = B_SPLINE_SURFACE_WITH_KNOTS('',3,1,(
    (#12278,#12279)
    ,(#12280,#12281)
    ,(#12282,#12283)
    ,(#12284,#12285
    )),.UNSPECIFIED.,.F.,.F.,.F.,(4,4),(2,2),(0.272727272727,
    0.363636363636),(0.,1.),.PIECEWISE_BEZIER_KNOTS.);
#12278 = CARTESIAN_POINT('',(9.773607687499,-9.29072675,14.449999999999)
  );
#12279 = CARTESIAN_POINT('',(9.773607687499,-9.29072675,14.499999999999)
  );
#12280 = CARTESIAN_POINT('',(9.685507062499,-9.29072675,14.449999999999)
  );
#12281 = CARTESIAN_POINT('',(9.685507062499,-9.29072675,14.499999999999)
  );
#12282 = CARTESIAN_POINT('',(9.628666187499,-9.237674,14.449999999999));
#12283 = CARTESIAN_POINT('',(9.628666187499,-9.237674,14.499999999999));
#12284 = CARTESIAN_POINT('',(9.628666187499,-9.123994625,14.449999999999
    ));
#12285 = CARTESIAN_POINT('',(9.628666187499,-9.123994625,14.499999999999
    ));
#12286 = ADVANCED_FACE('',(#12287),#12306,.F.);
#12287 = FACE_BOUND('',#12288,.F.);
#12288 = EDGE_LOOP('',(#12289,#12297,#12304,#12305));
#12289 = ORIENTED_EDGE('',*,*,#12290,.F.);
#12290 = EDGE_CURVE('',#12291,#1008,#12293,.T.);
#12291 = VERTEX_POINT('',#12292);
#12292 = CARTESIAN_POINT('',(9.919499187499,-9.129680375,14.449999999999
    ));
#12293 = LINE('',#12294,#12295);
#12294 = CARTESIAN_POINT('',(9.919499187499,-9.129680375,14.449999999999
    ));
#12295 = VECTOR('',#12296,1.);
#12296 = DIRECTION('',(3.491481338843E-15,-6.123233995737E-17,1.));
#12297 = ORIENTED_EDGE('',*,*,#12298,.T.);
#12298 = EDGE_CURVE('',#12291,#12262,#12299,.T.);
#12299 = B_SPLINE_CURVE_WITH_KNOTS('',3,(#12300,#12301,#12302,#12303),
  .UNSPECIFIED.,.F.,.F.,(4,4),(0.363636363636,0.454545454545),
  .PIECEWISE_BEZIER_KNOTS.);
#12300 = CARTESIAN_POINT('',(9.919499187499,-9.129680375,14.449999999999
    ));
#12301 = CARTESIAN_POINT('',(9.919499187499,-9.239571625,14.449999999999
    ));
#12302 = CARTESIAN_POINT('',(9.862655937499,-9.29072675,14.449999999999)
  );
#12303 = CARTESIAN_POINT('',(9.773607687499,-9.29072675,14.449999999999)
  );
#12304 = ORIENTED_EDGE('',*,*,#12261,.T.);
#12305 = ORIENTED_EDGE('',*,*,#1007,.F.);
#12306 = B_SPLINE_SURFACE_WITH_KNOTS('',3,1,(
    (#12307,#12308)
    ,(#12309,#12310)
    ,(#12311,#12312)
    ,(#12313,#12314
    )),.UNSPECIFIED.,.F.,.F.,.F.,(4,4),(2,2),(0.363636363636,
    0.454545454545),(0.,1.),.PIECEWISE_BEZIER_KNOTS.);
#12307 = CARTESIAN_POINT('',(9.919499187499,-9.129680375,14.449999999999
    ));
#12308 = CARTESIAN_POINT('',(9.919499187499,-9.129680375,14.499999999999
    ));
#12309 = CARTESIAN_POINT('',(9.919499187499,-9.239571625,14.449999999999
    ));
#12310 = CARTESIAN_POINT('',(9.919499187499,-9.239571625,14.499999999999
    ));
#12311 = CARTESIAN_POINT('',(9.862655937499,-9.29072675,14.449999999999)
  );
#12312 = CARTESIAN_POINT('',(9.862655937499,-9.29072675,14.499999999999)
  );
#12313 = CARTESIAN_POINT('',(9.773607687499,-9.29072675,14.449999999999)
  );
#12314 = CARTESIAN_POINT('',(9.773607687499,-9.29072675,14.499999999999)
  );
#12315 = ADVANCED_FACE('',(#12316),#12334,.F.);
#12316 = FACE_BOUND('',#12317,.T.);
#12317 = EDGE_LOOP('',(#12318,#12319,#12320,#12328));
#12318 = ORIENTED_EDGE('',*,*,#1016,.T.);
#12319 = ORIENTED_EDGE('',*,*,#12290,.F.);
#12320 = ORIENTED_EDGE('',*,*,#12321,.F.);
#12321 = EDGE_CURVE('',#12322,#12291,#12324,.T.);
#12322 = VERTEX_POINT('',#12323);
#12323 = CARTESIAN_POINT('',(9.919499187499,-8.553700125,14.449999999999
    ));
#12324 = LINE('',#12325,#12326);
#12325 = CARTESIAN_POINT('',(9.919499187499,-9.129680375,14.449999999999
    ));
#12326 = VECTOR('',#12327,1.);
#12327 = DIRECTION('',(2.532070600574E-15,-1.,-8.840677250538E-30));
#12328 = ORIENTED_EDGE('',*,*,#12329,.T.);
#12329 = EDGE_CURVE('',#12322,#1017,#12330,.T.);
#12330 = LINE('',#12331,#12332);
#12331 = CARTESIAN_POINT('',(9.919499187499,-8.553700125,14.449999999999
    ));
#12332 = VECTOR('',#12333,1.);
#12333 = DIRECTION('',(3.491481338843E-15,-6.123233995737E-17,1.));
#12334 = PLANE('',#12335);
#12335 = AXIS2_PLACEMENT_3D('',#12336,#12337,#12338);
#12336 = CARTESIAN_POINT('',(9.919499187499,-9.129680375,14.449999999999
    ));
#12337 = DIRECTION('',(-1.,-2.532070600574E-15,3.491481338843E-15));
#12338 = DIRECTION('',(-2.532070600574E-15,1.,8.840677250538E-30));
#12339 = ADVANCED_FACE('',(#12340),#12358,.F.);
#12340 = FACE_BOUND('',#12341,.T.);
#12341 = EDGE_LOOP('',(#12342,#12343,#12344,#12352));
#12342 = ORIENTED_EDGE('',*,*,#1024,.T.);
#12343 = ORIENTED_EDGE('',*,*,#12329,.F.);
#12344 = ORIENTED_EDGE('',*,*,#12345,.F.);
#12345 = EDGE_CURVE('',#12346,#12322,#12348,.T.);
#12346 = VERTEX_POINT('',#12347);
#12347 = CARTESIAN_POINT('',(10.235908562499,-8.55369775,14.449999999999
    ));
#12348 = LINE('',#12349,#12350);
#12349 = CARTESIAN_POINT('',(9.919499187499,-8.553700125,14.449999999999
    ));
#12350 = VECTOR('',#12351,1.);
#12351 = DIRECTION('',(-0.999999999972,-7.506098711251E-06,
    3.491481338745E-15));
#12352 = ORIENTED_EDGE('',*,*,#12353,.T.);
#12353 = EDGE_CURVE('',#12346,#1025,#12354,.T.);
#12354 = LINE('',#12355,#12356);
#12355 = CARTESIAN_POINT('',(10.235908562499,-8.55369775,14.449999999999
    ));
#12356 = VECTOR('',#12357,1.);
#12357 = DIRECTION('',(3.491481338843E-15,-6.123233995737E-17,1.));
#12358 = PLANE('',#12359);
#12359 = AXIS2_PLACEMENT_3D('',#12360,#12361,#12362);
#12360 = CARTESIAN_POINT('',(9.919499187499,-8.553700125,14.449999999999
    ));
#12361 = DIRECTION('',(-7.506098711251E-06,0.999999999972,
    6.125854735922E-17));
#12362 = DIRECTION('',(0.999999999972,7.506098711251E-06,
    -3.491481338745E-15));
#12363 = ADVANCED_FACE('',(#12364),#12382,.F.);
#12364 = FACE_BOUND('',#12365,.T.);
#12365 = EDGE_LOOP('',(#12366,#12367,#12368,#12376));
#12366 = ORIENTED_EDGE('',*,*,#1032,.T.);
#12367 = ORIENTED_EDGE('',*,*,#12353,.F.);
#12368 = ORIENTED_EDGE('',*,*,#12369,.F.);
#12369 = EDGE_CURVE('',#12370,#12346,#12372,.T.);
#12370 = VERTEX_POINT('',#12371);
#12371 = CARTESIAN_POINT('',(10.235908562499,-9.10409925,14.449999999999
    ));
#12372 = LINE('',#12373,#12374);
#12373 = CARTESIAN_POINT('',(10.235908562499,-8.55369775,14.449999999999
    ));
#12374 = VECTOR('',#12375,1.);
#12375 = DIRECTION('',(-2.812002485154E-15,1.,9.818054201695E-30));
#12376 = ORIENTED_EDGE('',*,*,#12377,.T.);
#12377 = EDGE_CURVE('',#12370,#957,#12378,.T.);
#12378 = LINE('',#12379,#12380);
#12379 = CARTESIAN_POINT('',(10.235908562499,-9.10409925,14.449999999999
    ));
#12380 = VECTOR('',#12381,1.);
#12381 = DIRECTION('',(3.491481338843E-15,-6.123233995737E-17,1.));
#12382 = PLANE('',#12383);
#12383 = AXIS2_PLACEMENT_3D('',#12384,#12385,#12386);
#12384 = CARTESIAN_POINT('',(10.235908562499,-8.55369775,14.449999999999
    ));
#12385 = DIRECTION('',(1.,2.812002485154E-15,-3.491481338843E-15));
#12386 = DIRECTION('',(2.812002485154E-15,-1.,-9.818054201695E-30));
#12387 = ADVANCED_FACE('',(#12388),#12400,.F.);
#12388 = FACE_BOUND('',#12389,.F.);
#12389 = EDGE_LOOP('',(#12390,#12391,#12398,#12399));
#12390 = ORIENTED_EDGE('',*,*,#12170,.F.);
#12391 = ORIENTED_EDGE('',*,*,#12392,.T.);
#12392 = EDGE_CURVE('',#12162,#12370,#12393,.T.);
#12393 = B_SPLINE_CURVE_WITH_KNOTS('',3,(#12394,#12395,#12396,#12397),
  .UNSPECIFIED.,.F.,.F.,(4,4),(0.727272727273,0.818181818182),
  .PIECEWISE_BEZIER_KNOTS.);
#12394 = CARTESIAN_POINT('',(9.770767187499,-9.5654525,14.449999999999)
  );
#12395 = CARTESIAN_POINT('',(10.053071562499,-9.5654525,14.449999999999)
  );
#12396 = CARTESIAN_POINT('',(10.235908562499,-9.4233515,14.449999999999)
  );
#12397 = CARTESIAN_POINT('',(10.235908562499,-9.10409925,14.449999999999
    ));
#12398 = ORIENTED_EDGE('',*,*,#12377,.T.);
#12399 = ORIENTED_EDGE('',*,*,#954,.F.);
#12400 = B_SPLINE_SURFACE_WITH_KNOTS('',3,1,(
    (#12401,#12402)
    ,(#12403,#12404)
    ,(#12405,#12406)
    ,(#12407,#12408
    )),.UNSPECIFIED.,.F.,.F.,.F.,(4,4),(2,2),(0.727272727273,
    0.818181818182),(0.,1.),.PIECEWISE_BEZIER_KNOTS.);
#12401 = CARTESIAN_POINT('',(9.770767187499,-9.5654525,14.449999999999)
  );
#12402 = CARTESIAN_POINT('',(9.770767187499,-9.5654525,14.499999999999)
  );
#12403 = CARTESIAN_POINT('',(10.053071562499,-9.5654525,14.449999999999)
  );
#12404 = CARTESIAN_POINT('',(10.053071562499,-9.5654525,14.499999999999)
  );
#12405 = CARTESIAN_POINT('',(10.235908562499,-9.4233515,14.449999999999)
  );
#12406 = CARTESIAN_POINT('',(10.235908562499,-9.4233515,14.499999999999)
  );
#12407 = CARTESIAN_POINT('',(10.235908562499,-9.10409925,14.449999999999
    ));
#12408 = CARTESIAN_POINT('',(10.235908562499,-9.10409925,14.499999999999
    ));
#12409 = ADVANCED_FACE('',(#12410),#12422,.T.);
#12410 = FACE_BOUND('',#12411,.T.);
#12411 = EDGE_LOOP('',(#12412,#12413,#12414,#12415,#12416,#12417,#12418,
    #12419,#12420,#12421));
#12412 = ORIENTED_EDGE('',*,*,#12161,.T.);
#12413 = ORIENTED_EDGE('',*,*,#12392,.T.);
#12414 = ORIENTED_EDGE('',*,*,#12369,.T.);
#12415 = ORIENTED_EDGE('',*,*,#12345,.T.);
#12416 = ORIENTED_EDGE('',*,*,#12321,.T.);
#12417 = ORIENTED_EDGE('',*,*,#12298,.T.);
#12418 = ORIENTED_EDGE('',*,*,#12269,.T.);
#12419 = ORIENTED_EDGE('',*,*,#12239,.T.);
#12420 = ORIENTED_EDGE('',*,*,#12215,.T.);
#12421 = ORIENTED_EDGE('',*,*,#12191,.T.);
#12422 = PLANE('',#12423);
#12423 = AXIS2_PLACEMENT_3D('',#12424,#12425,#12426);
#12424 = CARTESIAN_POINT('',(9.435528515624,-9.4550874375,
    14.449999999999));
#12425 = DIRECTION('',(3.491481338843E-15,0.,1.));
#12426 = DIRECTION('',(-3.491481338843E-15,-1.,1.219044193949E-29));
#12427 = ADVANCED_FACE('',(#12428),#12454,.F.);
#12428 = FACE_BOUND('',#12429,.F.);
#12429 = EDGE_LOOP('',(#12430,#12438,#12447,#12453));
#12430 = ORIENTED_EDGE('',*,*,#12431,.F.);
#12431 = EDGE_CURVE('',#12432,#912,#12434,.T.);
#12432 = VERTEX_POINT('',#12433);
#12433 = CARTESIAN_POINT('',(5.850684812499,-9.06336325,14.449999999999)
  );
#12434 = LINE('',#12435,#12436);
#12435 = CARTESIAN_POINT('',(5.850684812499,-9.06336325,14.449999999999)
  );
#12436 = VECTOR('',#12437,1.);
#12437 = DIRECTION('',(3.491481338843E-15,-6.123233995737E-17,1.));
#12438 = ORIENTED_EDGE('',*,*,#12439,.T.);
#12439 = EDGE_CURVE('',#12432,#12440,#12442,.T.);
#12440 = VERTEX_POINT('',#12441);
#12441 = CARTESIAN_POINT('',(6.374562312499,-9.5654525,14.449999999999)
  );
#12442 = B_SPLINE_CURVE_WITH_KNOTS('',3,(#12443,#12444,#12445,#12446),
  .UNSPECIFIED.,.F.,.F.,(4,4),(0.714285714286,1.),
  .PIECEWISE_BEZIER_KNOTS.);
#12443 = CARTESIAN_POINT('',(5.850684812499,-9.06336325,14.449999999999)
  );
#12444 = CARTESIAN_POINT('',(5.850684812499,-9.3428295,14.449999999999)
  );
#12445 = CARTESIAN_POINT('',(6.073312562499,-9.5654525,14.449999999999)
  );
#12446 = CARTESIAN_POINT('',(6.374562312499,-9.5654525,14.449999999999)
  );
#12447 = ORIENTED_EDGE('',*,*,#12448,.T.);
#12448 = EDGE_CURVE('',#12440,#901,#12449,.T.);
#12449 = LINE('',#12450,#12451);
#12450 = CARTESIAN_POINT('',(6.374562312499,-9.5654525,14.449999999999)
  );
#12451 = VECTOR('',#12452,1.);
#12452 = DIRECTION('',(3.491481338843E-15,-6.123233995737E-17,1.));
#12453 = ORIENTED_EDGE('',*,*,#911,.F.);
#12454 = B_SPLINE_SURFACE_WITH_KNOTS('',3,1,(
    (#12455,#12456)
    ,(#12457,#12458)
    ,(#12459,#12460)
    ,(#12461,#12462
    )),.UNSPECIFIED.,.F.,.F.,.F.,(4,4),(2,2),(0.714285714286,1.),(0.,1.)
  ,.PIECEWISE_BEZIER_KNOTS.);
#12455 = CARTESIAN_POINT('',(5.850684812499,-9.06336325,14.449999999999)
  );
#12456 = CARTESIAN_POINT('',(5.850684812499,-9.06336325,14.499999999999)
  );
#12457 = CARTESIAN_POINT('',(5.850684812499,-9.3428295,14.449999999999)
  );
#12458 = CARTESIAN_POINT('',(5.850684812499,-9.3428295,14.499999999999)
  );
#12459 = CARTESIAN_POINT('',(6.073312562499,-9.5654525,14.449999999999)
  );
#12460 = CARTESIAN_POINT('',(6.073312562499,-9.5654525,14.499999999999)
  );
#12461 = CARTESIAN_POINT('',(6.374562312499,-9.5654525,14.449999999999)
  );
#12462 = CARTESIAN_POINT('',(6.374562312499,-9.5654525,14.499999999999)
  );
#12463 = ADVANCED_FACE('',(#12464),#12482,.F.);
#12464 = FACE_BOUND('',#12465,.T.);
#12465 = EDGE_LOOP('',(#12466,#12467,#12468,#12476));
#12466 = ORIENTED_EDGE('',*,*,#920,.T.);
#12467 = ORIENTED_EDGE('',*,*,#12431,.F.);
#12468 = ORIENTED_EDGE('',*,*,#12469,.F.);
#12469 = EDGE_CURVE('',#12470,#12432,#12472,.T.);
#12470 = VERTEX_POINT('',#12471);
#12471 = CARTESIAN_POINT('',(5.850684812499,-9.059575125,14.449999999999
    ));
#12472 = LINE('',#12473,#12474);
#12473 = CARTESIAN_POINT('',(5.850684812499,-9.06336325,14.449999999999)
  );
#12474 = VECTOR('',#12475,1.);
#12475 = DIRECTION('',(-3.491481338843E-15,-1.,1.219044193949E-29));
#12476 = ORIENTED_EDGE('',*,*,#12477,.T.);
#12477 = EDGE_CURVE('',#12470,#921,#12478,.T.);
#12478 = LINE('',#12479,#12480);
#12479 = CARTESIAN_POINT('',(5.850684812499,-9.059575125,14.449999999999
    ));
#12480 = VECTOR('',#12481,1.);
#12481 = DIRECTION('',(3.491481338843E-15,-6.123233995737E-17,1.));
#12482 = PLANE('',#12483);
#12483 = AXIS2_PLACEMENT_3D('',#12484,#12485,#12486);
#12484 = CARTESIAN_POINT('',(5.850684812499,-9.06336325,14.449999999999)
  );
#12485 = DIRECTION('',(-1.,3.491481338843E-15,3.491481338843E-15));
#12486 = DIRECTION('',(3.491481338843E-15,1.,-1.219044193949E-29));
#12487 = ADVANCED_FACE('',(#12488),#12507,.F.);
#12488 = FACE_BOUND('',#12489,.F.);
#12489 = EDGE_LOOP('',(#12490,#12498,#12505,#12506));
#12490 = ORIENTED_EDGE('',*,*,#12491,.F.);
#12491 = EDGE_CURVE('',#12492,#929,#12494,.T.);
#12492 = VERTEX_POINT('',#12493);
#12493 = CARTESIAN_POINT('',(6.378352812499,-8.55369775,14.449999999999)
  );
#12494 = LINE('',#12495,#12496);
#12495 = CARTESIAN_POINT('',(6.378352812499,-8.55369775,14.449999999999)
  );
#12496 = VECTOR('',#12497,1.);
#12497 = DIRECTION('',(3.491481338843E-15,-6.123233995737E-17,1.));
#12498 = ORIENTED_EDGE('',*,*,#12499,.T.);
#12499 = EDGE_CURVE('',#12492,#12470,#12500,.T.);
#12500 = B_SPLINE_CURVE_WITH_KNOTS('',3,(#12501,#12502,#12503,#12504),
  .UNSPECIFIED.,.F.,.F.,(4,4),(0.142857142857,0.285714285714),
  .PIECEWISE_BEZIER_KNOTS.);
#12501 = CARTESIAN_POINT('',(6.378352812499,-8.55369775,14.449999999999)
  );
#12502 = CARTESIAN_POINT('',(6.075203062499,-8.55369775,14.449999999999)
  );
#12503 = CARTESIAN_POINT('',(5.850684812499,-8.78011125,14.449999999999)
  );
#12504 = CARTESIAN_POINT('',(5.850684812499,-9.059575125,14.449999999999
    ));
#12505 = ORIENTED_EDGE('',*,*,#12477,.T.);
#12506 = ORIENTED_EDGE('',*,*,#928,.F.);
#12507 = B_SPLINE_SURFACE_WITH_KNOTS('',3,1,(
    (#12508,#12509)
    ,(#12510,#12511)
    ,(#12512,#12513)
    ,(#12514,#12515
    )),.UNSPECIFIED.,.F.,.F.,.F.,(4,4),(2,2),(0.142857142857,
    0.285714285714),(0.,1.),.PIECEWISE_BEZIER_KNOTS.);
#12508 = CARTESIAN_POINT('',(6.378352812499,-8.55369775,14.449999999999)
  );
#12509 = CARTESIAN_POINT('',(6.378352812499,-8.55369775,14.499999999999)
  );
#12510 = CARTESIAN_POINT('',(6.075203062499,-8.55369775,14.449999999999)
  );
#12511 = CARTESIAN_POINT('',(6.075203062499,-8.55369775,14.499999999999)
  );
#12512 = CARTESIAN_POINT('',(5.850684812499,-8.78011125,14.449999999999)
  );
#12513 = CARTESIAN_POINT('',(5.850684812499,-8.78011125,14.499999999999)
  );
#12514 = CARTESIAN_POINT('',(5.850684812499,-9.059575125,14.449999999999
    ));
#12515 = CARTESIAN_POINT('',(5.850684812499,-9.059575125,14.499999999999
    ));
#12516 = ADVANCED_FACE('',(#12517),#12536,.F.);
#12517 = FACE_BOUND('',#12518,.F.);
#12518 = EDGE_LOOP('',(#12519,#12527,#12534,#12535));
#12519 = ORIENTED_EDGE('',*,*,#12520,.F.);
#12520 = EDGE_CURVE('',#12521,#938,#12523,.T.);
#12521 = VERTEX_POINT('',#12522);
#12522 = CARTESIAN_POINT('',(6.902230312499,-9.055787,14.449999999999));
#12523 = LINE('',#12524,#12525);
#12524 = CARTESIAN_POINT('',(6.902230312499,-9.055787,14.449999999999));
#12525 = VECTOR('',#12526,1.);
#12526 = DIRECTION('',(3.491481338843E-15,-6.123233995737E-17,1.));
#12527 = ORIENTED_EDGE('',*,*,#12528,.T.);
#12528 = EDGE_CURVE('',#12521,#12492,#12529,.T.);
#12529 = B_SPLINE_CURVE_WITH_KNOTS('',3,(#12530,#12531,#12532,#12533),
  .UNSPECIFIED.,.F.,.F.,(4,4),(0.285714285714,0.428571428571),
  .PIECEWISE_BEZIER_KNOTS.);
#12530 = CARTESIAN_POINT('',(6.902230312499,-9.055787,14.449999999999));
#12531 = CARTESIAN_POINT('',(6.902230312499,-8.77632075,14.449999999999)
  );
#12532 = CARTESIAN_POINT('',(6.679604937499,-8.55369775,14.449999999999)
  );
#12533 = CARTESIAN_POINT('',(6.378352812499,-8.55369775,14.449999999999)
  );
#12534 = ORIENTED_EDGE('',*,*,#12491,.T.);
#12535 = ORIENTED_EDGE('',*,*,#937,.F.);
#12536 = B_SPLINE_SURFACE_WITH_KNOTS('',3,1,(
    (#12537,#12538)
    ,(#12539,#12540)
    ,(#12541,#12542)
    ,(#12543,#12544
    )),.UNSPECIFIED.,.F.,.F.,.F.,(4,4),(2,2),(0.285714285714,
    0.428571428571),(0.,1.),.PIECEWISE_BEZIER_KNOTS.);
#12537 = CARTESIAN_POINT('',(6.902230312499,-9.055787,14.449999999999));
#12538 = CARTESIAN_POINT('',(6.902230312499,-9.055787,14.499999999999));
#12539 = CARTESIAN_POINT('',(6.902230312499,-8.77632075,14.449999999999)
  );
#12540 = CARTESIAN_POINT('',(6.902230312499,-8.77632075,14.499999999999)
  );
#12541 = CARTESIAN_POINT('',(6.679604937499,-8.55369775,14.449999999999)
  );
#12542 = CARTESIAN_POINT('',(6.679604937499,-8.55369775,14.499999999999)
  );
#12543 = CARTESIAN_POINT('',(6.378352812499,-8.55369775,14.449999999999)
  );
#12544 = CARTESIAN_POINT('',(6.378352812499,-8.55369775,14.499999999999)
  );
#12545 = ADVANCED_FACE('',(#12546),#12564,.F.);
#12546 = FACE_BOUND('',#12547,.T.);
#12547 = EDGE_LOOP('',(#12548,#12549,#12550,#12558));
#12548 = ORIENTED_EDGE('',*,*,#946,.T.);
#12549 = ORIENTED_EDGE('',*,*,#12520,.F.);
#12550 = ORIENTED_EDGE('',*,*,#12551,.F.);
#12551 = EDGE_CURVE('',#12552,#12521,#12554,.T.);
#12552 = VERTEX_POINT('',#12553);
#12553 = CARTESIAN_POINT('',(6.902230312499,-9.059575125,14.449999999999
    ));
#12554 = LINE('',#12555,#12556);
#12555 = CARTESIAN_POINT('',(6.902230312499,-9.055787,14.449999999999));
#12556 = VECTOR('',#12557,1.);
#12557 = DIRECTION('',(3.491481338843E-15,1.,-1.219044193949E-29));
#12558 = ORIENTED_EDGE('',*,*,#12559,.T.);
#12559 = EDGE_CURVE('',#12552,#903,#12560,.T.);
#12560 = LINE('',#12561,#12562);
#12561 = CARTESIAN_POINT('',(6.902230312499,-9.059575125,14.449999999999
    ));
#12562 = VECTOR('',#12563,1.);
#12563 = DIRECTION('',(3.491481338843E-15,-6.123233995737E-17,1.));
#12564 = PLANE('',#12565);
#12565 = AXIS2_PLACEMENT_3D('',#12566,#12567,#12568);
#12566 = CARTESIAN_POINT('',(6.902230312499,-9.055787,14.449999999999));
#12567 = DIRECTION('',(1.,-3.491481338843E-15,-3.491481338843E-15));
#12568 = DIRECTION('',(-3.491481338843E-15,-1.,1.219044193949E-29));
#12569 = ADVANCED_FACE('',(#12570),#12582,.F.);
#12570 = FACE_BOUND('',#12571,.F.);
#12571 = EDGE_LOOP('',(#12572,#12573,#12580,#12581));
#12572 = ORIENTED_EDGE('',*,*,#12448,.F.);
#12573 = ORIENTED_EDGE('',*,*,#12574,.T.);
#12574 = EDGE_CURVE('',#12440,#12552,#12575,.T.);
#12575 = B_SPLINE_CURVE_WITH_KNOTS('',3,(#12576,#12577,#12578,#12579),
  .UNSPECIFIED.,.F.,.F.,(4,4),(0.571428571429,0.714285714286),
  .PIECEWISE_BEZIER_KNOTS.);
#12576 = CARTESIAN_POINT('',(6.374562312499,-9.5654525,14.449999999999)
  );
#12577 = CARTESIAN_POINT('',(6.677712062499,-9.5654525,14.449999999999)
  );
#12578 = CARTESIAN_POINT('',(6.902230312499,-9.339039,14.449999999999));
#12579 = CARTESIAN_POINT('',(6.902230312499,-9.059575125,14.449999999999
    ));
#12580 = ORIENTED_EDGE('',*,*,#12559,.T.);
#12581 = ORIENTED_EDGE('',*,*,#900,.F.);
#12582 = B_SPLINE_SURFACE_WITH_KNOTS('',3,1,(
    (#12583,#12584)
    ,(#12585,#12586)
    ,(#12587,#12588)
    ,(#12589,#12590
    )),.UNSPECIFIED.,.F.,.F.,.F.,(4,4),(2,2),(0.571428571429,
    0.714285714286),(0.,1.),.PIECEWISE_BEZIER_KNOTS.);
#12583 = CARTESIAN_POINT('',(6.374562312499,-9.5654525,14.449999999999)
  );
#12584 = CARTESIAN_POINT('',(6.374562312499,-9.5654525,14.499999999999)
  );
#12585 = CARTESIAN_POINT('',(6.677712062499,-9.5654525,14.449999999999)
  );
#12586 = CARTESIAN_POINT('',(6.677712062499,-9.5654525,14.499999999999)
  );
#12587 = CARTESIAN_POINT('',(6.902230312499,-9.339039,14.449999999999));
#12588 = CARTESIAN_POINT('',(6.902230312499,-9.339039,14.499999999999));
#12589 = CARTESIAN_POINT('',(6.902230312499,-9.059575125,14.449999999999
    ));
#12590 = CARTESIAN_POINT('',(6.902230312499,-9.059575125,14.499999999999
    ));
#12591 = ADVANCED_FACE('',(#12592,#12646),#12654,.T.);
#12592 = FACE_BOUND('',#12593,.T.);
#12593 = EDGE_LOOP('',(#12594,#12605,#12613,#12622,#12631,#12639));
#12594 = ORIENTED_EDGE('',*,*,#12595,.F.);
#12595 = EDGE_CURVE('',#12596,#12598,#12600,.T.);
#12596 = VERTEX_POINT('',#12597);
#12597 = CARTESIAN_POINT('',(6.150994062499,-9.059575125,14.449999999999
    ));
#12598 = VERTEX_POINT('',#12599);
#12599 = CARTESIAN_POINT('',(6.378352812499,-9.298303,14.449999999999));
#12600 = B_SPLINE_CURVE_WITH_KNOTS('',3,(#12601,#12602,#12603,#12604),
  .UNSPECIFIED.,.F.,.F.,(4,4),(0.571428571429,0.714285714286),
  .PIECEWISE_BEZIER_KNOTS.);
#12601 = CARTESIAN_POINT('',(6.150994062499,-9.059575125,14.449999999999
    ));
#12602 = CARTESIAN_POINT('',(6.150994062499,-9.186518875,14.449999999999
    ));
#12603 = CARTESIAN_POINT('',(6.242882812499,-9.298303,14.449999999999));
#12604 = CARTESIAN_POINT('',(6.378352812499,-9.298303,14.449999999999));
#12605 = ORIENTED_EDGE('',*,*,#12606,.F.);
#12606 = EDGE_CURVE('',#12607,#12596,#12609,.T.);
#12607 = VERTEX_POINT('',#12608);
#12608 = CARTESIAN_POINT('',(6.150994062499,-9.05673225,14.449999999999)
  );
#12609 = LINE('',#12610,#12611);
#12610 = CARTESIAN_POINT('',(6.150994062499,-9.05673225,14.449999999999)
  );
#12611 = VECTOR('',#12612,1.);
#12612 = DIRECTION('',(-3.491481338843E-15,-1.,1.219044193949E-29));
#12613 = ORIENTED_EDGE('',*,*,#12614,.F.);
#12614 = EDGE_CURVE('',#12615,#12607,#12617,.T.);
#12615 = VERTEX_POINT('',#12616);
#12616 = CARTESIAN_POINT('',(6.374564687499,-8.8217925,14.449999999999)
  );
#12617 = B_SPLINE_CURVE_WITH_KNOTS('',3,(#12618,#12619,#12620,#12621),
  .UNSPECIFIED.,.F.,.F.,(4,4),(0.285714285714,0.428571428571),
  .PIECEWISE_BEZIER_KNOTS.);
#12618 = CARTESIAN_POINT('',(6.374564687499,-8.8217925,14.449999999999)
  );
#12619 = CARTESIAN_POINT('',(6.234358937499,-8.8217925,14.449999999999)
  );
#12620 = CARTESIAN_POINT('',(6.150994062499,-8.929790875,14.449999999999
    ));
#12621 = CARTESIAN_POINT('',(6.150994062499,-9.05673225,14.449999999999)
  );
#12622 = ORIENTED_EDGE('',*,*,#12623,.F.);
#12623 = EDGE_CURVE('',#12624,#12615,#12626,.T.);
#12624 = VERTEX_POINT('',#12625);
#12625 = CARTESIAN_POINT('',(6.601925812499,-9.060520375,14.449999999999
    ));
#12626 = B_SPLINE_CURVE_WITH_KNOTS('',3,(#12627,#12628,#12629,#12630),
  .UNSPECIFIED.,.F.,.F.,(4,4),(0.142857142857,0.285714285714),
  .PIECEWISE_BEZIER_KNOTS.);
#12627 = CARTESIAN_POINT('',(6.601925812499,-9.060520375,14.449999999999
    ));
#12628 = CARTESIAN_POINT('',(6.601925812499,-8.93357425,14.449999999999)
  );
#12629 = CARTESIAN_POINT('',(6.510034687499,-8.8217925,14.449999999999)
  );
#12630 = CARTESIAN_POINT('',(6.374564687499,-8.8217925,14.449999999999)
  );
#12631 = ORIENTED_EDGE('',*,*,#12632,.F.);
#12632 = EDGE_CURVE('',#12633,#12624,#12635,.T.);
#12633 = VERTEX_POINT('',#12634);
#12634 = CARTESIAN_POINT('',(6.601925812499,-9.06336325,14.449999999999)
  );
#12635 = LINE('',#12636,#12637);
#12636 = CARTESIAN_POINT('',(6.601925812499,-9.06336325,14.449999999999)
  );
#12637 = VECTOR('',#12638,1.);
#12638 = DIRECTION('',(3.491481338843E-15,1.,-1.219044193949E-29));
#12639 = ORIENTED_EDGE('',*,*,#12640,.F.);
#12640 = EDGE_CURVE('',#12598,#12633,#12641,.T.);
#12641 = B_SPLINE_CURVE_WITH_KNOTS('',3,(#12642,#12643,#12644,#12645),
  .UNSPECIFIED.,.F.,.F.,(4,4),(0.714285714286,1.),
  .PIECEWISE_BEZIER_KNOTS.);
#12642 = CARTESIAN_POINT('',(6.378352812499,-9.298303,14.449999999999));
#12643 = CARTESIAN_POINT('',(6.517610937499,-9.298303,14.449999999999));
#12644 = CARTESIAN_POINT('',(6.601925812499,-9.190307,14.449999999999));
#12645 = CARTESIAN_POINT('',(6.601925812499,-9.06336325,14.449999999999)
  );
#12646 = FACE_BOUND('',#12647,.T.);
#12647 = EDGE_LOOP('',(#12648,#12649,#12650,#12651,#12652,#12653));
#12648 = ORIENTED_EDGE('',*,*,#12439,.T.);
#12649 = ORIENTED_EDGE('',*,*,#12574,.T.);
#12650 = ORIENTED_EDGE('',*,*,#12551,.T.);
#12651 = ORIENTED_EDGE('',*,*,#12528,.T.);
#12652 = ORIENTED_EDGE('',*,*,#12499,.T.);
#12653 = ORIENTED_EDGE('',*,*,#12469,.T.);
#12654 = PLANE('',#12655);
#12655 = AXIS2_PLACEMENT_3D('',#12656,#12657,#12658);
#12656 = CARTESIAN_POINT('',(5.999654906249,-9.41920771875,
    14.449999999999));
#12657 = DIRECTION('',(3.491481338843E-15,0.,1.));
#12658 = DIRECTION('',(-3.491481338843E-15,-1.,1.219044193949E-29));
#12659 = ADVANCED_FACE('',(#12660),#12686,.T.);
#12660 = FACE_BOUND('',#12661,.T.);
#12661 = EDGE_LOOP('',(#12662,#12673,#12679,#12680));
#12662 = ORIENTED_EDGE('',*,*,#12663,.F.);
#12663 = EDGE_CURVE('',#12664,#12666,#12668,.T.);
#12664 = VERTEX_POINT('',#12665);
#12665 = CARTESIAN_POINT('',(6.378352812499,-9.298303,14.499999999999));
#12666 = VERTEX_POINT('',#12667);
#12667 = CARTESIAN_POINT('',(6.601925812499,-9.06336325,14.499999999999)
  );
#12668 = B_SPLINE_CURVE_WITH_KNOTS('',3,(#12669,#12670,#12671,#12672),
  .UNSPECIFIED.,.F.,.F.,(4,4),(0.714285714286,1.),
  .PIECEWISE_BEZIER_KNOTS.);
#12669 = CARTESIAN_POINT('',(6.378352812499,-9.298303,14.499999999999));
#12670 = CARTESIAN_POINT('',(6.517610937499,-9.298303,14.499999999999));
#12671 = CARTESIAN_POINT('',(6.601925812499,-9.190307,14.499999999999));
#12672 = CARTESIAN_POINT('',(6.601925812499,-9.06336325,14.499999999999)
  );
#12673 = ORIENTED_EDGE('',*,*,#12674,.F.);
#12674 = EDGE_CURVE('',#12598,#12664,#12675,.T.);
#12675 = LINE('',#12676,#12677);
#12676 = CARTESIAN_POINT('',(6.378352812499,-9.298303,14.449999999999));
#12677 = VECTOR('',#12678,1.);
#12678 = DIRECTION('',(3.491481338843E-15,-6.123233995737E-17,1.));
#12679 = ORIENTED_EDGE('',*,*,#12640,.T.);
#12680 = ORIENTED_EDGE('',*,*,#12681,.T.);
#12681 = EDGE_CURVE('',#12633,#12666,#12682,.T.);
#12682 = LINE('',#12683,#12684);
#12683 = CARTESIAN_POINT('',(6.601925812499,-9.06336325,14.449999999999)
  );
#12684 = VECTOR('',#12685,1.);
#12685 = DIRECTION('',(3.491481338843E-15,-6.123233995737E-17,1.));
#12686 = B_SPLINE_SURFACE_WITH_KNOTS('',3,1,(
    (#12687,#12688)
    ,(#12689,#12690)
    ,(#12691,#12692)
    ,(#12693,#12694
    )),.UNSPECIFIED.,.F.,.F.,.F.,(4,4),(2,2),(0.714285714286,1.),(0.,1.)
  ,.PIECEWISE_BEZIER_KNOTS.);
#12687 = CARTESIAN_POINT('',(6.378352812499,-9.298303,14.449999999999));
#12688 = CARTESIAN_POINT('',(6.378352812499,-9.298303,14.499999999999));
#12689 = CARTESIAN_POINT('',(6.517610937499,-9.298303,14.449999999999));
#12690 = CARTESIAN_POINT('',(6.517610937499,-9.298303,14.499999999999));
#12691 = CARTESIAN_POINT('',(6.601925812499,-9.190307,14.449999999999));
#12692 = CARTESIAN_POINT('',(6.601925812499,-9.190307,14.499999999999));
#12693 = CARTESIAN_POINT('',(6.601925812499,-9.06336325,14.449999999999)
  );
#12694 = CARTESIAN_POINT('',(6.601925812499,-9.06336325,14.499999999999)
  );
#12695 = ADVANCED_FACE('',(#12696),#12715,.T.);
#12696 = FACE_BOUND('',#12697,.T.);
#12697 = EDGE_LOOP('',(#12698,#12707,#12713,#12714));
#12698 = ORIENTED_EDGE('',*,*,#12699,.F.);
#12699 = EDGE_CURVE('',#12700,#12664,#12702,.T.);
#12700 = VERTEX_POINT('',#12701);
#12701 = CARTESIAN_POINT('',(6.150994062499,-9.059575125,14.499999999999
    ));
#12702 = B_SPLINE_CURVE_WITH_KNOTS('',3,(#12703,#12704,#12705,#12706),
  .UNSPECIFIED.,.F.,.F.,(4,4),(0.571428571429,0.714285714286),
  .PIECEWISE_BEZIER_KNOTS.);
#12703 = CARTESIAN_POINT('',(6.150994062499,-9.059575125,14.499999999999
    ));
#12704 = CARTESIAN_POINT('',(6.150994062499,-9.186518875,14.499999999999
    ));
#12705 = CARTESIAN_POINT('',(6.242882812499,-9.298303,14.499999999999));
#12706 = CARTESIAN_POINT('',(6.378352812499,-9.298303,14.499999999999));
#12707 = ORIENTED_EDGE('',*,*,#12708,.F.);
#12708 = EDGE_CURVE('',#12596,#12700,#12709,.T.);
#12709 = LINE('',#12710,#12711);
#12710 = CARTESIAN_POINT('',(6.150994062499,-9.059575125,14.449999999999
    ));
#12711 = VECTOR('',#12712,1.);
#12712 = DIRECTION('',(3.491481338843E-15,-6.123233995737E-17,1.));
#12713 = ORIENTED_EDGE('',*,*,#12595,.T.);
#12714 = ORIENTED_EDGE('',*,*,#12674,.T.);
#12715 = B_SPLINE_SURFACE_WITH_KNOTS('',3,1,(
    (#12716,#12717)
    ,(#12718,#12719)
    ,(#12720,#12721)
    ,(#12722,#12723
    )),.UNSPECIFIED.,.F.,.F.,.F.,(4,4),(2,2),(0.571428571429,
    0.714285714286),(0.,1.),.PIECEWISE_BEZIER_KNOTS.);
#12716 = CARTESIAN_POINT('',(6.150994062499,-9.059575125,14.449999999999
    ));
#12717 = CARTESIAN_POINT('',(6.150994062499,-9.059575125,14.499999999999
    ));
#12718 = CARTESIAN_POINT('',(6.150994062499,-9.186518875,14.449999999999
    ));
#12719 = CARTESIAN_POINT('',(6.150994062499,-9.186518875,14.499999999999
    ));
#12720 = CARTESIAN_POINT('',(6.242882812499,-9.298303,14.449999999999));
#12721 = CARTESIAN_POINT('',(6.242882812499,-9.298303,14.499999999999));
#12722 = CARTESIAN_POINT('',(6.378352812499,-9.298303,14.449999999999));
#12723 = CARTESIAN_POINT('',(6.378352812499,-9.298303,14.499999999999));
#12724 = ADVANCED_FACE('',(#12725),#12743,.T.);
#12725 = FACE_BOUND('',#12726,.T.);
#12726 = EDGE_LOOP('',(#12727,#12735,#12741,#12742));
#12727 = ORIENTED_EDGE('',*,*,#12728,.F.);
#12728 = EDGE_CURVE('',#12729,#12700,#12731,.T.);
#12729 = VERTEX_POINT('',#12730);
#12730 = CARTESIAN_POINT('',(6.150994062499,-9.05673225,14.499999999999)
  );
#12731 = LINE('',#12732,#12733);
#12732 = CARTESIAN_POINT('',(6.150994062499,-9.05673225,14.499999999999)
  );
#12733 = VECTOR('',#12734,1.);
#12734 = DIRECTION('',(-3.491481338843E-15,-1.,1.219044193949E-29));
#12735 = ORIENTED_EDGE('',*,*,#12736,.F.);
#12736 = EDGE_CURVE('',#12607,#12729,#12737,.T.);
#12737 = LINE('',#12738,#12739);
#12738 = CARTESIAN_POINT('',(6.150994062499,-9.05673225,14.449999999999)
  );
#12739 = VECTOR('',#12740,1.);
#12740 = DIRECTION('',(3.491481338843E-15,-6.123233995737E-17,1.));
#12741 = ORIENTED_EDGE('',*,*,#12606,.T.);
#12742 = ORIENTED_EDGE('',*,*,#12708,.T.);
#12743 = PLANE('',#12744);
#12744 = AXIS2_PLACEMENT_3D('',#12745,#12746,#12747);
#12745 = CARTESIAN_POINT('',(6.150994062499,-9.05673225,14.449999999999)
  );
#12746 = DIRECTION('',(-1.,3.491481338843E-15,3.491481338843E-15));
#12747 = DIRECTION('',(3.491481338843E-15,1.,-1.219044193949E-29));
#12748 = ADVANCED_FACE('',(#12749),#12768,.T.);
#12749 = FACE_BOUND('',#12750,.T.);
#12750 = EDGE_LOOP('',(#12751,#12760,#12766,#12767));
#12751 = ORIENTED_EDGE('',*,*,#12752,.F.);
#12752 = EDGE_CURVE('',#12753,#12729,#12755,.T.);
#12753 = VERTEX_POINT('',#12754);
#12754 = CARTESIAN_POINT('',(6.374564687499,-8.8217925,14.499999999999)
  );
#12755 = B_SPLINE_CURVE_WITH_KNOTS('',3,(#12756,#12757,#12758,#12759),
  .UNSPECIFIED.,.F.,.F.,(4,4),(0.285714285714,0.428571428571),
  .PIECEWISE_BEZIER_KNOTS.);
#12756 = CARTESIAN_POINT('',(6.374564687499,-8.8217925,14.499999999999)
  );
#12757 = CARTESIAN_POINT('',(6.234358937499,-8.8217925,14.499999999999)
  );
#12758 = CARTESIAN_POINT('',(6.150994062499,-8.929790875,14.499999999999
    ));
#12759 = CARTESIAN_POINT('',(6.150994062499,-9.05673225,14.499999999999)
  );
#12760 = ORIENTED_EDGE('',*,*,#12761,.F.);
#12761 = EDGE_CURVE('',#12615,#12753,#12762,.T.);
#12762 = LINE('',#12763,#12764);
#12763 = CARTESIAN_POINT('',(6.374564687499,-8.8217925,14.449999999999)
  );
#12764 = VECTOR('',#12765,1.);
#12765 = DIRECTION('',(3.491481338843E-15,-6.123233995737E-17,1.));
#12766 = ORIENTED_EDGE('',*,*,#12614,.T.);
#12767 = ORIENTED_EDGE('',*,*,#12736,.T.);
#12768 = B_SPLINE_SURFACE_WITH_KNOTS('',3,1,(
    (#12769,#12770)
    ,(#12771,#12772)
    ,(#12773,#12774)
    ,(#12775,#12776
    )),.UNSPECIFIED.,.F.,.F.,.F.,(4,4),(2,2),(0.285714285714,
    0.428571428571),(0.,1.),.PIECEWISE_BEZIER_KNOTS.);
#12769 = CARTESIAN_POINT('',(6.374564687499,-8.8217925,14.449999999999)
  );
#12770 = CARTESIAN_POINT('',(6.374564687499,-8.8217925,14.499999999999)
  );
#12771 = CARTESIAN_POINT('',(6.234358937499,-8.8217925,14.449999999999)
  );
#12772 = CARTESIAN_POINT('',(6.234358937499,-8.8217925,14.499999999999)
  );
#12773 = CARTESIAN_POINT('',(6.150994062499,-8.929790875,14.449999999999
    ));
#12774 = CARTESIAN_POINT('',(6.150994062499,-8.929790875,14.499999999999
    ));
#12775 = CARTESIAN_POINT('',(6.150994062499,-9.05673225,14.449999999999)
  );
#12776 = CARTESIAN_POINT('',(6.150994062499,-9.05673225,14.499999999999)
  );
#12777 = ADVANCED_FACE('',(#12778),#12797,.T.);
#12778 = FACE_BOUND('',#12779,.T.);
#12779 = EDGE_LOOP('',(#12780,#12789,#12795,#12796));
#12780 = ORIENTED_EDGE('',*,*,#12781,.F.);
#12781 = EDGE_CURVE('',#12782,#12753,#12784,.T.);
#12782 = VERTEX_POINT('',#12783);
#12783 = CARTESIAN_POINT('',(6.601925812499,-9.060520375,14.499999999999
    ));
#12784 = B_SPLINE_CURVE_WITH_KNOTS('',3,(#12785,#12786,#12787,#12788),
  .UNSPECIFIED.,.F.,.F.,(4,4),(0.142857142857,0.285714285714),
  .PIECEWISE_BEZIER_KNOTS.);
#12785 = CARTESIAN_POINT('',(6.601925812499,-9.060520375,14.499999999999
    ));
#12786 = CARTESIAN_POINT('',(6.601925812499,-8.93357425,14.499999999999)
  );
#12787 = CARTESIAN_POINT('',(6.510034687499,-8.8217925,14.499999999999)
  );
#12788 = CARTESIAN_POINT('',(6.374564687499,-8.8217925,14.499999999999)
  );
#12789 = ORIENTED_EDGE('',*,*,#12790,.F.);
#12790 = EDGE_CURVE('',#12624,#12782,#12791,.T.);
#12791 = LINE('',#12792,#12793);
#12792 = CARTESIAN_POINT('',(6.601925812499,-9.060520375,14.449999999999
    ));
#12793 = VECTOR('',#12794,1.);
#12794 = DIRECTION('',(3.491481338843E-15,-6.123233995737E-17,1.));
#12795 = ORIENTED_EDGE('',*,*,#12623,.T.);
#12796 = ORIENTED_EDGE('',*,*,#12761,.T.);
#12797 = B_SPLINE_SURFACE_WITH_KNOTS('',3,1,(
    (#12798,#12799)
    ,(#12800,#12801)
    ,(#12802,#12803)
    ,(#12804,#12805
    )),.UNSPECIFIED.,.F.,.F.,.F.,(4,4),(2,2),(0.142857142857,
    0.285714285714),(0.,1.),.PIECEWISE_BEZIER_KNOTS.);
#12798 = CARTESIAN_POINT('',(6.601925812499,-9.060520375,14.449999999999
    ));
#12799 = CARTESIAN_POINT('',(6.601925812499,-9.060520375,14.499999999999
    ));
#12800 = CARTESIAN_POINT('',(6.601925812499,-8.93357425,14.449999999999)
  );
#12801 = CARTESIAN_POINT('',(6.601925812499,-8.93357425,14.499999999999)
  );
#12802 = CARTESIAN_POINT('',(6.510034687499,-8.8217925,14.449999999999)
  );
#12803 = CARTESIAN_POINT('',(6.510034687499,-8.8217925,14.499999999999)
  );
#12804 = CARTESIAN_POINT('',(6.374564687499,-8.8217925,14.449999999999)
  );
#12805 = CARTESIAN_POINT('',(6.374564687499,-8.8217925,14.499999999999)
  );
#12806 = ADVANCED_FACE('',(#12807),#12818,.T.);
#12807 = FACE_BOUND('',#12808,.T.);
#12808 = EDGE_LOOP('',(#12809,#12815,#12816,#12817));
#12809 = ORIENTED_EDGE('',*,*,#12810,.F.);
#12810 = EDGE_CURVE('',#12666,#12782,#12811,.T.);
#12811 = LINE('',#12812,#12813);
#12812 = CARTESIAN_POINT('',(6.601925812499,-9.06336325,14.499999999999)
  );
#12813 = VECTOR('',#12814,1.);
#12814 = DIRECTION('',(3.491481338843E-15,1.,-1.219044193949E-29));
#12815 = ORIENTED_EDGE('',*,*,#12681,.F.);
#12816 = ORIENTED_EDGE('',*,*,#12632,.T.);
#12817 = ORIENTED_EDGE('',*,*,#12790,.T.);
#12818 = PLANE('',#12819);
#12819 = AXIS2_PLACEMENT_3D('',#12820,#12821,#12822);
#12820 = CARTESIAN_POINT('',(6.601925812499,-9.06336325,14.449999999999)
  );
#12821 = DIRECTION('',(1.,-3.491481338843E-15,-3.491481338843E-15));
#12822 = DIRECTION('',(-3.491481338843E-15,-1.,1.219044193949E-29));
#12823 = ADVANCED_FACE('',(#12824),#12832,.F.);
#12824 = FACE_BOUND('',#12825,.T.);
#12825 = EDGE_LOOP('',(#12826,#12827,#12828,#12829,#12830,#12831));
#12826 = ORIENTED_EDGE('',*,*,#12663,.T.);
#12827 = ORIENTED_EDGE('',*,*,#12810,.T.);
#12828 = ORIENTED_EDGE('',*,*,#12781,.T.);
#12829 = ORIENTED_EDGE('',*,*,#12752,.T.);
#12830 = ORIENTED_EDGE('',*,*,#12728,.T.);
#12831 = ORIENTED_EDGE('',*,*,#12699,.T.);
#12832 = PLANE('',#12833);
#12833 = AXIS2_PLACEMENT_3D('',#12834,#12835,#12836);
#12834 = CARTESIAN_POINT('',(11.499999999999,-11.5,14.499999999999));
#12835 = DIRECTION('',(-3.491481338843E-15,0.,-1.));
#12836 = DIRECTION('',(3.491481338843E-15,1.,-1.219044193949E-29));
#12837 = ADVANCED_FACE('',(#12838),#12863,.F.);
#12838 = FACE_BOUND('',#12839,.T.);
#12839 = EDGE_LOOP('',(#12840,#12841,#12849,#12857));
#12840 = ORIENTED_EDGE('',*,*,#876,.T.);
#12841 = ORIENTED_EDGE('',*,*,#12842,.F.);
#12842 = EDGE_CURVE('',#12843,#867,#12845,.T.);
#12843 = VERTEX_POINT('',#12844);
#12844 = CARTESIAN_POINT('',(7.077488687499,-9.5654525,14.449999999999)
  );
#12845 = LINE('',#12846,#12847);
#12846 = CARTESIAN_POINT('',(7.077488687499,-9.5654525,14.449999999999)
  );
#12847 = VECTOR('',#12848,1.);
#12848 = DIRECTION('',(3.491481338843E-15,-6.123233995737E-17,1.));
#12849 = ORIENTED_EDGE('',*,*,#12850,.F.);
#12850 = EDGE_CURVE('',#12851,#12843,#12853,.T.);
#12851 = VERTEX_POINT('',#12852);
#12852 = CARTESIAN_POINT('',(7.077488687499,-8.022241625,14.449999999999
    ));
#12853 = LINE('',#12854,#12855);
#12854 = CARTESIAN_POINT('',(7.077488687499,-9.5654525,14.449999999999)
  );
#12855 = VECTOR('',#12856,1.);
#12856 = DIRECTION('',(-1.243281168563E-15,-1.,4.340892998972E-30));
#12857 = ORIENTED_EDGE('',*,*,#12858,.T.);
#12858 = EDGE_CURVE('',#12851,#877,#12859,.T.);
#12859 = LINE('',#12860,#12861);
#12860 = CARTESIAN_POINT('',(7.077488687499,-8.022241625,14.449999999999
    ));
#12861 = VECTOR('',#12862,1.);
#12862 = DIRECTION('',(3.491481338843E-15,-6.123233995737E-17,1.));
#12863 = PLANE('',#12864);
#12864 = AXIS2_PLACEMENT_3D('',#12865,#12866,#12867);
#12865 = CARTESIAN_POINT('',(7.077488687499,-9.5654525,14.449999999999)
  );
#12866 = DIRECTION('',(-1.,1.243281168563E-15,3.491481338843E-15));
#12867 = DIRECTION('',(1.243281168563E-15,1.,-4.340892998972E-30));
#12868 = ADVANCED_FACE('',(#12869),#12887,.F.);
#12869 = FACE_BOUND('',#12870,.T.);
#12870 = EDGE_LOOP('',(#12871,#12872,#12873,#12881));
#12871 = ORIENTED_EDGE('',*,*,#884,.T.);
#12872 = ORIENTED_EDGE('',*,*,#12858,.F.);
#12873 = ORIENTED_EDGE('',*,*,#12874,.F.);
#12874 = EDGE_CURVE('',#12875,#12851,#12877,.T.);
#12875 = VERTEX_POINT('',#12876);
#12876 = CARTESIAN_POINT('',(7.397688562499,-8.022241625,14.449999999999
    ));
#12877 = LINE('',#12878,#12879);
#12878 = CARTESIAN_POINT('',(7.077488687499,-8.022241625,14.449999999999
    ));
#12879 = VECTOR('',#12880,1.);
#12880 = DIRECTION('',(-1.,-1.926145622994E-15,3.491481338843E-15));
#12881 = ORIENTED_EDGE('',*,*,#12882,.T.);
#12882 = EDGE_CURVE('',#12875,#885,#12883,.T.);
#12883 = LINE('',#12884,#12885);
#12884 = CARTESIAN_POINT('',(7.397688562499,-8.022241625,14.449999999999
    ));
#12885 = VECTOR('',#12886,1.);
#12886 = DIRECTION('',(3.491481338843E-15,-6.123233995737E-17,1.));
#12887 = PLANE('',#12888);
#12888 = AXIS2_PLACEMENT_3D('',#12889,#12890,#12891);
#12889 = CARTESIAN_POINT('',(7.077488687499,-8.022241625,14.449999999999
    ));
#12890 = DIRECTION('',(-1.926145622994E-15,1.,6.123233995737E-17));
#12891 = DIRECTION('',(1.,1.926145622994E-15,-3.491481338843E-15));
#12892 = ADVANCED_FACE('',(#12893),#12911,.F.);
#12893 = FACE_BOUND('',#12894,.T.);
#12894 = EDGE_LOOP('',(#12895,#12896,#12897,#12905));
#12895 = ORIENTED_EDGE('',*,*,#892,.T.);
#12896 = ORIENTED_EDGE('',*,*,#12882,.F.);
#12897 = ORIENTED_EDGE('',*,*,#12898,.F.);
#12898 = EDGE_CURVE('',#12899,#12875,#12901,.T.);
#12899 = VERTEX_POINT('',#12900);
#12900 = CARTESIAN_POINT('',(7.397688562499,-9.5654525,14.449999999999)
  );
#12901 = LINE('',#12902,#12903);
#12902 = CARTESIAN_POINT('',(7.397688562499,-8.022241625,14.449999999999
    ));
#12903 = VECTOR('',#12904,1.);
#12904 = DIRECTION('',(-1.004919001718E-15,1.,3.508655941546E-30));
#12905 = ORIENTED_EDGE('',*,*,#12906,.T.);
#12906 = EDGE_CURVE('',#12899,#869,#12907,.T.);
#12907 = LINE('',#12908,#12909);
#12908 = CARTESIAN_POINT('',(7.397688562499,-9.5654525,14.449999999999)
  );
#12909 = VECTOR('',#12910,1.);
#12910 = DIRECTION('',(3.491481338843E-15,-6.123233995737E-17,1.));
#12911 = PLANE('',#12912);
#12912 = AXIS2_PLACEMENT_3D('',#12913,#12914,#12915);
#12913 = CARTESIAN_POINT('',(7.397688562499,-8.022241625,14.449999999999
    ));
#12914 = DIRECTION('',(1.,1.004919001718E-15,-3.491481338843E-15));
#12915 = DIRECTION('',(1.004919001718E-15,-1.,-3.508655941546E-30));
#12916 = ADVANCED_FACE('',(#12917),#12928,.F.);
#12917 = FACE_BOUND('',#12918,.T.);
#12918 = EDGE_LOOP('',(#12919,#12920,#12921,#12927));
#12919 = ORIENTED_EDGE('',*,*,#866,.T.);
#12920 = ORIENTED_EDGE('',*,*,#12906,.F.);
#12921 = ORIENTED_EDGE('',*,*,#12922,.F.);
#12922 = EDGE_CURVE('',#12843,#12899,#12923,.T.);
#12923 = LINE('',#12924,#12925);
#12924 = CARTESIAN_POINT('',(7.397688562499,-9.5654525,14.449999999999)
  );
#12925 = VECTOR('',#12926,1.);
#12926 = DIRECTION('',(1.,5.717388825345E-16,-3.491481338843E-15));
#12927 = ORIENTED_EDGE('',*,*,#12842,.T.);
#12928 = PLANE('',#12929);
#12929 = AXIS2_PLACEMENT_3D('',#12930,#12931,#12932);
#12930 = CARTESIAN_POINT('',(7.397688562499,-9.5654525,14.449999999999)
  );
#12931 = DIRECTION('',(5.717388825346E-16,-1.,-6.123233995737E-17));
#12932 = DIRECTION('',(-1.,-5.717388825346E-16,3.491481338843E-15));
#12933 = ADVANCED_FACE('',(#12934),#12940,.F.);
#12934 = FACE_BOUND('',#12935,.T.);
#12935 = EDGE_LOOP('',(#12936,#12937,#12938,#12939));
#12936 = ORIENTED_EDGE('',*,*,#12850,.T.);
#12937 = ORIENTED_EDGE('',*,*,#12922,.T.);
#12938 = ORIENTED_EDGE('',*,*,#12898,.T.);
#12939 = ORIENTED_EDGE('',*,*,#12874,.T.);
#12940 = PLANE('',#12941);
#12941 = AXIS2_PLACEMENT_3D('',#12942,#12943,#12944);
#12942 = CARTESIAN_POINT('',(-1.000000000001,-11.5,14.449999999999));
#12943 = DIRECTION('',(-3.491481338843E-15,0.,-1.));
#12944 = DIRECTION('',(3.491481338843E-15,1.,-1.219044193949E-29));
#12945 = ADVANCED_FACE('',(#12946),#12972,.F.);
#12946 = FACE_BOUND('',#12947,.F.);
#12947 = EDGE_LOOP('',(#12948,#12956,#12965,#12971));
#12948 = ORIENTED_EDGE('',*,*,#12949,.F.);
#12949 = EDGE_CURVE('',#12950,#824,#12952,.T.);
#12950 = VERTEX_POINT('',#12951);
#12951 = CARTESIAN_POINT('',(7.581470812499,-9.06336325,14.449999999999)
  );
#12952 = LINE('',#12953,#12954);
#12953 = CARTESIAN_POINT('',(7.581470812499,-9.06336325,14.449999999999)
  );
#12954 = VECTOR('',#12955,1.);
#12955 = DIRECTION('',(3.491481338843E-15,-6.123233995737E-17,1.));
#12956 = ORIENTED_EDGE('',*,*,#12957,.T.);
#12957 = EDGE_CURVE('',#12950,#12958,#12960,.T.);
#12958 = VERTEX_POINT('',#12959);
#12959 = CARTESIAN_POINT('',(8.105345937499,-9.5654525,14.449999999999)
  );
#12960 = B_SPLINE_CURVE_WITH_KNOTS('',3,(#12961,#12962,#12963,#12964),
  .UNSPECIFIED.,.F.,.F.,(4,4),(0.714285714286,1.),
  .PIECEWISE_BEZIER_KNOTS.);
#12961 = CARTESIAN_POINT('',(7.581470812499,-9.06336325,14.449999999999)
  );
#12962 = CARTESIAN_POINT('',(7.581470812499,-9.3428295,14.449999999999)
  );
#12963 = CARTESIAN_POINT('',(7.804096187499,-9.5654525,14.449999999999)
  );
#12964 = CARTESIAN_POINT('',(8.105345937499,-9.5654525,14.449999999999)
  );
#12965 = ORIENTED_EDGE('',*,*,#12966,.T.);
#12966 = EDGE_CURVE('',#12958,#813,#12967,.T.);
#12967 = LINE('',#12968,#12969);
#12968 = CARTESIAN_POINT('',(8.105345937499,-9.5654525,14.449999999999)
  );
#12969 = VECTOR('',#12970,1.);
#12970 = DIRECTION('',(3.491481338843E-15,-6.123233995737E-17,1.));
#12971 = ORIENTED_EDGE('',*,*,#823,.F.);
#12972 = B_SPLINE_SURFACE_WITH_KNOTS('',3,1,(
    (#12973,#12974)
    ,(#12975,#12976)
    ,(#12977,#12978)
    ,(#12979,#12980
    )),.UNSPECIFIED.,.F.,.F.,.F.,(4,4),(2,2),(0.714285714286,1.),(0.,1.)
  ,.PIECEWISE_BEZIER_KNOTS.);
#12973 = CARTESIAN_POINT('',(7.581470812499,-9.06336325,14.449999999999)
  );
#12974 = CARTESIAN_POINT('',(7.581470812499,-9.06336325,14.499999999999)
  );
#12975 = CARTESIAN_POINT('',(7.581470812499,-9.3428295,14.449999999999)
  );
#12976 = CARTESIAN_POINT('',(7.581470812499,-9.3428295,14.499999999999)
  );
#12977 = CARTESIAN_POINT('',(7.804096187499,-9.5654525,14.449999999999)
  );
#12978 = CARTESIAN_POINT('',(7.804096187499,-9.5654525,14.499999999999)
  );
#12979 = CARTESIAN_POINT('',(8.105345937499,-9.5654525,14.449999999999)
  );
#12980 = CARTESIAN_POINT('',(8.105345937499,-9.5654525,14.499999999999)
  );
#12981 = ADVANCED_FACE('',(#12982),#13000,.F.);
#12982 = FACE_BOUND('',#12983,.T.);
#12983 = EDGE_LOOP('',(#12984,#12985,#12986,#12994));
#12984 = ORIENTED_EDGE('',*,*,#832,.T.);
#12985 = ORIENTED_EDGE('',*,*,#12949,.F.);
#12986 = ORIENTED_EDGE('',*,*,#12987,.F.);
#12987 = EDGE_CURVE('',#12988,#12950,#12990,.T.);
#12988 = VERTEX_POINT('',#12989);
#12989 = CARTESIAN_POINT('',(7.581470812499,-9.059575125,14.449999999999
    ));
#12990 = LINE('',#12991,#12992);
#12991 = CARTESIAN_POINT('',(7.581470812499,-9.06336325,14.449999999999)
  );
#12992 = VECTOR('',#12993,1.);
#12993 = DIRECTION('',(-3.491481338843E-15,-1.,1.219044193949E-29));
#12994 = ORIENTED_EDGE('',*,*,#12995,.T.);
#12995 = EDGE_CURVE('',#12988,#833,#12996,.T.);
#12996 = LINE('',#12997,#12998);
#12997 = CARTESIAN_POINT('',(7.581470812499,-9.059575125,14.449999999999
    ));
#12998 = VECTOR('',#12999,1.);
#12999 = DIRECTION('',(3.491481338843E-15,-6.123233995737E-17,1.));
#13000 = PLANE('',#13001);
#13001 = AXIS2_PLACEMENT_3D('',#13002,#13003,#13004);
#13002 = CARTESIAN_POINT('',(7.581470812499,-9.06336325,14.449999999999)
  );
#13003 = DIRECTION('',(-1.,3.491481338843E-15,3.491481338843E-15));
#13004 = DIRECTION('',(3.491481338843E-15,1.,-1.219044193949E-29));
#13005 = ADVANCED_FACE('',(#13006),#13025,.F.);
#13006 = FACE_BOUND('',#13007,.F.);
#13007 = EDGE_LOOP('',(#13008,#13016,#13023,#13024));
#13008 = ORIENTED_EDGE('',*,*,#13009,.F.);
#13009 = EDGE_CURVE('',#13010,#841,#13012,.T.);
#13010 = VERTEX_POINT('',#13011);
#13011 = CARTESIAN_POINT('',(8.109138812499,-8.55369775,14.449999999999)
  );
#13012 = LINE('',#13013,#13014);
#13013 = CARTESIAN_POINT('',(8.109138812499,-8.55369775,14.449999999999)
  );
#13014 = VECTOR('',#13015,1.);
#13015 = DIRECTION('',(3.491481338843E-15,-6.123233995737E-17,1.));
#13016 = ORIENTED_EDGE('',*,*,#13017,.T.);
#13017 = EDGE_CURVE('',#13010,#12988,#13018,.T.);
#13018 = B_SPLINE_CURVE_WITH_KNOTS('',3,(#13019,#13020,#13021,#13022),
  .UNSPECIFIED.,.F.,.F.,(4,4),(0.142857142857,0.285714285714),
  .PIECEWISE_BEZIER_KNOTS.);
#13019 = CARTESIAN_POINT('',(8.109138812499,-8.55369775,14.449999999999)
  );
#13020 = CARTESIAN_POINT('',(7.805986687499,-8.55369775,14.449999999999)
  );
#13021 = CARTESIAN_POINT('',(7.581470812499,-8.78011125,14.449999999999)
  );
#13022 = CARTESIAN_POINT('',(7.581470812499,-9.059575125,14.449999999999
    ));
#13023 = ORIENTED_EDGE('',*,*,#12995,.T.);
#13024 = ORIENTED_EDGE('',*,*,#840,.F.);
#13025 = B_SPLINE_SURFACE_WITH_KNOTS('',3,1,(
    (#13026,#13027)
    ,(#13028,#13029)
    ,(#13030,#13031)
    ,(#13032,#13033
    )),.UNSPECIFIED.,.F.,.F.,.F.,(4,4),(2,2),(0.142857142857,
    0.285714285714),(0.,1.),.PIECEWISE_BEZIER_KNOTS.);
#13026 = CARTESIAN_POINT('',(8.109138812499,-8.55369775,14.449999999999)
  );
#13027 = CARTESIAN_POINT('',(8.109138812499,-8.55369775,14.499999999999)
  );
#13028 = CARTESIAN_POINT('',(7.805986687499,-8.55369775,14.449999999999)
  );
#13029 = CARTESIAN_POINT('',(7.805986687499,-8.55369775,14.499999999999)
  );
#13030 = CARTESIAN_POINT('',(7.581470812499,-8.78011125,14.449999999999)
  );
#13031 = CARTESIAN_POINT('',(7.581470812499,-8.78011125,14.499999999999)
  );
#13032 = CARTESIAN_POINT('',(7.581470812499,-9.059575125,14.449999999999
    ));
#13033 = CARTESIAN_POINT('',(7.581470812499,-9.059575125,14.499999999999
    ));
#13034 = ADVANCED_FACE('',(#13035),#13054,.F.);
#13035 = FACE_BOUND('',#13036,.F.);
#13036 = EDGE_LOOP('',(#13037,#13045,#13052,#13053));
#13037 = ORIENTED_EDGE('',*,*,#13038,.F.);
#13038 = EDGE_CURVE('',#13039,#850,#13041,.T.);
#13039 = VERTEX_POINT('',#13040);
#13040 = CARTESIAN_POINT('',(8.633013937499,-9.055787,14.449999999999));
#13041 = LINE('',#13042,#13043);
#13042 = CARTESIAN_POINT('',(8.633013937499,-9.055787,14.449999999999));
#13043 = VECTOR('',#13044,1.);
#13044 = DIRECTION('',(3.491481338843E-15,-6.123233995737E-17,1.));
#13045 = ORIENTED_EDGE('',*,*,#13046,.T.);
#13046 = EDGE_CURVE('',#13039,#13010,#13047,.T.);
#13047 = B_SPLINE_CURVE_WITH_KNOTS('',3,(#13048,#13049,#13050,#13051),
  .UNSPECIFIED.,.F.,.F.,(4,4),(0.285714285714,0.428571428571),
  .PIECEWISE_BEZIER_KNOTS.);
#13048 = CARTESIAN_POINT('',(8.633013937499,-9.055787,14.449999999999));
#13049 = CARTESIAN_POINT('',(8.633013937499,-8.77632075,14.449999999999)
  );
#13050 = CARTESIAN_POINT('',(8.410390937499,-8.55369775,14.449999999999)
  );
#13051 = CARTESIAN_POINT('',(8.109138812499,-8.55369775,14.449999999999)
  );
#13052 = ORIENTED_EDGE('',*,*,#13009,.T.);
#13053 = ORIENTED_EDGE('',*,*,#849,.F.);
#13054 = B_SPLINE_SURFACE_WITH_KNOTS('',3,1,(
    (#13055,#13056)
    ,(#13057,#13058)
    ,(#13059,#13060)
    ,(#13061,#13062
    )),.UNSPECIFIED.,.F.,.F.,.F.,(4,4),(2,2),(0.285714285714,
    0.428571428571),(0.,1.),.PIECEWISE_BEZIER_KNOTS.);
#13055 = CARTESIAN_POINT('',(8.633013937499,-9.055787,14.449999999999));
#13056 = CARTESIAN_POINT('',(8.633013937499,-9.055787,14.499999999999));
#13057 = CARTESIAN_POINT('',(8.633013937499,-8.77632075,14.449999999999)
  );
#13058 = CARTESIAN_POINT('',(8.633013937499,-8.77632075,14.499999999999)
  );
#13059 = CARTESIAN_POINT('',(8.410390937499,-8.55369775,14.449999999999)
  );
#13060 = CARTESIAN_POINT('',(8.410390937499,-8.55369775,14.499999999999)
  );
#13061 = CARTESIAN_POINT('',(8.109138812499,-8.55369775,14.449999999999)
  );
#13062 = CARTESIAN_POINT('',(8.109138812499,-8.55369775,14.499999999999)
  );
#13063 = ADVANCED_FACE('',(#13064),#13082,.F.);
#13064 = FACE_BOUND('',#13065,.T.);
#13065 = EDGE_LOOP('',(#13066,#13067,#13068,#13076));
#13066 = ORIENTED_EDGE('',*,*,#858,.T.);
#13067 = ORIENTED_EDGE('',*,*,#13038,.F.);
#13068 = ORIENTED_EDGE('',*,*,#13069,.F.);
#13069 = EDGE_CURVE('',#13070,#13039,#13072,.T.);
#13070 = VERTEX_POINT('',#13071);
#13071 = CARTESIAN_POINT('',(8.633013937499,-9.059575125,14.449999999999
    ));
#13072 = LINE('',#13073,#13074);
#13073 = CARTESIAN_POINT('',(8.633013937499,-9.055787,14.449999999999));
#13074 = VECTOR('',#13075,1.);
#13075 = DIRECTION('',(3.491481338843E-15,1.,-1.219044193949E-29));
#13076 = ORIENTED_EDGE('',*,*,#13077,.T.);
#13077 = EDGE_CURVE('',#13070,#815,#13078,.T.);
#13078 = LINE('',#13079,#13080);
#13079 = CARTESIAN_POINT('',(8.633013937499,-9.059575125,14.449999999999
    ));
#13080 = VECTOR('',#13081,1.);
#13081 = DIRECTION('',(3.491481338843E-15,-6.123233995737E-17,1.));
#13082 = PLANE('',#13083);
#13083 = AXIS2_PLACEMENT_3D('',#13084,#13085,#13086);
#13084 = CARTESIAN_POINT('',(8.633013937499,-9.055787,14.449999999999));
#13085 = DIRECTION('',(1.,-3.491481338843E-15,-3.491481338843E-15));
#13086 = DIRECTION('',(-3.491481338843E-15,-1.,1.219044193949E-29));
#13087 = ADVANCED_FACE('',(#13088),#13100,.F.);
#13088 = FACE_BOUND('',#13089,.F.);
#13089 = EDGE_LOOP('',(#13090,#13091,#13098,#13099));
#13090 = ORIENTED_EDGE('',*,*,#12966,.F.);
#13091 = ORIENTED_EDGE('',*,*,#13092,.T.);
#13092 = EDGE_CURVE('',#12958,#13070,#13093,.T.);
#13093 = B_SPLINE_CURVE_WITH_KNOTS('',3,(#13094,#13095,#13096,#13097),
  .UNSPECIFIED.,.F.,.F.,(4,4),(0.571428571429,0.714285714286),
  .PIECEWISE_BEZIER_KNOTS.);
#13094 = CARTESIAN_POINT('',(8.105345937499,-9.5654525,14.449999999999)
  );
#13095 = CARTESIAN_POINT('',(8.408495687499,-9.5654525,14.449999999999)
  );
#13096 = CARTESIAN_POINT('',(8.633013937499,-9.339039,14.449999999999));
#13097 = CARTESIAN_POINT('',(8.633013937499,-9.059575125,14.449999999999
    ));
#13098 = ORIENTED_EDGE('',*,*,#13077,.T.);
#13099 = ORIENTED_EDGE('',*,*,#812,.F.);
#13100 = B_SPLINE_SURFACE_WITH_KNOTS('',3,1,(
    (#13101,#13102)
    ,(#13103,#13104)
    ,(#13105,#13106)
    ,(#13107,#13108
    )),.UNSPECIFIED.,.F.,.F.,.F.,(4,4),(2,2),(0.571428571429,
    0.714285714286),(0.,1.),.PIECEWISE_BEZIER_KNOTS.);
#13101 = CARTESIAN_POINT('',(8.105345937499,-9.5654525,14.449999999999)
  );
#13102 = CARTESIAN_POINT('',(8.105345937499,-9.5654525,14.499999999999)
  );
#13103 = CARTESIAN_POINT('',(8.408495687499,-9.5654525,14.449999999999)
  );
#13104 = CARTESIAN_POINT('',(8.408495687499,-9.5654525,14.499999999999)
  );
#13105 = CARTESIAN_POINT('',(8.633013937499,-9.339039,14.449999999999));
#13106 = CARTESIAN_POINT('',(8.633013937499,-9.339039,14.499999999999));
#13107 = CARTESIAN_POINT('',(8.633013937499,-9.059575125,14.449999999999
    ));
#13108 = CARTESIAN_POINT('',(8.633013937499,-9.059575125,14.499999999999
    ));
#13109 = ADVANCED_FACE('',(#13110,#13164),#13172,.T.);
#13110 = FACE_BOUND('',#13111,.T.);
#13111 = EDGE_LOOP('',(#13112,#13123,#13131,#13140,#13149,#13157));
#13112 = ORIENTED_EDGE('',*,*,#13113,.F.);
#13113 = EDGE_CURVE('',#13114,#13116,#13118,.T.);
#13114 = VERTEX_POINT('',#13115);
#13115 = CARTESIAN_POINT('',(7.880832437499,-9.059575125,14.449999999999
    ));
#13116 = VERTEX_POINT('',#13117);
#13117 = CARTESIAN_POINT('',(8.108193562499,-9.298303,14.449999999999));
#13118 = B_SPLINE_CURVE_WITH_KNOTS('',3,(#13119,#13120,#13121,#13122),
  .UNSPECIFIED.,.F.,.F.,(4,4),(0.571428571429,0.714285714286),
  .PIECEWISE_BEZIER_KNOTS.);
#13119 = CARTESIAN_POINT('',(7.880832437499,-9.059575125,14.449999999999
    ));
#13120 = CARTESIAN_POINT('',(7.880832437499,-9.186518875,14.449999999999
    ));
#13121 = CARTESIAN_POINT('',(7.972723562499,-9.298303,14.449999999999));
#13122 = CARTESIAN_POINT('',(8.108193562499,-9.298303,14.449999999999));
#13123 = ORIENTED_EDGE('',*,*,#13124,.F.);
#13124 = EDGE_CURVE('',#13125,#13114,#13127,.T.);
#13125 = VERTEX_POINT('',#13126);
#13126 = CARTESIAN_POINT('',(7.880832437499,-9.05673225,14.449999999999)
  );
#13127 = LINE('',#13128,#13129);
#13128 = CARTESIAN_POINT('',(7.880832437499,-9.05673225,14.449999999999)
  );
#13129 = VECTOR('',#13130,1.);
#13130 = DIRECTION('',(-3.491481338843E-15,-1.,1.219044193949E-29));
#13131 = ORIENTED_EDGE('',*,*,#13132,.F.);
#13132 = EDGE_CURVE('',#13133,#13125,#13135,.T.);
#13133 = VERTEX_POINT('',#13134);
#13134 = CARTESIAN_POINT('',(8.105350687499,-8.8217925,14.449999999999)
  );
#13135 = B_SPLINE_CURVE_WITH_KNOTS('',3,(#13136,#13137,#13138,#13139),
  .UNSPECIFIED.,.F.,.F.,(4,4),(0.285714285714,0.428571428571),
  .PIECEWISE_BEZIER_KNOTS.);
#13136 = CARTESIAN_POINT('',(8.105350687499,-8.8217925,14.449999999999)
  );
#13137 = CARTESIAN_POINT('',(7.965142562499,-8.8217925,14.449999999999)
  );
#13138 = CARTESIAN_POINT('',(7.880832437499,-8.929790875,14.449999999999
    ));
#13139 = CARTESIAN_POINT('',(7.880832437499,-9.05673225,14.449999999999)
  );
#13140 = ORIENTED_EDGE('',*,*,#13141,.F.);
#13141 = EDGE_CURVE('',#13142,#13133,#13144,.T.);
#13142 = VERTEX_POINT('',#13143);
#13143 = CARTESIAN_POINT('',(8.332709437499,-9.060520375,14.449999999999
    ));
#13144 = B_SPLINE_CURVE_WITH_KNOTS('',3,(#13145,#13146,#13147,#13148),
  .UNSPECIFIED.,.F.,.F.,(4,4),(0.142857142857,0.285714285714),
  .PIECEWISE_BEZIER_KNOTS.);
#13145 = CARTESIAN_POINT('',(8.332709437499,-9.060520375,14.449999999999
    ));
#13146 = CARTESIAN_POINT('',(8.332709437499,-8.93357425,14.449999999999)
  );
#13147 = CARTESIAN_POINT('',(8.240818312499,-8.8217925,14.449999999999)
  );
#13148 = CARTESIAN_POINT('',(8.105350687499,-8.8217925,14.449999999999)
  );
#13149 = ORIENTED_EDGE('',*,*,#13150,.F.);
#13150 = EDGE_CURVE('',#13151,#13142,#13153,.T.);
#13151 = VERTEX_POINT('',#13152);
#13152 = CARTESIAN_POINT('',(8.332709437499,-9.06336325,14.449999999999)
  );
#13153 = LINE('',#13154,#13155);
#13154 = CARTESIAN_POINT('',(8.332709437499,-9.06336325,14.449999999999)
  );
#13155 = VECTOR('',#13156,1.);
#13156 = DIRECTION('',(3.491481338843E-15,1.,-1.219044193949E-29));
#13157 = ORIENTED_EDGE('',*,*,#13158,.F.);
#13158 = EDGE_CURVE('',#13116,#13151,#13159,.T.);
#13159 = B_SPLINE_CURVE_WITH_KNOTS('',3,(#13160,#13161,#13162,#13163),
  .UNSPECIFIED.,.F.,.F.,(4,4),(0.714285714286,1.),
  .PIECEWISE_BEZIER_KNOTS.);
#13160 = CARTESIAN_POINT('',(8.108193562499,-9.298303,14.449999999999));
#13161 = CARTESIAN_POINT('',(8.248394562499,-9.298303,14.449999999999));
#13162 = CARTESIAN_POINT('',(8.332709437499,-9.190307,14.449999999999));
#13163 = CARTESIAN_POINT('',(8.332709437499,-9.06336325,14.449999999999)
  );
#13164 = FACE_BOUND('',#13165,.T.);
#13165 = EDGE_LOOP('',(#13166,#13167,#13168,#13169,#13170,#13171));
#13166 = ORIENTED_EDGE('',*,*,#12957,.T.);
#13167 = ORIENTED_EDGE('',*,*,#13092,.T.);
#13168 = ORIENTED_EDGE('',*,*,#13069,.T.);
#13169 = ORIENTED_EDGE('',*,*,#13046,.T.);
#13170 = ORIENTED_EDGE('',*,*,#13017,.T.);
#13171 = ORIENTED_EDGE('',*,*,#12987,.T.);
#13172 = PLANE('',#13173);
#13173 = AXIS2_PLACEMENT_3D('',#13174,#13175,#13176);
#13174 = CARTESIAN_POINT('',(7.730439718749,-9.41920771875,
    14.449999999999));
#13175 = DIRECTION('',(3.491481338843E-15,0.,1.));
#13176 = DIRECTION('',(-3.491481338843E-15,-1.,1.219044193949E-29));
#13177 = ADVANCED_FACE('',(#13178),#13204,.T.);
#13178 = FACE_BOUND('',#13179,.T.);
#13179 = EDGE_LOOP('',(#13180,#13191,#13197,#13198));
#13180 = ORIENTED_EDGE('',*,*,#13181,.F.);
#13181 = EDGE_CURVE('',#13182,#13184,#13186,.T.);
#13182 = VERTEX_POINT('',#13183);
#13183 = CARTESIAN_POINT('',(8.108193562499,-9.298303,14.499999999999));
#13184 = VERTEX_POINT('',#13185);
#13185 = CARTESIAN_POINT('',(8.332709437499,-9.06336325,14.499999999999)
  );
#13186 = B_SPLINE_CURVE_WITH_KNOTS('',3,(#13187,#13188,#13189,#13190),
  .UNSPECIFIED.,.F.,.F.,(4,4),(0.714285714286,1.),
  .PIECEWISE_BEZIER_KNOTS.);
#13187 = CARTESIAN_POINT('',(8.108193562499,-9.298303,14.499999999999));
#13188 = CARTESIAN_POINT('',(8.248394562499,-9.298303,14.499999999999));
#13189 = CARTESIAN_POINT('',(8.332709437499,-9.190307,14.499999999999));
#13190 = CARTESIAN_POINT('',(8.332709437499,-9.06336325,14.499999999999)
  );
#13191 = ORIENTED_EDGE('',*,*,#13192,.F.);
#13192 = EDGE_CURVE('',#13116,#13182,#13193,.T.);
#13193 = LINE('',#13194,#13195);
#13194 = CARTESIAN_POINT('',(8.108193562499,-9.298303,14.449999999999));
#13195 = VECTOR('',#13196,1.);
#13196 = DIRECTION('',(3.491481338843E-15,-6.123233995737E-17,1.));
#13197 = ORIENTED_EDGE('',*,*,#13158,.T.);
#13198 = ORIENTED_EDGE('',*,*,#13199,.T.);
#13199 = EDGE_CURVE('',#13151,#13184,#13200,.T.);
#13200 = LINE('',#13201,#13202);
#13201 = CARTESIAN_POINT('',(8.332709437499,-9.06336325,14.449999999999)
  );
#13202 = VECTOR('',#13203,1.);
#13203 = DIRECTION('',(3.491481338843E-15,-6.123233995737E-17,1.));
#13204 = B_SPLINE_SURFACE_WITH_KNOTS('',3,1,(
    (#13205,#13206)
    ,(#13207,#13208)
    ,(#13209,#13210)
    ,(#13211,#13212
    )),.UNSPECIFIED.,.F.,.F.,.F.,(4,4),(2,2),(0.714285714286,1.),(0.,1.)
  ,.PIECEWISE_BEZIER_KNOTS.);
#13205 = CARTESIAN_POINT('',(8.108193562499,-9.298303,14.449999999999));
#13206 = CARTESIAN_POINT('',(8.108193562499,-9.298303,14.499999999999));
#13207 = CARTESIAN_POINT('',(8.248394562499,-9.298303,14.449999999999));
#13208 = CARTESIAN_POINT('',(8.248394562499,-9.298303,14.499999999999));
#13209 = CARTESIAN_POINT('',(8.332709437499,-9.190307,14.449999999999));
#13210 = CARTESIAN_POINT('',(8.332709437499,-9.190307,14.499999999999));
#13211 = CARTESIAN_POINT('',(8.332709437499,-9.06336325,14.449999999999)
  );
#13212 = CARTESIAN_POINT('',(8.332709437499,-9.06336325,14.499999999999)
  );
#13213 = ADVANCED_FACE('',(#13214),#13233,.T.);
#13214 = FACE_BOUND('',#13215,.T.);
#13215 = EDGE_LOOP('',(#13216,#13225,#13231,#13232));
#13216 = ORIENTED_EDGE('',*,*,#13217,.F.);
#13217 = EDGE_CURVE('',#13218,#13182,#13220,.T.);
#13218 = VERTEX_POINT('',#13219);
#13219 = CARTESIAN_POINT('',(7.880832437499,-9.059575125,14.499999999999
    ));
#13220 = B_SPLINE_CURVE_WITH_KNOTS('',3,(#13221,#13222,#13223,#13224),
  .UNSPECIFIED.,.F.,.F.,(4,4),(0.571428571429,0.714285714286),
  .PIECEWISE_BEZIER_KNOTS.);
#13221 = CARTESIAN_POINT('',(7.880832437499,-9.059575125,14.499999999999
    ));
#13222 = CARTESIAN_POINT('',(7.880832437499,-9.186518875,14.499999999999
    ));
#13223 = CARTESIAN_POINT('',(7.972723562499,-9.298303,14.499999999999));
#13224 = CARTESIAN_POINT('',(8.108193562499,-9.298303,14.499999999999));
#13225 = ORIENTED_EDGE('',*,*,#13226,.F.);
#13226 = EDGE_CURVE('',#13114,#13218,#13227,.T.);
#13227 = LINE('',#13228,#13229);
#13228 = CARTESIAN_POINT('',(7.880832437499,-9.059575125,14.449999999999
    ));
#13229 = VECTOR('',#13230,1.);
#13230 = DIRECTION('',(3.491481338843E-15,-6.123233995737E-17,1.));
#13231 = ORIENTED_EDGE('',*,*,#13113,.T.);
#13232 = ORIENTED_EDGE('',*,*,#13192,.T.);
#13233 = B_SPLINE_SURFACE_WITH_KNOTS('',3,1,(
    (#13234,#13235)
    ,(#13236,#13237)
    ,(#13238,#13239)
    ,(#13240,#13241
    )),.UNSPECIFIED.,.F.,.F.,.F.,(4,4),(2,2),(0.571428571429,
    0.714285714286),(0.,1.),.PIECEWISE_BEZIER_KNOTS.);
#13234 = CARTESIAN_POINT('',(7.880832437499,-9.059575125,14.449999999999
    ));
#13235 = CARTESIAN_POINT('',(7.880832437499,-9.059575125,14.499999999999
    ));
#13236 = CARTESIAN_POINT('',(7.880832437499,-9.186518875,14.449999999999
    ));
#13237 = CARTESIAN_POINT('',(7.880832437499,-9.186518875,14.499999999999
    ));
#13238 = CARTESIAN_POINT('',(7.972723562499,-9.298303,14.449999999999));
#13239 = CARTESIAN_POINT('',(7.972723562499,-9.298303,14.499999999999));
#13240 = CARTESIAN_POINT('',(8.108193562499,-9.298303,14.449999999999));
#13241 = CARTESIAN_POINT('',(8.108193562499,-9.298303,14.499999999999));
#13242 = ADVANCED_FACE('',(#13243),#13261,.T.);
#13243 = FACE_BOUND('',#13244,.T.);
#13244 = EDGE_LOOP('',(#13245,#13253,#13259,#13260));
#13245 = ORIENTED_EDGE('',*,*,#13246,.F.);
#13246 = EDGE_CURVE('',#13247,#13218,#13249,.T.);
#13247 = VERTEX_POINT('',#13248);
#13248 = CARTESIAN_POINT('',(7.880832437499,-9.05673225,14.499999999999)
  );
#13249 = LINE('',#13250,#13251);
#13250 = CARTESIAN_POINT('',(7.880832437499,-9.05673225,14.499999999999)
  );
#13251 = VECTOR('',#13252,1.);
#13252 = DIRECTION('',(-3.491481338843E-15,-1.,1.219044193949E-29));
#13253 = ORIENTED_EDGE('',*,*,#13254,.F.);
#13254 = EDGE_CURVE('',#13125,#13247,#13255,.T.);
#13255 = LINE('',#13256,#13257);
#13256 = CARTESIAN_POINT('',(7.880832437499,-9.05673225,14.449999999999)
  );
#13257 = VECTOR('',#13258,1.);
#13258 = DIRECTION('',(3.491481338843E-15,-6.123233995737E-17,1.));
#13259 = ORIENTED_EDGE('',*,*,#13124,.T.);
#13260 = ORIENTED_EDGE('',*,*,#13226,.T.);
#13261 = PLANE('',#13262);
#13262 = AXIS2_PLACEMENT_3D('',#13263,#13264,#13265);
#13263 = CARTESIAN_POINT('',(7.880832437499,-9.05673225,14.449999999999)
  );
#13264 = DIRECTION('',(-1.,3.491481338843E-15,3.491481338843E-15));
#13265 = DIRECTION('',(3.491481338843E-15,1.,-1.219044193949E-29));
#13266 = ADVANCED_FACE('',(#13267),#13286,.T.);
#13267 = FACE_BOUND('',#13268,.T.);
#13268 = EDGE_LOOP('',(#13269,#13278,#13284,#13285));
#13269 = ORIENTED_EDGE('',*,*,#13270,.F.);
#13270 = EDGE_CURVE('',#13271,#13247,#13273,.T.);
#13271 = VERTEX_POINT('',#13272);
#13272 = CARTESIAN_POINT('',(8.105350687499,-8.8217925,14.499999999999)
  );
#13273 = B_SPLINE_CURVE_WITH_KNOTS('',3,(#13274,#13275,#13276,#13277),
  .UNSPECIFIED.,.F.,.F.,(4,4),(0.285714285714,0.428571428571),
  .PIECEWISE_BEZIER_KNOTS.);
#13274 = CARTESIAN_POINT('',(8.105350687499,-8.8217925,14.499999999999)
  );
#13275 = CARTESIAN_POINT('',(7.965142562499,-8.8217925,14.499999999999)
  );
#13276 = CARTESIAN_POINT('',(7.880832437499,-8.929790875,14.499999999999
    ));
#13277 = CARTESIAN_POINT('',(7.880832437499,-9.05673225,14.499999999999)
  );
#13278 = ORIENTED_EDGE('',*,*,#13279,.F.);
#13279 = EDGE_CURVE('',#13133,#13271,#13280,.T.);
#13280 = LINE('',#13281,#13282);
#13281 = CARTESIAN_POINT('',(8.105350687499,-8.8217925,14.449999999999)
  );
#13282 = VECTOR('',#13283,1.);
#13283 = DIRECTION('',(3.491481338843E-15,-6.123233995737E-17,1.));
#13284 = ORIENTED_EDGE('',*,*,#13132,.T.);
#13285 = ORIENTED_EDGE('',*,*,#13254,.T.);
#13286 = B_SPLINE_SURFACE_WITH_KNOTS('',3,1,(
    (#13287,#13288)
    ,(#13289,#13290)
    ,(#13291,#13292)
    ,(#13293,#13294
    )),.UNSPECIFIED.,.F.,.F.,.F.,(4,4),(2,2),(0.285714285714,
    0.428571428571),(0.,1.),.PIECEWISE_BEZIER_KNOTS.);
#13287 = CARTESIAN_POINT('',(8.105350687499,-8.8217925,14.449999999999)
  );
#13288 = CARTESIAN_POINT('',(8.105350687499,-8.8217925,14.499999999999)
  );
#13289 = CARTESIAN_POINT('',(7.965142562499,-8.8217925,14.449999999999)
  );
#13290 = CARTESIAN_POINT('',(7.965142562499,-8.8217925,14.499999999999)
  );
#13291 = CARTESIAN_POINT('',(7.880832437499,-8.929790875,14.449999999999
    ));
#13292 = CARTESIAN_POINT('',(7.880832437499,-8.929790875,14.499999999999
    ));
#13293 = CARTESIAN_POINT('',(7.880832437499,-9.05673225,14.449999999999)
  );
#13294 = CARTESIAN_POINT('',(7.880832437499,-9.05673225,14.499999999999)
  );
#13295 = ADVANCED_FACE('',(#13296),#13315,.T.);
#13296 = FACE_BOUND('',#13297,.T.);
#13297 = EDGE_LOOP('',(#13298,#13307,#13313,#13314));
#13298 = ORIENTED_EDGE('',*,*,#13299,.F.);
#13299 = EDGE_CURVE('',#13300,#13271,#13302,.T.);
#13300 = VERTEX_POINT('',#13301);
#13301 = CARTESIAN_POINT('',(8.332709437499,-9.060520375,14.499999999999
    ));
#13302 = B_SPLINE_CURVE_WITH_KNOTS('',3,(#13303,#13304,#13305,#13306),
  .UNSPECIFIED.,.F.,.F.,(4,4),(0.142857142857,0.285714285714),
  .PIECEWISE_BEZIER_KNOTS.);
#13303 = CARTESIAN_POINT('',(8.332709437499,-9.060520375,14.499999999999
    ));
#13304 = CARTESIAN_POINT('',(8.332709437499,-8.93357425,14.499999999999)
  );
#13305 = CARTESIAN_POINT('',(8.240818312499,-8.8217925,14.499999999999)
  );
#13306 = CARTESIAN_POINT('',(8.105350687499,-8.8217925,14.499999999999)
  );
#13307 = ORIENTED_EDGE('',*,*,#13308,.F.);
#13308 = EDGE_CURVE('',#13142,#13300,#13309,.T.);
#13309 = LINE('',#13310,#13311);
#13310 = CARTESIAN_POINT('',(8.332709437499,-9.060520375,14.449999999999
    ));
#13311 = VECTOR('',#13312,1.);
#13312 = DIRECTION('',(3.491481338843E-15,-6.123233995737E-17,1.));
#13313 = ORIENTED_EDGE('',*,*,#13141,.T.);
#13314 = ORIENTED_EDGE('',*,*,#13279,.T.);
#13315 = B_SPLINE_SURFACE_WITH_KNOTS('',3,1,(
    (#13316,#13317)
    ,(#13318,#13319)
    ,(#13320,#13321)
    ,(#13322,#13323
    )),.UNSPECIFIED.,.F.,.F.,.F.,(4,4),(2,2),(0.142857142857,
    0.285714285714),(0.,1.),.PIECEWISE_BEZIER_KNOTS.);
#13316 = CARTESIAN_POINT('',(8.332709437499,-9.060520375,14.449999999999
    ));
#13317 = CARTESIAN_POINT('',(8.332709437499,-9.060520375,14.499999999999
    ));
#13318 = CARTESIAN_POINT('',(8.332709437499,-8.93357425,14.449999999999)
  );
#13319 = CARTESIAN_POINT('',(8.332709437499,-8.93357425,14.499999999999)
  );
#13320 = CARTESIAN_POINT('',(8.240818312499,-8.8217925,14.449999999999)
  );
#13321 = CARTESIAN_POINT('',(8.240818312499,-8.8217925,14.499999999999)
  );
#13322 = CARTESIAN_POINT('',(8.105350687499,-8.8217925,14.449999999999)
  );
#13323 = CARTESIAN_POINT('',(8.105350687499,-8.8217925,14.499999999999)
  );
#13324 = ADVANCED_FACE('',(#13325),#13336,.T.);
#13325 = FACE_BOUND('',#13326,.T.);
#13326 = EDGE_LOOP('',(#13327,#13333,#13334,#13335));
#13327 = ORIENTED_EDGE('',*,*,#13328,.F.);
#13328 = EDGE_CURVE('',#13184,#13300,#13329,.T.);
#13329 = LINE('',#13330,#13331);
#13330 = CARTESIAN_POINT('',(8.332709437499,-9.06336325,14.499999999999)
  );
#13331 = VECTOR('',#13332,1.);
#13332 = DIRECTION('',(3.491481338843E-15,1.,-1.219044193949E-29));
#13333 = ORIENTED_EDGE('',*,*,#13199,.F.);
#13334 = ORIENTED_EDGE('',*,*,#13150,.T.);
#13335 = ORIENTED_EDGE('',*,*,#13308,.T.);
#13336 = PLANE('',#13337);
#13337 = AXIS2_PLACEMENT_3D('',#13338,#13339,#13340);
#13338 = CARTESIAN_POINT('',(8.332709437499,-9.06336325,14.449999999999)
  );
#13339 = DIRECTION('',(1.,-3.491481338843E-15,-3.491481338843E-15));
#13340 = DIRECTION('',(-3.491481338843E-15,-1.,1.219044193949E-29));
#13341 = ADVANCED_FACE('',(#13342),#13350,.F.);
#13342 = FACE_BOUND('',#13343,.T.);
#13343 = EDGE_LOOP('',(#13344,#13345,#13346,#13347,#13348,#13349));
#13344 = ORIENTED_EDGE('',*,*,#13181,.T.);
#13345 = ORIENTED_EDGE('',*,*,#13328,.T.);
#13346 = ORIENTED_EDGE('',*,*,#13299,.T.);
#13347 = ORIENTED_EDGE('',*,*,#13270,.T.);
#13348 = ORIENTED_EDGE('',*,*,#13246,.T.);
#13349 = ORIENTED_EDGE('',*,*,#13217,.T.);
#13350 = PLANE('',#13351);
#13351 = AXIS2_PLACEMENT_3D('',#13352,#13353,#13354);
#13352 = CARTESIAN_POINT('',(11.499999999999,-11.5,14.499999999999));
#13353 = DIRECTION('',(-3.491481338843E-15,0.,-1.));
#13354 = DIRECTION('',(3.491481338843E-15,1.,-1.219044193949E-29));
#13355 = ADVANCED_FACE('',(#13356),#13381,.F.);
#13356 = FACE_BOUND('',#13357,.T.);
#13357 = EDGE_LOOP('',(#13358,#13359,#13367,#13375));
#13358 = ORIENTED_EDGE('',*,*,#788,.T.);
#13359 = ORIENTED_EDGE('',*,*,#13360,.F.);
#13360 = EDGE_CURVE('',#13361,#779,#13363,.T.);
#13361 = VERTEX_POINT('',#13362);
#13362 = CARTESIAN_POINT('',(8.798800812499,-9.5654525,14.449999999999)
  );
#13363 = LINE('',#13364,#13365);
#13364 = CARTESIAN_POINT('',(8.798800812499,-9.5654525,14.449999999999)
  );
#13365 = VECTOR('',#13366,1.);
#13366 = DIRECTION('',(3.491481338843E-15,-6.123233995737E-17,1.));
#13367 = ORIENTED_EDGE('',*,*,#13368,.F.);
#13368 = EDGE_CURVE('',#13369,#13361,#13371,.T.);
#13369 = VERTEX_POINT('',#13370);
#13370 = CARTESIAN_POINT('',(8.798800812499,-8.022241625,14.449999999999
    ));
#13371 = LINE('',#13372,#13373);
#13372 = CARTESIAN_POINT('',(8.798800812499,-9.5654525,14.449999999999)
  );
#13373 = VECTOR('',#13374,1.);
#13374 = DIRECTION('',(-1.243281168563E-15,-1.,4.340892998972E-30));
#13375 = ORIENTED_EDGE('',*,*,#13376,.T.);
#13376 = EDGE_CURVE('',#13369,#789,#13377,.T.);
#13377 = LINE('',#13378,#13379);
#13378 = CARTESIAN_POINT('',(8.798800812499,-8.022241625,14.449999999999
    ));
#13379 = VECTOR('',#13380,1.);
#13380 = DIRECTION('',(3.491481338843E-15,-6.123233995737E-17,1.));
#13381 = PLANE('',#13382);
#13382 = AXIS2_PLACEMENT_3D('',#13383,#13384,#13385);
#13383 = CARTESIAN_POINT('',(8.798800812499,-9.5654525,14.449999999999)
  );
#13384 = DIRECTION('',(-1.,1.243281168563E-15,3.491481338843E-15));
#13385 = DIRECTION('',(1.243281168563E-15,1.,-4.340892998972E-30));
#13386 = ADVANCED_FACE('',(#13387),#13405,.F.);
#13387 = FACE_BOUND('',#13388,.T.);
#13388 = EDGE_LOOP('',(#13389,#13390,#13391,#13399));
#13389 = ORIENTED_EDGE('',*,*,#796,.T.);
#13390 = ORIENTED_EDGE('',*,*,#13376,.F.);
#13391 = ORIENTED_EDGE('',*,*,#13392,.F.);
#13392 = EDGE_CURVE('',#13393,#13369,#13395,.T.);
#13393 = VERTEX_POINT('',#13394);
#13394 = CARTESIAN_POINT('',(9.119000687499,-8.022241625,14.449999999999
    ));
#13395 = LINE('',#13396,#13397);
#13396 = CARTESIAN_POINT('',(8.798800812499,-8.022241625,14.449999999999
    ));
#13397 = VECTOR('',#13398,1.);
#13398 = DIRECTION('',(-1.,-1.926145622994E-15,3.491481338843E-15));
#13399 = ORIENTED_EDGE('',*,*,#13400,.T.);
#13400 = EDGE_CURVE('',#13393,#797,#13401,.T.);
#13401 = LINE('',#13402,#13403);
#13402 = CARTESIAN_POINT('',(9.119000687499,-8.022241625,14.449999999999
    ));
#13403 = VECTOR('',#13404,1.);
#13404 = DIRECTION('',(3.491481338843E-15,-6.123233995737E-17,1.));
#13405 = PLANE('',#13406);
#13406 = AXIS2_PLACEMENT_3D('',#13407,#13408,#13409);
#13407 = CARTESIAN_POINT('',(8.798800812499,-8.022241625,14.449999999999
    ));
#13408 = DIRECTION('',(-1.926145622994E-15,1.,6.123233995737E-17));
#13409 = DIRECTION('',(1.,1.926145622994E-15,-3.491481338843E-15));
#13410 = ADVANCED_FACE('',(#13411),#13429,.F.);
#13411 = FACE_BOUND('',#13412,.T.);
#13412 = EDGE_LOOP('',(#13413,#13414,#13415,#13423));
#13413 = ORIENTED_EDGE('',*,*,#804,.T.);
#13414 = ORIENTED_EDGE('',*,*,#13400,.F.);
#13415 = ORIENTED_EDGE('',*,*,#13416,.F.);
#13416 = EDGE_CURVE('',#13417,#13393,#13419,.T.);
#13417 = VERTEX_POINT('',#13418);
#13418 = CARTESIAN_POINT('',(9.119000687499,-9.5654525,14.449999999999)
  );
#13419 = LINE('',#13420,#13421);
#13420 = CARTESIAN_POINT('',(9.119000687499,-8.022241625,14.449999999999
    ));
#13421 = VECTOR('',#13422,1.);
#13422 = DIRECTION('',(-1.004919001718E-15,1.,3.508655941546E-30));
#13423 = ORIENTED_EDGE('',*,*,#13424,.T.);
#13424 = EDGE_CURVE('',#13417,#781,#13425,.T.);
#13425 = LINE('',#13426,#13427);
#13426 = CARTESIAN_POINT('',(9.119000687499,-9.5654525,14.449999999999)
  );
#13427 = VECTOR('',#13428,1.);
#13428 = DIRECTION('',(3.491481338843E-15,-6.123233995737E-17,1.));
#13429 = PLANE('',#13430);
#13430 = AXIS2_PLACEMENT_3D('',#13431,#13432,#13433);
#13431 = CARTESIAN_POINT('',(9.119000687499,-8.022241625,14.449999999999
    ));
#13432 = DIRECTION('',(1.,1.004919001718E-15,-3.491481338843E-15));
#13433 = DIRECTION('',(1.004919001718E-15,-1.,-3.508655941546E-30));
#13434 = ADVANCED_FACE('',(#13435),#13446,.F.);
#13435 = FACE_BOUND('',#13436,.T.);
#13436 = EDGE_LOOP('',(#13437,#13438,#13439,#13445));
#13437 = ORIENTED_EDGE('',*,*,#778,.T.);
#13438 = ORIENTED_EDGE('',*,*,#13424,.F.);
#13439 = ORIENTED_EDGE('',*,*,#13440,.F.);
#13440 = EDGE_CURVE('',#13361,#13417,#13441,.T.);
#13441 = LINE('',#13442,#13443);
#13442 = CARTESIAN_POINT('',(9.119000687499,-9.5654525,14.449999999999)
  );
#13443 = VECTOR('',#13444,1.);
#13444 = DIRECTION('',(1.,-7.826678579247E-16,-3.491481338843E-15));
#13445 = ORIENTED_EDGE('',*,*,#13360,.T.);
#13446 = PLANE('',#13447);
#13447 = AXIS2_PLACEMENT_3D('',#13448,#13449,#13450);
#13448 = CARTESIAN_POINT('',(9.119000687499,-9.5654525,14.449999999999)
  );
#13449 = DIRECTION('',(-7.826678579247E-16,-1.,-6.123233995736E-17));
#13450 = DIRECTION('',(-1.,7.826678579247E-16,3.491481338843E-15));
#13451 = ADVANCED_FACE('',(#13452),#13458,.F.);
#13452 = FACE_BOUND('',#13453,.T.);
#13453 = EDGE_LOOP('',(#13454,#13455,#13456,#13457));
#13454 = ORIENTED_EDGE('',*,*,#13368,.T.);
#13455 = ORIENTED_EDGE('',*,*,#13440,.T.);
#13456 = ORIENTED_EDGE('',*,*,#13416,.T.);
#13457 = ORIENTED_EDGE('',*,*,#13392,.T.);
#13458 = PLANE('',#13459);
#13459 = AXIS2_PLACEMENT_3D('',#13460,#13461,#13462);
#13460 = CARTESIAN_POINT('',(-1.000000000001,-11.5,14.449999999999));
#13461 = DIRECTION('',(-3.491481338843E-15,0.,-1.));
#13462 = DIRECTION('',(3.491481338843E-15,1.,-1.219044193949E-29));
#13463 = ADVANCED_FACE('',(#13464),#13490,.F.);
#13464 = FACE_BOUND('',#13465,.F.);
#13465 = EDGE_LOOP('',(#13466,#13474,#13483,#13489));
#13466 = ORIENTED_EDGE('',*,*,#13467,.F.);
#13467 = EDGE_CURVE('',#13468,#713,#13470,.T.);
#13468 = VERTEX_POINT('',#13469);
#13469 = CARTESIAN_POINT('',(5.837425187499,-8.532857125,14.449999999999
    ));
#13470 = LINE('',#13471,#13472);
#13471 = CARTESIAN_POINT('',(5.837425187499,-8.532857125,14.449999999999
    ));
#13472 = VECTOR('',#13473,1.);
#13473 = DIRECTION('',(3.491481338843E-15,-6.123233995737E-17,1.));
#13474 = ORIENTED_EDGE('',*,*,#13475,.T.);
#13475 = EDGE_CURVE('',#13468,#13476,#13478,.T.);
#13476 = VERTEX_POINT('',#13477);
#13477 = CARTESIAN_POINT('',(5.271864062499,-8.022241625,14.449999999999
    ));
#13478 = B_SPLINE_CURVE_WITH_KNOTS('',3,(#13479,#13480,#13481,#13482),
  .UNSPECIFIED.,.F.,.F.,(4,4),(0.846153846154,1.),
  .PIECEWISE_BEZIER_KNOTS.);
#13479 = CARTESIAN_POINT('',(5.837425187499,-8.532857125,14.449999999999
    ));
#13480 = CARTESIAN_POINT('',(5.837425187499,-8.230655,14.449999999999));
#13481 = CARTESIAN_POINT('',(5.624273687499,-8.022241625,14.449999999999
    ));
#13482 = CARTESIAN_POINT('',(5.271864062499,-8.022241625,14.449999999999
    ));
#13483 = ORIENTED_EDGE('',*,*,#13484,.T.);
#13484 = EDGE_CURVE('',#13476,#703,#13485,.T.);
#13485 = LINE('',#13486,#13487);
#13486 = CARTESIAN_POINT('',(5.271864062499,-8.022241625,14.449999999999
    ));
#13487 = VECTOR('',#13488,1.);
#13488 = DIRECTION('',(3.491481338843E-15,-6.123233995737E-17,1.));
#13489 = ORIENTED_EDGE('',*,*,#712,.F.);
#13490 = B_SPLINE_SURFACE_WITH_KNOTS('',3,1,(
    (#13491,#13492)
    ,(#13493,#13494)
    ,(#13495,#13496)
    ,(#13497,#13498
    )),.UNSPECIFIED.,.F.,.F.,.F.,(4,4),(2,2),(0.846153846154,1.),(0.,1.)
  ,.PIECEWISE_BEZIER_KNOTS.);
#13491 = CARTESIAN_POINT('',(5.837425187499,-8.532857125,14.449999999999
    ));
#13492 = CARTESIAN_POINT('',(5.837425187499,-8.532857125,14.499999999999
    ));
#13493 = CARTESIAN_POINT('',(5.837425187499,-8.230655,14.449999999999));
#13494 = CARTESIAN_POINT('',(5.837425187499,-8.230655,14.499999999999));
#13495 = CARTESIAN_POINT('',(5.624273687499,-8.022241625,14.449999999999
    ));
#13496 = CARTESIAN_POINT('',(5.624273687499,-8.022241625,14.499999999999
    ));
#13497 = CARTESIAN_POINT('',(5.271864062499,-8.022241625,14.449999999999
    ));
#13498 = CARTESIAN_POINT('',(5.271864062499,-8.022241625,14.499999999999
    ));
#13499 = ADVANCED_FACE('',(#13500),#13518,.F.);
#13500 = FACE_BOUND('',#13501,.T.);
#13501 = EDGE_LOOP('',(#13502,#13503,#13504,#13512));
#13502 = ORIENTED_EDGE('',*,*,#721,.T.);
#13503 = ORIENTED_EDGE('',*,*,#13467,.F.);
#13504 = ORIENTED_EDGE('',*,*,#13505,.F.);
#13505 = EDGE_CURVE('',#13506,#13468,#13508,.T.);
#13506 = VERTEX_POINT('',#13507);
#13507 = CARTESIAN_POINT('',(5.837425187499,-8.53664525,14.449999999999)
  );
#13508 = LINE('',#13509,#13510);
#13509 = CARTESIAN_POINT('',(5.837425187499,-8.53664525,14.449999999999)
  );
#13510 = VECTOR('',#13511,1.);
#13511 = DIRECTION('',(3.491481338843E-15,1.,-1.219044193949E-29));
#13512 = ORIENTED_EDGE('',*,*,#13513,.T.);
#13513 = EDGE_CURVE('',#13506,#722,#13514,.T.);
#13514 = LINE('',#13515,#13516);
#13515 = CARTESIAN_POINT('',(5.837425187499,-8.53664525,14.449999999999)
  );
#13516 = VECTOR('',#13517,1.);
#13517 = DIRECTION('',(3.491481338843E-15,-6.123233995737E-17,1.));
#13518 = PLANE('',#13519);
#13519 = AXIS2_PLACEMENT_3D('',#13520,#13521,#13522);
#13520 = CARTESIAN_POINT('',(5.837425187499,-8.53664525,14.449999999999)
  );
#13521 = DIRECTION('',(1.,-3.491481338843E-15,-3.491481338843E-15));
#13522 = DIRECTION('',(-3.491481338843E-15,-1.,1.219044193949E-29));
#13523 = ADVANCED_FACE('',(#13524),#13543,.F.);
#13524 = FACE_BOUND('',#13525,.F.);
#13525 = EDGE_LOOP('',(#13526,#13534,#13541,#13542));
#13526 = ORIENTED_EDGE('',*,*,#13527,.F.);
#13527 = EDGE_CURVE('',#13528,#730,#13530,.T.);
#13528 = VERTEX_POINT('',#13529);
#13529 = CARTESIAN_POINT('',(5.240601937499,-9.05578225,14.449999999999)
  );
#13530 = LINE('',#13531,#13532);
#13531 = CARTESIAN_POINT('',(5.240601937499,-9.05578225,14.449999999999)
  );
#13532 = VECTOR('',#13533,1.);
#13533 = DIRECTION('',(3.491481338843E-15,-6.123233995737E-17,1.));
#13534 = ORIENTED_EDGE('',*,*,#13535,.T.);
#13535 = EDGE_CURVE('',#13528,#13506,#13536,.T.);
#13536 = B_SPLINE_CURVE_WITH_KNOTS('',3,(#13537,#13538,#13539,#13540),
  .UNSPECIFIED.,.F.,.F.,(4,4),(0.692307692308,0.769230769231),
  .PIECEWISE_BEZIER_KNOTS.);
#13537 = CARTESIAN_POINT('',(5.240601937499,-9.05578225,14.449999999999)
  );
#13538 = CARTESIAN_POINT('',(5.572168562499,-9.05578225,14.449999999999)
  );
#13539 = CARTESIAN_POINT('',(5.837425187499,-8.878633375,14.449999999999
    ));
#13540 = CARTESIAN_POINT('',(5.837425187499,-8.53664525,14.449999999999)
  );
#13541 = ORIENTED_EDGE('',*,*,#13513,.T.);
#13542 = ORIENTED_EDGE('',*,*,#729,.F.);
#13543 = B_SPLINE_SURFACE_WITH_KNOTS('',3,1,(
    (#13544,#13545)
    ,(#13546,#13547)
    ,(#13548,#13549)
    ,(#13550,#13551
    )),.UNSPECIFIED.,.F.,.F.,.F.,(4,4),(2,2),(0.692307692308,
    0.769230769231),(0.,1.),.PIECEWISE_BEZIER_KNOTS.);
#13544 = CARTESIAN_POINT('',(5.240601937499,-9.05578225,14.449999999999)
  );
#13545 = CARTESIAN_POINT('',(5.240601937499,-9.05578225,14.499999999999)
  );
#13546 = CARTESIAN_POINT('',(5.572168562499,-9.05578225,14.449999999999)
  );
#13547 = CARTESIAN_POINT('',(5.572168562499,-9.05578225,14.499999999999)
  );
#13548 = CARTESIAN_POINT('',(5.837425187499,-8.878633375,14.449999999999
    ));
#13549 = CARTESIAN_POINT('',(5.837425187499,-8.878633375,14.499999999999
    ));
#13550 = CARTESIAN_POINT('',(5.837425187499,-8.53664525,14.449999999999)
  );
#13551 = CARTESIAN_POINT('',(5.837425187499,-8.53664525,14.499999999999)
  );
#13552 = ADVANCED_FACE('',(#13553),#13580,.F.);
#13553 = FACE_BOUND('',#13554,.F.);
#13554 = EDGE_LOOP('',(#13555,#13556,#13564,#13572,#13578,#13579));
#13555 = ORIENTED_EDGE('',*,*,#746,.F.);
#13556 = ORIENTED_EDGE('',*,*,#13557,.F.);
#13557 = EDGE_CURVE('',#13558,#747,#13560,.T.);
#13558 = VERTEX_POINT('',#13559);
#13559 = CARTESIAN_POINT('',(5.089027062499,-9.055787,14.449999999999));
#13560 = LINE('',#13561,#13562);
#13561 = CARTESIAN_POINT('',(5.089027062499,-9.055787,14.449999999999));
#13562 = VECTOR('',#13563,1.);
#13563 = DIRECTION('',(3.491481338843E-15,-6.123233995737E-17,1.));
#13564 = ORIENTED_EDGE('',*,*,#13565,.T.);
#13565 = EDGE_CURVE('',#13558,#13566,#13568,.T.);
#13566 = VERTEX_POINT('',#13567);
#13567 = CARTESIAN_POINT('',(5.228285187499,-9.05578225,14.449999999999)
  );
#13568 = LINE('',#13569,#13570);
#13569 = CARTESIAN_POINT('',(5.089027062499,-9.055787,14.449999999999));
#13570 = VECTOR('',#13571,1.);
#13571 = DIRECTION('',(0.999999999418,3.41093203741E-05,
    -3.491481336812E-15));
#13572 = ORIENTED_EDGE('',*,*,#13573,.T.);
#13573 = EDGE_CURVE('',#13566,#13528,#13574,.T.);
#13574 = LINE('',#13575,#13576);
#13575 = CARTESIAN_POINT('',(5.228285187499,-9.05578225,14.449999999999)
  );
#13576 = VECTOR('',#13577,1.);
#13577 = DIRECTION('',(1.,-3.491481338843E-15,-3.491481338843E-15));
#13578 = ORIENTED_EDGE('',*,*,#13527,.T.);
#13579 = ORIENTED_EDGE('',*,*,#738,.F.);
#13580 = PLANE('',#13581);
#13581 = AXIS2_PLACEMENT_3D('',#13582,#13583,#13584);
#13582 = CARTESIAN_POINT('',(5.234918562499,-9.05578225,14.449999999999)
  );
#13583 = DIRECTION('',(-3.491481338843E-15,-1.,-6.123233995736E-17));
#13584 = DIRECTION('',(-3.491481338843E-15,6.123233995737E-17,-1.));
#13585 = ADVANCED_FACE('',(#13586),#13604,.F.);
#13586 = FACE_BOUND('',#13587,.T.);
#13587 = EDGE_LOOP('',(#13588,#13589,#13590,#13598));
#13588 = ORIENTED_EDGE('',*,*,#754,.T.);
#13589 = ORIENTED_EDGE('',*,*,#13557,.F.);
#13590 = ORIENTED_EDGE('',*,*,#13591,.F.);
#13591 = EDGE_CURVE('',#13592,#13558,#13594,.T.);
#13592 = VERTEX_POINT('',#13593);
#13593 = CARTESIAN_POINT('',(5.089027062499,-9.5654525,14.449999999999)
  );
#13594 = LINE('',#13595,#13596);
#13595 = CARTESIAN_POINT('',(5.089027062499,-9.5654525,14.449999999999)
  );
#13596 = VECTOR('',#13597,1.);
#13597 = DIRECTION('',(3.491481338843E-15,1.,-1.219044193949E-29));
#13598 = ORIENTED_EDGE('',*,*,#13599,.T.);
#13599 = EDGE_CURVE('',#13592,#755,#13600,.T.);
#13600 = LINE('',#13601,#13602);
#13601 = CARTESIAN_POINT('',(5.089027062499,-9.5654525,14.449999999999)
  );
#13602 = VECTOR('',#13603,1.);
#13603 = DIRECTION('',(3.491481338843E-15,-6.123233995737E-17,1.));
#13604 = PLANE('',#13605);
#13605 = AXIS2_PLACEMENT_3D('',#13606,#13607,#13608);
#13606 = CARTESIAN_POINT('',(5.089027062499,-9.5654525,14.449999999999)
  );
#13607 = DIRECTION('',(1.,-3.491481338843E-15,-3.491481338843E-15));
#13608 = DIRECTION('',(-3.491481338843E-15,-1.,1.219044193949E-29));
#13609 = ADVANCED_FACE('',(#13610),#13628,.F.);
#13610 = FACE_BOUND('',#13611,.T.);
#13611 = EDGE_LOOP('',(#13612,#13613,#13614,#13622));
#13612 = ORIENTED_EDGE('',*,*,#762,.T.);
#13613 = ORIENTED_EDGE('',*,*,#13599,.F.);
#13614 = ORIENTED_EDGE('',*,*,#13615,.F.);
#13615 = EDGE_CURVE('',#13616,#13592,#13618,.T.);
#13616 = VERTEX_POINT('',#13617);
#13617 = CARTESIAN_POINT('',(4.764091437499,-9.5654525,14.449999999999)
  );
#13618 = LINE('',#13619,#13620);
#13619 = CARTESIAN_POINT('',(4.764091437499,-9.5654525,14.449999999999)
  );
#13620 = VECTOR('',#13621,1.);
#13621 = DIRECTION('',(1.,5.12519782864E-16,-3.491481338843E-15));
#13622 = ORIENTED_EDGE('',*,*,#13623,.T.);
#13623 = EDGE_CURVE('',#13616,#763,#13624,.T.);
#13624 = LINE('',#13625,#13626);
#13625 = CARTESIAN_POINT('',(4.764091437499,-9.5654525,14.449999999999)
  );
#13626 = VECTOR('',#13627,1.);
#13627 = DIRECTION('',(3.491481338843E-15,-6.123233995737E-17,1.));
#13628 = PLANE('',#13629);
#13629 = AXIS2_PLACEMENT_3D('',#13630,#13631,#13632);
#13630 = CARTESIAN_POINT('',(4.764091437499,-9.5654525,14.449999999999)
  );
#13631 = DIRECTION('',(5.12519782864E-16,-1.,-6.123233995737E-17));
#13632 = DIRECTION('',(-1.,-5.12519782864E-16,3.491481338843E-15));
#13633 = ADVANCED_FACE('',(#13634),#13652,.F.);
#13634 = FACE_BOUND('',#13635,.T.);
#13635 = EDGE_LOOP('',(#13636,#13637,#13638,#13646));
#13636 = ORIENTED_EDGE('',*,*,#770,.T.);
#13637 = ORIENTED_EDGE('',*,*,#13623,.F.);
#13638 = ORIENTED_EDGE('',*,*,#13639,.F.);
#13639 = EDGE_CURVE('',#13640,#13616,#13642,.T.);
#13640 = VERTEX_POINT('',#13641);
#13641 = CARTESIAN_POINT('',(4.764091437499,-8.022241625,14.449999999999
    ));
#13642 = LINE('',#13643,#13644);
#13643 = CARTESIAN_POINT('',(4.764091437499,-8.022241625,14.449999999999
    ));
#13644 = VECTOR('',#13645,1.);
#13645 = DIRECTION('',(1.004919001718E-15,-1.,-3.508655941546E-30));
#13646 = ORIENTED_EDGE('',*,*,#13647,.T.);
#13647 = EDGE_CURVE('',#13640,#705,#13648,.T.);
#13648 = LINE('',#13649,#13650);
#13649 = CARTESIAN_POINT('',(4.764091437499,-8.022241625,14.449999999999
    ));
#13650 = VECTOR('',#13651,1.);
#13651 = DIRECTION('',(3.491481338843E-15,-6.123233995737E-17,1.));
#13652 = PLANE('',#13653);
#13653 = AXIS2_PLACEMENT_3D('',#13654,#13655,#13656);
#13654 = CARTESIAN_POINT('',(4.764091437499,-8.022241625,14.449999999999
    ));
#13655 = DIRECTION('',(-1.,-1.004919001718E-15,3.491481338843E-15));
#13656 = DIRECTION('',(-1.004919001718E-15,1.,3.508655941546E-30));
#13657 = ADVANCED_FACE('',(#13658),#13669,.F.);
#13658 = FACE_BOUND('',#13659,.T.);
#13659 = EDGE_LOOP('',(#13660,#13661,#13662,#13668));
#13660 = ORIENTED_EDGE('',*,*,#702,.T.);
#13661 = ORIENTED_EDGE('',*,*,#13647,.F.);
#13662 = ORIENTED_EDGE('',*,*,#13663,.F.);
#13663 = EDGE_CURVE('',#13476,#13640,#13664,.T.);
#13664 = LINE('',#13665,#13666);
#13665 = CARTESIAN_POINT('',(5.271864062499,-8.022241625,14.449999999999
    ));
#13666 = VECTOR('',#13667,1.);
#13667 = DIRECTION('',(-1.,3.491481338843E-15,3.491481338843E-15));
#13668 = ORIENTED_EDGE('',*,*,#13484,.T.);
#13669 = PLANE('',#13670);
#13670 = AXIS2_PLACEMENT_3D('',#13671,#13672,#13673);
#13671 = CARTESIAN_POINT('',(5.228285187499,-8.022241625,14.449999999999
    ));
#13672 = DIRECTION('',(-2.455863747502E-16,1.,6.123233995737E-17));
#13673 = DIRECTION('',(1.,2.455863747502E-16,-3.491481338843E-15));
#13674 = ADVANCED_FACE('',(#13675,#13735),#13746,.F.);
#13675 = FACE_BOUND('',#13676,.T.);
#13676 = EDGE_LOOP('',(#13677,#13688,#13696,#13704,#13712,#13721,#13729)
  );
#13677 = ORIENTED_EDGE('',*,*,#13678,.F.);
#13678 = EDGE_CURVE('',#13679,#13681,#13683,.T.);
#13679 = VERTEX_POINT('',#13680);
#13680 = CARTESIAN_POINT('',(5.251023437499,-8.766846875,14.449999999999
    ));
#13681 = VERTEX_POINT('',#13682);
#13682 = CARTESIAN_POINT('',(5.508696687499,-8.543273875,14.449999999999
    ));
#13683 = B_SPLINE_CURVE_WITH_KNOTS('',3,(#13684,#13685,#13686,#13687),
  .UNSPECIFIED.,.F.,.F.,(4,4),(0.,8.333333333333E-02),
  .PIECEWISE_BEZIER_KNOTS.);
#13684 = CARTESIAN_POINT('',(5.251023437499,-8.766846875,14.449999999999
    ));
#13685 = CARTESIAN_POINT('',(5.413962687499,-8.766846875,14.449999999999
    ));
#13686 = CARTESIAN_POINT('',(5.508696687499,-8.67022,14.449999999999));
#13687 = CARTESIAN_POINT('',(5.508696687499,-8.543273875,14.449999999999
    ));
#13688 = ORIENTED_EDGE('',*,*,#13689,.F.);
#13689 = EDGE_CURVE('',#13690,#13679,#13692,.T.);
#13690 = VERTEX_POINT('',#13691);
#13691 = CARTESIAN_POINT('',(5.089027062499,-8.766846875,14.449999999999
    ));
#13692 = LINE('',#13693,#13694);
#13693 = CARTESIAN_POINT('',(5.228285187499,-8.766846875,14.449999999999
    ));
#13694 = VECTOR('',#13695,1.);
#13695 = DIRECTION('',(1.,2.736964850479E-15,-3.491481338843E-15));
#13696 = ORIENTED_EDGE('',*,*,#13697,.F.);
#13697 = EDGE_CURVE('',#13698,#13690,#13700,.T.);
#13698 = VERTEX_POINT('',#13699);
#13699 = CARTESIAN_POINT('',(5.089027062499,-8.315915125,14.449999999999
    ));
#13700 = LINE('',#13701,#13702);
#13701 = CARTESIAN_POINT('',(5.089027062499,-8.766846875,14.449999999999
    ));
#13702 = VECTOR('',#13703,1.);
#13703 = DIRECTION('',(-3.491481338843E-15,-1.,1.219044193949E-29));
#13704 = ORIENTED_EDGE('',*,*,#13705,.F.);
#13705 = EDGE_CURVE('',#13706,#13698,#13708,.T.);
#13706 = VERTEX_POINT('',#13707);
#13707 = CARTESIAN_POINT('',(5.244392437499,-8.315915125,14.449999999999
    ));
#13708 = LINE('',#13709,#13710);
#13709 = CARTESIAN_POINT('',(5.234918562499,-8.315915125,14.449999999999
    ));
#13710 = VECTOR('',#13711,1.);
#13711 = DIRECTION('',(-1.,3.491481338843E-15,3.491481338843E-15));
#13712 = ORIENTED_EDGE('',*,*,#13713,.F.);
#13713 = EDGE_CURVE('',#13714,#13706,#13716,.T.);
#13714 = VERTEX_POINT('',#13715);
#13715 = CARTESIAN_POINT('',(5.507751437499,-8.53948575,14.449999999999)
  );
#13716 = B_SPLINE_CURVE_WITH_KNOTS('',3,(#13717,#13718,#13719,#13720),
  .UNSPECIFIED.,.F.,.F.,(4,4),(0.666666666667,0.75),
  .PIECEWISE_BEZIER_KNOTS.);
#13717 = CARTESIAN_POINT('',(5.507751437499,-8.53948575,14.449999999999)
  );
#13718 = CARTESIAN_POINT('',(5.507751437499,-8.393596625,14.449999999999
    ));
#13719 = CARTESIAN_POINT('',(5.406388812499,-8.315915125,14.449999999999
    ));
#13720 = CARTESIAN_POINT('',(5.244392437499,-8.315915125,14.449999999999
    ));
#13721 = ORIENTED_EDGE('',*,*,#13722,.F.);
#13722 = EDGE_CURVE('',#13723,#13714,#13725,.T.);
#13723 = VERTEX_POINT('',#13724);
#13724 = CARTESIAN_POINT('',(5.507751437499,-8.543273875,14.449999999999
    ));
#13725 = LINE('',#13726,#13727);
#13726 = CARTESIAN_POINT('',(5.507751437499,-8.53948575,14.449999999999)
  );
#13727 = VECTOR('',#13728,1.);
#13728 = DIRECTION('',(3.491481338843E-15,1.,-1.219044193949E-29));
#13729 = ORIENTED_EDGE('',*,*,#13730,.F.);
#13730 = EDGE_CURVE('',#13681,#13723,#13731,.T.);
#13731 = LINE('',#13732,#13733);
#13732 = CARTESIAN_POINT('',(5.507751437499,-8.543273875,14.449999999999
    ));
#13733 = VECTOR('',#13734,1.);
#13734 = DIRECTION('',(-1.,3.491481338843E-15,3.491481338843E-15));
#13735 = FACE_BOUND('',#13736,.T.);
#13736 = EDGE_LOOP('',(#13737,#13738,#13739,#13740,#13741,#13742,#13743,
    #13744,#13745));
#13737 = ORIENTED_EDGE('',*,*,#13475,.T.);
#13738 = ORIENTED_EDGE('',*,*,#13663,.T.);
#13739 = ORIENTED_EDGE('',*,*,#13639,.T.);
#13740 = ORIENTED_EDGE('',*,*,#13615,.T.);
#13741 = ORIENTED_EDGE('',*,*,#13591,.T.);
#13742 = ORIENTED_EDGE('',*,*,#13565,.T.);
#13743 = ORIENTED_EDGE('',*,*,#13573,.T.);
#13744 = ORIENTED_EDGE('',*,*,#13535,.T.);
#13745 = ORIENTED_EDGE('',*,*,#13505,.T.);
#13746 = PLANE('',#13747);
#13747 = AXIS2_PLACEMENT_3D('',#13748,#13749,#13750);
#13748 = CARTESIAN_POINT('',(5.686798234374,-8.164223578125,
    14.449999999999));
#13749 = DIRECTION('',(-3.491481338843E-15,0.,-1.));
#13750 = DIRECTION('',(3.491481338843E-15,1.,-1.219044193949E-29));
#13751 = ADVANCED_FACE('',(#13752),#13778,.T.);
#13752 = FACE_BOUND('',#13753,.T.);
#13753 = EDGE_LOOP('',(#13754,#13765,#13771,#13772));
#13754 = ORIENTED_EDGE('',*,*,#13755,.F.);
#13755 = EDGE_CURVE('',#13756,#13758,#13760,.T.);
#13756 = VERTEX_POINT('',#13757);
#13757 = CARTESIAN_POINT('',(5.251023437499,-8.766846875,14.499999999999
    ));
#13758 = VERTEX_POINT('',#13759);
#13759 = CARTESIAN_POINT('',(5.508696687499,-8.543273875,14.499999999999
    ));
#13760 = B_SPLINE_CURVE_WITH_KNOTS('',3,(#13761,#13762,#13763,#13764),
  .UNSPECIFIED.,.F.,.F.,(4,4),(0.,8.333333333333E-02),
  .PIECEWISE_BEZIER_KNOTS.);
#13761 = CARTESIAN_POINT('',(5.251023437499,-8.766846875,14.499999999999
    ));
#13762 = CARTESIAN_POINT('',(5.413962687499,-8.766846875,14.499999999999
    ));
#13763 = CARTESIAN_POINT('',(5.508696687499,-8.67022,14.499999999999));
#13764 = CARTESIAN_POINT('',(5.508696687499,-8.543273875,14.499999999999
    ));
#13765 = ORIENTED_EDGE('',*,*,#13766,.F.);
#13766 = EDGE_CURVE('',#13679,#13756,#13767,.T.);
#13767 = LINE('',#13768,#13769);
#13768 = CARTESIAN_POINT('',(5.251023437499,-8.766846875,14.449999999999
    ));
#13769 = VECTOR('',#13770,1.);
#13770 = DIRECTION('',(3.491481338843E-15,-6.123233995737E-17,1.));
#13771 = ORIENTED_EDGE('',*,*,#13678,.T.);
#13772 = ORIENTED_EDGE('',*,*,#13773,.T.);
#13773 = EDGE_CURVE('',#13681,#13758,#13774,.T.);
#13774 = LINE('',#13775,#13776);
#13775 = CARTESIAN_POINT('',(5.508696687499,-8.543273875,14.449999999999
    ));
#13776 = VECTOR('',#13777,1.);
#13777 = DIRECTION('',(3.491481338843E-15,-6.123233995737E-17,1.));
#13778 = B_SPLINE_SURFACE_WITH_KNOTS('',3,1,(
    (#13779,#13780)
    ,(#13781,#13782)
    ,(#13783,#13784)
    ,(#13785,#13786
    )),.UNSPECIFIED.,.F.,.F.,.F.,(4,4),(2,2),(0.,8.333333333333E-02),(0.
    ,1.),.PIECEWISE_BEZIER_KNOTS.);
#13779 = CARTESIAN_POINT('',(5.251023437499,-8.766846875,14.449999999999
    ));
#13780 = CARTESIAN_POINT('',(5.251023437499,-8.766846875,14.499999999999
    ));
#13781 = CARTESIAN_POINT('',(5.413962687499,-8.766846875,14.449999999999
    ));
#13782 = CARTESIAN_POINT('',(5.413962687499,-8.766846875,14.499999999999
    ));
#13783 = CARTESIAN_POINT('',(5.508696687499,-8.67022,14.449999999999));
#13784 = CARTESIAN_POINT('',(5.508696687499,-8.67022,14.499999999999));
#13785 = CARTESIAN_POINT('',(5.508696687499,-8.543273875,14.449999999999
    ));
#13786 = CARTESIAN_POINT('',(5.508696687499,-8.543273875,14.499999999999
    ));
#13787 = ADVANCED_FACE('',(#13788),#13806,.T.);
#13788 = FACE_BOUND('',#13789,.T.);
#13789 = EDGE_LOOP('',(#13790,#13798,#13804,#13805));
#13790 = ORIENTED_EDGE('',*,*,#13791,.F.);
#13791 = EDGE_CURVE('',#13792,#13756,#13794,.T.);
#13792 = VERTEX_POINT('',#13793);
#13793 = CARTESIAN_POINT('',(5.089027062499,-8.766846875,14.499999999999
    ));
#13794 = LINE('',#13795,#13796);
#13795 = CARTESIAN_POINT('',(5.251023437499,-8.766846875,14.499999999999
    ));
#13796 = VECTOR('',#13797,1.);
#13797 = DIRECTION('',(1.,-3.491481338843E-15,-3.491481338843E-15));
#13798 = ORIENTED_EDGE('',*,*,#13799,.F.);
#13799 = EDGE_CURVE('',#13690,#13792,#13800,.T.);
#13800 = LINE('',#13801,#13802);
#13801 = CARTESIAN_POINT('',(5.089027062499,-8.766846875,14.449999999999
    ));
#13802 = VECTOR('',#13803,1.);
#13803 = DIRECTION('',(3.491481338843E-15,-6.123233995737E-17,1.));
#13804 = ORIENTED_EDGE('',*,*,#13689,.T.);
#13805 = ORIENTED_EDGE('',*,*,#13766,.T.);
#13806 = PLANE('',#13807);
#13807 = AXIS2_PLACEMENT_3D('',#13808,#13809,#13810);
#13808 = CARTESIAN_POINT('',(5.251023437499,-8.766846875,14.449999999999
    ));
#13809 = DIRECTION('',(-3.491481338843E-15,-1.,-6.123233995736E-17));
#13810 = DIRECTION('',(-3.491481338843E-15,6.123233995737E-17,-1.));
#13811 = ADVANCED_FACE('',(#13812),#13830,.T.);
#13812 = FACE_BOUND('',#13813,.T.);
#13813 = EDGE_LOOP('',(#13814,#13822,#13828,#13829));
#13814 = ORIENTED_EDGE('',*,*,#13815,.F.);
#13815 = EDGE_CURVE('',#13816,#13792,#13818,.T.);
#13816 = VERTEX_POINT('',#13817);
#13817 = CARTESIAN_POINT('',(5.089027062499,-8.315915125,14.499999999999
    ));
#13818 = LINE('',#13819,#13820);
#13819 = CARTESIAN_POINT('',(5.089027062499,-8.766846875,14.499999999999
    ));
#13820 = VECTOR('',#13821,1.);
#13821 = DIRECTION('',(-3.491481338843E-15,-1.,1.219044193949E-29));
#13822 = ORIENTED_EDGE('',*,*,#13823,.F.);
#13823 = EDGE_CURVE('',#13698,#13816,#13824,.T.);
#13824 = LINE('',#13825,#13826);
#13825 = CARTESIAN_POINT('',(5.089027062499,-8.315915125,14.449999999999
    ));
#13826 = VECTOR('',#13827,1.);
#13827 = DIRECTION('',(3.491481338843E-15,-6.123233995737E-17,1.));
#13828 = ORIENTED_EDGE('',*,*,#13697,.T.);
#13829 = ORIENTED_EDGE('',*,*,#13799,.T.);
#13830 = PLANE('',#13831);
#13831 = AXIS2_PLACEMENT_3D('',#13832,#13833,#13834);
#13832 = CARTESIAN_POINT('',(5.089027062499,-8.766846875,14.449999999999
    ));
#13833 = DIRECTION('',(-1.,3.491481338843E-15,3.491481338843E-15));
#13834 = DIRECTION('',(3.491481338843E-15,1.,-1.219044193949E-29));
#13835 = ADVANCED_FACE('',(#13836),#13854,.T.);
#13836 = FACE_BOUND('',#13837,.T.);
#13837 = EDGE_LOOP('',(#13838,#13846,#13852,#13853));
#13838 = ORIENTED_EDGE('',*,*,#13839,.F.);
#13839 = EDGE_CURVE('',#13840,#13816,#13842,.T.);
#13840 = VERTEX_POINT('',#13841);
#13841 = CARTESIAN_POINT('',(5.244392437499,-8.315915125,14.499999999999
    ));
#13842 = LINE('',#13843,#13844);
#13843 = CARTESIAN_POINT('',(5.089027062499,-8.315915125,14.499999999999
    ));
#13844 = VECTOR('',#13845,1.);
#13845 = DIRECTION('',(-1.,3.491481338843E-15,3.491481338843E-15));
#13846 = ORIENTED_EDGE('',*,*,#13847,.F.);
#13847 = EDGE_CURVE('',#13706,#13840,#13848,.T.);
#13848 = LINE('',#13849,#13850);
#13849 = CARTESIAN_POINT('',(5.244392437499,-8.315915125,14.449999999999
    ));
#13850 = VECTOR('',#13851,1.);
#13851 = DIRECTION('',(3.491481338843E-15,-6.123233995737E-17,1.));
#13852 = ORIENTED_EDGE('',*,*,#13705,.T.);
#13853 = ORIENTED_EDGE('',*,*,#13823,.T.);
#13854 = PLANE('',#13855);
#13855 = AXIS2_PLACEMENT_3D('',#13856,#13857,#13858);
#13856 = CARTESIAN_POINT('',(5.089027062499,-8.315915125,14.449999999999
    ));
#13857 = DIRECTION('',(3.491481338843E-15,1.,6.123233995736E-17));
#13858 = DIRECTION('',(3.491481338843E-15,-6.123233995737E-17,1.));
#13859 = ADVANCED_FACE('',(#13860),#13879,.T.);
#13860 = FACE_BOUND('',#13861,.T.);
#13861 = EDGE_LOOP('',(#13862,#13871,#13877,#13878));
#13862 = ORIENTED_EDGE('',*,*,#13863,.F.);
#13863 = EDGE_CURVE('',#13864,#13840,#13866,.T.);
#13864 = VERTEX_POINT('',#13865);
#13865 = CARTESIAN_POINT('',(5.507751437499,-8.53948575,14.499999999999)
  );
#13866 = B_SPLINE_CURVE_WITH_KNOTS('',3,(#13867,#13868,#13869,#13870),
  .UNSPECIFIED.,.F.,.F.,(4,4),(0.666666666667,0.75),
  .PIECEWISE_BEZIER_KNOTS.);
#13867 = CARTESIAN_POINT('',(5.507751437499,-8.53948575,14.499999999999)
  );
#13868 = CARTESIAN_POINT('',(5.507751437499,-8.393596625,14.499999999999
    ));
#13869 = CARTESIAN_POINT('',(5.406388812499,-8.315915125,14.499999999999
    ));
#13870 = CARTESIAN_POINT('',(5.244392437499,-8.315915125,14.499999999999
    ));
#13871 = ORIENTED_EDGE('',*,*,#13872,.F.);
#13872 = EDGE_CURVE('',#13714,#13864,#13873,.T.);
#13873 = LINE('',#13874,#13875);
#13874 = CARTESIAN_POINT('',(5.507751437499,-8.53948575,14.449999999999)
  );
#13875 = VECTOR('',#13876,1.);
#13876 = DIRECTION('',(3.491481338843E-15,-6.123233995737E-17,1.));
#13877 = ORIENTED_EDGE('',*,*,#13713,.T.);
#13878 = ORIENTED_EDGE('',*,*,#13847,.T.);
#13879 = B_SPLINE_SURFACE_WITH_KNOTS('',3,1,(
    (#13880,#13881)
    ,(#13882,#13883)
    ,(#13884,#13885)
    ,(#13886,#13887
    )),.UNSPECIFIED.,.F.,.F.,.F.,(4,4),(2,2),(0.666666666667,0.75),(0.,
    1.),.PIECEWISE_BEZIER_KNOTS.);
#13880 = CARTESIAN_POINT('',(5.507751437499,-8.53948575,14.449999999999)
  );
#13881 = CARTESIAN_POINT('',(5.507751437499,-8.53948575,14.499999999999)
  );
#13882 = CARTESIAN_POINT('',(5.507751437499,-8.393596625,14.449999999999
    ));
#13883 = CARTESIAN_POINT('',(5.507751437499,-8.393596625,14.499999999999
    ));
#13884 = CARTESIAN_POINT('',(5.406388812499,-8.315915125,14.449999999999
    ));
#13885 = CARTESIAN_POINT('',(5.406388812499,-8.315915125,14.499999999999
    ));
#13886 = CARTESIAN_POINT('',(5.244392437499,-8.315915125,14.449999999999
    ));
#13887 = CARTESIAN_POINT('',(5.244392437499,-8.315915125,14.499999999999
    ));
#13888 = ADVANCED_FACE('',(#13889),#13907,.T.);
#13889 = FACE_BOUND('',#13890,.T.);
#13890 = EDGE_LOOP('',(#13891,#13899,#13905,#13906));
#13891 = ORIENTED_EDGE('',*,*,#13892,.F.);
#13892 = EDGE_CURVE('',#13893,#13864,#13895,.T.);
#13893 = VERTEX_POINT('',#13894);
#13894 = CARTESIAN_POINT('',(5.507751437499,-8.543273875,14.499999999999
    ));
#13895 = LINE('',#13896,#13897);
#13896 = CARTESIAN_POINT('',(5.507751437499,-8.53948575,14.499999999999)
  );
#13897 = VECTOR('',#13898,1.);
#13898 = DIRECTION('',(3.491481338843E-15,1.,-1.219044193949E-29));
#13899 = ORIENTED_EDGE('',*,*,#13900,.F.);
#13900 = EDGE_CURVE('',#13723,#13893,#13901,.T.);
#13901 = LINE('',#13902,#13903);
#13902 = CARTESIAN_POINT('',(5.507751437499,-8.543273875,14.449999999999
    ));
#13903 = VECTOR('',#13904,1.);
#13904 = DIRECTION('',(3.491481338843E-15,-6.123233995737E-17,1.));
#13905 = ORIENTED_EDGE('',*,*,#13722,.T.);
#13906 = ORIENTED_EDGE('',*,*,#13872,.T.);
#13907 = PLANE('',#13908);
#13908 = AXIS2_PLACEMENT_3D('',#13909,#13910,#13911);
#13909 = CARTESIAN_POINT('',(5.507751437499,-8.53948575,14.449999999999)
  );
#13910 = DIRECTION('',(1.,-3.491481338843E-15,-3.491481338843E-15));
#13911 = DIRECTION('',(-3.491481338843E-15,-1.,1.219044193949E-29));
#13912 = ADVANCED_FACE('',(#13913),#13924,.T.);
#13913 = FACE_BOUND('',#13914,.T.);
#13914 = EDGE_LOOP('',(#13915,#13921,#13922,#13923));
#13915 = ORIENTED_EDGE('',*,*,#13916,.F.);
#13916 = EDGE_CURVE('',#13758,#13893,#13917,.T.);
#13917 = LINE('',#13918,#13919);
#13918 = CARTESIAN_POINT('',(5.507751437499,-8.543273875,14.499999999999
    ));
#13919 = VECTOR('',#13920,1.);
#13920 = DIRECTION('',(-1.,3.491481338843E-15,3.491481338843E-15));
#13921 = ORIENTED_EDGE('',*,*,#13773,.F.);
#13922 = ORIENTED_EDGE('',*,*,#13730,.T.);
#13923 = ORIENTED_EDGE('',*,*,#13900,.T.);
#13924 = PLANE('',#13925);
#13925 = AXIS2_PLACEMENT_3D('',#13926,#13927,#13928);
#13926 = CARTESIAN_POINT('',(5.507751437499,-8.543273875,14.449999999999
    ));
#13927 = DIRECTION('',(3.491481338843E-15,1.,6.123233995736E-17));
#13928 = DIRECTION('',(3.491481338843E-15,-6.123233995737E-17,1.));
#13929 = ADVANCED_FACE('',(#13930),#13939,.F.);
#13930 = FACE_BOUND('',#13931,.T.);
#13931 = EDGE_LOOP('',(#13932,#13933,#13934,#13935,#13936,#13937,#13938)
  );
#13932 = ORIENTED_EDGE('',*,*,#13755,.T.);
#13933 = ORIENTED_EDGE('',*,*,#13916,.T.);
#13934 = ORIENTED_EDGE('',*,*,#13892,.T.);
#13935 = ORIENTED_EDGE('',*,*,#13863,.T.);
#13936 = ORIENTED_EDGE('',*,*,#13839,.T.);
#13937 = ORIENTED_EDGE('',*,*,#13815,.T.);
#13938 = ORIENTED_EDGE('',*,*,#13791,.T.);
#13939 = PLANE('',#13940);
#13940 = AXIS2_PLACEMENT_3D('',#13941,#13942,#13943);
#13941 = CARTESIAN_POINT('',(11.499999999999,-11.5,14.499999999999));
#13942 = DIRECTION('',(-3.491481338843E-15,0.,-1.));
#13943 = DIRECTION('',(3.491481338843E-15,1.,-1.219044193949E-29));
#13944 = ADVANCED_FACE('',(#13945),#13971,.F.);
#13945 = FACE_BOUND('',#13946,.F.);
#13946 = EDGE_LOOP('',(#13947,#13955,#13964,#13970));
#13947 = ORIENTED_EDGE('',*,*,#13948,.F.);
#13948 = EDGE_CURVE('',#13949,#536,#13951,.T.);
#13949 = VERTEX_POINT('',#13950);
#13950 = CARTESIAN_POINT('',(8.163493062499,-6.986003,14.449999999999));
#13951 = LINE('',#13952,#13953);
#13952 = CARTESIAN_POINT('',(8.163493062499,-6.986003,14.449999999999));
#13953 = VECTOR('',#13954,1.);
#13954 = DIRECTION('',(3.491481338843E-15,-6.123233995737E-17,1.));
#13955 = ORIENTED_EDGE('',*,*,#13956,.T.);
#13956 = EDGE_CURVE('',#13949,#13957,#13959,.T.);
#13957 = VERTEX_POINT('',#13958);
#13958 = CARTESIAN_POINT('',(9.161501312499,-7.5325,14.449999999999));
#13959 = B_SPLINE_CURVE_WITH_KNOTS('',3,(#13960,#13961,#13962,#13963),
  .UNSPECIFIED.,.F.,.F.,(4,4),(0.904761904762,1.),
  .PIECEWISE_BEZIER_KNOTS.);
#13960 = CARTESIAN_POINT('',(8.163493062499,-6.986003,14.449999999999));
#13961 = CARTESIAN_POINT('',(8.834858062499,-7.07716025,14.449999999999)
  );
#13962 = CARTESIAN_POINT('',(8.771685437499,-7.5325,14.449999999999));
#13963 = CARTESIAN_POINT('',(9.161501312499,-7.5325,14.449999999999));
#13964 = ORIENTED_EDGE('',*,*,#13965,.T.);
#13965 = EDGE_CURVE('',#13957,#526,#13966,.T.);
#13966 = LINE('',#13967,#13968);
#13967 = CARTESIAN_POINT('',(9.161501312499,-7.5325,14.449999999999));
#13968 = VECTOR('',#13969,1.);
#13969 = DIRECTION('',(3.491481338843E-15,-6.123233995737E-17,1.));
#13970 = ORIENTED_EDGE('',*,*,#535,.F.);
#13971 = B_SPLINE_SURFACE_WITH_KNOTS('',3,1,(
    (#13972,#13973)
    ,(#13974,#13975)
    ,(#13976,#13977)
    ,(#13978,#13979
    )),.UNSPECIFIED.,.F.,.F.,.F.,(4,4),(2,2),(0.904761904762,1.),(0.,1.)
  ,.PIECEWISE_BEZIER_KNOTS.);
#13972 = CARTESIAN_POINT('',(8.163493062499,-6.986003,14.449999999999));
#13973 = CARTESIAN_POINT('',(8.163493062499,-6.986003,14.499999999999));
#13974 = CARTESIAN_POINT('',(8.834858062499,-7.07716025,14.449999999999)
  );
#13975 = CARTESIAN_POINT('',(8.834858062499,-7.07716025,14.499999999999)
  );
#13976 = CARTESIAN_POINT('',(8.771685437499,-7.5325,14.449999999999));
#13977 = CARTESIAN_POINT('',(8.771685437499,-7.5325,14.499999999999));
#13978 = CARTESIAN_POINT('',(9.161501312499,-7.5325,14.449999999999));
#13979 = CARTESIAN_POINT('',(9.161501312499,-7.5325,14.499999999999));
#13980 = ADVANCED_FACE('',(#13981),#14000,.F.);
#13981 = FACE_BOUND('',#13982,.F.);
#13982 = EDGE_LOOP('',(#13983,#13991,#13998,#13999));
#13983 = ORIENTED_EDGE('',*,*,#13984,.F.);
#13984 = EDGE_CURVE('',#13985,#545,#13987,.T.);
#13985 = VERTEX_POINT('',#13986);
#13986 = CARTESIAN_POINT('',(7.947757562499,-4.7666035,14.449999999999)
  );
#13987 = LINE('',#13988,#13989);
#13988 = CARTESIAN_POINT('',(7.947757562499,-4.7666035,14.449999999999)
  );
#13989 = VECTOR('',#13990,1.);
#13990 = DIRECTION('',(3.491481338843E-15,-6.123233995737E-17,1.));
#13991 = ORIENTED_EDGE('',*,*,#13992,.T.);
#13992 = EDGE_CURVE('',#13985,#13949,#13993,.T.);
#13993 = B_SPLINE_CURVE_WITH_KNOTS('',3,(#13994,#13995,#13996,#13997),
  .UNSPECIFIED.,.F.,.F.,(4,4),(0.857142857143,0.904761904762),
  .PIECEWISE_BEZIER_KNOTS.);
#13994 = CARTESIAN_POINT('',(7.947757562499,-4.7666035,14.449999999999)
  );
#13995 = CARTESIAN_POINT('',(8.180806812499,-5.59608175,14.449999999999)
  );
#13996 = CARTESIAN_POINT('',(8.221846812499,-6.4085455,14.449999999999)
  );
#13997 = CARTESIAN_POINT('',(8.163493062499,-6.986003,14.449999999999));
#13998 = ORIENTED_EDGE('',*,*,#13948,.T.);
#13999 = ORIENTED_EDGE('',*,*,#544,.F.);
#14000 = B_SPLINE_SURFACE_WITH_KNOTS('',3,1,(
    (#14001,#14002)
    ,(#14003,#14004)
    ,(#14005,#14006)
    ,(#14007,#14008
    )),.UNSPECIFIED.,.F.,.F.,.F.,(4,4),(2,2),(0.857142857143,
    0.904761904762),(0.,1.),.PIECEWISE_BEZIER_KNOTS.);
#14001 = CARTESIAN_POINT('',(7.947757562499,-4.7666035,14.449999999999)
  );
#14002 = CARTESIAN_POINT('',(7.947757562499,-4.7666035,14.499999999999)
  );
#14003 = CARTESIAN_POINT('',(8.180806812499,-5.59608175,14.449999999999)
  );
#14004 = CARTESIAN_POINT('',(8.180806812499,-5.59608175,14.499999999999)
  );
#14005 = CARTESIAN_POINT('',(8.221846812499,-6.4085455,14.449999999999)
  );
#14006 = CARTESIAN_POINT('',(8.221846812499,-6.4085455,14.499999999999)
  );
#14007 = CARTESIAN_POINT('',(8.163493062499,-6.986003,14.449999999999));
#14008 = CARTESIAN_POINT('',(8.163493062499,-6.986003,14.499999999999));
#14009 = ADVANCED_FACE('',(#14010),#14029,.F.);
#14010 = FACE_BOUND('',#14011,.F.);
#14011 = EDGE_LOOP('',(#14012,#14020,#14027,#14028));
#14012 = ORIENTED_EDGE('',*,*,#14013,.F.);
#14013 = EDGE_CURVE('',#14014,#554,#14016,.T.);
#14014 = VERTEX_POINT('',#14015);
#14015 = CARTESIAN_POINT('',(9.009472812499,-5.1073685,14.449999999999)
  );
#14016 = LINE('',#14017,#14018);
#14017 = CARTESIAN_POINT('',(9.009472812499,-5.1073685,14.449999999999)
  );
#14018 = VECTOR('',#14019,1.);
#14019 = DIRECTION('',(3.491481338843E-15,-6.123233995737E-17,1.));
#14020 = ORIENTED_EDGE('',*,*,#14021,.T.);
#14021 = EDGE_CURVE('',#14014,#13985,#14022,.T.);
#14022 = B_SPLINE_CURVE_WITH_KNOTS('',3,(#14023,#14024,#14025,#14026),
  .UNSPECIFIED.,.F.,.F.,(4,4),(0.809523809524,0.857142857143),
  .PIECEWISE_BEZIER_KNOTS.);
#14023 = CARTESIAN_POINT('',(9.009472812499,-5.1073685,14.449999999999)
  );
#14024 = CARTESIAN_POINT('',(8.636189312499,-4.9068805,14.449999999999)
  );
#14025 = CARTESIAN_POINT('',(8.271436812499,-4.810598,14.449999999999));
#14026 = CARTESIAN_POINT('',(7.947757562499,-4.7666035,14.449999999999)
  );
#14027 = ORIENTED_EDGE('',*,*,#13984,.T.);
#14028 = ORIENTED_EDGE('',*,*,#553,.F.);
#14029 = B_SPLINE_SURFACE_WITH_KNOTS('',3,1,(
    (#14030,#14031)
    ,(#14032,#14033)
    ,(#14034,#14035)
    ,(#14036,#14037
    )),.UNSPECIFIED.,.F.,.F.,.F.,(4,4),(2,2),(0.809523809524,
    0.857142857143),(0.,1.),.PIECEWISE_BEZIER_KNOTS.);
#14030 = CARTESIAN_POINT('',(9.009472812499,-5.1073685,14.449999999999)
  );
#14031 = CARTESIAN_POINT('',(9.009472812499,-5.1073685,14.499999999999)
  );
#14032 = CARTESIAN_POINT('',(8.636189312499,-4.9068805,14.449999999999)
  );
#14033 = CARTESIAN_POINT('',(8.636189312499,-4.9068805,14.499999999999)
  );
#14034 = CARTESIAN_POINT('',(8.271436812499,-4.810598,14.449999999999));
#14035 = CARTESIAN_POINT('',(8.271436812499,-4.810598,14.499999999999));
#14036 = CARTESIAN_POINT('',(7.947757562499,-4.7666035,14.449999999999)
  );
#14037 = CARTESIAN_POINT('',(7.947757562499,-4.7666035,14.499999999999)
  );
#14038 = ADVANCED_FACE('',(#14039),#14058,.F.);
#14039 = FACE_BOUND('',#14040,.F.);
#14040 = EDGE_LOOP('',(#14041,#14049,#14056,#14057));
#14041 = ORIENTED_EDGE('',*,*,#14042,.F.);
#14042 = EDGE_CURVE('',#14043,#563,#14045,.T.);
#14043 = VERTEX_POINT('',#14044);
#14044 = CARTESIAN_POINT('',(8.465137062499,-4.0564405,14.449999999999)
  );
#14045 = LINE('',#14046,#14047);
#14046 = CARTESIAN_POINT('',(8.465137062499,-4.0564405,14.449999999999)
  );
#14047 = VECTOR('',#14048,1.);
#14048 = DIRECTION('',(3.491481338843E-15,-6.123233995737E-17,1.));
#14049 = ORIENTED_EDGE('',*,*,#14050,.T.);
#14050 = EDGE_CURVE('',#14043,#14014,#14051,.T.);
#14051 = B_SPLINE_CURVE_WITH_KNOTS('',3,(#14052,#14053,#14054,#14055),
  .UNSPECIFIED.,.F.,.F.,(4,4),(0.761904761905,0.809523809524),
  .PIECEWISE_BEZIER_KNOTS.);
#14052 = CARTESIAN_POINT('',(8.465137062499,-4.0564405,14.449999999999)
  );
#14053 = CARTESIAN_POINT('',(8.738349937499,-4.411149125,14.449999999999
    ));
#14054 = CARTESIAN_POINT('',(8.943960812499,-4.8081945,14.449999999999)
  );
#14055 = CARTESIAN_POINT('',(9.009472812499,-5.1073685,14.449999999999)
  );
#14056 = ORIENTED_EDGE('',*,*,#14013,.T.);
#14057 = ORIENTED_EDGE('',*,*,#562,.F.);
#14058 = B_SPLINE_SURFACE_WITH_KNOTS('',3,1,(
    (#14059,#14060)
    ,(#14061,#14062)
    ,(#14063,#14064)
    ,(#14065,#14066
    )),.UNSPECIFIED.,.F.,.F.,.F.,(4,4),(2,2),(0.761904761905,
    0.809523809524),(0.,1.),.PIECEWISE_BEZIER_KNOTS.);
#14059 = CARTESIAN_POINT('',(8.465137062499,-4.0564405,14.449999999999)
  );
#14060 = CARTESIAN_POINT('',(8.465137062499,-4.0564405,14.499999999999)
  );
#14061 = CARTESIAN_POINT('',(8.738349937499,-4.411149125,14.449999999999
    ));
#14062 = CARTESIAN_POINT('',(8.738349937499,-4.411149125,14.499999999999
    ));
#14063 = CARTESIAN_POINT('',(8.943960812499,-4.8081945,14.449999999999)
  );
#14064 = CARTESIAN_POINT('',(8.943960812499,-4.8081945,14.499999999999)
  );
#14065 = CARTESIAN_POINT('',(9.009472812499,-5.1073685,14.449999999999)
  );
#14066 = CARTESIAN_POINT('',(9.009472812499,-5.1073685,14.499999999999)
  );
#14067 = ADVANCED_FACE('',(#14068),#14087,.F.);
#14068 = FACE_BOUND('',#14069,.F.);
#14069 = EDGE_LOOP('',(#14070,#14078,#14085,#14086));
#14070 = ORIENTED_EDGE('',*,*,#14071,.F.);
#14071 = EDGE_CURVE('',#14072,#572,#14074,.T.);
#14072 = VERTEX_POINT('',#14073);
#14073 = CARTESIAN_POINT('',(9.406031312499,-3.45386025,14.449999999999)
  );
#14074 = LINE('',#14075,#14076);
#14075 = CARTESIAN_POINT('',(9.406031312499,-3.45386025,14.449999999999)
  );
#14076 = VECTOR('',#14077,1.);
#14077 = DIRECTION('',(3.491481338843E-15,-6.123233995737E-17,1.));
#14078 = ORIENTED_EDGE('',*,*,#14079,.T.);
#14079 = EDGE_CURVE('',#14072,#14043,#14080,.T.);
#14080 = B_SPLINE_CURVE_WITH_KNOTS('',3,(#14081,#14082,#14083,#14084),
  .UNSPECIFIED.,.F.,.F.,(4,4),(0.714285714286,0.761904761905),
  .PIECEWISE_BEZIER_KNOTS.);
#14081 = CARTESIAN_POINT('',(9.406031312499,-3.45386025,14.449999999999)
  );
#14082 = CARTESIAN_POINT('',(8.977248812499,-3.6814185,14.449999999999)
  );
#14083 = CARTESIAN_POINT('',(8.701782062499,-3.845664,14.449999999999));
#14084 = CARTESIAN_POINT('',(8.465137062499,-4.0564405,14.449999999999)
  );
#14085 = ORIENTED_EDGE('',*,*,#14042,.T.);
#14086 = ORIENTED_EDGE('',*,*,#571,.F.);
#14087 = B_SPLINE_SURFACE_WITH_KNOTS('',3,1,(
    (#14088,#14089)
    ,(#14090,#14091)
    ,(#14092,#14093)
    ,(#14094,#14095
    )),.UNSPECIFIED.,.F.,.F.,.F.,(4,4),(2,2),(0.714285714286,
    0.761904761905),(0.,1.),.PIECEWISE_BEZIER_KNOTS.);
#14088 = CARTESIAN_POINT('',(9.406031312499,-3.45386025,14.449999999999)
  );
#14089 = CARTESIAN_POINT('',(9.406031312499,-3.45386025,14.499999999999)
  );
#14090 = CARTESIAN_POINT('',(8.977248812499,-3.6814185,14.449999999999)
  );
#14091 = CARTESIAN_POINT('',(8.977248812499,-3.6814185,14.499999999999)
  );
#14092 = CARTESIAN_POINT('',(8.701782062499,-3.845664,14.449999999999));
#14093 = CARTESIAN_POINT('',(8.701782062499,-3.845664,14.499999999999));
#14094 = CARTESIAN_POINT('',(8.465137062499,-4.0564405,14.449999999999)
  );
#14095 = CARTESIAN_POINT('',(8.465137062499,-4.0564405,14.499999999999)
  );
#14096 = ADVANCED_FACE('',(#14097),#14116,.F.);
#14097 = FACE_BOUND('',#14098,.F.);
#14098 = EDGE_LOOP('',(#14099,#14107,#14114,#14115));
#14099 = ORIENTED_EDGE('',*,*,#14100,.F.);
#14100 = EDGE_CURVE('',#14101,#581,#14103,.T.);
#14101 = VERTEX_POINT('',#14102);
#14102 = CARTESIAN_POINT('',(8.016178937499,-3.184181375,14.449999999999
    ));
#14103 = LINE('',#14104,#14105);
#14104 = CARTESIAN_POINT('',(8.016178937499,-3.184181375,14.449999999999
    ));
#14105 = VECTOR('',#14106,1.);
#14106 = DIRECTION('',(3.491481338843E-15,-6.123233995737E-17,1.));
#14107 = ORIENTED_EDGE('',*,*,#14108,.T.);
#14108 = EDGE_CURVE('',#14101,#14072,#14109,.T.);
#14109 = B_SPLINE_CURVE_WITH_KNOTS('',3,(#14110,#14111,#14112,#14113),
  .UNSPECIFIED.,.F.,.F.,(4,4),(0.666666666667,0.714285714286),
  .PIECEWISE_BEZIER_KNOTS.);
#14110 = CARTESIAN_POINT('',(8.016178937499,-3.184181375,14.449999999999
    ));
#14111 = CARTESIAN_POINT('',(8.530399687499,-3.147003125,14.449999999999
    ));
#14112 = CARTESIAN_POINT('',(9.105095062499,-3.287484375,14.449999999999
    ));
#14113 = CARTESIAN_POINT('',(9.406031312499,-3.45386025,14.449999999999)
  );
#14114 = ORIENTED_EDGE('',*,*,#14071,.T.);
#14115 = ORIENTED_EDGE('',*,*,#580,.F.);
#14116 = B_SPLINE_SURFACE_WITH_KNOTS('',3,1,(
    (#14117,#14118)
    ,(#14119,#14120)
    ,(#14121,#14122)
    ,(#14123,#14124
    )),.UNSPECIFIED.,.F.,.F.,.F.,(4,4),(2,2),(0.666666666667,
    0.714285714286),(0.,1.),.PIECEWISE_BEZIER_KNOTS.);
#14117 = CARTESIAN_POINT('',(8.016178937499,-3.184181375,14.449999999999
    ));
#14118 = CARTESIAN_POINT('',(8.016178937499,-3.184181375,14.499999999999
    ));
#14119 = CARTESIAN_POINT('',(8.530399687499,-3.147003125,14.449999999999
    ));
#14120 = CARTESIAN_POINT('',(8.530399687499,-3.147003125,14.499999999999
    ));
#14121 = CARTESIAN_POINT('',(9.105095062499,-3.287484375,14.449999999999
    ));
#14122 = CARTESIAN_POINT('',(9.105095062499,-3.287484375,14.499999999999
    ));
#14123 = CARTESIAN_POINT('',(9.406031312499,-3.45386025,14.449999999999)
  );
#14124 = CARTESIAN_POINT('',(9.406031312499,-3.45386025,14.499999999999)
  );
#14125 = ADVANCED_FACE('',(#14126),#14145,.F.);
#14126 = FACE_BOUND('',#14127,.F.);
#14127 = EDGE_LOOP('',(#14128,#14136,#14143,#14144));
#14128 = ORIENTED_EDGE('',*,*,#14129,.F.);
#14129 = EDGE_CURVE('',#14130,#590,#14132,.T.);
#14130 = VERTEX_POINT('',#14131);
#14131 = CARTESIAN_POINT('',(6.998087687499,-2.172725875,14.449999999999
    ));
#14132 = LINE('',#14133,#14134);
#14133 = CARTESIAN_POINT('',(6.998087687499,-2.172725875,14.449999999999
    ));
#14134 = VECTOR('',#14135,1.);
#14135 = DIRECTION('',(3.491481338843E-15,-6.123233995737E-17,1.));
#14136 = ORIENTED_EDGE('',*,*,#14137,.T.);
#14137 = EDGE_CURVE('',#14130,#14101,#14138,.T.);
#14138 = B_SPLINE_CURVE_WITH_KNOTS('',3,(#14139,#14140,#14141,#14142),
  .UNSPECIFIED.,.F.,.F.,(4,4),(0.619047619048,0.666666666667),
  .PIECEWISE_BEZIER_KNOTS.);
#14139 = CARTESIAN_POINT('',(6.998087687499,-2.172725875,14.449999999999
    ));
#14140 = CARTESIAN_POINT('',(7.281577187499,-2.342875625,14.449999999999
    ));
#14141 = CARTESIAN_POINT('',(7.746013187499,-2.762500125,14.449999999999
    ));
#14142 = CARTESIAN_POINT('',(8.016178937499,-3.184181375,14.449999999999
    ));
#14143 = ORIENTED_EDGE('',*,*,#14100,.T.);
#14144 = ORIENTED_EDGE('',*,*,#589,.F.);
#14145 = B_SPLINE_SURFACE_WITH_KNOTS('',3,1,(
    (#14146,#14147)
    ,(#14148,#14149)
    ,(#14150,#14151)
    ,(#14152,#14153
    )),.UNSPECIFIED.,.F.,.F.,.F.,(4,4),(2,2),(0.619047619048,
    0.666666666667),(0.,1.),.PIECEWISE_BEZIER_KNOTS.);
#14146 = CARTESIAN_POINT('',(6.998087687499,-2.172725875,14.449999999999
    ));
#14147 = CARTESIAN_POINT('',(6.998087687499,-2.172725875,14.499999999999
    ));
#14148 = CARTESIAN_POINT('',(7.281577187499,-2.342875625,14.449999999999
    ));
#14149 = CARTESIAN_POINT('',(7.281577187499,-2.342875625,14.499999999999
    ));
#14150 = CARTESIAN_POINT('',(7.746013187499,-2.762500125,14.449999999999
    ));
#14151 = CARTESIAN_POINT('',(7.746013187499,-2.762500125,14.499999999999
    ));
#14152 = CARTESIAN_POINT('',(8.016178937499,-3.184181375,14.449999999999
    ));
#14153 = CARTESIAN_POINT('',(8.016178937499,-3.184181375,14.499999999999
    ));
#14154 = ADVANCED_FACE('',(#14155),#14174,.F.);
#14155 = FACE_BOUND('',#14156,.F.);
#14156 = EDGE_LOOP('',(#14157,#14165,#14172,#14173));
#14157 = ORIENTED_EDGE('',*,*,#14158,.F.);
#14158 = EDGE_CURVE('',#14159,#599,#14161,.T.);
#14159 = VERTEX_POINT('',#14160);
#14160 = CARTESIAN_POINT('',(6.847669437499,-3.365902125,14.449999999999
    ));
#14161 = LINE('',#14162,#14163);
#14162 = CARTESIAN_POINT('',(6.847669437499,-3.365902125,14.449999999999
    ));
#14163 = VECTOR('',#14164,1.);
#14164 = DIRECTION('',(3.491481338843E-15,-6.123233995737E-17,1.));
#14165 = ORIENTED_EDGE('',*,*,#14166,.T.);
#14166 = EDGE_CURVE('',#14159,#14130,#14167,.T.);
#14167 = B_SPLINE_CURVE_WITH_KNOTS('',3,(#14168,#14169,#14170,#14171),
  .UNSPECIFIED.,.F.,.F.,(4,4),(0.571428571429,0.619047619048),
  .PIECEWISE_BEZIER_KNOTS.);
#14168 = CARTESIAN_POINT('',(6.847669437499,-3.365902125,14.449999999999
    ));
#14169 = CARTESIAN_POINT('',(6.943702562499,-3.032931875,14.449999999999
    ));
#14170 = CARTESIAN_POINT('',(6.975399312499,-2.619373125,14.449999999999
    ));
#14171 = CARTESIAN_POINT('',(6.998087687499,-2.172725875,14.449999999999
    ));
#14172 = ORIENTED_EDGE('',*,*,#14129,.T.);
#14173 = ORIENTED_EDGE('',*,*,#598,.F.);
#14174 = B_SPLINE_SURFACE_WITH_KNOTS('',3,1,(
    (#14175,#14176)
    ,(#14177,#14178)
    ,(#14179,#14180)
    ,(#14181,#14182
    )),.UNSPECIFIED.,.F.,.F.,.F.,(4,4),(2,2),(0.571428571429,
    0.619047619048),(0.,1.),.PIECEWISE_BEZIER_KNOTS.);
#14175 = CARTESIAN_POINT('',(6.847669437499,-3.365902125,14.449999999999
    ));
#14176 = CARTESIAN_POINT('',(6.847669437499,-3.365902125,14.499999999999
    ));
#14177 = CARTESIAN_POINT('',(6.943702562499,-3.032931875,14.449999999999
    ));
#14178 = CARTESIAN_POINT('',(6.943702562499,-3.032931875,14.499999999999
    ));
#14179 = CARTESIAN_POINT('',(6.975399312499,-2.619373125,14.449999999999
    ));
#14180 = CARTESIAN_POINT('',(6.975399312499,-2.619373125,14.499999999999
    ));
#14181 = CARTESIAN_POINT('',(6.998087687499,-2.172725875,14.449999999999
    ));
#14182 = CARTESIAN_POINT('',(6.998087687499,-2.172725875,14.499999999999
    ));
#14183 = ADVANCED_FACE('',(#14184),#14203,.F.);
#14184 = FACE_BOUND('',#14185,.F.);
#14185 = EDGE_LOOP('',(#14186,#14194,#14201,#14202));
#14186 = ORIENTED_EDGE('',*,*,#14187,.F.);
#14187 = EDGE_CURVE('',#14188,#608,#14190,.T.);
#14188 = VERTEX_POINT('',#14189);
#14189 = CARTESIAN_POINT('',(5.586606187499,-3.919327,14.449999999999));
#14190 = LINE('',#14191,#14192);
#14191 = CARTESIAN_POINT('',(5.586606187499,-3.919327,14.449999999999));
#14192 = VECTOR('',#14193,1.);
#14193 = DIRECTION('',(3.491481338843E-15,-6.123233995737E-17,1.));
#14194 = ORIENTED_EDGE('',*,*,#14195,.T.);
#14195 = EDGE_CURVE('',#14188,#14159,#14196,.T.);
#14196 = B_SPLINE_CURVE_WITH_KNOTS('',3,(#14197,#14198,#14199,#14200),
  .UNSPECIFIED.,.F.,.F.,(4,4),(0.52380952381,0.571428571429),
  .PIECEWISE_BEZIER_KNOTS.);
#14197 = CARTESIAN_POINT('',(5.586606187499,-3.919327,14.449999999999));
#14198 = CARTESIAN_POINT('',(5.848668437499,-3.696825125,14.449999999999
    ));
#14199 = CARTESIAN_POINT('',(6.353218187499,-3.451364125,14.449999999999
    ));
#14200 = CARTESIAN_POINT('',(6.847669437499,-3.365902125,14.449999999999
    ));
#14201 = ORIENTED_EDGE('',*,*,#14158,.T.);
#14202 = ORIENTED_EDGE('',*,*,#607,.F.);
#14203 = B_SPLINE_SURFACE_WITH_KNOTS('',3,1,(
    (#14204,#14205)
    ,(#14206,#14207)
    ,(#14208,#14209)
    ,(#14210,#14211
    )),.UNSPECIFIED.,.F.,.F.,.F.,(4,4),(2,2),(0.52380952381,
    0.571428571429),(0.,1.),.PIECEWISE_BEZIER_KNOTS.);
#14204 = CARTESIAN_POINT('',(5.586606187499,-3.919327,14.449999999999));
#14205 = CARTESIAN_POINT('',(5.586606187499,-3.919327,14.499999999999));
#14206 = CARTESIAN_POINT('',(5.848668437499,-3.696825125,14.449999999999
    ));
#14207 = CARTESIAN_POINT('',(5.848668437499,-3.696825125,14.499999999999
    ));
#14208 = CARTESIAN_POINT('',(6.353218187499,-3.451364125,14.449999999999
    ));
#14209 = CARTESIAN_POINT('',(6.353218187499,-3.451364125,14.499999999999
    ));
#14210 = CARTESIAN_POINT('',(6.847669437499,-3.365902125,14.449999999999
    ));
#14211 = CARTESIAN_POINT('',(6.847669437499,-3.365902125,14.499999999999
    ));
#14212 = ADVANCED_FACE('',(#14213),#14232,.F.);
#14213 = FACE_BOUND('',#14214,.F.);
#14214 = EDGE_LOOP('',(#14215,#14223,#14230,#14231));
#14215 = ORIENTED_EDGE('',*,*,#14216,.F.);
#14216 = EDGE_CURVE('',#14217,#617,#14219,.T.);
#14217 = VERTEX_POINT('',#14218);
#14218 = CARTESIAN_POINT('',(6.653088062499,-4.27294075,14.449999999999)
  );
#14219 = LINE('',#14220,#14221);
#14220 = CARTESIAN_POINT('',(6.653088062499,-4.27294075,14.449999999999)
  );
#14221 = VECTOR('',#14222,1.);
#14222 = DIRECTION('',(3.491481338843E-15,-6.123233995737E-17,1.));
#14223 = ORIENTED_EDGE('',*,*,#14224,.T.);
#14224 = EDGE_CURVE('',#14217,#14188,#14225,.T.);
#14225 = B_SPLINE_CURVE_WITH_KNOTS('',3,(#14226,#14227,#14228,#14229),
  .UNSPECIFIED.,.F.,.F.,(4,4),(0.47619047619,0.52380952381),
  .PIECEWISE_BEZIER_KNOTS.);
#14226 = CARTESIAN_POINT('',(6.653088062499,-4.27294075,14.449999999999)
  );
#14227 = CARTESIAN_POINT('',(6.367287687499,-4.136480375,14.449999999999
    ));
#14228 = CARTESIAN_POINT('',(6.009016562499,-4.008653125,14.449999999999
    ));
#14229 = CARTESIAN_POINT('',(5.586606187499,-3.919327,14.449999999999));
#14230 = ORIENTED_EDGE('',*,*,#14187,.T.);
#14231 = ORIENTED_EDGE('',*,*,#616,.F.);
#14232 = B_SPLINE_SURFACE_WITH_KNOTS('',3,1,(
    (#14233,#14234)
    ,(#14235,#14236)
    ,(#14237,#14238)
    ,(#14239,#14240
    )),.UNSPECIFIED.,.F.,.F.,.F.,(4,4),(2,2),(0.47619047619,
    0.52380952381),(0.,1.),.PIECEWISE_BEZIER_KNOTS.);
#14233 = CARTESIAN_POINT('',(6.653088062499,-4.27294075,14.449999999999)
  );
#14234 = CARTESIAN_POINT('',(6.653088062499,-4.27294075,14.499999999999)
  );
#14235 = CARTESIAN_POINT('',(6.367287687499,-4.136480375,14.449999999999
    ));
#14236 = CARTESIAN_POINT('',(6.367287687499,-4.136480375,14.499999999999
    ));
#14237 = CARTESIAN_POINT('',(6.009016562499,-4.008653125,14.449999999999
    ));
#14238 = CARTESIAN_POINT('',(6.009016562499,-4.008653125,14.499999999999
    ));
#14239 = CARTESIAN_POINT('',(5.586606187499,-3.919327,14.449999999999));
#14240 = CARTESIAN_POINT('',(5.586606187499,-3.919327,14.499999999999));
#14241 = ADVANCED_FACE('',(#14242),#14261,.F.);
#14242 = FACE_BOUND('',#14243,.F.);
#14243 = EDGE_LOOP('',(#14244,#14252,#14259,#14260));
#14244 = ORIENTED_EDGE('',*,*,#14245,.F.);
#14245 = EDGE_CURVE('',#14246,#626,#14248,.T.);
#14246 = VERTEX_POINT('',#14247);
#14247 = CARTESIAN_POINT('',(6.376559687499,-5.42080675,14.449999999999)
  );
#14248 = LINE('',#14249,#14250);
#14249 = CARTESIAN_POINT('',(6.376559687499,-5.42080675,14.449999999999)
  );
#14250 = VECTOR('',#14251,1.);
#14251 = DIRECTION('',(3.491481338843E-15,-6.123233995737E-17,1.));
#14252 = ORIENTED_EDGE('',*,*,#14253,.T.);
#14253 = EDGE_CURVE('',#14246,#14217,#14254,.T.);
#14254 = B_SPLINE_CURVE_WITH_KNOTS('',3,(#14255,#14256,#14257,#14258),
  .UNSPECIFIED.,.F.,.F.,(4,4),(0.428571428571,0.47619047619),
  .PIECEWISE_BEZIER_KNOTS.);
#14255 = CARTESIAN_POINT('',(6.376559687499,-5.42080675,14.449999999999)
  );
#14256 = CARTESIAN_POINT('',(6.400656437499,-5.12824475,14.449999999999)
  );
#14257 = CARTESIAN_POINT('',(6.480083562499,-4.68696975,14.449999999999)
  );
#14258 = CARTESIAN_POINT('',(6.653088062499,-4.27294075,14.449999999999)
  );
#14259 = ORIENTED_EDGE('',*,*,#14216,.T.);
#14260 = ORIENTED_EDGE('',*,*,#625,.F.);
#14261 = B_SPLINE_SURFACE_WITH_KNOTS('',3,1,(
    (#14262,#14263)
    ,(#14264,#14265)
    ,(#14266,#14267)
    ,(#14268,#14269
    )),.UNSPECIFIED.,.F.,.F.,.F.,(4,4),(2,2),(0.428571428571,
    0.47619047619),(0.,1.),.PIECEWISE_BEZIER_KNOTS.);
#14262 = CARTESIAN_POINT('',(6.376559687499,-5.42080675,14.449999999999)
  );
#14263 = CARTESIAN_POINT('',(6.376559687499,-5.42080675,14.499999999999)
  );
#14264 = CARTESIAN_POINT('',(6.400656437499,-5.12824475,14.449999999999)
  );
#14265 = CARTESIAN_POINT('',(6.400656437499,-5.12824475,14.499999999999)
  );
#14266 = CARTESIAN_POINT('',(6.480083562499,-4.68696975,14.449999999999)
  );
#14267 = CARTESIAN_POINT('',(6.480083562499,-4.68696975,14.499999999999)
  );
#14268 = CARTESIAN_POINT('',(6.653088062499,-4.27294075,14.449999999999)
  );
#14269 = CARTESIAN_POINT('',(6.653088062499,-4.27294075,14.499999999999)
  );
#14270 = ADVANCED_FACE('',(#14271),#14290,.F.);
#14271 = FACE_BOUND('',#14272,.F.);
#14272 = EDGE_LOOP('',(#14273,#14281,#14288,#14289));
#14273 = ORIENTED_EDGE('',*,*,#14274,.F.);
#14274 = EDGE_CURVE('',#14275,#635,#14277,.T.);
#14275 = VERTEX_POINT('',#14276);
#14276 = CARTESIAN_POINT('',(7.446357062499,-4.78528525,14.449999999999)
  );
#14277 = LINE('',#14278,#14279);
#14278 = CARTESIAN_POINT('',(7.446357062499,-4.78528525,14.449999999999)
  );
#14279 = VECTOR('',#14280,1.);
#14280 = DIRECTION('',(3.491481338843E-15,-6.123233995737E-17,1.));
#14281 = ORIENTED_EDGE('',*,*,#14282,.T.);
#14282 = EDGE_CURVE('',#14275,#14246,#14283,.T.);
#14283 = B_SPLINE_CURVE_WITH_KNOTS('',3,(#14284,#14285,#14286,#14287),
  .UNSPECIFIED.,.F.,.F.,(4,4),(0.380952380952,0.428571428571),
  .PIECEWISE_BEZIER_KNOTS.);
#14284 = CARTESIAN_POINT('',(7.446357062499,-4.78528525,14.449999999999)
  );
#14285 = CARTESIAN_POINT('',(7.116293812499,-4.89072575,14.449999999999)
  );
#14286 = CARTESIAN_POINT('',(6.761910562499,-5.07603275,14.449999999999)
  );
#14287 = CARTESIAN_POINT('',(6.376559687499,-5.42080675,14.449999999999)
  );
#14288 = ORIENTED_EDGE('',*,*,#14245,.T.);
#14289 = ORIENTED_EDGE('',*,*,#634,.F.);
#14290 = B_SPLINE_SURFACE_WITH_KNOTS('',3,1,(
    (#14291,#14292)
    ,(#14293,#14294)
    ,(#14295,#14296)
    ,(#14297,#14298
    )),.UNSPECIFIED.,.F.,.F.,.F.,(4,4),(2,2),(0.380952380952,
    0.428571428571),(0.,1.),.PIECEWISE_BEZIER_KNOTS.);
#14291 = CARTESIAN_POINT('',(7.446357062499,-4.78528525,14.449999999999)
  );
#14292 = CARTESIAN_POINT('',(7.446357062499,-4.78528525,14.499999999999)
  );
#14293 = CARTESIAN_POINT('',(7.116293812499,-4.89072575,14.449999999999)
  );
#14294 = CARTESIAN_POINT('',(7.116293812499,-4.89072575,14.499999999999)
  );
#14295 = CARTESIAN_POINT('',(6.761910562499,-5.07603275,14.449999999999)
  );
#14296 = CARTESIAN_POINT('',(6.761910562499,-5.07603275,14.499999999999)
  );
#14297 = CARTESIAN_POINT('',(6.376559687499,-5.42080675,14.449999999999)
  );
#14298 = CARTESIAN_POINT('',(6.376559687499,-5.42080675,14.499999999999)
  );
#14299 = ADVANCED_FACE('',(#14300),#14319,.F.);
#14300 = FACE_BOUND('',#14301,.F.);
#14301 = EDGE_LOOP('',(#14302,#14310,#14317,#14318));
#14302 = ORIENTED_EDGE('',*,*,#14303,.F.);
#14303 = EDGE_CURVE('',#14304,#644,#14306,.T.);
#14304 = VERTEX_POINT('',#14305);
#14305 = CARTESIAN_POINT('',(7.254815687499,-7.015341375,14.449999999999
    ));
#14306 = LINE('',#14307,#14308);
#14307 = CARTESIAN_POINT('',(7.254815687499,-7.015341375,14.449999999999
    ));
#14308 = VECTOR('',#14309,1.);
#14309 = DIRECTION('',(3.491481338843E-15,-6.123233995737E-17,1.));
#14310 = ORIENTED_EDGE('',*,*,#14311,.T.);
#14311 = EDGE_CURVE('',#14304,#14275,#14312,.T.);
#14312 = B_SPLINE_CURVE_WITH_KNOTS('',3,(#14313,#14314,#14315,#14316),
  .UNSPECIFIED.,.F.,.F.,(4,4),(0.333333333333,0.380952380952),
  .PIECEWISE_BEZIER_KNOTS.);
#14313 = CARTESIAN_POINT('',(7.254815687499,-7.015341375,14.449999999999
    ));
#14314 = CARTESIAN_POINT('',(7.524751062499,-6.27479025,14.449999999999)
  );
#14315 = CARTESIAN_POINT('',(7.616806062499,-5.62807775,14.449999999999)
  );
#14316 = CARTESIAN_POINT('',(7.446357062499,-4.78528525,14.449999999999)
  );
#14317 = ORIENTED_EDGE('',*,*,#14274,.T.);
#14318 = ORIENTED_EDGE('',*,*,#643,.F.);
#14319 = B_SPLINE_SURFACE_WITH_KNOTS('',3,1,(
    (#14320,#14321)
    ,(#14322,#14323)
    ,(#14324,#14325)
    ,(#14326,#14327
    )),.UNSPECIFIED.,.F.,.F.,.F.,(4,4),(2,2),(0.333333333333,
    0.380952380952),(0.,1.),.PIECEWISE_BEZIER_KNOTS.);
#14320 = CARTESIAN_POINT('',(7.254815687499,-7.015341375,14.449999999999
    ));
#14321 = CARTESIAN_POINT('',(7.254815687499,-7.015341375,14.499999999999
    ));
#14322 = CARTESIAN_POINT('',(7.524751062499,-6.27479025,14.449999999999)
  );
#14323 = CARTESIAN_POINT('',(7.524751062499,-6.27479025,14.499999999999)
  );
#14324 = CARTESIAN_POINT('',(7.616806062499,-5.62807775,14.449999999999)
  );
#14325 = CARTESIAN_POINT('',(7.616806062499,-5.62807775,14.499999999999)
  );
#14326 = CARTESIAN_POINT('',(7.446357062499,-4.78528525,14.449999999999)
  );
#14327 = CARTESIAN_POINT('',(7.446357062499,-4.78528525,14.499999999999)
  );
#14328 = ADVANCED_FACE('',(#14329),#14348,.F.);
#14329 = FACE_BOUND('',#14330,.F.);
#14330 = EDGE_LOOP('',(#14331,#14339,#14346,#14347));
#14331 = ORIENTED_EDGE('',*,*,#14332,.F.);
#14332 = EDGE_CURVE('',#14333,#653,#14335,.T.);
#14333 = VERTEX_POINT('',#14334);
#14334 = CARTESIAN_POINT('',(6.601123062499,-7.172642375,14.449999999999
    ));
#14335 = LINE('',#14336,#14337);
#14336 = CARTESIAN_POINT('',(6.601123062499,-7.172642375,14.449999999999
    ));
#14337 = VECTOR('',#14338,1.);
#14338 = DIRECTION('',(3.491481338843E-15,-6.123233995737E-17,1.));
#14339 = ORIENTED_EDGE('',*,*,#14340,.T.);
#14340 = EDGE_CURVE('',#14333,#14304,#14341,.T.);
#14341 = B_SPLINE_CURVE_WITH_KNOTS('',3,(#14342,#14343,#14344,#14345),
  .UNSPECIFIED.,.F.,.F.,(4,4),(0.285714285714,0.333333333333),
  .PIECEWISE_BEZIER_KNOTS.);
#14342 = CARTESIAN_POINT('',(6.601123062499,-7.172642375,14.449999999999
    ));
#14343 = CARTESIAN_POINT('',(6.798820437499,-7.082164375,14.449999999999
    ));
#14344 = CARTESIAN_POINT('',(7.023314937499,-7.037823125,14.449999999999
    ));
#14345 = CARTESIAN_POINT('',(7.254815687499,-7.015341375,14.449999999999
    ));
#14346 = ORIENTED_EDGE('',*,*,#14303,.T.);
#14347 = ORIENTED_EDGE('',*,*,#652,.F.);
#14348 = B_SPLINE_SURFACE_WITH_KNOTS('',3,1,(
    (#14349,#14350)
    ,(#14351,#14352)
    ,(#14353,#14354)
    ,(#14355,#14356
    )),.UNSPECIFIED.,.F.,.F.,.F.,(4,4),(2,2),(0.285714285714,
    0.333333333333),(0.,1.),.PIECEWISE_BEZIER_KNOTS.);
#14349 = CARTESIAN_POINT('',(6.601123062499,-7.172642375,14.449999999999
    ));
#14350 = CARTESIAN_POINT('',(6.601123062499,-7.172642375,14.499999999999
    ));
#14351 = CARTESIAN_POINT('',(6.798820437499,-7.082164375,14.449999999999
    ));
#14352 = CARTESIAN_POINT('',(6.798820437499,-7.082164375,14.499999999999
    ));
#14353 = CARTESIAN_POINT('',(7.023314937499,-7.037823125,14.449999999999
    ));
#14354 = CARTESIAN_POINT('',(7.023314937499,-7.037823125,14.499999999999
    ));
#14355 = CARTESIAN_POINT('',(7.254815687499,-7.015341375,14.449999999999
    ));
#14356 = CARTESIAN_POINT('',(7.254815687499,-7.015341375,14.499999999999
    ));
#14357 = ADVANCED_FACE('',(#14358),#14377,.F.);
#14358 = FACE_BOUND('',#14359,.F.);
#14359 = EDGE_LOOP('',(#14360,#14368,#14375,#14376));
#14360 = ORIENTED_EDGE('',*,*,#14361,.F.);
#14361 = EDGE_CURVE('',#14362,#662,#14364,.T.);
#14362 = VERTEX_POINT('',#14363);
#14363 = CARTESIAN_POINT('',(5.985226187499,-7.5325,14.449999999999));
#14364 = LINE('',#14365,#14366);
#14365 = CARTESIAN_POINT('',(5.985226187499,-7.5325,14.449999999999));
#14366 = VECTOR('',#14367,1.);
#14367 = DIRECTION('',(3.491481338843E-15,-6.123233995737E-17,1.));
#14368 = ORIENTED_EDGE('',*,*,#14369,.T.);
#14369 = EDGE_CURVE('',#14362,#14333,#14370,.T.);
#14370 = B_SPLINE_CURVE_WITH_KNOTS('',3,(#14371,#14372,#14373,#14374),
  .UNSPECIFIED.,.F.,.F.,(4,4),(0.238095238095,0.285714285714),
  .PIECEWISE_BEZIER_KNOTS.);
#14371 = CARTESIAN_POINT('',(5.985226187499,-7.5325,14.449999999999));
#14372 = CARTESIAN_POINT('',(6.246148437499,-7.5325,14.449999999999));
#14373 = CARTESIAN_POINT('',(6.399065187499,-7.266549875,14.449999999999
    ));
#14374 = CARTESIAN_POINT('',(6.601123062499,-7.172642375,14.449999999999
    ));
#14375 = ORIENTED_EDGE('',*,*,#14332,.T.);
#14376 = ORIENTED_EDGE('',*,*,#661,.F.);
#14377 = B_SPLINE_SURFACE_WITH_KNOTS('',3,1,(
    (#14378,#14379)
    ,(#14380,#14381)
    ,(#14382,#14383)
    ,(#14384,#14385
    )),.UNSPECIFIED.,.F.,.F.,.F.,(4,4),(2,2),(0.238095238095,
    0.285714285714),(0.,1.),.PIECEWISE_BEZIER_KNOTS.);
#14378 = CARTESIAN_POINT('',(5.985226187499,-7.5325,14.449999999999));
#14379 = CARTESIAN_POINT('',(5.985226187499,-7.5325,14.499999999999));
#14380 = CARTESIAN_POINT('',(6.246148437499,-7.5325,14.449999999999));
#14381 = CARTESIAN_POINT('',(6.246148437499,-7.5325,14.499999999999));
#14382 = CARTESIAN_POINT('',(6.399065187499,-7.266549875,14.449999999999
    ));
#14383 = CARTESIAN_POINT('',(6.399065187499,-7.266549875,14.499999999999
    ));
#14384 = CARTESIAN_POINT('',(6.601123062499,-7.172642375,14.449999999999
    ));
#14385 = CARTESIAN_POINT('',(6.601123062499,-7.172642375,14.499999999999
    ));
#14386 = ADVANCED_FACE('',(#14387),#14405,.F.);
#14387 = FACE_BOUND('',#14388,.T.);
#14388 = EDGE_LOOP('',(#14389,#14390,#14391,#14399));
#14389 = ORIENTED_EDGE('',*,*,#670,.T.);
#14390 = ORIENTED_EDGE('',*,*,#14361,.F.);
#14391 = ORIENTED_EDGE('',*,*,#14392,.F.);
#14392 = EDGE_CURVE('',#14393,#14362,#14395,.T.);
#14393 = VERTEX_POINT('',#14394);
#14394 = CARTESIAN_POINT('',(4.764091437499,-7.5325,14.449999999999));
#14395 = LINE('',#14396,#14397);
#14396 = CARTESIAN_POINT('',(4.764091437499,-7.5325,14.449999999999));
#14397 = VECTOR('',#14398,1.);
#14398 = DIRECTION('',(1.,5.997658989241E-17,-3.491481338843E-15));
#14399 = ORIENTED_EDGE('',*,*,#14400,.T.);
#14400 = EDGE_CURVE('',#14393,#671,#14401,.T.);
#14401 = LINE('',#14402,#14403);
#14402 = CARTESIAN_POINT('',(4.764091437499,-7.5325,14.449999999999));
#14403 = VECTOR('',#14404,1.);
#14404 = DIRECTION('',(3.491481338843E-15,-6.123233995737E-17,1.));
#14405 = PLANE('',#14406);
#14406 = AXIS2_PLACEMENT_3D('',#14407,#14408,#14409);
#14407 = CARTESIAN_POINT('',(4.764091437499,-7.5325,14.449999999999));
#14408 = DIRECTION('',(5.997658989241E-17,-1.,-6.123233995737E-17));
#14409 = DIRECTION('',(-1.,-5.997658989241E-17,3.491481338843E-15));
#14410 = ADVANCED_FACE('',(#14411),#14429,.F.);
#14411 = FACE_BOUND('',#14412,.T.);
#14412 = EDGE_LOOP('',(#14413,#14414,#14415,#14423));
#14413 = ORIENTED_EDGE('',*,*,#678,.T.);
#14414 = ORIENTED_EDGE('',*,*,#14400,.F.);
#14415 = ORIENTED_EDGE('',*,*,#14416,.F.);
#14416 = EDGE_CURVE('',#14417,#14393,#14419,.T.);
#14417 = VERTEX_POINT('',#14418);
#14418 = CARTESIAN_POINT('',(4.764091437499,-1.5,14.449999999999));
#14419 = LINE('',#14420,#14421);
#14420 = CARTESIAN_POINT('',(4.764091437499,-1.5,14.449999999999));
#14421 = VECTOR('',#14422,1.);
#14422 = DIRECTION('',(-4.072597842512E-17,-1.,1.421939936774E-31));
#14423 = ORIENTED_EDGE('',*,*,#14424,.T.);
#14424 = EDGE_CURVE('',#14417,#679,#14425,.T.);
#14425 = LINE('',#14426,#14427);
#14426 = CARTESIAN_POINT('',(4.764091437499,-1.5,14.449999999999));
#14427 = VECTOR('',#14428,1.);
#14428 = DIRECTION('',(3.491481338843E-15,-6.123233995737E-17,1.));
#14429 = PLANE('',#14430);
#14430 = AXIS2_PLACEMENT_3D('',#14431,#14432,#14433);
#14431 = CARTESIAN_POINT('',(4.764091437499,-1.5,14.449999999999));
#14432 = DIRECTION('',(-1.,4.072597842512E-17,3.491481338843E-15));
#14433 = DIRECTION('',(4.072597842512E-17,1.,-1.421939936774E-31));
#14434 = ADVANCED_FACE('',(#14435),#14453,.F.);
#14435 = FACE_BOUND('',#14436,.T.);
#14436 = EDGE_LOOP('',(#14437,#14438,#14439,#14447));
#14437 = ORIENTED_EDGE('',*,*,#686,.T.);
#14438 = ORIENTED_EDGE('',*,*,#14424,.F.);
#14439 = ORIENTED_EDGE('',*,*,#14440,.F.);
#14440 = EDGE_CURVE('',#14441,#14417,#14443,.T.);
#14441 = VERTEX_POINT('',#14442);
#14442 = CARTESIAN_POINT('',(10.235908562499,-1.5,14.449999999999));
#14443 = LINE('',#14444,#14445);
#14444 = CARTESIAN_POINT('',(10.235908562499,-1.5,14.449999999999));
#14445 = VECTOR('',#14446,1.);
#14446 = DIRECTION('',(-1.,4.164822258182E-18,3.491481338843E-15));
#14447 = ORIENTED_EDGE('',*,*,#14448,.T.);
#14448 = EDGE_CURVE('',#14441,#687,#14449,.T.);
#14449 = LINE('',#14450,#14451);
#14450 = CARTESIAN_POINT('',(10.235908562499,-1.5,14.449999999999));
#14451 = VECTOR('',#14452,1.);
#14452 = DIRECTION('',(3.491481338843E-15,-6.123233995737E-17,1.));
#14453 = PLANE('',#14454);
#14454 = AXIS2_PLACEMENT_3D('',#14455,#14456,#14457);
#14455 = CARTESIAN_POINT('',(10.235908562499,-1.5,14.449999999999));
#14456 = DIRECTION('',(4.164822258182E-18,1.,6.123233995737E-17));
#14457 = DIRECTION('',(1.,-4.164822258181E-18,-3.491481338843E-15));
#14458 = ADVANCED_FACE('',(#14459),#14477,.F.);
#14459 = FACE_BOUND('',#14460,.T.);
#14460 = EDGE_LOOP('',(#14461,#14462,#14463,#14471));
#14461 = ORIENTED_EDGE('',*,*,#694,.T.);
#14462 = ORIENTED_EDGE('',*,*,#14448,.F.);
#14463 = ORIENTED_EDGE('',*,*,#14464,.F.);
#14464 = EDGE_CURVE('',#14465,#14441,#14467,.T.);
#14465 = VERTEX_POINT('',#14466);
#14466 = CARTESIAN_POINT('',(10.235908562499,-7.5325,14.449999999999));
#14467 = LINE('',#14468,#14469);
#14468 = CARTESIAN_POINT('',(10.235908562499,-7.5325,14.449999999999));
#14469 = VECTOR('',#14470,1.);
#14470 = DIRECTION('',(4.072597842512E-17,1.,-1.421939936774E-31));
#14471 = ORIENTED_EDGE('',*,*,#14472,.T.);
#14472 = EDGE_CURVE('',#14465,#528,#14473,.T.);
#14473 = LINE('',#14474,#14475);
#14474 = CARTESIAN_POINT('',(10.235908562499,-7.5325,14.449999999999));
#14475 = VECTOR('',#14476,1.);
#14476 = DIRECTION('',(3.491481338843E-15,-6.123233995737E-17,1.));
#14477 = PLANE('',#14478);
#14478 = AXIS2_PLACEMENT_3D('',#14479,#14480,#14481);
#14479 = CARTESIAN_POINT('',(10.235908562499,-7.5325,14.449999999999));
#14480 = DIRECTION('',(1.,-4.072597842512E-17,-3.491481338843E-15));
#14481 = DIRECTION('',(-4.072597842512E-17,-1.,1.421939936774E-31));
#14482 = ADVANCED_FACE('',(#14483),#14494,.F.);
#14483 = FACE_BOUND('',#14484,.T.);
#14484 = EDGE_LOOP('',(#14485,#14486,#14487,#14493));
#14485 = ORIENTED_EDGE('',*,*,#525,.T.);
#14486 = ORIENTED_EDGE('',*,*,#14472,.F.);
#14487 = ORIENTED_EDGE('',*,*,#14488,.F.);
#14488 = EDGE_CURVE('',#13957,#14465,#14489,.T.);
#14489 = LINE('',#14490,#14491);
#14490 = CARTESIAN_POINT('',(9.161501312499,-7.5325,14.449999999999));
#14491 = VECTOR('',#14492,1.);
#14492 = DIRECTION('',(1.,-2.623082743896E-16,-3.491481338843E-15));
#14493 = ORIENTED_EDGE('',*,*,#13965,.T.);
#14494 = PLANE('',#14495);
#14495 = AXIS2_PLACEMENT_3D('',#14496,#14497,#14498);
#14496 = CARTESIAN_POINT('',(9.161501312499,-7.5325,14.449999999999));
#14497 = DIRECTION('',(-2.623082743896E-16,-1.,-6.123233995737E-17));
#14498 = DIRECTION('',(-1.,2.623082743896E-16,3.491481338843E-15));
#14499 = ADVANCED_FACE('',(#14500),#14522,.T.);
#14500 = FACE_BOUND('',#14501,.T.);
#14501 = EDGE_LOOP('',(#14502,#14503,#14504,#14505,#14506,#14507,#14508,
    #14509,#14510,#14511,#14512,#14513,#14514,#14515,#14516,#14517,
    #14518,#14519,#14520,#14521));
#14502 = ORIENTED_EDGE('',*,*,#13956,.T.);
#14503 = ORIENTED_EDGE('',*,*,#14488,.T.);
#14504 = ORIENTED_EDGE('',*,*,#14464,.T.);
#14505 = ORIENTED_EDGE('',*,*,#14440,.T.);
#14506 = ORIENTED_EDGE('',*,*,#14416,.T.);
#14507 = ORIENTED_EDGE('',*,*,#14392,.T.);
#14508 = ORIENTED_EDGE('',*,*,#14369,.T.);
#14509 = ORIENTED_EDGE('',*,*,#14340,.T.);
#14510 = ORIENTED_EDGE('',*,*,#14311,.T.);
#14511 = ORIENTED_EDGE('',*,*,#14282,.T.);
#14512 = ORIENTED_EDGE('',*,*,#14253,.T.);
#14513 = ORIENTED_EDGE('',*,*,#14224,.T.);
#14514 = ORIENTED_EDGE('',*,*,#14195,.T.);
#14515 = ORIENTED_EDGE('',*,*,#14166,.T.);
#14516 = ORIENTED_EDGE('',*,*,#14137,.T.);
#14517 = ORIENTED_EDGE('',*,*,#14108,.T.);
#14518 = ORIENTED_EDGE('',*,*,#14079,.T.);
#14519 = ORIENTED_EDGE('',*,*,#14050,.T.);
#14520 = ORIENTED_EDGE('',*,*,#14021,.T.);
#14521 = ORIENTED_EDGE('',*,*,#13992,.T.);
#14522 = PLANE('',#14523);
#14523 = AXIS2_PLACEMENT_3D('',#14524,#14525,#14526);
#14524 = CARTESIAN_POINT('',(8.768078109374,-7.29343546875,
    14.449999999999));
#14525 = DIRECTION('',(3.491481338843E-15,0.,1.));
#14526 = DIRECTION('',(-3.491481338843E-15,-1.,1.219044193949E-29));
#14527 = ( GEOMETRIC_REPRESENTATION_CONTEXT(3) 
GLOBAL_UNCERTAINTY_ASSIGNED_CONTEXT((#14531)) 
GLOBAL_UNIT_ASSIGNED_CONTEXT((#14528,#14529,#14530)) 
REPRESENTATION_CONTEXT('Context #1',
  '3D Context with UNIT and UNCERTAINTY') );
#14528 = ( LENGTH_UNIT() NAMED_UNIT(*) SI_UNIT(.MILLI.,.METRE.) );
#14529 = ( NAMED_UNIT(*) PLANE_ANGLE_UNIT() SI_UNIT($,.RADIAN.) );
#14530 = ( NAMED_UNIT(*) SI_UNIT($,.STERADIAN.) SOLID_ANGLE_UNIT() );
#14531 = UNCERTAINTY_MEASURE_WITH_UNIT(LENGTH_MEASURE(1.E-07),#14528,
  'distance_accuracy_value','confusion accuracy');
#14532 = PRODUCT_RELATED_PRODUCT_CATEGORY('part',$,(#7));
#14533 = MECHANICAL_DESIGN_GEOMETRIC_PRESENTATION_REPRESENTATION('',(
    #14534),#14527);
#14534 = STYLED_ITEM('color',(#14535),#15);
#14535 = PRESENTATION_STYLE_ASSIGNMENT((#14536,#14542));
#14536 = SURFACE_STYLE_USAGE(.BOTH.,#14537);
#14537 = SURFACE_SIDE_STYLE('',(#14538));
#14538 = SURFACE_STYLE_FILL_AREA(#14539);
#14539 = FILL_AREA_STYLE('',(#14540));
#14540 = FILL_AREA_STYLE_COLOUR('',#14541);
#14541 = COLOUR_RGB('',0.796078452645,0.823529417451,0.937254901616);
#14542 = CURVE_STYLE('',#14543,POSITIVE_LENGTH_MEASURE(0.1),#14544);
#14543 = DRAUGHTING_PRE_DEFINED_CURVE_FONT('continuous');
#14544 = COLOUR_RGB('',0.678431390124,0.709803936702,0.741176476869);
ENDSEC;
END-ISO-10303-21;
